schema_ver,pub_seq,sched_ns,actual_ns,epoch,deadline,gates_skipped,sample_ready,not_ready,valid_mask,fresh_mask,stale_mask,missing_mask,multi_mask,reader_state,reader_flags,logger_drops,rv_seq,rv_host_ns,rv_sensor_us,rv_report_seq,rv_status,rv_age_valid,rv_age_ns,rv_qw,rv_qx,rv_qy,rv_qz,rv_yaw_rad,rv_pitch_rad,rv_roll_rad,rv_err_rad,acc_seq,acc_host_ns,acc_sensor_us,acc_report_seq,acc_status,acc_age_valid,acc_age_ns,acc_x,acc_y,acc_z,gyr_seq,gyr_host_ns,gyr_sensor_us,gyr_report_seq,gyr_status,gyr_age_valid,gyr_age_ns,gyr_x,gyr_y,gyr_z
1,1,1685122955961,1685122971171,1,0,0,1,0,7,7,0,0,5,4,0,0,20,1685119065169,1685114469,19,0,1,3906002,0.772033691,-0.416625977,0.113037109,0.466491699,-1.30969954,-0.567869067,0.731643558,3.14160156,19,1685122052164,1685122570,18,3,1,919007,-0.00390625,0.03515625,0.03515625,20,1685118052980,1685114869,19,0,1,4918191,0,-0.001953125,-0.001953125
1,2,1685132955961,1685132970974,1,0,0,1,0,7,7,0,0,5,4,0,0,22,1685132064966,1685129069,21,0,1,906008,0.772033691,-0.416625977,0.113037109,0.466491699,-1.30969954,-0.567869067,0.731643558,3.14160156,20,1685127053500,1685119170,19,3,1,5917474,-0.00390625,0.02734375,0.03515625,22,1685131054333,1685128869,21,0,1,1916641,0.00390625,0.001953125,0.005859375
1,3,1685142955961,1685142971017,1,0,0,1,0,7,7,0,0,0,4,0,0,23,1685142064306,1685138869,22,0,1,906711,0.772033691,-0.416625977,0.113037109,0.466491699,-1.30969954,-0.567869067,0.731643558,3.14160156,21,1685134052679,1685129470,20,3,1,8918338,-0.00390625,0.02734375,-0.00390625,23,1685141052839,1685138869,22,0,1,1918178,-0.001953125,-0.00390625,0
1,4,1685152955961,1685152971209,1,0,0,1,0,7,7,0,0,0,4,0,0,24,1685152064294,1685148869,23,0,1,906915,0.772033691,-0.416625977,0.113037109,0.466491699,-1.30969954,-0.567869067,0.731643558,3.14160156,22,1685144052111,1685139270,21,3,1,8919098,-0.00390625,0.02734375,-0.00390625,24,1685151052401,1685148869,23,0,1,1918808,0,0,0
1,5,1685162955961,1685162971271,1,0,0,1,0,7,7,0,0,0,4,0,0,25,1685162064801,1685158869,24,0,1,906470,0.772033691,-0.416625977,0.113037109,0.466491699,-1.30969954,-0.567869067,0.731643558,3.14160156,23,1685154051674,1685148569,22,3,1,8919597,0.03125,0.015625,-0.00390625,25,1685161053963,1685158869,24,0,1,1917308,-0.001953125,0,-0.001953125
1,6,1685172955961,1685172971333,1,0,0,1,0,7,7,0,0,0,4,0,0,26,1685172064900,1685169269,25,0,1,906433,0.772033691,-0.416625977,0.113037109,0.466491699,-1.30969954,-0.567869067,0.731643558,3.14160156,24,1685164053106,1685159270,23,3,1,8918227,-0.00390625,0.02734375,0.03515625,26,1685171054396,1685168870,25,0,1,1916937,-0.00390625,-0.001953125,0
1,7,1685182955961,1685182971247,1,0,0,1,0,7,7,0,0,0,4,0,0,27,1685182065054,1685178869,26,0,1,906193,0.772033691,-0.416625977,0.113037109,0.466491699,-1.30969954,-0.567869067,0.731643558,3.14160156,25,1685174052835,1685169670,24,3,1,8918412,0.01953125,-0.01953125,-0.00390625,27,1685181054458,1685178670,26,0,1,1916789,-0.00390625,0,0
1,8,1685192955961,1685192971290,1,0,0,1,0,7,7,0,0,0,4,0,0,28,1685192064635,1685188869,27,0,1,906655,0.772033691,-0.416625977,0.112976074,0.466491699,-1.30971551,-0.567936659,0.73156029,3.14160156,26,1685184052674,1685179070,25,3,1,8918616,0.03125,0.015625,-0.00390625,28,1685191053390,1685188669,27,0,1,1917900,-0.001953125,-0.001953125,0
1,9,1685202955961,1685202971297,1,0,0,1,0,7,7,0,0,0,4,0,0,29,1685202064623,1685198869,28,0,1,906674,0.772033691,-0.416625977,0.112976074,0.466491699,-1.30971551,-0.567936659,0.73156029,3.14160156,27,1685194052681,1685188670,26,3,1,8918616,-0.00390625,0.02734375,-0.00390625,29,1685201053156,1685198870,28,0,1,1918141,0,-0.001953125,-0.001953125
1,10,1685212955961,1685212971174,1,0,0,1,0,7,7,0,0,0,4,0,0,30,1685212064611,1685208869,29,0,1,906563,0.772033691,-0.416625977,0.112976074,0.466491699,-1.30971551,-0.567936659,0.73156029,3.14160156,28,1685204052484,1685199070,27,3,1,8918690,-0.00390625,0.02734375,-0.00390625,30,1685211053847,1685208869,29,0,1,1917327,0.001953125,0.00390625,0
1,11,1685222955961,1685222970939,1,0,0,1,0,7,7,0,0,0,4,0,0,31,1685222064339,1685218569,30,0,1,906600,0.772033691,-0.416625977,0.112976074,0.466491699,-1.30971551,-0.567936659,0.73156029,3.14160156,29,1685214052824,1685209270,28,3,1,8918115,-0.00390625,0.01953125,-0.04296875,31,1685221052447,1685218869,30,0,1,1918492,0.001953125,0.001953125,-0.001953125
1,12,1685232955961,1685232971113,1,0,0,1,0,7,7,0,0,0,4,0,0,32,1685232064290,1685228769,31,0,1,906823,0.772033691,-0.416625977,0.113037109,0.466491699,-1.30969954,-0.567869067,0.731643558,3.14160156,30,1685224052608,1685219070,29,3,1,8918505,-0.00390625,0.01953125,-0.04296875,32,1685231053175,1685228269,31,0,1,1917938,-0.001953125,0.001953125,0.00390625
1,13,1685242955961,1685242970989,1,0,0,1,0,7,7,0,0,0,4,0,0,33,1685242064093,1685239069,32,0,1,906896,0.772033691,-0.416625977,0.113037109,0.466491699,-1.30969954,-0.567869067,0.731643558,3.14160156,31,1685234052392,1685228670,30,3,1,8918597,0.03125,0.0078125,0.03515625,33,1685241052515,1685238869,32,0,1,1918474,0,0,-0.001953125
1,14,1685252955961,1685252971033,1,0,0,1,0,7,7,0,0,0,4,0,0,34,1685252064303,1685248769,33,0,1,906730,0.772033691,-0.416625977,0.113037109,0.466491699,-1.30969954,-0.567869067,0.731643558,3.14160156,32,1685244052732,1685239470,31,3,1,8918301,-0.0390625,0.03515625,0.03515625,34,1685251052466,1685248669,33,0,1,1918567,0,0.001953125,0
1,15,1685262955961,1685262970947,1,0,0,1,0,7,7,0,0,0,4,0,0,35,1685262064088,1685258769,34,0,1,906859,0.772033691,-0.416625977,0.113037109,0.466491699,-1.30969954,-0.567869067,0.731643558,3.14160156,33,1685254052109,1685248370,32,3,1,8918838,-0.00390625,0.01953125,0.03515625,35,1685261052621,1685258469,34,0,1,1918326,0.005859375,0.001953125,0
1,16,1685272955961,1685272971083,1,0,0,1,0,7,7,0,0,0,4,0,0,36,1685272064594,1685268769,35,0,1,906489,0.772033691,-0.416564941,0.113037109,0.466491699,-1.30969536,-0.567757368,0.731593251,3.14160156,34,1685264052912,1685259069,33,3,1,8918171,-0.00390625,0.01953125,-0.04296875,36,1685271052275,1685268669,35,0,1,1918808,0.001953125,-0.00390625,0
1,17,1685282955961,1685282971034,1,0,0,1,0,7,7,0,0,0,4,0,0,37,1685282064415,1685278769,36,0,1,906619,0.772033691,-0.416564941,0.113037109,0.466491699,-1.30969536,-0.567757368,0.731593251,3.14160156,35,1685274052622,1685269069,34,3,1,8918412,0.03125,0.0078125,0.03515625,37,1685281052208,1685278869,36,0,1,1918826,-0.005859375,0.001953125,0
1,18,1685292955961,1685292971115,1,0,0,1,0,7,7,0,0,0,4,0,0,38,1685292064626,1685288569,37,0,1,906489,0.772033691,-0.416564941,0.113037109,0.466491699,-1.30969536,-0.567757368,0.731593251,3.14160156,36,1685284052869,1685279069,35,3,1,8918246,0.01953125,-0.02734375,-0.00390625,38,1685291052048,1685288669,37,0,1,1919067,0,0.001953125,0
1,19,1685302955961,1685302970973,1,0,0,1,0,7,7,0,0,0,4,0,0,39,1685302064577,1685298769,38,0,1,906396,0.772033691,-0.416564941,0.113037109,0.466491699,-1.30969536,-0.567757368,0.731593251,3.14160156,37,1685294052653,1685288569,36,3,1,8918320,-0.00390625,0.01953125,-0.04296875,39,1685301052313,1685298670,38,0,1,1918660,0,0,-0.001953125
1,20,1685312955961,1685312971165,1,0,0,1,0,7,7,0,0,0,4,0,0,40,1685312063972,1685308769,39,0,1,907193,0.772033691,-0.416564941,0.113037109,0.466491699,-1.30969536,-0.567757368,0.731593251,3.14160156,38,1685304052549,1685299069,37,3,1,8918616,0.03125,0.0078125,-0.00390625,40,1685311052412,1685308670,39,0,1,1918753,0,0,0.001953125
1,21,1685322955961,1685322971023,1,0,0,1,0,7,7,0,0,0,4,0,0,41,1685322064349,1685318569,40,0,1,906674,0.772033691,-0.416564941,0.113037109,0.466552734,-1.30972421,-0.567740977,0.731547832,3.14160156,39,1685314052555,1685309069,38,3,1,8918468,-0.00390625,0.01953125,-0.00390625,41,1685321051678,1685318669,40,0,1,1919345,0,-0.001953125,0
1,22,1685332955961,1685332971066,1,0,0,1,0,7,7,0,0,0,4,0,0,42,1685332064800,1685328569,41,0,1,906266,0.772033691,-0.416564941,0.113037109,0.466552734,-1.30972421,-0.567740977,0.731547832,3.14160156,40,1685324052654,1685318669,39,3,1,8918412,-0.00390625,0.01171875,-0.00390625,42,1685331052777,1685328270,41,0,1,1918289,0.001953125,0,0
1,23,1685342955961,1685342970999,1,0,0,1,0,7,7,0,0,0,4,0,0,43,1685342064028,1685338569,42,0,1,906971,0.772033691,-0.416564941,0.113037109,0.466552734,-1.30972421,-0.567740977,0.731547832,3.14160156,41,1685334052494,1685328569,40,3,1,8918505,-0.00390625,0.01171875,-0.00390625,43,1685341051765,1685338669,42,0,1,1919234,0.001953125,0.00390625,0.00390625
1,24,1685352955961,1685352971320,1,0,0,1,0,7,7,0,0,0,4,0,0,44,1685352065053,1685348569,43,0,1,906267,0.772033691,-0.416564941,0.113037109,0.466552734,-1.30972421,-0.567740977,0.731547832,3.14160156,42,1685344058056,1685338869,41,3,1,8913264,0.01953125,-0.03515625,-0.00390625,44,1685351052161,1685348670,43,0,1,1919159,0,-0.001953125,-0.00390625
1,25,1685362955961,1685362971086,1,0,0,1,0,7,7,0,0,0,4,0,0,45,1685362064634,1685358369,44,0,1,906452,0.772033691,-0.416503906,0.113037109,0.466552734,-1.30972004,-0.567629218,0.731497586,3.14160156,43,1685354052137,1685348869,42,3,1,8918949,-0.00390625,0.01171875,-0.00390625,45,1685361052186,1685358669,44,0,1,1918900,0,0.001953125,0.001953125
1,26,1685372955961,1685372971037,1,0,0,1,0,7,7,0,0,0,4,0,0,46,1685372064696,1685368569,45,0,1,906341,0.772033691,-0.416503906,0.113098145,0.466552734,-1.30970383,-0.567561686,0.731580675,3.14160156,44,1685364052088,1685358869,43,3,1,8918949,0.01953125,-0.03515625,0.03515625,46,1685371051970,1685368469,45,0,1,1919067,0.001953125,0,0.001953125
1,27,1685382955961,1685382970969,1,0,0,1,0,7,7,0,0,0,4,0,0,47,1685382064517,1685378769,46,0,1,906452,0.772033691,-0.416503906,0.113098145,0.466552734,-1.30970383,-0.567561686,0.731580675,3.14160156,45,1685374052038,1685368569,44,3,1,8918931,-0.01953125,-0.0234375,-0.04296875,47,1685381052217,1685378869,46,0,1,1918752,0,0,-0.001953125
1,28,1685392955961,1685392971216,1,0,0,1,0,7,7,0,0,0,4,0,0,48,1685392064691,1685388569,47,0,1,906525,0.772033691,-0.416503906,0.113098145,0.466552734,-1.30970383,-0.567561686,0.731580675,3.14160156,46,1685384052008,1685379069,45,3,1,8919208,-0.02734375,0.0625,-0.00390625,48,1685391051927,1685388669,47,0,1,1919289,-0.001953125,0.001953125,0.001953125
1,29,1685402955961,1685402971075,1,0,0,1,0,7,7,0,0,0,4,0,0,49,1685402064549,1685398569,48,0,1,906526,0.772033691,-0.416503906,0.113098145,0.466552734,-1.30970383,-0.567561686,0.731580675,3.14160156,47,1685394052089,1685388169,46,3,1,8918986,0.0078125,-0.0703125,-0.00390625,49,1685401052119,1685398669,48,0,1,1918956,0.001953125,-0.001953125,0.001953125
1,30,1685412955961,1685412970915,1,0,0,1,0,7,7,0,0,0,4,0,0,50,1685412064518,1685408569,49,0,1,906397,0.772033691,-0.416503906,0.113098145,0.466552734,-1.30970383,-0.567561686,0.731580675,3.14160156,48,1685404052132,1685398869,47,3,1,8918783,-0.00390625,0.01171875,-0.00390625,50,1685411052107,1685408670,49,0,1,1918808,0,0,0
1,31,1685422955961,1685422971032,1,0,0,1,0,7,7,0,0,0,4,0,0,51,1685422064488,1685418369,50,0,1,906544,0.772033691,-0.416503906,0.113098145,0.466552734,-1.30970383,-0.567561686,0.731580675,3.14160156,49,1685414052046,1685408869,48,3,1,8918986,-0.015625,-0.0234375,0.03515625,51,1685421051743,1685418669,50,0,1,1919289,0,0.00390625,0.001953125
1,32,1685432955961,1685432970909,1,0,0,1,0,7,7,0,0,0,4,0,0,52,1685432064291,1685428169,51,0,1,906618,0.772033691,-0.416503906,0.113098145,0.466552734,-1.30970383,-0.567561686,0.731580675,3.14160156,50,1685424051589,1685418569,49,3,1,8919320,-0.00390625,0.01171875,0.03515625,52,1685431052213,1685428669,51,0,1,1918696,0.001953125,0.00390625,0
1,33,1685442955961,1685442970897,1,0,0,1,0,7,7,0,0,0,4,0,0,53,1685442064112,1685438369,52,0,1,906785,0.772033691,-0.416442871,0.11315918,0.466552734,-1.30968368,-0.567382336,0.731613636,3.14160156,51,1685434051966,1685428169,50,3,1,8918931,-0.00390625,0.01171875,-0.00390625,53,1685441051552,1685438469,52,0,1,1919345,0.001953125,0.001953125,0
1,34,1685452955961,1685452970978,1,0,0,1,0,7,7,0,0,0,4,0,0,54,1685452064396,1685448369,53,0,1,906582,0.772033691,-0.416442871,0.11315918,0.466552734,-1.30968368,-0.567382336,0.731613636,3.14160156,52,1685444051677,1685438669,51,3,1,8919301,-0.00390625,0.01171875,-0.00390625,54,1685451051577,1685448669,53,0,1,1919401,0.001953125,0,-0.00390625
1,35,1685462955961,1685462970891,1,0,0,1,0,7,7,0,0,0,4,0,0,55,1685462064088,1685458369,54,0,1,906803,0.772094727,-0.416442871,0.11315918,0.466552734,-1.3094852,-0.567442656,0.731476545,3.14160156,53,1685454051813,1685448669,52,3,1,8919078,-0.00390625,0.01171875,0.03515625,55,1685461051676,1685458669,54,0,1,1919215,0.001953125,-0.001953125,-0.001953125
1,36,1685472955961,1685472971083,1,0,0,1,0,7,7,0,0,0,4,0,0,56,1685472064668,1685468369,55,0,1,906415,0.772094727,-0.416381836,0.11315918,0.466552734,-1.30948091,-0.567330897,0.731426239,3.14160156,54,1685464052060,1685458369,53,3,1,8919023,0.01953125,-0.03515625,-0.00390625,56,1685471053053,1685468269,55,0,1,1918030,0.00390625,0,0
1,37,1685482955961,1685482971108,1,0,0,1,0,7,7,0,0,0,4,0,0,57,1685482064527,1685478369,56,0,1,906581,0.772094727,-0.416381836,0.11315918,0.466552734,-1.30948091,-0.567330897,0.731426239,3.14160156,55,1685474070658,1685468370,54,3,1,8900450,-0.00390625,0.015625,0.07421875,57,1685481052208,1685478670,56,0,1,1918900,-0.001953125,0.00390625,0
1,38,1685492955961,1685492971078,1,0,0,1,0,7,7,0,0,0,4,0,0,58,1685492064755,1685488369,57,0,1,906323,0.772094727,-0.416381836,0.11315918,0.466552734,-1.30948091,-0.567330897,0.731426239,3.14160156,56,1685484052758,1685478670,55,3,1,8918320,0.03125,0,-0.04296875,58,1685491052159,1685488870,57,0,1,1918919,-0.001953125,0,0
1,39,1685502955961,1685503054285,1,0,0,1,0,7,7,0,0,2,4,0,0,59,1685501064350,1685498269,58,0,1,1989935,0.772094727,-0.416381836,0.11315918,0.466552734,-1.30948091,-0.567330897,0.731426239,3.14160156,58,1685503052359,1685498470,57,3,1,1926,-0.015625,-0.0234375,-0.00390625,59,1685500052402,1685497869,58,0,1,3001883,0,-0.001953125,-0.001953125
1,40,1685512955961,1685512971054,1,0,0,1,0,7,5,2,0,0,4,0,0,60,1685512064768,1685508169,59,0,1,906286,0.772094727,-0.416381836,0.11315918,0.466552734,-1.30948091,-0.567330897,0.731426239,3.14160156,58,1685503052359,1685498470,57,3,1,9918695,-0.015625,-0.0234375,-0.00390625,60,1685511052505,1685508270,59,0,1,1918549,-0.001953125,0,0
1,41,1685522955961,1685523052317,1,0,0,1,0,7,7,0,0,2,4,0,0,61,1685521063956,1685518269,60,0,1,1988361,0.772094727,-0.416381836,0.11315918,0.46661377,-1.30950975,-0.567314506,0.731380999,3.14160156,60,1685523050169,1685518668,59,3,1,2148,-0.00390625,0.01171875,-0.00390625,61,1685520056322,1685517868,60,0,1,2995995,0.00390625,-0.001953125,0
1,42,1685532955961,1685533052156,1,0,0,1,0,7,7,0,0,0,4,0,0,62,1685531063036,1685528069,61,0,1,1989120,0.772094727,-0.416381836,0.11315918,0.466552734,-1.30948091,-0.567330897,0.731426239,3.14160156,61,1685533050138,1685528068,60,3,1,2018,0.01953125,-0.03515625,0.03515625,62,1685530051606,1685527668,61,0,1,3000550,-0.00390625,0.001953125,-0.00390625
1,43,1685542955961,1685542971369,1,0,0,1,0,7,5,2,0,0,4,0,0,63,1685542065029,1685538169,62,0,1,906340,0.772094727,-0.416381836,0.11315918,0.466552734,-1.30948091,-0.567330897,0.731426239,3.14160156,61,1685533050138,1685528068,60,3,1,9921231,0.01953125,-0.03515625,0.03515625,63,1685541055413,1685538470,62,0,1,1915956,-0.001953125,0.001953125,0
1,44,1685552955961,1685552970728,1,0,0,1,0,7,7,0,0,0,4,0,0,64,1685552064146,1685548169,63,0,1,906582,0.772094727,-0.416381836,0.11315918,0.466552734,-1.30948091,-0.567330897,0.731426239,3.14160156,62,1685544052538,1685538570,61,3,1,8918190,0.01953125,-0.03515625,-0.00390625,64,1685551052364,1685548468,63,0,1,1918364,-0.001953125,0,-0.001953125
1,45,1685562955961,1685563053435,1,0,0,1,0,7,7,0,0,2,4,0,0,65,1685561063667,1685558069,64,0,1,1989768,0.772094727,-0.416381836,0.11315918,0.466552734,-1.30948091,-0.567330897,0.731426239,3.14160156,64,1685563051491,1685558469,63,3,1,1944,-0.00390625,0.01171875,-0.00390625,65,1685560051070,1685557868,64,0,1,3002365,0,0.001953125,0
1,46,1685572955961,1685573053331,1,0,0,1,0,7,7,0,0,0,4,0,0,66,1685571063599,1685568069,65,0,1,1989732,0.772094727,-0.416381836,0.11315918,0.466552734,-1.30948091,-0.567330897,0.731426239,3.14160156,65,1685573051423,1685568069,64,3,1,1908,-0.0390625,0.02734375,0.03515625,66,1685570050595,1685567868,65,0,1,3002736,0.001953125,0,0.001953125
1,47,1685582955961,1685583053615,1,0,0,1,0,7,7,0,0,0,4,0,0,67,1685581063476,1685578069,66,0,1,1990139,0.772094727,-0.416381836,0.11315918,0.466552734,-1.30948091,-0.567330897,0.731426239,3.14160156,66,1685583051707,1685578470,65,3,1,1908,-0.00390625,0.01171875,-0.00390625,67,1685580050694,1685577668,66,0,1,3002921,0.001953125,-0.001953125,-0.001953125
1,48,1685592955961,1685593053436,1,0,0,1,0,7,7,0,0,0,4,0,0,68,1685591064057,1685588069,67,0,1,1989379,0.772094727,-0.416381836,0.11315918,0.466552734,-1.30948091,-0.567330897,0.731426239,3.14160156,67,1685593051547,1685588269,66,3,1,1889,-0.00390625,0.01171875,-0.00390625,68,1685590050627,1685587668,67,0,1,3002809,0.001953125,0,0
1,49,1685602955961,1685603053220,1,0,0,1,0,7,7,0,0,0,4,0,0,69,1685601063822,1685598069,68,0,1,1989398,0.772094727,-0.416320801,0.11315918,0.46661377,-1.30950558,-0.567202687,0.731330693,3.14160156,68,1685603051313,1685598069,67,3,1,1907,0.0078125,0.05078125,-0.00390625,69,1685600050874,1685597668,68,0,1,3002346,0,-0.001953125,0.001953125
1,50,1685612955961,1685612970952,1,0,0,1,0,7,5,2,0,0,4,0,0,70,1685612063981,1685607969,69,0,1,906971,0.772094727,-0.416320801,0.11315918,0.46661377,-1.30950558,-0.567202687,0.731330693,3.14160156,68,1685603051313,1685598069,67,3,1,9919639,0.0078125,0.05078125,-0.00390625,70,1685611052144,1685608269,69,0,1,1918808,0.00390625,0,-0.001953125
1,51,1685622955961,1685623054474,1,0,0,1,0,7,7,0,0,2,4,0,0,71,1685621065335,1685617869,70,0,1,1989139,0.772094727,-0.416320801,0.11315918,0.466552734,-1.30947673,-0.567219079,0.731375992,3.14160156,70,1685623052437,1685618270,69,3,1,2037,0.01953125,-0.03515625,-0.00390625,71,1685620058442,1685617669,70,0,1,2996032,-0.001953125,0.001953125,-0.00390625
1,52,1685632955961,1685633054444,1,0,0,1,0,7,7,0,0,0,4,0,0,72,1685631065009,1685627869,71,0,1,1989435,0.772094727,-0.416320801,0.11315918,0.466552734,-1.30947673,-0.567219079,0.731375992,3.14160156,71,1685633052555,1685628270,70,3,1,1889,-0.00390625,0.01171875,-0.00390625,72,1685630052764,1685627669,71,0,1,3001680,0,0.005859375,0
1,53,1685642955961,1685643054431,1,0,0,1,0,7,7,0,0,0,4,0,0,73,1685641064941,1685637769,72,0,1,1989490,0.772155762,-0.416320801,0.113220215,0.466552734,-1.30926204,-0.567211807,0.73132205,3.14160156,72,1685643052506,1685638270,71,3,1,1925,-0.0390625,0.02734375,-0.04296875,73,1685640054955,1685637670,72,0,1,2999476,0.001953125,0,-0.001953125
1,54,1685652955961,1685652970904,1,0,0,1,0,7,5,2,0,0,4,0,0,74,1685652063952,1685647969,73,0,1,906952,0.772155762,-0.416320801,0.113220215,0.466552734,-1.30926204,-0.567211807,0.73132205,3.14160156,72,1685643052506,1685638270,71,3,1,9918398,-0.0390625,0.02734375,-0.04296875,74,1685651053041,1685648268,73,0,1,1917863,-0.001953125,0.00390625,-0.00390625
1,55,1685662955961,1685663053780,1,0,0,1,0,7,7,0,0,2,4,0,0,75,1685661064122,1685657869,74,0,1,1989658,0.772155762,-0.416320801,0.113220215,0.466552734,-1.30926204,-0.567211807,0.73132205,3.14160156,74,1685663051854,1685658270,73,3,1,1926,-0.00390625,0.01171875,-0.00390625,75,1685660052063,1685657869,74,0,1,3001717,0,0,0
1,56,1685672955961,1685673054287,1,0,0,1,0,7,7,0,0,0,4,0,0,76,1685671064741,1685667869,75,0,1,1989546,0.772155762,-0.416320801,0.113220215,0.466552734,-1.30926204,-0.567211807,0.73132205,3.14160156,75,1685673052269,1685667569,74,3,1,2018,-0.00390625,0.01171875,0.03515625,76,1685670051904,1685667670,75,0,1,3002383,0.001953125,0,0
1,57,1685682955961,1685683054424,1,0,0,1,0,7,7,0,0,0,4,0,0,77,1685681064915,1685677869,76,0,1,1989509,0.772155762,-0.416320801,0.113220215,0.466552734,-1.30926204,-0.567211807,0.73132205,3.14160156,76,1685683052499,1685678270,75,3,1,1925,-0.00390625,0.01171875,-0.00390625,77,1685680053578,1685677669,76,0,1,3000846,0.001953125,0.001953125,-0.001953125
1,58,1685692955961,1685693054062,1,0,0,1,0,7,7,0,0,0,4,0,0,78,1685691064701,1685687769,77,0,1,1989361,0.772155762,-0.416320801,0.113220215,0.466552734,-1.30926204,-0.567211807,0.73132205,3.14160156,77,1685693052136,1685687870,76,3,1,1926,-0.0390625,0.02734375,-0.00390625,78,1685690053326,1685687669,77,0,1,3000736,0,0.001953125,0
1,59,1685702955961,1685703054495,1,0,0,1,0,7,7,0,0,0,4,0,0,79,1685701065097,1685697769,78,0,1,1989398,0.772155762,-0.416320801,0.113220215,0.466552734,-1.30926204,-0.567211807,0.73132205,3.14160156,78,1685703052588,1685698070,77,3,1,1907,-0.01953125,-0.0234375,-0.04296875,79,1685700053167,1685697470,78,0,1,3001328,0,0,-0.001953125
1,60,1685712955961,1685713053614,1,0,0,1,0,7,7,0,0,0,4,0,0,80,1685711064401,1685707569,79,0,1,1989213,0.772155762,-0.416320801,0.113220215,0.466552734,-1.30926204,-0.567211807,0.73132205,3.14160156,79,1685713051707,1685707570,78,3,1,1907,-0.015625,-0.0234375,-0.00390625,80,1685710053008,1685707669,79,0,1,3000606,0.001953125,0,0
1,61,1685722955961,1685723053640,1,0,0,1,0,7,7,0,0,0,4,0,0,81,1685721064483,1685717769,80,0,1,1989157,0.772155762,-0.416320801,0.113220215,0.466552734,-1.30926204,-0.567211807,0.73132205,3.14160156,80,1685723051733,1685718070,79,3,1,1907,-0.015625,-0.0234375,-0.00390625,81,1685720052627,1685717669,80,0,1,3001013,-0.001953125,0.001953125,-0.001953125
1,62,1685732955961,1685733053314,1,0,0,1,0,7,7,0,0,0,4,0,0,82,1685731064435,1685727769,81,0,1,1988879,0.772155762,-0.416320801,0.113220215,0.466552734,-1.30926204,-0.567211807,0.73132205,3.14160156,81,1685733051389,1685728070,80,3,1,1925,-0.015625,-0.0234375,-0.00390625,82,1685730051949,1685727669,81,0,1,3001365,0.001953125,0,0
1,63,1685742955961,1685743053600,1,0,0,1,0,7,7,0,0,0,4,0,0,83,1685741064239,1685737769,82,0,1,1989361,0.772155762,-0.416259766,0.113220215,0.466552734,-1.30925775,-0.567100167,0.731271744,3.14160156,82,1685743051674,1685737870,81,3,1,1926,0.03125,0,-0.00390625,83,1685740052642,1685737669,82,0,1,3000958,0.001953125,0.001953125,-0.001953125
1,64,1685752955961,1685753053719,1,0,0,1,0,7,7,0,0,0,4,0,0,84,1685751064376,1685747769,83,0,1,1989343,0.772155762,-0.416259766,0.113220215,0.466552734,-1.30925775,-0.567100167,0.731271744,3.14160156,83,1685753051774,1685747670,82,3,1,1945,-0.01171875,-0.0234375,-0.04296875,84,1685750052390,1685747269,83,0,1,3001329,0.001953125,-0.00390625,0
1,65,1685762955961,1685763053504,1,0,0,1,0,7,7,0,0,0,4,0,0,85,1685761064476,1685757569,84,0,1,1989028,0.772155762,-0.416259766,0.113220215,0.466552734,-1.30925775,-0.567100167,0.731271744,3.14160156,84,1685763051560,1685757670,83,3,1,1944,0.00390625,0.01171875,-0.00390625,85,1685760052213,1685757669,84,0,1,3001291,-0.001953125,0,0.001953125
1,66,1685772955961,1685773057234,1,0,0,1,0,7,7,0,0,0,4,0,0,86,1685771065447,1685767769,85,0,1,1991787,0.772155762,-0.416259766,0.113220215,0.466552734,-1.30925775,-0.567100167,0.731271744,3.14160156,85,1685773055326,1685767670,84,3,1,1908,0.00390625,0.01171875,-0.00390625,86,1685770053461,1685767670,85,0,1,3003773,0.00390625,0.00390625,0
1,67,1685782955961,1685783054278,1,0,0,1,0,7,7,0,0,0,4,0,0,87,1685781064751,1685777569,86,0,1,1989527,0.772155762,-0.416259766,0.11328125,0.466552734,-1.30924165,-0.567032635,0.731354952,3.14160156,86,1685783052334,1685778070,85,3,1,1944,0.00390625,0.01171875,-0.00390625,87,1685780053024,1685777869,86,0,1,3001254,0,0.00390625,-0.001953125
1,68,1685792955961,1685793147098,1,0,0,1,0,7,7,0,0,0,4,0,0,88,1685791110683,1685787774,87,0,1,2036415,0.772155762,-0.416259766,0.11328125,0.466552734,-1.30924165,-0.567032635,0.731354952,3.14160156,87,1685793137154,1685787684,86,3,1,9944,0.00390625,0.01171875,-0.00390625,88,1685790112567,1685787484,87,0,1,3034531,0.001953125,-0.00390625,0
1,69,1685802955961,1685803085367,1,0,0,1,0,7,7,0,0,0,4,0,0,89,1685801105450,1685797576,88,0,1,1979917,0.772155762,-0.41619873,0.11328125,0.466552734,-1.30923748,-0.566920817,0.731304646,3.14160156,88,1685803079089,1685797876,87,3,1,6278,0.0390625,0,-0.00390625,89,1685800114760,1685797679,88,0,1,2970607,-0.001953125,-0.001953125,0.001953125
1,70,1685812955961,1685813054209,1,0,0,1,0,7,7,0,0,0,4,0,0,90,1685811066273,1685807769,89,0,1,1987936,0.772155762,-0.41619873,0.11328125,0.466552734,-1.30923748,-0.566920817,0.731304646,3.14160156,89,1685813051894,1685807369,88,3,1,2315,0.00390625,0.01171875,-0.04296875,90,1685810079213,1685807872,89,0,1,2974996,0.001953125,0.001953125,0
1,71,1685822955961,1685823061420,1,0,0,1,0,7,7,0,0,0,4,0,0,91,1685821070299,1685817770,90,0,1,1991121,0.772155762,-0.41619873,0.11328125,0.466552734,-1.30923748,-0.566920817,0.731304646,3.14160156,90,1685823058512,1685817871,89,3,1,2908,0.00390625,0.01171875,0.03515625,91,1685820054962,1685817670,90,0,1,3006458,0.00390625,0,0.001953125
1,72,1685832955961,1685833056502,1,0,0,1,0,7,7,0,0,0,4,0,0,92,1685831062937,1685827169,91,0,1,1993565,0.772155762,-0.41619873,0.11328125,0.466552734,-1.30923748,-0.566920817,0.731304646,3.14160156,91,1685833054168,1685827570,90,3,1,2334,0.015625,0.05078125,-0.00390625,92,1685830054025,1685827470,91,0,1,3002477,-0.00390625,0,0.001953125
1,73,1685842955961,1685843057083,1,0,0,1,0,7,7,0,0,0,4,0,0,93,1685841064574,1685837569,92,0,1,1992509,0.772155762,-0.41619873,0.11328125,0.466552734,-1.30923748,-0.566920817,0.731304646,3.14160156,92,1685843054824,1685837670,91,3,1,2259,-0.03125,0.02734375,-0.04296875,93,1685840053144,1685837869,92,0,1,3003939,-0.001953125,0,-0.001953125
1,74,1685852955961,1685853053832,1,0,0,1,0,7,7,0,0,0,4,0,0,94,1685851065026,1685847369,93,0,1,1988806,0.772155762,-0.41619873,0.11328125,0.466552734,-1.30923748,-0.566920817,0.731304646,3.14160156,93,1685853051924,1685847370,92,3,1,1908,-0.0078125,-0.0234375,-0.00390625,94,1685850053967,1685847669,93,0,1,2999865,0,0.001953125,0
1,75,1685862955961,1685863053525,1,0,0,1,0,7,7,0,0,0,4,0,0,95,1685861064145,1685857569,94,0,1,1989380,0.772155762,-0.41619873,0.11328125,0.466552734,-1.30923748,-0.566920817,0.731304646,3.14160156,94,1685863051562,1685857869,93,3,1,1963,-0.0078125,-0.0234375,-0.00390625,95,1685860052493,1685857669,94,0,1,3001032,0.00390625,-0.001953125,0
1,76,1685872955961,1685873054754,1,0,0,1,0,7,7,0,0,0,4,0,0,96,1685871064041,1685867569,95,0,1,1990713,0.772155762,-0.41619873,0.113342285,0.466552734,-1.30922139,-0.566853285,0.731387854,3.14160156,95,1685873052810,1685867870,94,3,1,1944,0.0390625,0,0.03515625,96,1685870052315,1685867469,95,0,1,3002439,-0.001953125,0.001953125,0
1,77,1685882955961,1685883054503,1,0,0,1,0,7,7,0,0,0,4,0,0,97,1685881064605,1685877369,96,0,1,1989898,0.772155762,-0.41619873,0.113342285,0.46661377,-1.30925024,-0.566836894,0.731342554,3.14160156,96,1685883052577,1685877570,95,3,1,1926,0.00390625,0.01171875,0.03515625,97,1685880053804,1685877669,96,0,1,3000699,0.00390625,0,0.001953125
1,78,1685892955961,1685893054103,1,0,0,1,0,7,7,0,0,0,4,0,0,98,1685891064094,1685887369,97,0,1,1990009,0.772155762,-0.41619873,0.113342285,0.46661377,-1.30925024,-0.566836894,0.731342554,3.14160156,97,1685893052140,1685887370,96,3,1,1963,0.00390625,0.01171875,-0.00390625,98,1685890053441,1685887269,97,0,1,3000662,-0.001953125,0.001953125,0
1,79,1685902955961,1685902970984,1,0,0,1,0,7,7,0,0,0,4,0,0,99,1685900065208,1685897069,98,0,1,2905776,0.772155762,-0.41619873,0.113342285,0.46661377,-1.30925024,-0.566836894,0.731342554,3.14160156,98,1685902051662,1685897469,97,3,1,919322,0.00390625,0.01171875,-0.00390625,99,1685899053408,1685896670,98,0,1,3917576,-0.005859375,0,0
1,80,1685912955961,1685913054137,1,0,0,1,0,7,7,0,0,0,4,0,0,100,1685911064831,1685907369,99,0,1,1989306,0.772155762,-0.41619873,0.113342285,0.46661377,-1.30925024,-0.566836894,0.731342554,3.14160156,99,1685913052192,1685907370,98,3,1,1945,0.00390625,0.01171875,-0.00390625,100,1685910053512,1685907669,99,0,1,3000625,0,0.001953125,0
1,81,1685922955961,1685923054626,1,0,0,1,0,7,7,0,0,0,4,0,0,101,1685921064357,1685917169,100,0,1,1990269,0.772155762,-0.41619873,0.113342285,0.46661377,-1.30925024,-0.566836894,0.731342554,3.14160156,100,1685923052700,1685917670,99,3,1,1926,-0.0078125,-0.0234375,0.03515625,101,1685920052816,1685917669,100,0,1,3001810,0.001953125,0,-0.001953125
1,82,1685932955961,1685933054541,1,0,0,1,0,7,7,0,0,0,4,0,0,102,1685931065087,1685927369,101,0,1,1989454,0.772155762,-0.41619873,0.113342285,0.46661377,-1.30925024,-0.566836894,0.731342554,3.14160156,101,1685933052596,1685927370,100,3,1,1945,0.02734375,-0.03515625,-0.00390625,102,1685930054527,1685927470,101,0,1,3000014,0.001953125,-0.00390625,0.001953125
1,83,1685942955961,1685943054363,1,0,0,1,0,7,7,0,0,0,4,0,0,103,1685941064391,1685937369,102,0,1,1989972,0.772155762,-0.41619873,0.113342285,0.46661377,-1.30925024,-0.566836894,0.731342554,3.14160156,102,1685943052456,1685937570,101,3,1,1907,-0.0078125,-0.0234375,0.03515625,103,1685940053165,1685937670,102,0,1,3001198,0,0,0
1,84,1685952955961,1685953054241,1,0,0,1,0,7,7,0,0,0,4,0,0,104,1685951064343,1685947169,103,0,1,1989898,0.772155762,-0.416137695,0.113342285,0.46661377,-1.30924606,-0.566725194,0.731292248,3.14160156,103,1685953052334,1685946970,102,3,1,1907,0.00390625,0.01171875,-0.00390625,104,1685950053061,1685947669,103,0,1,3001180,0,0,0.001953125
1,85,1685962955961,1685962970974,1,0,0,1,0,7,5,2,0,0,4,0,0,105,1685962064800,1685957269,104,0,1,906174,0.772155762,-0.41619873,0.113342285,0.46661377,-1.30925024,-0.566836894,0.731342554,3.14160156,103,1685953052334,1685946970,102,3,1,9918640,0.00390625,0.01171875,-0.00390625,105,1685961052684,1685956969,104,0,1,1918290,-0.001953125,0,-0.001953125
1,86,1685972955961,1685972971018,1,0,0,1,0,7,7,0,0,2,4,0,0,106,1685970064391,1685966869,105,0,1,2906627,0.772155762,-0.41619873,0.113342285,0.46661377,-1.30925024,-0.566836894,0.731342554,3.14160156,105,1685972051123,1685967069,104,3,1,919895,-0.0078125,-0.0234375,-0.00390625,106,1685969052609,1685966669,105,0,1,3918409,0,0,0
1,87,1685982955961,1685982970859,1,0,0,1,0,7,7,0,0,0,4,0,0,107,1685980064639,1685977269,106,0,1,2906220,0.772155762,-0.41619873,0.113342285,0.46661377,-1.30925024,-0.566836894,0.731342554,3.14160156,106,1685982051334,1685977469,105,3,1,919525,0.00390625,0.01171875,-0.04296875,107,1685979052746,1685976869,106,0,1,3918113,0,0,0
1,88,1685992955961,1685992970849,1,0,0,1,0,7,7,0,0,0,4,0,0,108,1685990064721,1685986869,107,0,1,2906128,0.772155762,-0.416137695,0.113342285,0.46661377,-1.30924606,-0.566725194,0.731292248,3.14160156,107,1685992051119,1685987069,106,3,1,919730,0.00390625,0.01171875,-0.00390625,108,1685989053735,1685986869,107,0,1,3917114,0,0,0
1,89,1686002955961,1686002971004,1,0,0,1,0,7,7,0,0,0,4,0,0,109,1686000064488,1685997069,108,0,1,2906516,0.772155762,-0.416137695,0.11340332,0.46661377,-1.30922997,-0.566657722,0.731375456,3.14160156,108,1686002051090,1685997469,107,3,1,919914,0.00390625,0.01171875,0.03515625,109,1685999052687,1685996669,108,0,1,3918317,0,0,0
1,90,1686012955961,1686012970901,1,0,0,1,0,7,7,0,0,0,4,0,0,110,1686010064533,1686007069,109,0,1,2906368,0.772155762,-0.416137695,0.11340332,0.46661377,-1.30922997,-0.566657722,0.731375456,3.14160156,109,1686012051116,1686007469,108,3,1,919785,0.00390625,0.01171875,-0.00390625,110,1686009053140,1686006870,109,0,1,3917761,0,0,0
1,91,1686022955961,1686022970983,1,0,0,1,0,7,7,0,0,0,4,0,0,111,1686020064633,1686017069,110,0,1,2906350,0.772155762,-0.416137695,0.11340332,0.46661377,-1.30922997,-0.566657722,0.731375456,3.14160156,110,1686022050920,1686017269,109,3,1,920063,-0.0078125,-0.0234375,0.03515625,111,1686019052777,1686016869,110,0,1,3918206,0,0,0
1,92,1686032955961,1686033055636,1,0,0,1,0,7,7,0,0,0,4,0,0,112,1686031064367,1686026969,111,0,1,1991269,0.772155762,-0.416137695,0.11340332,0.46661377,-1.30922997,-0.566657722,0.731375456,3.14160156,111,1686033053469,1686027169,110,3,1,2167,0.00390625,0.01171875,-0.00390625,112,1686030052715,1686027469,111,0,1,3002921,0,0,0
1,93,1686042955961,1686042970942,1,0,0,1,0,7,7,0,0,0,4,0,0,113,1686040064407,1686036769,112,0,1,2906535,0.772155762,-0.416137695,0.11340332,0.46661377,-1.30922997,-0.566657722,0.731375456,3.14160156,112,1686042057435,1686036870,111,3,1,913507,0.00390625,0.01171875,-0.00390625,113,1686039053070,1686036869,112,0,1,3917872,0,0,0
1,94,1686052955961,1686052970876,1,0,0,1,0,7,7,0,0,0,4,0,0,114,1686050064526,1686047069,113,0,1,2906350,0.772155762,-0.416137695,0.11340332,0.46661377,-1.30922997,-0.566657722,0.731375456,3.14160156,113,1686052052109,1686047470,112,3,1,918767,0.0390625,0,0.03515625,114,1686049052818,1686046869,113,0,1,3918058,0,0,0
1,95,1686062955961,1686062970994,1,0,0,1,0,7,7,0,0,0,4,0,0,115,1686060064145,1686056869,114,0,1,2906849,0.772155762,-0.416137695,0.11340332,0.46661377,-1.30922997,-0.566657722,0.731375456,3.14160156,114,1686062051358,1686057470,113,3,1,919636,0.02734375,-0.03515625,-0.00390625,115,1686059052455,1686056969,114,0,1,3918539,0,0,0
1,96,1686072955961,1686073053111,1,0,0,1,0,7,7,0,0,0,4,0,0,116,1686071064231,1686066969,115,0,1,1988880,0.772155762,-0.416137695,0.11340332,0.46661377,-1.30922997,-0.566657722,0.731375456,3.14160156,115,1686073051185,1686066969,114,3,1,1926,0.00390625,0.01171875,0.03515625,116,1686070052412,1686067469,115,0,1,3000699,0,0,0
1,97,1686082955961,1686082970973,1,0,0,1,0,7,7,0,0,0,4,0,0,117,1686080064197,1686077069,116,0,1,2906776,0.772155762,-0.416137695,0.11340332,0.46661377,-1.30922997,-0.566657722,0.731375456,3.14160156,116,1686082051484,1686077270,115,3,1,919489,-0.03125,0.02734375,0.03515625,117,1686079052452,1686076869,116,0,1,3918521,0,0,0
1,98,1686092955961,1686092970943,1,0,0,1,0,7,7,0,0,0,4,0,0,118,1686090063982,1686086869,117,0,1,2906961,0.772155762,-0.416137695,0.11340332,0.46661377,-1.30922997,-0.566657722,0.731375456,3.14160156,117,1686092051529,1686086570,116,3,1,919414,0.00390625,0.01171875,0.03515625,118,1686089052478,1686086869,117,0,1,3918465,0,0,0
1,99,1686102955961,1686102971043,1,0,0,1,0,7,7,0,0,0,4,0,0,119,1686100064212,1686096869,118,0,1,2906831,0.772155762,-0.416137695,0.11340332,0.46661377,-1.30922997,-0.566657722,0.731375456,3.14160156,118,1686102051685,1686097270,117,3,1,919358,-0.0078125,-0.0234375,-0.00390625,119,1686099052616,1686096869,118,0,1,3918427,0,0,0
1,100,1686112955961,1686112971718,1,0,0,1,0,7,7,0,0,0,4,0,0,120,1686110064590,1686106569,119,0,1,2907128,0.772155762,-0.416137695,0.11340332,0.46661377,-1.30922997,-0.566657722,0.731375456,3.14160156,119,1686112052137,1686106870,118,3,1,919581,0.00390625,0.01171875,0.03515625,120,1686109053105,1686106870,119,0,1,3918613,0,0,0
1,101,1686122955961,1686122970614,1,0,0,1,0,7,7,0,0,0,4,0,0,121,1686120065579,1686116869,120,0,1,2905035,0.772155762,-0.416137695,0.11340332,0.46661377,-1.30922997,-0.566657722,0.731375456,3.14160156,120,1686122052422,1686117070,119,3,1,918192,-0.0078125,-0.0234375,-0.01171875,121,1686119059464,1686116870,120,0,1,3911150,0,0,0
1,102,1686132955961,1686132970326,1,0,0,1,0,7,7,0,0,0,4,0,0,122,1686130063994,1686126769,121,0,1,2906332,0.772155762,-0.416137695,0.11340332,0.46661377,-1.30922997,-0.566657722,0.731375456,3.14160156,121,1686132051726,1686126870,120,3,1,918600,0.00390625,0.01171875,-0.01171875,122,1686129054879,1686126870,121,0,1,3915447,0,0,0
1,103,1686142955961,1686142970611,1,0,0,1,0,7,7,0,0,0,4,0,0,123,1686140065650,1686136869,122,0,1,2904961,0.772155762,-0.416137695,0.11340332,0.46661377,-1.30922997,-0.566657722,0.731375456,3.14160156,122,1686142051845,1686137270,121,3,1,918766,0.00390625,0.01171875,-0.01171875,123,1686139054516,1686136670,122,0,1,3916095,0,0,0
1,104,1686152955961,1686152970341,1,0,0,1,0,7,7,0,0,0,4,0,0,124,1686150063102,1686146868,123,0,1,2907239,0.772155762,-0.416137695,0.11340332,0.46661377,-1.30922997,-0.566657722,0.731375456,3.14160156,123,1686152051611,1686147270,122,3,1,918730,0.00390625,0.01171875,-0.01171875,124,1686149052709,1686146870,123,0,1,3917632,0,0,0
1,105,1686162955961,1686162970348,1,0,0,1,0,7,7,0,0,0,4,0,0,125,1686160063851,1686156869,124,0,1,2906497,0.772155762,-0.41607666,0.11340332,0.46661377,-1.30922568,-0.566545963,0.731325209,3.14160156,124,1686162051304,1686156870,123,3,1,919044,0.00390625,0.01171875,-0.01171875,125,1686159051735,1686156869,124,0,1,3918613,0,0,0
1,106,1686172955961,1686172970782,1,0,0,1,0,7,7,0,0,0,4,0,0,126,1686170063914,1686166869,125,0,1,2906868,0.772155762,-0.41607666,0.11340332,0.466674805,-1.30925453,-0.566529572,0.73127985,3.14160156,125,1686172059812,1686166870,124,3,1,910970,0.00390625,0.01171875,0.02734375,126,1686169052058,1686166670,125,0,1,3918724,0,0,0
1,107,1686182955961,1686182970938,1,0,0,1,0,7,7,0,0,0,4,0,0,127,1686179064898,1686176269,126,0,1,3906040,0.772155762,-0.41607666,0.11340332,0.466674805,-1.30925453,-0.566529572,0.73127985,3.14160156,126,1686181052130,1686176670,125,3,1,1918808,0.00390625,0.01171875,-0.01171875,127,1686178054005,1686175870,126,0,1,4916933,0,0,0
1,108,1686192955961,1686192970742,1,0,0,1,0,7,7,0,0,0,4,0,0,128,1686190064521,1686186569,127,0,1,2906221,0.772155762,-0.41607666,0.11340332,0.466674805,-1.30925453,-0.566529572,0.73127985,3.14160156,127,1686192051420,1686186570,126,3,1,919322,0.0390625,0,-0.01171875,128,1686189052925,1686186869,127,0,1,3917817,0,0,0
1,109,1686202955961,1686202970509,1,0,0,1,0,7,7,0,0,0,4,0,0,129,1686200064714,1686196569,128,0,1,2905795,0.772155762,-0.41607666,0.11340332,0.466674805,-1.30925453,-0.566529572,0.73127985,3.14160156,128,1686202052113,1686197070,127,3,1,918396,0.00390625,0.01171875,-0.01171875,129,1686199054414,1686196870,128,0,1,3916095,0,0,0
1,110,1686212955961,1686212970479,1,0,0,1,0,7,7,0,0,0,4,0,0,130,1686210064037,1686206769,129,0,1,2906442,0.772155762,-0.41607666,0.11340332,0.466674805,-1.30925453,-0.566529572,0.73127985,3.14160156,129,1686212051009,1686206869,128,3,1,919470,0.00390625,0.00390625,-0.01171875,130,1686209051829,1686206469,129,0,1,3918650,0,0,0
1,111,1686222955961,1686223052151,1,0,0,1,0,7,7,0,0,0,4,0,0,131,1686221064030,1686216769,130,0,1,1988121,0.772155762,-0.41607666,0.11340332,0.466674805,-1.30925453,-0.566529572,0.73127985,3.14160156,130,1686223050169,1686216768,129,3,1,1982,0.00390625,0.00390625,-0.01171875,131,1686220051989,1686216869,130,0,1,3000162,0,0,0
1,112,1686232955961,1686232970920,1,0,0,1,0,7,7,0,0,0,4,0,0,132,1686230064996,1686226769,131,0,1,2905924,0.772155762,-0.41607666,0.11340332,0.466674805,-1.30925453,-0.566529572,0.73127985,3.14160156,131,1686232052043,1686226370,130,3,1,918877,0.00390625,0.00390625,-0.01171875,132,1686229058381,1686226870,131,0,1,3912539,0,0,0
1,113,1686242955961,1686242970891,1,0,0,1,0,7,7,0,0,0,4,0,0,133,1686240064337,1686236769,132,0,1,2906554,0.772155762,-0.41607666,0.11340332,0.466674805,-1.30925453,-0.566529572,0.73127985,3.14160156,132,1686242051884,1686237070,131,3,1,919007,-0.01171875,-0.03125,-0.05078125,133,1686239052444,1686236668,132,0,1,3918447,0,0,0
1,114,1686252955961,1686252971454,1,0,0,1,0,7,7,0,0,0,4,0,0,134,1686249063896,1686246269,133,0,1,3907558,0.772155762,-0.416015625,0.11340332,0.466674805,-1.30925035,-0.566417813,0.731229544,3.14160156,133,1686251051739,1686246670,132,3,1,1919715,0.0390625,-0.0078125,0.02734375,134,1686248051355,1686245869,133,0,1,4920099,0,0,0
1,115,1686262955961,1686262970832,1,0,0,1,0,7,7,0,0,0,4,0,0,135,1686260064093,1686256769,134,0,1,2906739,0.772155762,-0.416015625,0.113464355,0.466674805,-1.30923402,-0.566350341,0.731312692,3.14160156,134,1686262051584,1686256670,133,3,1,919248,0.00390625,0.00390625,0.02734375,135,1686259051293,1686256868,134,0,1,3919539,0,0,0
1,116,1686272955961,1686272970877,1,0,0,1,0,7,7,0,0,0,4,0,0,136,1686270064082,1686266569,135,0,1,2906795,0.772155762,-0.416015625,0.113464355,0.466674805,-1.30923402,-0.566350341,0.731312692,3.14160156,135,1686272051758,1686266570,134,3,1,919119,0.00390625,0.00390625,-0.01171875,136,1686269050967,1686266868,135,0,1,3919910,0,0,0
1,117,1686282955961,1686282970810,1,0,0,1,0,7,7,0,0,0,4,0,0,137,1686280063849,1686276769,136,0,1,2906961,0.772155762,-0.416015625,0.113464355,0.466674805,-1.30923402,-0.566350341,0.731312692,3.14160156,136,1686282051655,1686277070,135,3,1,919155,-0.0078125,-0.03125,-0.01171875,137,1686279050808,1686276868,136,0,1,3920002,0,0,0
1,118,1686292955961,1686292970744,1,0,0,1,0,7,7,0,0,0,4,0,0,138,1686290063857,1686286769,137,0,1,2906887,0.772155762,-0.416015625,0.113464355,0.466674805,-1.30923402,-0.566350341,0.731312692,3.14160156,137,1686292051496,1686287069,136,3,1,919248,0.0390625,-0.0078125,-0.01171875,138,1686289051390,1686286869,137,0,1,3919354,0,0,0
1,119,1686302955961,1686302970807,1,0,0,1,0,7,7,0,0,0,4,0,0,139,1686300063976,1686296769,138,0,1,2906831,0.772155762,-0.416015625,0.113464355,0.466674805,-1.30923402,-0.566350341,0.731312692,3.14160156,138,1686302051448,1686296869,137,3,1,919359,-0.0078125,-0.03125,-0.01171875,139,1686299050972,1686296968,138,0,1,3919835,0,0,0
1,120,1686312955961,1686312971037,1,0,0,1,0,7,7,0,0,0,4,0,0,140,1686310064668,1686306769,139,0,1,2906369,0.772155762,-0.416015625,0.113464355,0.466674805,-1.30923402,-0.566350341,0.731312692,3.14160156,139,1686312052178,1686306670,138,3,1,918859,0.00390625,0.00390625,0.02734375,140,1686309052276,1686306669,139,0,1,3918761,0,0,0
1,121,1686322955961,1686322970748,1,0,0,1,0,7,7,0,0,0,4,0,0,141,1686319064431,1686316269,140,0,1,3906317,0.772155762,-0.416015625,0.113464355,0.466674805,-1.30923402,-0.566350341,0.731312692,3.14160156,140,1686321052088,1686316670,139,3,1,1918660,-0.00390625,0.00390625,-0.01171875,141,1686318051927,1686315969,140,0,1,4918821,0,0,0
1,122,1686332955961,1686332971830,1,0,0,1,0,7,7,0,0,0,4,0,0,142,1686329064605,1686326469,141,0,1,3907225,0.772216797,-0.41595459,0.113464355,0.466674805,-1.30903161,-0.566298783,0.731125474,3.14160156,141,1686331052003,1686326670,140,3,1,1919827,-0.00390625,0.00390625,-0.01171875,142,1686328052046,1686325869,141,0,1,4919784,0,0,0
1,123,1686342955961,1686342971023,1,0,0,1,0,7,7,0,0,0,4,0,0,143,1686340064580,1686336369,142,0,1,2906443,0.772216797,-0.41595459,0.113464355,0.466674805,-1.30903161,-0.566298783,0.731125474,3.14160156,142,1686342051960,1686336870,141,3,1,919063,-0.00390625,0.00390625,-0.01171875,143,1686339050854,1686336969,142,0,1,3920169,0,0,0
1,124,1686352955961,1686352970808,1,0,0,1,0,7,7,0,0,0,4,0,0,144,1686350064236,1686346569,143,0,1,2906572,0.772216797,-0.41595459,0.113464355,0.46673584,-1.30906045,-0.566282332,0.731080115,3.14160156,143,1686352051597,1686346570,142,3,1,919211,-0.00390625,0.00390625,-0.01171875,144,1686349051343,1686346469,143,0,1,3919465,0,0,0
1,125,1686362955961,1686362970964,1,0,0,1,0,7,7,0,0,0,4,0,0,145,1686360063818,1686356569,144,0,1,2907146,0.772216797,-0.41595459,0.113464355,0.46673584,-1.30906045,-0.566282332,0.731080115,3.14160156,144,1686362051623,1686356870,143,3,1,919341,-0.015625,-0.03125,-0.01171875,145,1686359050277,1686356968,144,0,1,3920687,0,0,0
1,126,1686372955961,1686372970879,1,0,0,1,0,7,7,0,0,0,4,0,0,146,1686370064288,1686366369,145,0,1,2906591,0.772216797,-0.41595459,0.113464355,0.46673584,-1.30906045,-0.566282332,0.731080115,3.14160156,145,1686372052057,1686366370,144,3,1,918822,-0.015625,-0.03125,0.02734375,146,1686369052525,1686366869,145,0,1,3918354,0,0,0
1,127,1686382955961,1686382970849,1,0,0,1,0,7,7,0,0,0,4,0,0,147,1686380064074,1686376569,146,0,1,2906775,0.772216797,-0.41595459,0.113464355,0.46673584,-1.30906045,-0.566282332,0.731080115,3.14160156,146,1686382051768,1686376870,145,3,1,919081,0.00390625,0.00390625,0.02734375,147,1686379050421,1686376868,146,0,1,3920428,0,0,0
1,128,1686392955961,1686392971524,1,0,0,1,0,7,7,0,0,0,4,0,0,148,1686389063669,1686385869,147,0,1,3907855,0.772216797,-0.41595459,0.113464355,0.46673584,-1.30906045,-0.566282332,0.731080115,3.14160156,147,1686391051586,1686386270,146,3,1,1919938,-0.03125,0.01953125,-0.01171875,148,1686388051351,1686385669,147,0,1,4920173,0,0,0
1,129,1686402955961,1686402971346,1,0,0,1,0,7,7,0,0,0,4,0,0,149,1686399064029,1686396469,148,0,1,3907317,0.772216797,-0.41595459,0.113464355,0.46673584,-1.30906045,-0.566282332,0.731080115,3.14160156,148,1686401051446,1686396669,147,3,1,1919900,0.00390625,0.00390625,-0.01171875,149,1686398051599,1686395869,148,0,1,4919747,0,0,0
1,130,1686412955961,1686412970983,1,0,0,1,0,7,7,0,0,0,4,0,0,150,1686410064319,1686406169,149,0,1,2906664,0.772216797,-0.41595459,0.113464355,0.46673584,-1.30906045,-0.566282332,0.731080115,3.14160156,149,1686412052235,1686406170,148,3,1,918748,0.0390625,-0.0078125,0.02734375,150,1686409051426,1686406669,149,0,1,3919557,0,0,0
1,131,1686422955961,1686422971028,1,0,0,1,0,7,7,0,0,0,4,0,0,151,1686420064363,1686416369,150,0,1,2906665,0.772216797,-0.415893555,0.113464355,0.46673584,-1.30905616,-0.566170692,0.731029868,3.14160156,150,1686422052076,1686416670,149,3,1,918952,0.00390625,0.00390625,0.02734375,151,1686419050545,1686416868,150,0,1,3920483,0,0,0
1,132,1686432955961,1686432970332,1,0,0,1,0,7,7,0,0,0,4,0,0,152,1686429064441,1686426269,151,0,1,3905891,0.772216797,-0.415893555,0.113464355,0.46673584,-1.30905616,-0.566170692,0.731029868,3.14160156,151,1686431051820,1686426670,150,3,1,1918512,0.00390625,0.00390625,0.02734375,152,1686428051640,1686425869,151,0,1,4918692,0,0,0
1,133,1686442955961,1686442971358,1,0,0,1,0,7,7,0,0,0,4,0,0,153,1686439064337,1686436269,152,0,1,3907021,0.772216797,-0.415893555,0.113464355,0.46673584,-1.30905616,-0.566170692,0.731029868,3.14160156,152,1686441051754,1686436469,151,3,1,1919604,-0.01171875,-0.03125,-0.05078125,153,1686438052777,1686435869,152,0,1,4918581,0,0,0
1,134,1686452955961,1686452970773,1,0,0,1,0,7,7,0,0,0,4,0,0,154,1686450064108,1686446369,153,0,1,2906665,0.772216797,-0.415893555,0.113464355,0.46673584,-1.30905616,-0.566170692,0.731029868,3.14160156,153,1686452051396,1686446370,152,3,1,919377,0.00390625,0.00390625,-0.01171875,154,1686449052734,1686446669,153,0,1,3918039,0,0,0
1,135,1686462955961,1686462971447,1,0,0,1,0,7,7,0,0,0,4,0,0,155,1686459063926,1686455769,154,0,1,3907521,0.772216797,-0.415893555,0.113464355,0.46673584,-1.30905616,-0.566170692,0.731029868,3.14160156,154,1686461051899,1686456069,153,3,1,1919548,-0.0078125,-0.03125,-0.01171875,155,1686458051385,1686455869,154,0,1,4920062,0,0,0
1,136,1686472955961,1686472971436,1,0,0,1,0,7,7,0,0,0,4,0,0,156,1686469063971,1686466069,155,0,1,3907465,0.772216797,-0.415893555,0.113464355,0.46673584,-1.30905616,-0.566170692,0.731029868,3.14160156,155,1686471051777,1686466470,154,3,1,1919659,-0.03125,0.01953125,-0.05078125,156,1686468051560,1686465869,155,0,1,4919876,0,0,0
1,137,1686482955961,1686482970814,1,0,0,1,0,7,7,0,0,0,4,0,0,157,1686480064076,1686476369,156,0,1,2906738,0.772216797,-0.415893555,0.113464355,0.46673584,-1.30905616,-0.566170692,0.731029868,3.14160156,156,1686482051992,1686476570,155,3,1,918822,0.02734375,-0.04296875,-0.01171875,157,1686479051627,1686475769,156,0,1,3919187,0,0,0
1,138,1686492955961,1686492971526,1,0,0,1,0,7,7,0,0,0,4,0,0,158,1686489064005,1686486269,157,0,1,3907521,0.772216797,-0.415893555,0.113464355,0.46673584,-1.30905616,-0.566170692,0.731029868,3.14160156,157,1686491051699,1686486670,156,3,1,1919827,-0.0078125,-0.03125,-0.01171875,158,1686488051464,1686485869,157,0,1,4920062,0,0,0
1,139,1686502955961,1686502971422,1,0,0,1,0,7,7,0,0,0,4,0,0,159,1686499063827,1686496069,158,0,1,3907595,0.772216797,-0.415893555,0.113464355,0.46673584,-1.30905616,-0.566170692,0.731029868,3.14160156,158,1686501051781,1686496470,157,3,1,1919641,-0.0078125,-0.0234375,-0.01171875,159,1686498051157,1686495869,158,0,1,4920265,0,0,0
1,140,1686512955961,1686512971541,1,0,0,1,0,7,7,0,0,0,4,0,0,160,1686509064798,1686506069,159,0,1,3906743,0.772216797,-0.415893555,0.113525391,0.46673584,-1.30904007,-0.56610322,0.731113017,3.14160156,159,1686511052400,1686505670,158,3,1,1919141,0.00390625,0.01171875,-0.01171875,160,1686508054090,1686505869,159,0,1,4917451,0,0,0
1,141,1686522955961,1686522971456,1,0,0,1,0,7,7,0,0,0,4,0,0,161,1686519064231,1686516069,160,0,1,3907225,0.772216797,-0.415893555,0.113525391,0.46673584,-1.30904007,-0.56610322,0.731113017,3.14160156,160,1686521051778,1686516470,159,3,1,1919678,-0.0078125,-0.0234375,0.02734375,161,1686518051820,1686515869,160,0,1,4919636,0,0,0
1,142,1686532955961,1686532971390,1,0,0,1,0,7,7,0,0,0,4,0,0,162,1686529063924,1686525769,161,0,1,3907466,0.772216797,-0.415893555,0.113525391,0.46673584,-1.30904007,-0.56610322,0.731113017,3.14160156,161,1686531051915,1686526070,160,3,1,1919475,0.00390625,0.01171875,-0.01171875,162,1686528051587,1686525869,161,0,1,4919803,0,0,0
1,143,1686542955961,1686542971490,1,0,0,1,0,7,7,0,0,0,4,0,0,163,1686539063932,1686536069,162,0,1,3907558,0.772216797,-0.41583252,0.113525391,0.46673584,-1.3090359,-0.565991521,0.73106277,3.14160156,162,1686541052108,1686536070,161,3,1,1919382,-0.0078125,-0.0234375,-0.01171875,163,1686538051613,1686535869,162,0,1,4919877,0,0,0
1,144,1686552955961,1686552971405,1,0,0,1,0,7,7,0,0,0,4,0,0,164,1686549064180,1686546069,163,0,1,3907225,0.772216797,-0.41583252,0.113525391,0.46673584,-1.3090359,-0.565991521,0.73106277,3.14160156,163,1686551051523,1686545870,162,3,1,1919882,0.02734375,-0.03515625,0.02734375,164,1686548051602,1686545869,163,0,1,4919803,0,0,0
1,145,1686562955961,1686562971431,1,0,0,1,0,7,7,0,0,0,4,0,0,165,1686559063984,1686556069,164,0,1,3907447,0.772216797,-0.41583252,0.113525391,0.46673584,-1.3090359,-0.565991521,0.73106277,3.14160156,164,1686561051790,1686556270,163,3,1,1919641,0.00390625,0.01171875,-0.01171875,165,1686558051758,1686555869,164,0,1,4919673,0,0,0
1,146,1686572955961,1686572971550,1,0,0,1,0,7,7,0,0,0,4,0,0,166,1686569063973,1686566069,165,0,1,3907577,0.772216797,-0.41583252,0.113525391,0.46673584,-1.3090359,-0.565991521,0.73106277,3.14160156,165,1686571051464,1686566469,164,3,1,1920086,0.00390625,0.01171875,-0.01171875,166,1686568051414,1686565869,165,0,1,4920136,0,0,0
1,147,1686582955961,1686582971502,1,0,0,1,0,7,7,0,0,0,4,0,0,167,1686579063907,1686575869,166,0,1,3907595,0.772216797,-0.41583252,0.113525391,0.46673584,-1.3090359,-0.565991521,0.73106277,3.14160156,166,1686581051768,1686576070,165,3,1,1919734,0.00390625,0.01171875,-0.01171875,167,1686578051514,1686575869,166,0,1,4919988,0,0,0
1,148,1686592955961,1686592971232,1,0,0,1,0,7,7,0,0,0,4,0,0,168,1686589063859,1686585869,167,0,1,3907373,0.772216797,-0.41583252,0.113525391,0.46673584,-1.3090359,-0.565991521,0.73106277,3.14160156,167,1686591051276,1686586069,166,3,1,1919956,0.0390625,0,-0.01171875,168,1686588051410,1686585469,167,0,1,4919822,0,0,0
1,149,1686602955961,1686602971332,1,0,0,1,0,7,7,0,0,0,4,0,0,169,1686599063681,1686595569,168,0,1,3907651,0.772216797,-0.41583252,0.113525391,0.46673584,-1.3090359,-0.565991521,0.73106277,3.14160156,168,1686601051487,1686595869,167,3,1,1919845,-0.0078125,-0.0234375,0.02734375,169,1686598051177,1686595869,168,0,1,4920155,0,0,0
1,150,1686612955961,1686612971599,1,0,0,1,0,7,7,0,0,0,4,0,0,170,1686609064411,1686605869,169,0,1,3907188,0.772216797,-0.41583252,0.113525391,0.46673584,-1.3090359,-0.565991521,0.73106277,3.14160156,169,1686611051994,1686605670,168,3,1,1919605,0.00390625,0.01171875,0.02734375,170,1686608051074,1686605869,169,0,1,4920525,0,0,0
1,151,1686622955961,1686622971588,1,0,0,1,0,7,7,0,0,0,4,0,0,171,1686619065196,1686615869,170,0,1,3906392,0.772216797,-0.41583252,0.113525391,0.46673584,-1.3090359,-0.565991521,0.73106277,3.14160156,170,1686621052243,1686616270,169,3,1,1919345,-0.0078125,-0.0234375,-0.01171875,171,1686618059822,1686615869,170,0,1,4911766,0,0,0
1,152,1686632955961,1686632971373,1,0,0,1,0,7,7,0,0,0,4,0,0,172,1686629064963,1686625869,171,0,1,3906410,0.772216797,-0.41583252,0.113525391,0.46673584,-1.3090359,-0.565991521,0.73106277,3.14160156,171,1686631051547,1686626270,170,3,1,1919826,0.015625,0.05078125,0.02734375,172,1686628052459,1686625669,171,0,1,4918914,0,0,0
1,153,1686642955961,1686642971658,1,0,0,1,0,7,7,0,0,0,4,0,0,173,1686639065323,1686635868,172,0,1,3906335,0.772216797,-0.41583252,0.113525391,0.46673584,-1.3090359,-0.565991521,0.73106277,3.14160156,172,1686641053610,1686636270,171,3,1,1918048,0.02734375,-0.03515625,-0.01171875,173,1686638051208,1686635869,172,0,1,4920450,0,0,0
1,154,1686652955961,1686652971519,1,0,0,1,0,7,7,0,0,0,4,0,0,174,1686649064571,1686645869,173,0,1,3906948,0.772216797,-0.41583252,0.113525391,0.46673584,-1.3090359,-0.565991521,0.73106277,3.14160156,173,1686651052322,1686645669,172,3,1,1919197,0.00390625,0.01171875,-0.05078125,174,1686648052919,1686645870,173,0,1,4918600,0,0,0
1,155,1686662955961,1686662971509,1,0,0,1,0,7,7,0,0,0,4,0,0,175,1686659063913,1686655869,174,0,1,3907596,0.772216797,-0.41583252,0.113525391,0.466796875,-1.30906475,-0.56597513,0.731017411,3.14160156,174,1686661050886,1686656068,173,3,1,1920623,0.00390625,0.01171875,-0.01171875,175,1686658052020,1686655869,174,0,1,4919489,0,0,0
1,156,1686672955961,1686672971517,1,0,0,1,0,7,7,0,0,0,4,0,0,176,1686669063792,1686665569,175,0,1,3907725,0.772216797,-0.41583252,0.113525391,0.466796875,-1.30906475,-0.56597513,0.731017411,3.14160156,175,1686671050765,1686665668,174,3,1,1920752,-0.0078125,-0.0234375,-0.01171875,176,1686668051214,1686665869,175,0,1,4920303,0,0,0
1,157,1686682955961,1686682971730,1,0,0,1,0,7,7,0,0,0,4,0,0,177,1686679064801,1686675769,176,0,1,3906929,0.772216797,-0.41583252,0.113525391,0.466796875,-1.30906475,-0.56597513,0.731017411,3.14160156,176,1686681051496,1686675869,175,3,1,1920234,0.015625,0.05078125,-0.05078125,177,1686678052353,1686675869,176,0,1,4919377,0,0,0
1,158,1686692955961,1686692971609,1,0,0,1,0,7,7,0,0,0,4,0,0,178,1686689064643,1686685769,177,0,1,3906966,0.772216797,-0.41583252,0.113525391,0.466796875,-1.30906475,-0.56597513,0.731017411,3.14160156,177,1686691050968,1686685568,176,3,1,1920641,0.00390625,0.01171875,-0.01171875,178,1686688052509,1686685669,177,0,1,4919100,0,0,0
1,159,1686702955961,1686702971562,1,0,0,1,0,7,7,0,0,0,4,0,0,179,1686699062448,1686695768,178,0,1,3909114,0.772216797,-0.41583252,0.113525391,0.466796875,-1.30906475,-0.56597513,0.731017411,3.14160156,178,1686701052532,1686696068,177,3,1,1919030,0.02734375,-0.03515625,0.02734375,179,1686698051555,1686695869,178,0,1,4920007,0,0,0
1,160,1686712955961,1686712971460,1,0,0,1,0,7,7,0,0,0,4,0,0,180,1686709065938,1686705770,179,0,1,3905522,0.772216797,-0.41583252,0.113525391,0.466796875,-1.30906475,-0.56597513,0.731017411,3.14160156,179,1686711052504,1686706069,178,3,1,1918956,0.00390625,0.01171875,-0.01171875,180,1686708051360,1686705869,179,0,1,4920100,0,0,0
1,161,1686722955961,1686722971320,1,0,0,1,0,7,7,0,0,0,4,0,0,181,1686719063336,1686715569,180,0,1,3907984,0.772216797,-0.41583252,0.113525391,0.466796875,-1.30906475,-0.56597513,0.731017411,3.14160156,180,1686721050494,1686716068,179,3,1,1920826,0.00390625,0.01171875,0.02734375,181,1686718050888,1686715969,180,0,1,4920432,0,0,0
1,162,1686732955961,1686732971422,1,0,0,1,0,7,7,0,0,0,4,0,0,182,1686729063382,1686725769,181,0,1,3908040,0.772216797,-0.41583252,0.113525391,0.466796875,-1.30906475,-0.56597513,0.731017411,3.14160156,181,1686731050373,1686725668,180,3,1,1921049,-0.0078125,-0.0234375,0.02734375,182,1686728050896,1686725469,181,0,1,4920526,0,0,0
1,163,1686742955961,1686742970782,1,0,0,1,0,7,7,0,0,0,4,0,0,183,1686740063284,1686735969,182,0,1,2907498,0.772216797,-0.41583252,0.113525391,0.466796875,-1.30906475,-0.56597513,0.731017411,3.14160156,182,1686742051164,1686736169,181,3,1,919618,0.00390625,0.01171875,-0.05078125,183,1686739050928,1686735869,182,0,1,3919854,0,0,0
1,164,1686752955961,1686752971273,1,0,0,1,0,7,7,0,0,0,4,0,0,184,1686749063418,1686745569,183,0,1,3907855,0.772216797,-0.41583252,0.113525391,0.466796875,-1.30906475,-0.56597513,0.731017411,3.14160156,183,1686751049946,1686745368,182,3,1,1921327,0.00390625,0.01171875,-0.01171875,184,1686748051043,1686745869,183,0,1,4920230,0,0,0
1,165,1686762955961,1686762971429,1,0,0,1,0,7,7,0,0,0,4,0,0,185,1686759063371,1686755569,184,0,1,3908058,0.772216797,-0.41583252,0.113525391,0.466796875,-1.30906475,-0.56597513,0.731017411,3.14160156,184,1686761049936,1686755868,183,3,1,1921493,0.02734375,-0.03515625,-0.05078125,185,1686758050941,1686755669,184,0,1,4920488,0,0,0
1,166,1686772955961,1686772971383,1,0,0,1,0,7,7,0,0,0,4,0,0,186,1686769063509,1686765569,185,0,1,3907874,0.772216797,-0.41583252,0.113525391,0.466796875,-1.30906475,-0.56597513,0.731017411,3.14160156,185,1686771050223,1686765868,184,3,1,1921160,0.00390625,0.01171875,-0.01171875,186,1686768050709,1686765669,185,0,1,4920674,0,0,0
1,167,1686782955961,1686782971484,1,0,0,1,0,7,7,0,0,0,4,0,0,187,1686779064907,1686775569,186,0,1,3906577,0.772216797,-0.41583252,0.113525391,0.466796875,-1.30906475,-0.56597513,0.731017411,3.14160156,186,1686781052806,1686775869,185,3,1,1918678,-0.00390625,0.01171875,0.02734375,187,1686778051662,1686775869,186,0,1,4919822,0,0,0
1,168,1686792955961,1686792971567,1,0,0,1,0,7,7,0,0,0,4,0,0,188,1686789064231,1686785369,187,0,1,3907336,0.772216797,-0.41583252,0.113525391,0.466796875,-1.30906475,-0.56597513,0.731017411,3.14160156,187,1686791050555,1686785569,186,3,1,1921012,-0.00390625,0.01171875,-0.00390625,188,1686788051671,1686785869,187,0,1,4919896,0,0,0
1,169,1686802955961,1686803029518,1,0,0,1,0,7,7,0,0,0,4,0,0,189,1686799064073,1686795569,188,0,1,3965445,0.772216797,-0.41583252,0.113525391,0.466796875,-1.30906475,-0.56597513,0.731017411,3.14160156,188,1686801050342,1686795868,187,3,1,1979176,-0.00390625,0.01171875,-0.00390625,189,1686798051513,1686795869,188,0,1,4978005,0,0,0
1,170,1686812955961,1686813022416,1,0,0,1,0,7,7,0,0,0,4,0,0,190,1686809107080,1686805780,189,0,1,3915336,0.772216797,-0.41583252,0.113464355,0.466796875,-1.30908084,-0.566042662,0.730934262,3.14160156,189,1686811119755,1686806083,188,3,1,1902661,-0.00390625,0.01171875,-0.00390625,190,1686808111964,1686805888,189,0,1,4910452,0,0,0
1,171,1686822955961,1686822970112,1,0,0,1,0,7,7,0,0,0,4,0,0,191,1686819063812,1686815569,190,0,1,3906300,0.772216797,-0.41583252,0.113464355,0.466796875,-1.30908084,-0.566042662,0.730934262,3.14160156,190,1686821049563,1686815668,189,3,1,1920549,-0.03125,0.02734375,-0.04296875,191,1686818089381,1686815975,190,0,1,4880731,0,0,0
1,172,1686832955961,1686832969472,1,0,0,1,0,7,7,0,0,0,4,0,0,192,1686829068765,1686825568,191,0,1,3900707,0.772216797,-0.41583252,0.113464355,0.466796875,-1.30908084,-0.566042662,0.730934262,3.14160156,191,1686831049849,1686825368,190,3,1,1919623,0.03125,0,-0.00390625,192,1686828049669,1686825667,191,0,1,4919803,0,0,0
1,173,1686842955961,1686842969240,1,0,0,1,0,7,7,0,0,0,4,0,0,193,1686839061311,1686835568,192,0,1,3907929,0.772216797,-0.41583252,0.113464355,0.466796875,-1.30908084,-0.566042662,0.730934262,3.14160156,192,1686841047303,1686835867,191,3,1,1921937,0.03125,0,-0.00390625,193,1686838049622,1686835867,192,0,1,4919618,0,0,0
1,174,1686852955961,1686852971619,1,0,0,1,0,7,7,0,0,0,4,0,0,194,1686849065265,1686845569,193,0,1,3906354,0.772216797,-0.41583252,0.113464355,0.466796875,-1.30908084,-0.566042662,0.730934262,3.14160156,193,1686851052052,1686845870,192,3,1,1919567,-0.0390625,0.02734375,-0.00390625,194,1686848054723,1686845870,193,0,1,4916896,0,0,0
1,175,1686862955961,1686862971628,1,0,0,1,0,7,7,0,0,0,4,0,0,195,1686858064102,1686855469,194,0,1,4907526,0.772216797,-0.41583252,0.113464355,0.466796875,-1.30908084,-0.566042662,0.730934262,3.14160156,194,1686860051889,1686855670,193,3,1,2919739,-0.015625,-0.0234375,-0.00390625,195,1686857051468,1686854969,194,0,1,5920160,0,0,0
1,176,1686872955961,1686872971507,1,0,0,1,0,7,7,0,0,0,4,0,0,196,1686869064189,1686865369,195,0,1,3907318,0.772216797,-0.41583252,0.113464355,0.466796875,-1.30908084,-0.566042662,0.730934262,3.14160156,195,1686871052069,1686865370,194,3,1,1919438,-0.00390625,0.01171875,-0.04296875,196,1686868051537,1686865469,195,0,1,4919970,0,0,0
1,177,1686882955961,1686882971831,1,0,0,1,0,7,7,0,0,0,4,0,0,197,1686879064957,1686875569,196,0,1,3906874,0.772216797,-0.41583252,0.113464355,0.466796875,-1.30908084,-0.566042662,0.730934262,3.14160156,196,1686881052004,1686875870,195,3,1,1919827,0.00390625,0.01171875,-0.00390625,197,1686878053453,1686875970,196,0,1,4918378,0,0,0
1,178,1686892955961,1686892971821,1,0,0,1,0,7,7,0,0,0,4,0,0,198,1686889065188,1686885369,197,0,1,3906633,0.772216797,-0.41583252,0.113464355,0.466796875,-1.30908084,-0.566042662,0.730934262,3.14160156,197,1686891052346,1686884970,196,3,1,1919475,0.00390625,0.01171875,-0.00390625,198,1686888053943,1686885870,197,0,1,4917878,0,0,0
1,179,1686902955961,1686902971718,1,0,0,1,0,7,7,0,0,0,4,0,0,199,1686899065179,1686895369,198,0,1,3906539,0.772216797,-0.41583252,0.113464355,0.466796875,-1.30908084,-0.566042662,0.730934262,3.14160156,198,1686901052392,1686895670,197,3,1,1919326,0.00390625,0.01171875,-0.00390625,199,1686898054156,1686895670,198,0,1,4917562,0,0,0
1,180,1686912955961,1686912971709,1,0,0,1,0,7,7,0,0,0,4,0,0,200,1686909066058,1686905370,199,0,1,3905651,0.772216797,-0.41583252,0.113464355,0.466796875,-1.30908084,-0.566042662,0.730934262,3.14160156,199,1686911052234,1686905570,198,3,1,1919475,0.0390625,0,-0.00390625,200,1686908050924,1686905669,199,0,1,4920785,0,0,0
1,181,1686922955961,1686922971366,1,0,0,1,0,7,7,0,0,0,4,0,0,201,1686918064173,1686915269,200,0,1,4907193,0.772216797,-0.41583252,0.113464355,0.466796875,-1.30908084,-0.566042662,0.730934262,3.14160156,200,1686920052146,1686915670,199,3,1,2919220,-0.01171875,-0.0234375,-0.04296875,201,1686917050928,1686914869,200,0,1,5920438,0,0,0
1,182,1686932955961,1686932971300,1,0,0,1,0,7,7,0,0,0,4,0,0,202,1686928064071,1686925269,201,0,1,4907229,0.772216797,-0.41583252,0.113464355,0.466796875,-1.30908084,-0.566042662,0.730934262,3.14160156,201,1686930051747,1686924870,200,3,1,2919553,0.00390625,0.00390625,-0.00390625,202,1686927050548,1686924868,201,0,1,5920752,0,0,0
1,183,1686942955961,1686942971439,1,0,0,1,0,7,7,0,0,0,4,0,0,203,1686938064098,1686935269,202,0,1,4907341,0.772216797,-0.41583252,0.113464355,0.466796875,-1.30908084,-0.566042662,0.730934262,3.14160156,202,1686940051774,1686935670,201,3,1,2919665,0.03125,-0.0078125,-0.00390625,203,1686937053168,1686934869,202,0,1,5918271,0,0,0
1,184,1686952955961,1686952971484,1,0,0,1,0,7,7,0,0,0,4,0,0,204,1686949063833,1686945369,203,0,1,3907651,0.772216797,-0.41583252,0.113464355,0.466796875,-1.30908084,-0.566042662,0.730934262,3.14160156,203,1686951051306,1686945670,202,3,1,1920178,0.03125,-0.0078125,-0.00390625,204,1686948051366,1686945869,203,0,1,4920118,0,0,0
1,185,1686962955961,1686962971475,1,0,0,1,0,7,7,0,0,0,4,0,0,205,1686958063782,1686955269,204,0,1,4907693,0.772216797,-0.41583252,0.113464355,0.466796875,-1.30908084,-0.566042662,0.730934262,3.14160156,204,1686960051366,1686955270,203,3,1,2920109,0.01953125,-0.03515625,-0.00390625,205,1686957050315,1686954868,204,0,1,5921160,0,0,0
1,186,1686972955961,1686972971409,1,0,0,1,0,7,7,0,0,0,4,0,0,206,1686969064018,1686965169,205,0,1,3907391,0.772216797,-0.41583252,0.113464355,0.466796875,-1.30908084,-0.566042662,0.730934262,3.14160156,205,1686971051342,1686965169,204,3,1,1920067,-0.00390625,0.01171875,-0.00390625,206,1686968051717,1686965269,205,0,1,4919692,0,0,0
1,187,1686982955961,1686982971437,1,0,0,1,0,7,7,0,0,0,4,0,0,207,1686978063744,1686975269,206,0,1,4907693,0.772216797,-0.41583252,0.113464355,0.466796875,-1.30908084,-0.566042662,0.730934262,3.14160156,206,1686980051402,1686975670,205,3,1,2920035,-0.00390625,0.01171875,-0.00390625,207,1686977050332,1686974868,206,0,1,5921105,0,0,0
1,188,1686992955961,1686992971390,1,0,0,1,0,7,7,0,0,0,4,0,0,208,1686988064030,1686985269,207,0,1,4907360,0.772216797,-0.41583252,0.113464355,0.466796875,-1.30908084,-0.566042662,0.730934262,3.14160156,207,1686990051466,1686985670,206,3,1,2919924,-0.00390625,0.01171875,0.03515625,208,1686987050415,1686984868,207,0,1,5920975,0,0,0
1,189,1687002955961,1687002971547,1,0,0,1,0,7,7,0,0,0,4,0,0,209,1686999063785,1686995169,208,0,1,3907762,0.772216797,-0.41583252,0.113464355,0.466796875,-1.30908084,-0.566042662,0.730934262,3.14160156,208,1687001051553,1686995569,207,3,1,1919994,-0.00390625,0.01171875,-0.00390625,209,1686998051151,1686994869,208,0,1,4920396,0,0,0
1,190,1687012955961,1687012970370,1,0,0,1,0,7,7,0,0,0,4,0,0,210,1687009064867,1687005170,209,0,1,3905503,0.772216797,-0.41583252,0.113464355,0.466796875,-1.30908084,-0.566042662,0.730934262,3.14160156,209,1687011050247,1687005168,208,3,1,1920123,-0.00390625,0.00390625,-0.00390625,210,1687008052345,1687005268,209,0,1,4918025,0,0,0
1,191,1687022955961,1687022970657,1,0,0,1,0,7,7,0,0,0,4,0,0,211,1687018064316,1687015269,210,0,1,4906341,0.772216797,-0.41583252,0.113464355,0.466796875,-1.30908084,-0.566042662,0.730934262,3.14160156,210,1687020051511,1687015670,209,3,1,2919146,-0.015625,-0.03125,-0.00390625,211,1687017052552,1687014870,210,0,1,5918105,0,0,0
1,192,1687032955961,1687032970999,1,0,0,1,0,7,7,0,0,0,4,0,0,212,1687028064473,1687025069,211,0,1,4906526,0.772216797,-0.41583252,0.113464355,0.466796875,-1.30908084,-0.566042662,0.730934262,3.14160156,211,1687030052056,1687024870,210,3,1,2918943,-0.00390625,0.00390625,-0.04296875,212,1687027051635,1687024869,211,0,1,5919364,0,0,0
1,193,1687042955961,1687042970656,1,0,0,1,0,7,7,0,0,0,4,0,0,213,1687038064593,1687035069,212,0,1,4906063,0.772216797,-0.415771484,0.113464355,0.466796875,-1.30907667,-0.565930903,0.730883956,3.14160156,212,1687040052158,1687035470,211,3,1,2918498,-0.00390625,0.00390625,-0.00390625,213,1687037052014,1687034670,212,0,1,5918642,0,0,0
1,194,1687052955961,1687052970535,1,0,0,1,0,7,7,0,0,0,4,0,0,214,1687048064213,1687045069,213,0,1,4906322,0.772216797,-0.415771484,0.113464355,0.466796875,-1.30907667,-0.565930903,0.730883956,3.14160156,213,1687050052055,1687045270,212,3,1,2918480,-0.015625,-0.03125,-0.00390625,214,1687047051690,1687044669,213,0,1,5918845,0,0,0
1,195,1687062955961,1687062970377,1,0,0,1,0,7,7,0,0,0,4,0,0,215,1687058064184,1687055069,214,0,1,4906193,0.772216797,-0.415771484,0.113464355,0.466796875,-1.30907667,-0.565930903,0.730883956,3.14160156,214,1687060051842,1687055470,213,3,1,2918535,-0.00390625,0.00390625,-0.00390625,215,1687057053124,1687054969,214,0,1,5917253,0,0,0
1,196,1687072955961,1687072970330,1,0,0,1,0,7,7,0,0,0,4,0,0,216,1687068064193,1687064869,215,0,1,4906137,0.772216797,-0.415771484,0.113464355,0.466796875,-1.30907667,-0.565930903,0.730883956,3.14160156,215,1687070051740,1687064870,214,3,1,2918590,0.03125,-0.0078125,-0.00390625,216,1687067051244,1687064869,215,0,1,5919086,0,0,0
1,197,1687082955961,1687082970357,1,0,0,1,0,7,7,0,0,0,4,0,0,217,1687078063905,1687075069,216,0,1,4906452,0.772216797,-0.415771484,0.113464355,0.466796875,-1.30907667,-0.565930903,0.730883956,3.14160156,216,1687080051822,1687075270,215,3,1,2918535,-0.00390625,0.00390625,-0.00390625,217,1687077051364,1687074869,216,0,1,5918993,0,0,0
1,198,1687092955961,1687092970422,1,0,0,1,0,7,7,0,0,0,4,0,0,218,1687088063914,1687084869,217,0,1,4906508,0.772216797,-0.415771484,0.113464355,0.466796875,-1.30907667,-0.565930903,0.730883956,3.14160156,217,1687090051683,1687085270,216,3,1,2918739,-0.00390625,0.00390625,0.03515625,218,1687087051317,1687084869,217,0,1,5919105,0,0,0
1,199,1687102955961,1687102970393,1,0,0,1,0,7,7,0,0,0,4,0,0,219,1687098064145,1687094869,218,0,1,4906248,0.772216797,-0.415771484,0.113464355,0.466796875,-1.30907667,-0.565930903,0.730883956,3.14160156,218,1687100051858,1687094870,217,3,1,2918535,-0.015625,-0.03125,-0.00390625,219,1687097051752,1687094869,218,0,1,5918641,0,0,0
1,200,1687112955961,1687112970550,1,0,0,1,0,7,7,0,0,0,4,0,0,220,1687108063728,1687104869,219,0,1,4906822,0.772216797,-0.415771484,0.113464355,0.466796875,-1.30907667,-0.565930903,0.730883956,3.14160156,219,1687110053034,1687105070,218,3,1,2917516,-0.0390625,0.01953125,0.03515625,220,1687107051279,1687104469,219,0,1,5919271,0,0,0
1,201,1687122955961,1687122970689,1,0,0,1,0,7,7,0,0,0,4,0,0,221,1687118065774,1687114769,220,0,1,4904915,0.772216797,-0.415771484,0.113464355,0.466796875,-1.30907667,-0.565930903,0.730883956,3.14160156,220,1687120052376,1687115070,219,3,1,2918313,-0.00390625,0.00390625,-0.00390625,221,1687117061121,1687114869,220,0,1,5909568,0,0,0
1,202,1687132955961,1687132970494,1,0,0,1,0,7,7,0,0,0,4,0,0,222,1687128063671,1687124868,221,0,1,4906823,0.772216797,-0.415771484,0.113464355,0.466796875,-1.30907667,-0.565930903,0.730883956,3.14160156,221,1687130051866,1687125070,220,3,1,2918628,-0.00390625,0.00390625,0.03515625,222,1687127051815,1687124869,221,0,1,5918679,0,0,0
1,203,1687142955961,1687142970613,1,0,0,1,0,7,7,0,0,0,4,0,0,223,1687138064513,1687134769,222,0,1,4906100,0.772216797,-0.415771484,0.113464355,0.466796875,-1.30907667,-0.565930903,0.730883956,3.14160156,222,1687140053504,1687135269,221,3,1,2917109,-0.00390625,0.00390625,-0.00390625,223,1687137053398,1687134969,222,0,1,5917215,0,0,0
1,204,1687152955961,1687152970289,1,0,0,1,0,7,7,0,0,0,4,0,0,224,1687148064522,1687144869,223,0,1,4905767,0.772216797,-0.415771484,0.113464355,0.466796875,-1.30907667,-0.565930903,0.730883956,3.14160156,223,1687150052772,1687144870,222,3,1,2917517,-0.00390625,0.00390625,-0.00390625,224,1687147052074,1687144669,223,0,1,5918215,0,0,0
1,205,1687162955961,1687162970390,1,0,0,1,0,7,7,0,0,0,4,0,0,225,1687158063568,1687154769,224,0,1,4906822,0.772277832,-0.415771484,0.113464355,0.466796875,-1.3088783,-0.565991104,0.730747104,3.14160156,224,1687160050800,1687155069,223,3,1,2919590,-0.00390625,0.00390625,-0.00390625,225,1687157051119,1687154869,224,0,1,5919271,0,0,0
1,206,1687172955961,1687172970566,1,0,0,1,0,7,7,0,0,0,4,0,0,226,1687168065021,1687164869,225,0,1,4905545,0.772277832,-0.415771484,0.113464355,0.466796875,-1.3088783,-0.565991104,0.730747104,3.14160156,225,1687170051790,1687164569,224,3,1,2918776,-0.00390625,0.00390625,-0.00390625,226,1687167053813,1687164869,225,0,1,5916753,0,0,0
1,207,1687182955961,1687182970556,1,0,0,1,0,7,7,0,0,0,4,0,0,227,1687178065493,1687174869,226,0,1,4905063,0.772277832,-0.415771484,0.113464355,0.466796875,-1.3088783,-0.565991104,0.730747104,3.14160156,226,1687180051651,1687175070,225,3,1,2918905,-0.00390625,0.00390625,-0.00390625,227,1687177052433,1687174670,226,0,1,5918123,0,0,0
1,208,1687192955961,1687192970583,1,0,0,1,0,7,7,0,0,0,4,0,0,228,1687188062094,1687184568,227,0,1,4908489,0.772277832,-0.415771484,0.113464355,0.466796875,-1.3088783,-0.565991104,0.730747104,3.14160156,227,1687190053585,1687184870,226,3,1,2916998,-0.0078125,-0.03125,0.03515625,228,1687187051497,1687184669,227,0,1,5919086,0,0,0
1,209,1687202955961,1687202970295,1,0,0,1,0,7,7,0,0,0,4,0,0,229,1687198064881,1687194769,228,0,1,4905414,0.772277832,-0.415771484,0.113464355,0.466796875,-1.3088783,-0.565991104,0.730747104,3.14160156,228,1687200052427,1687195069,227,3,1,2917868,0.00390625,0.00390625,-0.00390625,229,1687197051969,1687194870,228,0,1,5918326,0,0,0
1,210,1687212955961,1687212970360,1,0,0,1,0,7,7,0,0,0,4,0,0,230,1687208063593,1687204569,229,0,1,4906767,0.772216797,-0.415771484,0.113525391,0.466796875,-1.30906057,-0.565863431,0.730967164,3.14160156,229,1687210052121,1687204570,228,3,1,2918239,0.00390625,0.00390625,-0.00390625,230,1687207051163,1687204869,229,0,1,5919197,0,0,0
1,211,1687222955961,1687222971257,1,0,0,1,0,7,7,0,0,0,4,0,0,231,1687218064324,1687214769,230,0,1,4906933,0.772216797,-0.415771484,0.113525391,0.466796875,-1.30906057,-0.565863431,0.730967164,3.14160156,230,1687220051741,1687215070,229,3,1,2919516,0.00390625,0.00390625,-0.00390625,231,1687217051561,1687214869,230,0,1,5919696,0,0,0
1,212,1687232955961,1687232971192,1,0,0,1,0,7,7,0,0,0,4,0,0,232,1687228063555,1687224569,231,0,1,4907637,0.772216797,-0.415771484,0.113525391,0.466796875,-1.30906057,-0.565863431,0.730967164,3.14160156,231,1687230051453,1687224869,230,3,1,2919739,0.0546875,0.02734375,0.03515625,232,1687227052125,1687224869,231,0,1,5919067,0,0,0
1,213,1687242955961,1687242971182,1,0,0,1,0,7,7,0,0,0,4,0,0,233,1687238064082,1687234769,232,0,1,4907100,0.772216797,-0.415771484,0.113525391,0.466796875,-1.30906057,-0.565863431,0.730967164,3.14160156,232,1687240051425,1687234870,231,3,1,2919757,0.0390625,-0.0078125,-0.00390625,233,1687237051300,1687234969,232,0,1,5919882,0,0,0
1,214,1687252955961,1687252971247,1,0,0,1,0,7,7,0,0,0,4,0,0,234,1687248063795,1687244769,233,0,1,4907452,0.772216797,-0.415771484,0.113525391,0.466796875,-1.30906057,-0.565863431,0.730967164,3.14160156,233,1687250051434,1687244670,232,3,1,2919813,-0.00390625,0.00390625,-0.00390625,234,1687247051161,1687244469,233,0,1,5920086,0,0,0
1,215,1687262955961,1687262971422,1,0,0,1,0,7,7,0,0,0,4,0,0,235,1687259063938,1687254469,234,0,1,3907484,0.772216797,-0.415771484,0.113525391,0.466796875,-1.30906057,-0.565863431,0.730967164,3.14160156,234,1687261051466,1687254769,233,3,1,1919956,-0.00390625,0.00390625,-0.00390625,235,1687258051193,1687254869,234,0,1,4920229,0,0,0
1,216,1687272955961,1687272971245,1,0,0,1,0,7,7,0,0,0,4,0,0,236,1687268064034,1687264569,235,0,1,4907211,0.772216797,-0.415771484,0.113525391,0.466796875,-1.30906057,-0.565863431,0.730967164,3.14160156,235,1687270051137,1687264369,234,3,1,2920108,-0.00390625,0.00390625,-0.00390625,236,1687267051123,1687264869,235,0,1,5920122,0,0,0
1,217,1687282955961,1687282971180,1,0,0,1,0,7,7,0,0,0,4,0,0,237,1687278063784,1687274369,236,0,1,4907396,0.772216797,-0.415771484,0.113525391,0.466796875,-1.30906057,-0.565863431,0.730967164,3.14160156,236,1687280051442,1687274870,235,3,1,2919738,-0.00390625,0.00390625,-0.00390625,237,1687277051039,1687274969,236,0,1,5920141,0,0,0
1,218,1687292955961,1687292971448,1,0,0,1,0,7,7,0,0,0,4,0,0,238,1687288063663,1687284569,237,0,1,4907785,0.772216797,-0.415771484,0.113525391,0.466796875,-1.30906057,-0.565863431,0.730967164,3.14160156,237,1687290051469,1687284569,236,3,1,2919979,0.03125,-0.0078125,0.07421875,238,1687287051177,1687284469,237,0,1,5920271,0,0,0
1,219,1687302955961,1687302971327,1,0,0,1,0,7,7,0,0,0,4,0,0,239,1687298064042,1687294569,238,0,1,4907285,0.772216797,-0.415771484,0.113525391,0.466796875,-1.30906057,-0.565863431,0.730967164,3.14160156,238,1687300051515,1687294870,237,3,1,2919812,-0.00390625,0.00390625,-0.04296875,239,1687297051408,1687294969,238,0,1,5919919,0,0,0
1,220,1687312955961,1687312971355,1,0,0,1,0,7,7,0,0,0,4,0,0,240,1687308063606,1687304569,239,0,1,4907749,0.772216797,-0.415771484,0.113525391,0.466796875,-1.30906057,-0.565863431,0.730967164,3.14160156,239,1687310052671,1687304169,238,3,1,2918684,-0.0390625,0.01953125,-0.00390625,240,1687307051158,1687304869,239,0,1,5920197,0,0,0
1,221,1687322955961,1687322971326,1,0,0,1,0,7,7,0,0,0,4,0,0,241,1687318064134,1687314569,240,0,1,4907192,0.772216797,-0.415771484,0.113525391,0.466796875,-1.30906057,-0.565863431,0.730967164,3.14160156,240,1687320051477,1687314870,239,3,1,2919849,-0.0390625,0.01953125,-0.00390625,241,1687317051296,1687314669,240,0,1,5920030,0,0,0
1,222,1687332955961,1687332971279,1,0,0,1,0,7,7,0,0,0,4,0,0,242,1687327063879,1687324269,241,0,1,5907400,0.772277832,-0.415771484,0.113525391,0.466796875,-1.30886221,-0.565923572,0.730830193,3.14160156,241,1687329050444,1687324669,240,3,1,3920835,-0.00390625,0.00390625,-0.04296875,242,1687326051134,1687323869,241,0,1,6920145,0,0,0
1,223,1687342955961,1687342971307,1,0,0,1,0,7,7,0,0,0,4,0,0,243,1687337064054,1687334469,242,0,1,5907253,0.772277832,-0.415771484,0.113525391,0.466796875,-1.30886221,-0.565923572,0.730830193,3.14160156,242,1687339050304,1687334768,241,3,1,3921003,-0.00390625,0.00390625,-0.00390625,243,1687336051346,1687333869,242,0,1,6919961,0,0,0
1,224,1687352955961,1687352971334,1,0,0,1,0,7,7,0,0,0,4,0,0,244,1687348063901,1687344169,243,0,1,4907433,0.772277832,-0.415771484,0.113525391,0.466796875,-1.30886221,-0.565923572,0.730830193,3.14160156,243,1687350051558,1687344170,242,3,1,2919776,0.01953125,-0.04296875,0.03515625,244,1687347051322,1687344869,243,0,1,5920012,0,0,0
1,225,1687362955961,1687362971250,1,0,0,1,0,7,7,0,0,0,4,0,0,245,1687358064409,1687354369,244,0,1,4906841,0.772277832,-0.415771484,0.113525391,0.466796875,-1.30886221,-0.565923572,0.730830193,3.14160156,244,1687360051345,1687354670,243,3,1,2919905,-0.00390625,0.00390625,-0.00390625,245,1687357052016,1687354669,244,0,1,5919234,0,0,0
1,226,1687372955961,1687372971277,1,0,0,1,0,7,7,0,0,0,4,0,0,246,1687367063858,1687364469,245,0,1,5907419,0.772277832,-0.415771484,0.113525391,0.466796875,-1.30886221,-0.565923572,0.730830193,3.14160156,245,1687369050256,1687364768,244,3,1,3921021,-0.00390625,0.00390625,-0.00390625,246,1687366051058,1687363869,245,0,1,6920219,0,0,0
1,227,1687382955961,1687382971249,1,0,0,1,0,7,7,0,0,0,4,0,0,247,1687377063922,1687374469,246,0,1,5907327,0.772277832,-0.415710449,0.113525391,0.466796875,-1.30885792,-0.565811872,0.730779946,3.14160156,246,1687379050265,1687374468,245,3,1,3920984,-0.046875,-0.01953125,-0.00390625,247,1687376051214,1687373969,246,0,1,6920035,0,0,0
1,228,1687392955961,1687392971610,1,0,0,1,0,7,7,0,0,0,4,0,0,248,1687388064047,1687384369,247,0,1,4907563,0.772277832,-0.415710449,0.113525391,0.466796875,-1.30885792,-0.565811872,0.730779946,3.14160156,247,1687390051482,1687384370,246,3,1,2920128,0.00390625,0.00390625,-0.00390625,248,1687387051339,1687384469,247,0,1,5920271,0,0,0
1,229,1687402955961,1687402971100,1,0,0,1,0,7,7,0,0,0,4,0,0,249,1687397063792,1687394069,248,0,1,5907308,0.772277832,-0.415710449,0.113525391,0.466796875,-1.30885792,-0.565811872,0.730779946,3.14160156,248,1687399050227,1687394268,247,3,1,3920873,-0.0078125,-0.03125,0.03515625,249,1687396052324,1687393669,248,0,1,6918776,0,0,0
1,230,1687412955961,1687412971294,1,0,0,1,0,7,7,0,0,0,4,0,0,250,1687407063708,1687404269,249,0,1,5907586,0.772216797,-0.415710449,0.113525391,0.466796875,-1.30905628,-0.565751731,0.730916858,3.14160156,249,1687409049940,1687404668,248,3,1,3921354,-0.0078125,-0.03125,-0.00390625,250,1687406050907,1687403869,249,0,1,6920387,0,0,0
1,231,1687422955961,1687422971432,1,0,0,1,0,7,7,0,0,0,4,0,0,251,1687417064420,1687414069,250,0,1,5907012,0.772216797,-0.415710449,0.113525391,0.466796875,-1.30905628,-0.565751731,0.730916858,3.14160156,250,1687419050763,1687414669,249,3,1,3920669,0.0390625,-0.0078125,-0.00390625,251,1687416051972,1687413969,250,0,1,6919460,0,0,0
1,232,1687432955961,1687432971367,1,0,0,1,0,7,7,0,0,0,4,0,0,252,1687428064285,1687424169,251,0,1,4907082,0.772216797,-0.415710449,0.113525391,0.466796875,-1.30905628,-0.565751731,0.730916858,3.14160156,251,1687430051943,1687424170,250,3,1,2919424,-0.03125,0.01953125,-0.00390625,252,1687427051726,1687424469,251,0,1,5919641,0,0,0
1,233,1687442955961,1687442971264,1,0,0,1,0,7,7,0,0,0,4,0,0,253,1687437064567,1687434269,252,0,1,5906697,0.772216797,-0.415710449,0.113525391,0.466796875,-1.30905628,-0.565751731,0.730916858,3.14160156,252,1687439052429,1687434470,251,3,1,3918835,0.00390625,0.00390625,-0.00390625,253,1687436052322,1687433869,252,0,1,6918942,0,0,0
1,234,1687452955961,1687452971384,1,0,0,1,0,7,7,0,0,0,4,0,0,254,1687447064317,1687444269,253,0,1,5907067,0.772216797,-0.415710449,0.113525391,0.466796875,-1.30905628,-0.565751731,0.730916858,3.14160156,253,1687449051826,1687444070,252,3,1,3919558,0.00390625,0.00390625,-0.00390625,254,1687446053109,1687443869,253,0,1,6918275,0,0,0
1,235,1687462955961,1687462971263,1,0,0,1,0,7,7,0,0,0,4,0,0,255,1687457063844,1687454269,254,0,1,5907419,0.772216797,-0.415710449,0.113525391,0.466796875,-1.30905628,-0.565751731,0.730916858,3.14160156,254,1687459051872,1687454670,253,3,1,3919391,0.00390625,0.00390625,-0.00390625,255,1687456051692,1687453669,254,0,1,6919571,0,0,0
1,236,1687472955961,1687472971161,1,0,0,1,0,7,7,0,0,0,4,0,0,256,1687467063908,1687463869,255,0,1,5907253,0.772216797,-0.415710449,0.113525391,0.466796875,-1.30905628,-0.565751731,0.730916858,3.14160156,255,1687469051418,1687464269,254,3,1,3919743,0.00390625,0.00390625,-0.00390625,256,1687466051515,1687463869,255,0,1,6919646,0,0,0
1,237,1687482955961,1687482971151,1,0,0,1,0,7,7,0,0,0,4,0,0,257,1687477064065,1687474069,0,0,1,5907086,0.772216797,-0.415710449,0.113525391,0.466796875,-1.30905628,-0.565751731,0.730916858,3.14160156,256,1687479051353,1687474469,255,3,1,3919798,0.00390625,0.00390625,-0.00390625,257,1687476051431,1687473869,0,0,1,6919720,0,0,0
1,238,1687492955961,1687492971160,1,0,0,1,0,7,7,0,0,0,4,0,0,258,1687487064074,1687483869,1,0,1,5907086,0.772216797,-0.415710449,0.113525391,0.466796875,-1.30905628,-0.565751731,0.730916858,3.14160156,257,1687489051861,1687484070,0,3,1,3919299,0.00390625,0.00390625,-0.00390625,258,1687486051662,1687483869,1,0,1,6919498,0,0,0
1,239,1687502955961,1687502971243,1,0,0,1,0,7,7,0,0,0,4,0,0,259,1687497064101,1687494069,2,0,1,5907142,0.772216797,-0.415710449,0.113525391,0.466796875,-1.30905628,-0.565751731,0.730916858,3.14160156,258,1687499051889,1687494470,1,3,1,3919354,-0.01171875,-0.03125,-0.04296875,259,1687496051375,1687493869,2,0,1,6919868,0,0,0
1,240,1687512955961,1687512971307,1,0,0,1,0,7,7,0,0,0,4,0,0,260,1687507063814,1687504069,3,0,1,5907493,0.772216797,-0.415710449,0.113586426,0.466796875,-1.30904007,-0.565684199,0.731000066,3.14160156,259,1687509051527,1687504469,2,3,1,3919780,0.00390625,0.00390625,-0.00390625,260,1687506051309,1687503869,3,0,1,6919998,0,0,0
1,241,1687522955961,1687522971353,1,0,0,1,0,7,7,0,0,0,4,0,0,261,1687518064179,1687513969,4,0,1,4907174,0.772216797,-0.415710449,0.113586426,0.466796875,-1.30904007,-0.565684199,0.731000066,3.14160156,260,1687520050707,1687514368,3,3,1,2920646,0.0390625,-0.0078125,0.03515625,261,1687517051767,1687514069,4,0,1,5919586,0,0,0
1,242,1687532955961,1687532971343,1,0,0,1,0,7,7,0,0,0,4,0,0,262,1687528064169,1687523969,5,0,1,4907174,0.772216797,-0.415710449,0.113586426,0.466796875,-1.30904007,-0.565684199,0.731000066,3.14160156,261,1687530050475,1687524168,4,3,1,2920868,0.00390625,0.00390625,-0.00390625,262,1687527051313,1687524469,5,0,1,5920030,0,0,0
1,243,1687542955961,1687542971167,1,0,0,1,0,7,7,0,0,0,4,0,0,263,1687537063951,1687533569,6,0,1,5907216,0.772216797,-0.415710449,0.113586426,0.466796875,-1.30904007,-0.565684199,0.731000066,3.14160156,262,1687539051701,1687533870,5,3,1,3919466,0.0390625,-0.0078125,-0.00390625,263,1687536051762,1687533869,6,0,1,6919405,0,0,0
1,244,1687552955961,1687552971268,1,0,0,1,0,7,7,0,0,0,4,0,0,264,1687547064015,1687543869,7,0,1,5907253,0.772216797,-0.415710449,0.113586426,0.466796875,-1.30904007,-0.565684199,0.731000066,3.14160156,263,1687549051691,1687544270,6,3,1,3919577,-0.0078125,-0.03125,-0.00390625,264,1687546051418,1687543869,7,0,1,6919850,0,0,0
1,245,1687562955961,1687562971314,1,0,0,1,0,7,7,0,0,0,4,0,0,265,1687557064043,1687553769,8,0,1,5907271,0.772216797,-0.415710449,0.113586426,0.466796875,-1.30904007,-0.565684199,0.731000066,3.14160156,264,1687559051700,1687554269,7,3,1,3919614,-0.0078125,-0.03125,0.03515625,265,1687556051557,1687553869,8,0,1,6919757,0,0,0
1,246,1687572955961,1687572971304,1,0,0,1,0,7,7,0,0,0,4,0,0,266,1687567064088,1687563869,9,0,1,5907216,0.772216797,-0.415710449,0.113586426,0.466796875,-1.30904007,-0.565684199,0.731000066,3.14160156,265,1687569051820,1687563870,8,3,1,3919484,0.0390625,-0.0078125,-0.00390625,266,1687566051454,1687563469,9,0,1,6919850,0,0,0
1,247,1687582955961,1687582971257,1,0,0,1,0,7,7,0,0,0,4,0,0,267,1687577064079,1687573869,10,0,1,5907178,0.772216797,-0.415710449,0.113586426,0.46685791,-1.30906892,-0.565667748,0.730954647,3.14160156,266,1687579051681,1687574270,9,3,1,3919576,0.00390625,0.00390625,0.03515625,267,1687576051315,1687573969,10,0,1,6919942,0,0,0
1,248,1687592955961,1687592971340,1,0,0,1,0,7,7,0,0,0,4,0,0,268,1687587064032,1687583869,11,0,1,5907308,0.772216797,-0.415710449,0.113586426,0.46685791,-1.30906892,-0.565667748,0.730954647,3.14160156,267,1687589051393,1687583569,10,3,1,3919947,0.0390625,-0.0078125,0.03515625,268,1687586051472,1687583869,11,0,1,6919868,0,0,0
1,249,1687602955961,1687602971293,1,0,0,1,0,7,7,0,0,0,4,0,0,269,1687597064059,1687593869,12,0,1,5907234,0.772216797,-0.415710449,0.113586426,0.46685791,-1.30906892,-0.565667748,0.730954647,3.14160156,268,1687599051717,1687594269,11,3,1,3919576,0.0390625,-0.0078125,-0.00390625,269,1687596051296,1687593869,12,0,1,6919997,0,0,0
1,250,1687612955961,1687612971357,1,0,0,1,0,7,7,0,0,0,4,0,0,270,1687607064086,1687603369,13,0,1,5907271,0.772216797,-0.415710449,0.113586426,0.46685791,-1.30906892,-0.565667748,0.730954647,3.14160156,269,1687609051374,1687603670,12,3,1,3919983,-0.0078125,-0.03125,-0.00390625,270,1687606051712,1687603669,13,0,1,6919645,0,0,0
1,251,1687622955961,1687622971403,1,0,0,1,0,7,7,0,0,0,4,0,0,271,1687617064984,1687613869,14,0,1,5906419,0.772216797,-0.415710449,0.113586426,0.46685791,-1.30906892,-0.565667748,0.730954647,3.14160156,270,1687619053123,1687613870,13,3,1,3918280,0.03125,-0.0078125,-0.00390625,271,1687616059665,1687613970,14,0,1,6911738,0,0,0
1,252,1687632955961,1687632971227,1,0,0,1,0,7,7,0,0,0,4,0,0,272,1687627064456,1687623769,15,0,1,5906771,0.772216797,-0.415710449,0.113586426,0.46685791,-1.30906892,-0.565667748,0.730954647,3.14160156,271,1687629053372,1687623669,14,3,1,3917855,-0.015625,-0.03125,-0.00390625,272,1687626052025,1687623869,15,0,1,6919202,0,0,0
1,253,1687642955961,1687642971402,1,0,0,1,0,7,7,0,0,0,4,0,0,273,1687637064149,1687633869,16,0,1,5907253,0.772216797,-0.415710449,0.113586426,0.46685791,-1.30906892,-0.565667748,0.730954647,3.14160156,272,1687639054696,1687634270,15,3,1,3916706,-0.00390625,0.00390625,-0.00390625,273,1687636051905,1687633869,16,0,1,6919497,0,0,0
1,254,1687652955961,1687652971282,1,0,0,1,0,7,7,0,0,0,4,0,0,274,1687647064603,1687643869,17,0,1,5906679,0.772216797,-0.415710449,0.113586426,0.46685791,-1.30906892,-0.565667748,0.730954647,3.14160156,273,1687649052223,1687644070,16,3,1,3919059,-0.00390625,0.00390625,-0.00390625,274,1687646052395,1687643868,17,0,1,6918887,0,0,0
1,255,1687662955961,1687662971143,1,0,0,1,0,7,7,0,0,0,4,0,0,275,1687657063760,1687653769,18,0,1,5907383,0.772216797,-0.415710449,0.113586426,0.46685791,-1.30906892,-0.565667748,0.730954647,3.14160156,274,1687659051363,1687653869,17,3,1,3919780,-0.015625,-0.03125,-0.00390625,275,1687656051478,1687653968,18,0,1,6919665,0,0,0
1,256,1687672955961,1687672970561,1,0,0,1,0,7,7,0,0,0,4,0,0,276,1687667063585,1687663769,19,0,1,5906976,0.772216797,-0.415710449,0.113586426,0.46685791,-1.30906892,-0.565667748,0.730954647,3.14160156,275,1687669050817,1687663668,18,3,1,3919744,-0.015625,-0.0234375,-0.00390625,276,1687666050340,1687663468,19,0,1,6920221,0,0,0
1,257,1687682955961,1687682971089,1,0,0,1,0,7,7,0,0,0,4,0,0,277,1687676064424,1687673269,20,0,1,6906665,0.772216797,-0.415710449,0.113586426,0.46685791,-1.30906892,-0.565667748,0.730954647,3.14160156,276,1687678051748,1687673670,19,3,1,4919341,0.01953125,-0.03515625,-0.00390625,277,1687675052845,1687672870,20,0,1,7918244,0,0,0
1,258,1687692955961,1687692971303,1,0,0,1,0,7,7,0,0,0,4,0,0,278,1687687063901,1687683569,21,0,1,5907402,0.772216797,-0.415710449,0.113586426,0.46685791,-1.30906892,-0.565667748,0.730954647,3.14160156,277,1687689051559,1687683370,20,3,1,3919744,-0.00390625,0.01171875,-0.00390625,278,1687686052897,1687683868,21,0,1,6918406,0,0,0
1,259,1687702955961,1687702971349,1,0,0,1,0,7,7,0,0,0,4,0,0,279,1687697064096,1687693569,22,0,1,5907253,0.772216797,-0.415710449,0.113586426,0.46685791,-1.30906892,-0.565667748,0.730954647,3.14160156,278,1687699051921,1687694070,21,3,1,3919428,-0.00390625,0.01171875,-0.00390625,279,1687696053351,1687693969,22,0,1,6917998,0,0,0
1,260,1687712955961,1687712971248,1,0,0,1,0,7,7,0,0,0,4,0,0,280,1687707063865,1687703769,23,0,1,5907383,0.772216797,-0.415710449,0.113586426,0.466796875,-1.30904007,-0.565684199,0.731000066,3.14160156,279,1687709051227,1687703669,22,3,1,3920021,-0.00390625,0.01171875,0.03515625,280,1687706051324,1687703668,23,0,1,6919924,0,0,0
1,261,1687722955961,1687722971258,1,0,0,1,0,7,7,0,0,0,4,0,0,281,1687717064208,1687713769,24,0,1,5907050,0.772216797,-0.415710449,0.113586426,0.466796875,-1.30904007,-0.565684199,0.731000066,3.14160156,280,1687719051718,1687714070,23,3,1,3919540,-0.00390625,0.01171875,-0.00390625,281,1687716051371,1687713968,24,0,1,6919887,0,0,0
1,262,1687732955961,1687732970305,1,0,0,1,0,7,7,0,0,0,4,0,0,282,1687727063774,1687723769,25,0,1,5906531,0.772216797,-0.415710449,0.113586426,0.466796875,-1.30904007,-0.565684199,0.731000066,3.14160156,281,1687729051376,1687723370,24,3,1,3918929,-0.00390625,0.01171875,-0.00390625,282,1687726050325,1687723868,25,0,1,6919980,0,0,0
1,263,1687742955961,1687742971500,1,0,0,1,0,7,7,0,0,0,4,0,0,283,1687737068691,1687733571,26,0,1,5902809,0.772216797,-0.415710449,0.113586426,0.466796875,-1.30904007,-0.565684199,0.731000066,3.14160156,282,1687739052664,1687733870,25,3,1,3918836,0.03125,0,-0.00390625,283,1687736065520,1687733876,26,0,1,6905980,0,0,0
1,264,1687752955961,1687752971269,1,0,0,1,0,7,7,0,0,0,4,0,0,284,1687746063770,1687743068,27,0,1,6907499,0.772216797,-0.415710449,0.113586426,0.466796875,-1.30904007,-0.565684199,0.731000066,3.14160156,283,1687748052002,1687743470,26,3,1,4919267,-0.00390625,0.01171875,0.03515625,284,1687745051951,1687742669,27,0,1,7919318,0,0,0
1,265,1687762955961,1687762971390,1,0,0,1,0,7,7,0,0,0,4,0,0,285,1687757063433,1687753568,28,0,1,5907957,0.772216797,-0.415710449,0.113525391,0.466796875,-1.30905628,-0.565751731,0.730916858,3.14160156,284,1687759053387,1687753570,27,3,1,3918003,-0.00390625,0.01171875,0.03515625,285,1687756050410,1687753868,28,0,1,6920980,0,0,0
1,266,1687772955961,1687772971326,1,0,0,1,0,7,7,0,0,0,4,0,0,286,1687767064461,1687763369,29,0,1,5906865,0.772216797,-0.415710449,0.113525391,0.466796875,-1.30905628,-0.565751731,0.730916858,3.14160156,285,1687769052879,1687763369,28,3,1,3918447,-0.00390625,0.01171875,-0.00390625,286,1687766051235,1687763869,29,0,1,6920091,0,0,0
1,267,1687782955961,1687782971576,1,0,0,1,0,7,7,0,0,0,4,0,0,287,1687778063661,1687773469,30,0,1,4907915,0.772216797,-0.415710449,0.113525391,0.466796875,-1.30905628,-0.565751731,0.730916858,3.14160156,286,1687780052356,1687773768,29,3,1,2919220,-0.00390625,0.01171875,-0.00390625,287,1687777051231,1687773768,30,0,1,5920345,0,0,0
1,268,1687792955961,1687792971401,1,0,0,1,0,7,7,0,0,0,4,0,0,288,1687787064648,1687783369,31,0,1,5906753,0.772216797,-0.415710449,0.113525391,0.466796875,-1.30905628,-0.565751731,0.730916858,3.14160156,287,1687789052232,1687783670,30,3,1,3919169,-0.00390625,0.01171875,-0.00390625,288,1687786053829,1687783869,31,0,1,6917572,0,0,0
1,269,1687802955961,1687802971522,1,0,0,1,0,7,7,0,0,0,4,0,0,289,1687797064546,1687793369,32,0,1,5906976,0.772216797,-0.415710449,0.113525391,0.466796875,-1.30905628,-0.565751731,0.730916858,3.14160156,288,1687799052278,1687793870,31,3,1,3919244,0.03125,0,-0.01171875,289,1687796052135,1687793968,32,0,1,6919387,0,0,0
1,270,1687812955961,1687812971569,1,0,0,1,0,7,7,0,0,0,4,0,0,290,1687807064149,1687803569,33,0,1,5907420,0.772216797,-0.415710449,0.113525391,0.466796875,-1.30905628,-0.565751731,0.730916858,3.14160156,289,1687809051733,1687803570,32,3,1,3919836,0.03125,0,0.02734375,290,1687806051848,1687803668,33,0,1,6919721,0,0,0
1,271,1687822955961,1687823017300,1,0,0,1,0,7,7,0,0,0,4,0,0,291,1687816064710,1687813069,34,0,1,6952590,0.772216797,-0.415710449,0.113525391,0.466796875,-1.30905628,-0.565751731,0.730916858,3.14160156,290,1687818071145,1687813475,33,3,1,4946155,0.03125,0,-0.01171875,291,1687815052150,1687812969,34,0,1,7965150,0,0,0
1,272,1687832955961,1687832969163,1,0,0,1,0,7,7,0,0,0,4,0,0,292,1687826062849,1687823269,35,0,1,6906314,0.772216797,-0.415710449,0.113525391,0.466796875,-1.30905628,-0.565751731,0.730916858,3.14160156,291,1687828048544,1687823668,34,3,1,4920619,-0.00390625,0.01171875,0.02734375,292,1687825113565,1687822890,35,0,1,7855598,0,0,0
1,273,1687842955961,1687842969321,1,0,0,1,0,7,7,0,0,0,4,0,0,293,1687836061322,1687833068,36,0,1,6907999,0.772277832,-0.415710449,0.113525391,0.466796875,-1.30885792,-0.565811872,0.730779946,3.14160156,292,1687838050832,1687833669,35,3,1,4918489,-0.00390625,0.01171875,-0.01171875,293,1687835050632,1687832867,36,0,1,7918689,0,0,0
1,274,1687852955961,1687852969608,1,0,0,1,0,7,7,0,0,0,4,0,0,294,1687847061818,1687843368,37,0,1,5907790,0.772277832,-0.415710449,0.113525391,0.466796875,-1.30885792,-0.565811872,0.730779946,3.14160156,293,1687849048846,1687843368,36,3,1,3920762,-0.00390625,0.01171875,-0.01171875,294,1687846049721,1687843467,37,0,1,6919887,0,0,0
1,275,1687862955961,1687862978859,1,0,0,1,0,7,7,0,0,0,4,0,0,295,1687856068675,1687853470,38,0,1,6910184,0.772277832,-0.415710449,0.113525391,0.466796875,-1.30885792,-0.565811872,0.730779946,3.14160156,294,1687858048555,1687853667,37,3,1,4930304,-0.01953125,-0.03125,-0.05078125,295,1687855049763,1687852967,38,0,1,7929096,0,0,0
1,276,1687872955961,1687872970110,1,0,0,1,0,7,7,0,0,0,4,0,0,296,1687866125683,1687863289,39,0,1,6844427,0.772277832,-0.415710449,0.113525391,0.466796875,-1.30885792,-0.565811872,0.730779946,3.14160156,295,1687868128266,1687862888,38,3,1,4841844,-0.00390625,0.00390625,-0.01171875,296,1687865122771,1687862889,39,0,1,7847339,0,0,0
1,277,1687882955961,1687882970008,1,0,0,1,0,7,7,0,0,0,4,0,0,297,1687876059399,1687873268,40,0,1,6910609,0.772277832,-0.415710449,0.113525391,0.466796875,-1.30885792,-0.565811872,0.730779946,3.14160156,296,1687878048908,1687873668,39,3,1,4921100,0.01953125,-0.04296875,-0.01171875,297,1687875077782,1687872867,40,0,1,7892226,0,0,0
1,278,1687892955961,1687892971666,1,0,0,1,0,7,7,0,0,0,4,0,0,298,1687886064704,1687882769,41,0,1,6906962,0.772277832,-0.415710449,0.113525391,0.466796875,-1.30885792,-0.565811872,0.730779946,3.14160156,297,1687888053751,1687883070,40,3,1,4917915,-0.00390625,0.01171875,0.02734375,298,1687885056607,1687882670,41,0,1,7915059,0,0,0
1,279,1687902955961,1687902971713,1,0,0,1,0,7,7,0,0,0,4,0,0,299,1687896065196,1687893269,42,0,1,6906517,0.772277832,-0.415710449,0.113525391,0.466796875,-1.30885792,-0.565811872,0.730779946,3.14160156,298,1687898052409,1687893670,41,3,1,4919304,-0.00390625,0.00390625,-0.01171875,299,1687895052858,1687892870,42,0,1,7918855,0,0,0
1,280,1687912955961,1687912971612,1,0,0,1,0,7,7,0,0,0,4,0,0,300,1687906064446,1687903269,43,0,1,6907166,0.772277832,-0.415710449,0.113525391,0.466796875,-1.30885792,-0.565811872,0.730779946,3.14160156,299,1687908052067,1687903070,42,3,1,4919545,-0.00390625,0.00390625,-0.01171875,300,1687905054257,1687902870,43,0,1,7917355,0,0,0
1,281,1687922955961,1687922970955,1,0,0,1,0,7,7,0,0,0,4,0,0,301,1687916065197,1687913069,44,0,1,6905758,0.772277832,-0.415710449,0.113525391,0.466796875,-1.30885792,-0.565811872,0.730779946,3.14160156,300,1687918052799,1687913470,43,3,1,4918156,-0.00390625,0.00390625,-0.01171875,301,1687915054600,1687912869,44,0,1,7916355,0,0,0
1,282,1687932955961,1687932971446,1,0,0,1,0,7,7,0,0,0,4,0,0,302,1687926064762,1687923069,45,0,1,6906684,0.772277832,-0.415710449,0.113525391,0.466796875,-1.30885792,-0.565811872,0.730779946,3.14160156,301,1687928052883,1687923470,44,3,1,4918563,0.03125,-0.0078125,-0.01171875,302,1687925053184,1687922870,45,0,1,7918262,0,0,0
1,283,1687942955961,1687942971567,1,0,0,1,0,7,7,0,0,0,4,0,0,303,1687936064643,1687933269,46,0,1,6906924,0.772277832,-0.415710449,0.113525391,0.466796875,-1.30885792,-0.565811872,0.730779946,3.14160156,302,1687938052412,1687933270,45,3,1,4919155,-0.015625,-0.03125,0.02734375,303,1687935053620,1687932970,46,0,1,7917947,0,0,0
1,284,1687952955961,1687952971225,1,0,0,1,0,7,7,0,0,0,4,0,0,304,1687947063898,1687943169,47,0,1,5907327,0.772277832,-0.415710449,0.113525391,0.466796875,-1.30885792,-0.565811872,0.730779946,3.14160156,303,1687949051556,1687943170,46,3,1,3919669,-0.015625,-0.03125,-0.01171875,304,1687946053005,1687943669,47,0,1,6918220,0,0,0
1,285,1687962955961,1687962971143,1,0,0,1,0,7,7,0,0,0,4,0,0,305,1687956063459,1687952769,48,0,1,6907684,0.772277832,-0.415710449,0.113525391,0.466796875,-1.30885792,-0.565811872,0.730779946,3.14160156,304,1687958051394,1687953069,47,3,1,4919749,-0.00390625,0.01171875,-0.01171875,305,1687955051158,1687952969,48,0,1,7919985,0,0,0
1,286,1687972955961,1687972971078,1,0,0,1,0,7,7,0,0,0,4,0,0,306,1687966063524,1687962869,49,0,1,6907554,0.772277832,-0.415649414,0.113525391,0.466796875,-1.30885375,-0.565700173,0.730729699,3.14160156,305,1687968051349,1687962669,48,3,1,4919729,-0.00390625,0.01171875,-0.01171875,306,1687965050835,1687962869,49,0,1,7920243,0,0,0
1,287,1687982955961,1687982971051,1,0,0,1,0,7,7,0,0,0,4,0,0,307,1687976063460,1687972869,50,0,1,6907591,0.772277832,-0.415649414,0.113525391,0.466796875,-1.30885375,-0.565700173,0.730729699,3.14160156,306,1687978051229,1687973469,49,3,1,4919822,0.03125,0,-0.05078125,307,1687975050863,1687972969,50,0,1,7920188,0,0,0
1,288,1687992955961,1687992971117,1,0,0,1,0,7,7,0,0,0,4,0,0,308,1687986063599,1687983069,51,0,1,6907518,0.772277832,-0.415649414,0.113525391,0.466796875,-1.30885375,-0.565700173,0.730729699,3.14160156,307,1687988051091,1687983069,50,3,1,4920026,-0.00390625,0.01171875,0.03515625,308,1687985050836,1687982469,51,0,1,7920281,0,0,0
1,289,1688002955961,1688002971126,1,0,0,1,0,7,7,0,0,0,4,0,0,309,1687996063517,1687993069,52,0,1,6907609,0.772277832,-0.415649414,0.113525391,0.466796875,-1.30885375,-0.565700173,0.730729699,3.14160156,308,1687998051452,1687993469,51,3,1,4919674,-0.0390625,0.02734375,0.02734375,309,1687995051086,1687992969,52,0,1,7920040,0,0,0
1,290,1688012955961,1688012991191,1,0,0,1,0,7,7,0,0,0,4,0,0,310,1688006063508,1688002869,53,0,1,6927683,0.772277832,-0.415649414,0.113464355,0.466796875,-1.30886984,-0.565767705,0.730646551,3.14160156,309,1688008054036,1688002669,52,3,1,4937155,-0.00390625,0.00390625,-0.01171875,310,1688005050893,1688002869,53,0,1,7940298,0,0,0
1,291,1688022955961,1688022970739,1,0,0,1,0,7,7,0,0,0,4,0,0,311,1688016067684,1688012870,54,0,1,6903055,0.772277832,-0.415649414,0.113464355,0.466796875,-1.30886984,-0.565767705,0.730646551,3.14160156,310,1688018052231,1688013269,53,3,1,4918508,0.03125,-0.0078125,-0.01171875,311,1688015085957,1688012872,54,0,1,7884782,0,0,0
1,292,1688032955961,1688032970378,1,0,0,1,0,7,7,0,0,0,4,0,0,312,1688026064268,1688022569,55,0,1,6906110,0.772277832,-0.415649414,0.113464355,0.466796875,-1.30886984,-0.565767705,0.730646551,3.14160156,311,1688028050963,1688022868,54,3,1,4919415,-0.00390625,0.00390625,0.02734375,312,1688025052653,1688022870,55,0,1,7917725,0,0,0
1,293,1688042955961,1688042970684,1,0,0,1,0,7,7,0,0,0,4,0,0,313,1688037065153,1688032969,56,0,1,5905531,0.772277832,-0.415649414,0.113464355,0.466796875,-1.30886984,-0.565767705,0.730646551,3.14160156,312,1688039052700,1688033170,55,3,1,3917984,0.03125,-0.0078125,-0.01171875,313,1688036053760,1688033070,56,0,1,6916924,0,0,0
1,294,1688052955961,1688052970287,1,0,0,1,0,7,7,0,0,0,4,0,0,314,1688046064492,1688042769,57,0,1,6905795,0.772277832,-0.415649414,0.113464355,0.466796875,-1.30886984,-0.565767705,0.730646551,3.14160156,313,1688048051390,1688042568,56,3,1,4918897,-0.0390625,0.01953125,-0.01171875,314,1688045052932,1688042870,57,0,1,7917355,0,0,0
1,295,1688062955961,1688062970371,1,0,0,1,0,7,7,0,0,0,4,0,0,315,1688056064039,1688052869,58,0,1,6906332,0.772277832,-0.415649414,0.113464355,0.466796875,-1.30886984,-0.565767705,0.730646551,3.14160156,314,1688058050789,1688053268,57,3,1,4919582,-0.00390625,0.00390625,-0.01171875,315,1688055051349,1688052869,58,0,1,7919022,0,0,0
1,296,1688072955961,1688072970381,1,0,0,1,0,7,7,0,0,0,4,0,0,316,1688066064289,1688062869,59,0,1,6906092,0.772277832,-0.415649414,0.113464355,0.466796875,-1.30886984,-0.565767705,0.730646551,3.14160156,315,1688068051336,1688063268,58,3,1,4919045,-0.00390625,0.00390625,-0.01171875,316,1688065052470,1688062869,59,0,1,7917911,0,0,0
1,297,1688082955961,1688082970409,1,0,0,1,0,7,7,0,0,0,4,0,0,317,1688076064206,1688072869,60,0,1,6906203,0.772277832,-0.415649414,0.113464355,0.466796875,-1.30886984,-0.565767705,0.730646551,3.14160156,316,1688078050494,1688073068,59,3,1,4919915,-0.015625,-0.03125,-0.01171875,317,1688075051813,1688072969,60,0,1,7918596,0,0,0
1,298,1688092955961,1688092970271,1,0,0,1,0,7,7,0,0,0,4,0,0,318,1688086064105,1688082869,61,0,1,6906166,0.772277832,-0.415649414,0.113464355,0.46685791,-1.30889869,-0.565751314,0.730601192,3.14160156,317,1688088050208,1688082868,60,3,1,4920063,-0.015625,-0.03125,0.02734375,318,1688085051212,1688082469,61,0,1,7919059,0,0,0
1,299,1688102955961,1688102970207,1,0,0,1,0,7,7,0,0,0,4,0,0,319,1688095063740,1688092469,62,0,1,7906467,0.772277832,-0.415649414,0.113464355,0.46685791,-1.30889869,-0.565751314,0.730601192,3.14160156,318,1688097051268,1688092769,61,3,1,5918939,-0.00390625,0.00390625,-0.01171875,319,1688094050791,1688091869,62,0,1,8919416,0,0,0
1,300,1688112955961,1688112970642,1,0,0,1,0,7,7,0,0,0,4,0,0,320,1688106063606,1688102769,63,0,1,6907036,0.772277832,-0.415649414,0.113464355,0.46685791,-1.30889869,-0.565751314,0.730601192,3.14160156,319,1688108050301,1688102568,62,3,1,4920341,-0.00390625,0.00390625,0.02734375,320,1688105051232,1688102869,63,0,1,7919410,0,0,0
1,301,1688122955961,1688122970671,1,0,0,1,0,7,7,0,0,0,4,0,0,321,1688116066301,1688112770,64,0,1,6904370,0.772277832,-0.415649414,0.113464355,0.46685791,-1.30889869,-0.565751314,0.730601192,3.14160156,320,1688118052441,1688113269,63,3,1,4918230,-0.00390625,0.00390625,-0.01171875,321,1688115081574,1688112976,64,0,1,7889097,0,0,0
1,302,1688132955961,1688132970440,1,0,0,1,0,7,7,0,0,0,4,0,0,322,1688126064756,1688122869,65,0,1,6905684,0.772277832,-0.415649414,0.113464355,0.46685791,-1.30889869,-0.565751314,0.730601192,3.14160156,321,1688128051321,1688123269,64,3,1,4919119,-0.00390625,0.00390625,-0.01171875,322,1688125052437,1688122869,65,0,1,7918003,0,0,0
1,303,1688142955961,1688142970709,1,0,0,1,0,7,7,0,0,0,4,0,0,323,1688136064136,1688132769,66,0,1,6906573,0.772277832,-0.415649414,0.113464355,0.46685791,-1.30889869,-0.565751314,0.730601192,3.14160156,322,1688138050720,1688133068,65,3,1,4919989,0.01953125,-0.04296875,-0.01171875,323,1688135051706,1688132969,66,0,1,7919003,0,0,0
1,304,1688152955961,1688152970441,1,0,0,1,0,7,7,0,0,0,4,0,0,324,1688146065349,1688142770,67,0,1,6905092,0.772277832,-0.415649414,0.113464355,0.46685791,-1.30889869,-0.565751314,0.730601192,3.14160156,323,1688148051230,1688142369,66,3,1,4919211,-0.015625,-0.03125,-0.01171875,324,1688145052901,1688142870,67,0,1,7917540,0,0,0
1,305,1688162955961,1688162970636,1,0,0,1,0,7,7,0,0,0,4,0,0,325,1688156064193,1688152769,68,0,1,6906443,0.772277832,-0.415588379,0.113464355,0.46685791,-1.30889452,-0.565639675,0.730550945,3.14160156,324,1688158050591,1688153068,67,3,1,4920045,-0.015625,-0.03125,-0.01171875,325,1688155052262,1688152869,68,0,1,7918374,0,0,0
1,306,1688172955961,1688172970924,1,0,0,1,0,7,7,0,0,0,4,0,0,326,1688165064716,1688162269,69,0,1,7906208,0.772277832,-0.415588379,0.113464355,0.46685791,-1.30889452,-0.565639675,0.730550945,3.14160156,325,1688167051930,1688162470,68,3,1,5918994,-0.0390625,0.01953125,-0.01171875,326,1688164052564,1688161669,69,0,1,8918360,0,0,0
1,307,1688182955961,1688182970619,1,0,0,1,0,7,7,0,0,0,4,0,0,327,1688176065138,1688172769,70,0,1,6905481,0.772277832,-0.415588379,0.113464355,0.46685791,-1.30889452,-0.565639675,0.730550945,3.14160156,326,1688178051241,1688172869,69,3,1,4919378,-0.00390625,0.00390625,-0.01171875,327,1688175054430,1688172969,70,0,1,7916189,0,0,0
1,308,1688192955961,1688192971240,1,0,0,1,0,7,7,0,0,0,4,0,0,328,1688186064407,1688182769,71,0,1,6906833,0.772277832,-0.415588379,0.113464355,0.46685791,-1.30889452,-0.565639675,0.730550945,3.14160156,327,1688188050473,1688182568,70,3,1,4920767,-0.00390625,0.00390625,-0.01171875,328,1688185052311,1688182870,71,0,1,7918929,0,0,0
1,309,1688202955961,1688202971601,1,0,0,1,0,7,7,0,0,0,4,0,0,329,1688196064639,1688192769,72,0,1,6906962,0.772277832,-0.415588379,0.113464355,0.46685791,-1.30889452,-0.565639675,0.730550945,3.14160156,328,1688198052409,1688193070,71,3,1,4919192,-0.00390625,0.00390625,0.02734375,329,1688195053394,1688192869,72,0,1,7918207,0,0,0
1,310,1688212955961,1688212971426,1,0,0,1,0,7,7,0,0,0,4,0,0,330,1688206064279,1688202769,73,0,1,6907147,0.772277832,-0.415588379,0.113464355,0.46685791,-1.30889452,-0.565639675,0.730550945,3.14160156,329,1688208051363,1688203069,72,3,1,4920063,-0.00390625,0.00390625,-0.01171875,330,1688205052182,1688202870,73,0,1,7919244,0,0,0
1,311,1688222955961,1688222971269,1,0,0,1,0,7,7,0,0,0,4,0,0,331,1688216064400,1688212369,74,0,1,6906869,0.772277832,-0.415588379,0.113464355,0.46685791,-1.30889452,-0.565639675,0.730550945,3.14160156,330,1688218051706,1688212870,73,3,1,4919563,-0.00390625,0.00390625,-0.01171875,331,1688215052118,1688212969,74,0,1,7919151,0,0,0
1,312,1688232955961,1688232971186,1,0,0,1,0,7,7,0,0,0,4,0,0,332,1688226064058,1688222569,75,0,1,6907128,0.772338867,-0.415588379,0.113464355,0.46685791,-1.30869627,-0.565699756,0.730414152,3.14160156,331,1688228051790,1688222570,74,3,1,4919396,-0.0078125,-0.03125,0.02734375,332,1688225051517,1688222469,75,0,1,7919669,0,0,0
1,313,1688242955961,1688242971196,1,0,0,1,0,7,7,0,0,0,4,0,0,333,1688235064211,1688232069,76,0,1,7906985,0.772338867,-0.415588379,0.113464355,0.46685791,-1.30869627,-0.565699756,0.730414152,3.14160156,332,1688237051573,1688232470,75,3,1,5919623,0.00390625,0.00390625,-0.05078125,333,1688234050966,1688231868,76,0,1,8920230,0,0,0
1,314,1688252955961,1688252971280,1,0,0,1,0,7,7,0,0,0,4,0,0,334,1688245063832,1688242269,77,0,1,7907448,0.772338867,-0.415588379,0.113464355,0.46685791,-1.30869627,-0.565699756,0.730414152,3.14160156,333,1688247051638,1688242670,76,3,1,5919642,0.00390625,0.00390625,-0.01171875,334,1688244050884,1688241868,77,0,1,8920396,0,0,0
1,315,1688262955961,1688262971253,1,0,0,1,0,7,7,0,0,0,4,0,0,335,1688256063958,1688252569,78,0,1,6907295,0.772277832,-0.415588379,0.113464355,0.46685791,-1.30889452,-0.565639675,0.730550945,3.14160156,334,1688258051708,1688252670,77,3,1,4919545,0.02734375,-0.04296875,-0.01171875,335,1688255051324,1688252869,78,0,1,7919929,0,0,0
1,316,1688272955961,1688272971078,1,0,0,1,0,7,7,0,0,0,4,0,0,336,1688266063838,1688262569,79,0,1,6907240,0.772277832,-0.415588379,0.113464355,0.46685791,-1.30889452,-0.565639675,0.730550945,3.14160156,335,1688268051755,1688262870,78,3,1,4919323,0.00390625,0.00390625,-0.01171875,336,1688265051463,1688262869,79,0,1,7919615,0,0,0
1,317,1688282955961,1688282970476,1,0,0,1,0,7,7,0,0,0,4,0,0,337,1688276063700,1688272369,80,0,1,6906776,0.772277832,-0.415588379,0.113525391,0.46685791,-1.30887842,-0.565572083,0.730634093,3.14160156,336,1688278051117,1688272669,79,3,1,4919359,0.0390625,-0.0078125,-0.01171875,337,1688275051158,1688272869,80,0,1,7919318,0,0,0
1,318,1688292955961,1688292971968,1,0,0,1,0,7,7,0,0,0,4,0,0,338,1688286064580,1688282169,81,0,1,6907388,0.772277832,-0.415588379,0.113525391,0.46685791,-1.30887842,-0.565572083,0.730634093,3.14160156,337,1688288051645,1688282170,80,3,1,4920323,0.00390625,0.00390625,-0.01171875,338,1688285056909,1688282870,81,0,1,7915059,0,0,0
1,319,1688302955961,1688302971515,1,0,0,1,0,7,7,0,0,0,4,0,0,339,1688297064928,1688292469,82,0,1,5906587,0.772277832,-0.415588379,0.113525391,0.46685791,-1.30887842,-0.565572083,0.730634093,3.14160156,338,1688299051067,1688292569,81,3,1,3920448,0.00390625,0.00390625,0.02734375,339,1688296052887,1688292870,82,0,1,6918628,0,0,0
1,320,1688312955961,1688312971358,1,0,0,1,0,7,7,0,0,0,4,0,0,340,1688306064415,1688302769,83,0,1,6906943,0.772277832,-0.415588379,0.113525391,0.46685791,-1.30887842,-0.565572083,0.730634093,3.14160156,339,1688308051684,1688302870,82,3,1,4919674,0.00390625,0.00390625,-0.01171875,340,1688305053207,1688302870,83,0,1,7918151,0,0,0
1,321,1688322955961,1688322971275,1,0,0,1,0,7,7,0,0,0,4,0,0,341,1688315064383,1688312469,84,0,1,7906892,0.772277832,-0.415588379,0.113525391,0.46685791,-1.30887842,-0.565572083,0.730634093,3.14160156,340,1688317052004,1688312470,83,3,1,5919271,0.00390625,0.00390625,0.02734375,341,1688314051267,1688311969,84,0,1,8920008,0,0,0
1,322,1688332955961,1688332971303,1,0,0,1,0,7,7,0,0,0,4,0,0,342,1688326064342,1688322369,85,0,1,6906961,0.772277832,-0.415588379,0.113525391,0.46685791,-1.30887842,-0.565572083,0.730634093,3.14160156,341,1688328051759,1688322170,84,3,1,4919544,0.0390625,-0.0078125,-0.01171875,342,1688325051541,1688322669,85,0,1,7919762,0,0,0
1,323,1688342955961,1688342971424,1,0,0,1,0,7,7,0,0,0,4,0,0,343,1688336064463,1688332369,86,0,1,6906961,0.772277832,-0.415588379,0.113525391,0.46685791,-1.30887842,-0.565572083,0.730634093,3.14160156,342,1688338051861,1688332670,85,3,1,4919563,-0.00390625,0.00390625,0.02734375,343,1688335051810,1688332669,86,0,1,7919614,0,0,0
1,324,1688352955961,1688352971231,1,0,0,1,0,7,7,0,0,0,4,0,0,344,1688345064190,1688342469,87,0,1,7907041,0.772277832,-0.415588379,0.113525391,0.46685791,-1.30887842,-0.565572083,0.730634093,3.14160156,343,1688347050755,1688342669,86,3,1,5920476,-0.00390625,0.00390625,-0.01171875,344,1688344050982,1688341869,87,0,1,8920249,0,0,0
1,325,1688362955961,1688362971592,1,0,0,1,0,7,7,0,0,0,4,0,0,345,1688355063959,1688352269,88,0,1,7907633,0.772277832,-0.415588379,0.113525391,0.46685791,-1.30887842,-0.565572083,0.730634093,3.14160156,344,1688357051358,1688352470,87,3,1,5920234,-0.00390625,0.00390625,-0.01171875,345,1688354050881,1688351969,88,0,1,8920711,0,0,0
1,326,1688372955961,1688372970935,1,0,0,1,0,7,7,0,0,0,4,0,0,346,1688366064103,1688362169,89,0,1,6906832,0.772338867,-0.415588379,0.113525391,0.46685791,-1.3086803,-0.565632284,0.73049736,3.14160156,345,1688368051150,1688362370,88,3,1,4919785,0.03125,-0.0078125,-0.01171875,346,1688365051784,1688362469,89,0,1,7919151,0,0,0
1,327,1688382955961,1688382971038,1,0,0,1,0,7,7,0,0,0,4,0,0,347,1688376063650,1688372569,90,0,1,6907388,0.772338867,-0.415588379,0.113525391,0.46685791,-1.3086803,-0.565632284,0.73049736,3.14160156,346,1688378051067,1688372869,89,3,1,4919971,-0.015625,-0.03125,0.02734375,347,1688375050924,1688372969,90,0,1,7920114,0,0,0
1,328,1688392955961,1688392971103,1,0,0,1,0,7,7,0,0,0,4,0,0,348,1688385063396,1688382269,91,0,1,7907707,0.772338867,-0.415527344,0.113525391,0.46685791,-1.308676,-0.565520585,0.730447114,3.14160156,347,1688387051147,1688382269,90,3,1,5919956,-0.00390625,0.00390625,-0.01171875,348,1688384050151,1688381868,91,0,1,8920952,0,0,0
1,329,1688402955961,1688402971095,1,0,0,1,0,7,7,0,0,0,4,0,0,349,1688396063262,1688392169,92,0,1,6907833,0.772338867,-0.415527344,0.113525391,0.46685791,-1.308676,-0.565520585,0.730447114,3.14160156,348,1688398051383,1688392569,91,3,1,4919712,-0.00390625,0.00390625,-0.01171875,349,1688395050758,1688392669,92,0,1,7920337,0,0,0
1,330,1688412955961,1688412971493,1,0,0,1,0,7,7,0,0,0,4,0,0,350,1688405063545,1688402269,93,0,1,7907948,0.772338867,-0.415527344,0.113525391,0.46685791,-1.308676,-0.565520585,0.730447114,3.14160156,349,1688407051203,1688402669,92,3,1,5920290,-0.00390625,0.00390625,-0.01171875,350,1688404050930,1688401869,93,0,1,8920563,0,0,0
1,331,1688422955961,1688422971262,1,0,0,1,0,7,7,0,0,0,4,0,0,351,1688415064444,1688412069,94,0,1,7906818,0.772338867,-0.415527344,0.113525391,0.46685791,-1.308676,-0.565520585,0.730447114,3.14160156,350,1688417053713,1688412470,93,3,1,5917549,-0.015625,-0.03125,-0.01171875,351,1688414052051,1688411870,94,0,1,8919211,0,0,0
1,332,1688432955961,1688432971254,1,0,0,1,0,7,7,0,0,0,4,0,0,352,1688425064584,1688422069,95,0,1,7906670,0.772338867,-0.415527344,0.113525391,0.46685791,-1.308676,-0.565520585,0.730447114,3.14160156,351,1688427051945,1688421670,94,3,1,5919309,0.03125,-0.0078125,-0.01171875,352,1688424051820,1688421869,95,0,1,8919434,0,0,0
1,333,1688442955961,1688442971153,1,0,0,1,0,7,7,0,0,0,4,0,0,353,1688435064038,1688432069,96,0,1,7907115,0.772338867,-0.415527344,0.113525391,0.46685791,-1.308676,-0.565520585,0.730447114,3.14160156,352,1688437051437,1688432470,95,3,1,5919716,-0.00390625,0.00390625,0.02734375,353,1688434051311,1688431869,96,0,1,8919842,0,0,0
1,334,1688452955961,1688452971218,1,0,0,1,0,7,7,0,0,0,4,0,0,354,1688445063863,1688442269,97,0,1,7907355,0.772338867,-0.415527344,0.113525391,0.46685791,-1.308676,-0.565520585,0.730447114,3.14160156,353,1688447051613,1688442670,96,3,1,5919605,-0.00390625,0.00390625,0.02734375,354,1688444051469,1688441869,97,0,1,8919749,0,0,0
1,335,1688462955961,1688462971006,1,0,0,1,0,7,7,0,0,0,4,0,0,355,1688455064687,1688452069,98,0,1,7906319,0.772338867,-0.415527344,0.113525391,0.46685791,-1.308676,-0.565520585,0.730447114,3.14160156,354,1688457051993,1688452269,97,3,1,5919013,-0.015625,-0.03125,-0.01171875,355,1688454052979,1688451969,98,0,1,8918027,0,0,0
1,336,1688472955961,1688472971034,1,0,0,1,0,7,7,0,0,0,4,0,0,356,1688466063554,1688461969,99,0,1,6907480,0.772338867,-0.415527344,0.113525391,0.46685791,-1.308676,-0.565520585,0.730447114,3.14160156,355,1688468051489,1688461970,98,3,1,4919545,-0.00390625,0.00390625,0.02734375,356,1688465051105,1688462468,99,0,1,7919929,0,0,0
1,337,1688482955961,1688482971099,1,0,0,1,0,7,7,0,0,0,4,0,0,357,1688475063800,1688472069,100,0,1,7907299,0.772338867,-0.415527344,0.113525391,0.46685791,-1.308676,-0.565520585,0.730447114,3.14160156,356,1688477051291,1688472269,99,3,1,5919808,-0.00390625,0.00390625,-0.01171875,357,1688474051129,1688471669,100,0,1,8919970,0,0,0
1,338,1688492955961,1688492971128,1,0,0,1,0,7,7,0,0,0,4,0,0,358,1688485063698,1688481869,101,0,1,7907430,0.772338867,-0.415527344,0.113525391,0.46685791,-1.308676,-0.565520585,0.730447114,3.14160156,357,1688487051467,1688482269,100,3,1,5919661,-0.00390625,0.00390625,-0.01171875,358,1688484050916,1688481869,101,0,1,8920212,0,0,0
1,339,1688502955961,1688502971063,1,0,0,1,0,7,7,0,0,0,4,0,0,359,1688495063838,1688492069,102,0,1,7907225,0.772338867,-0.415527344,0.113525391,0.46685791,-1.308676,-0.565520585,0.730447114,3.14160156,358,1688497051273,1688492269,101,3,1,5919790,0.03125,-0.0078125,-0.01171875,359,1688494051056,1688491969,102,0,1,8920007,0,0,0
1,340,1688512955961,1688512971351,1,0,0,1,0,7,7,0,0,0,4,0,0,360,1688505063940,1688502069,103,0,1,7907411,0.772338867,-0.415527344,0.113525391,0.46685791,-1.308676,-0.565520585,0.730447114,3.14160156,359,1688507051265,1688502069,102,3,1,5920086,-0.00390625,0.00390625,-0.01171875,360,1688504051177,1688501669,103,0,1,8920174,0,0,0
1,341,1688522955961,1688522971416,1,0,0,1,0,7,7,0,0,0,4,0,0,361,1688515063913,1688512269,104,0,1,7907503,0.772338867,-0.415527344,0.113525391,0.46685791,-1.308676,-0.565520585,0.730447114,3.14160156,360,1688517051645,1688512670,103,3,1,5919771,-0.00390625,0.00390625,-0.01171875,361,1688514051724,1688511869,104,0,1,8919692,0,0,0
1,342,1688532955961,1688532971260,1,0,0,1,0,7,7,0,0,0,4,0,0,362,1688525064219,1688521869,105,0,1,7907041,0.772338867,-0.415527344,0.113525391,0.46685791,-1.308676,-0.565520585,0.730447114,3.14160156,361,1688527051822,1688521870,104,3,1,5919438,-0.00390625,0.00390625,-0.01171875,362,1688524051659,1688521869,105,0,1,8919601,0,0,0
1,343,1688542955961,1688542971251,1,0,0,1,0,7,7,0,0,0,4,0,0,363,1688535064210,1688531869,106,0,1,7907041,0.772338867,-0.415527344,0.113525391,0.46685791,-1.308676,-0.565520585,0.730447114,3.14160156,362,1688537051628,1688532270,105,3,1,5919623,-0.00390625,0.00390625,-0.01171875,363,1688534051354,1688531669,106,0,1,8919897,0,0,0
1,344,1688552955961,1688552971335,1,0,0,1,0,7,7,0,0,0,4,0,0,364,1688545064128,1688541869,107,0,1,7907207,0.772338867,-0.415527344,0.113525391,0.46685791,-1.308676,-0.565520585,0.730447114,3.14160156,363,1688547051675,1688542270,106,3,1,5919660,-0.00390625,0.00390625,0.02734375,364,1688544051253,1688541869,107,0,1,8920082,0,0,0
1,345,1688562955961,1688562971215,1,0,0,1,0,7,7,0,0,0,4,0,0,365,1688556063920,1688551769,108,0,1,6907295,0.772338867,-0.415527344,0.113525391,0.46685791,-1.308676,-0.565520585,0.730447114,3.14160156,364,1688558051652,1688551970,107,3,1,4919563,-0.00390625,0.00390625,-0.01171875,365,1688555050582,1688551869,108,0,1,7920633,0,0,0
1,346,1688572955961,1688572971244,1,0,0,1,0,7,7,0,0,0,4,0,0,366,1688565064018,1688561569,109,0,1,7907226,0.772338867,-0.415527344,0.113464355,0.46685791,-1.3086921,-0.565588057,0.730363905,3.14160156,365,1688567051491,1688561570,108,3,1,5919753,-0.00390625,0.00390625,-0.01171875,366,1688564051402,1688561869,109,0,1,8919842,0,0,0
1,347,1688582955961,1688582971327,1,0,0,1,0,7,7,0,0,0,4,0,0,367,1688575064102,1688571769,110,0,1,7907225,0.772338867,-0.415527344,0.113464355,0.46685791,-1.3086921,-0.565588057,0.730363905,3.14160156,366,1688577051686,1688572070,109,3,1,5919641,-0.00390625,0.00390625,-0.01171875,367,1688574051375,1688571869,110,0,1,8919952,0,0,0
1,348,1688592955961,1688592971189,1,0,0,1,0,7,7,0,0,0,4,0,0,368,1688585064297,1688581869,111,0,1,7906892,0.772338867,-0.415527344,0.113464355,0.46685791,-1.3086921,-0.565588057,0.730363905,3.14160156,367,1688587051677,1688582270,110,3,1,5919512,-0.015625,-0.03125,-0.01171875,368,1688584051515,1688581869,111,0,1,8919674,0,0,0
1,349,1688602955961,1688602971143,1,0,0,1,0,7,7,0,0,0,4,0,0,369,1688595064325,1688591769,112,0,1,7906818,0.772338867,-0.415527344,0.113464355,0.46685791,-1.3086921,-0.565588057,0.730363905,3.14160156,368,1688597051242,1688591869,111,3,1,5919901,-0.00390625,0.00390625,-0.01171875,369,1688594051525,1688591869,112,0,1,8919618,0,0,0
1,350,1688612955961,1688612971413,1,0,0,1,0,7,7,0,0,0,4,0,0,370,1688605063613,1688601769,113,0,1,7907800,0.772338867,-0.415527344,0.113464355,0.46685791,-1.3086921,-0.565588057,0.730363905,3.14160156,369,1688607051419,1688601669,112,3,1,5919994,-0.00390625,0.00390625,-0.01171875,370,1688604051071,1688601469,113,0,1,8920342,0,0,0
1,351,1688622955961,1688622971533,1,0,0,1,0,7,7,0,0,0,4,0,0,371,1688615076696,1688611775,114,0,1,7894837,0.772338867,-0.415527344,0.113464355,0.46685791,-1.3086921,-0.565588057,0.730363905,3.14160156,370,1688617052818,1688612070,113,3,1,5918715,-0.00390625,0.00390625,-0.01171875,371,1688614052081,1688611870,114,0,1,8919452,0,0,0
1,352,1688632955961,1688632971636,1,0,0,1,0,7,7,0,0,0,4,0,0,372,1688625064577,1688621769,115,0,1,7907059,0.772338867,-0.415527344,0.113464355,0.46685791,-1.3086921,-0.565588057,0.730363905,3.14160156,371,1688627052013,1688622070,114,3,1,5919623,-0.00390625,0.00390625,-0.01171875,372,1688624053239,1688621869,115,0,1,8918397,0,0,0
1,353,1688642955961,1688642971294,1,0,0,1,0,7,7,0,0,0,4,0,0,373,1688635064679,1688631569,116,0,1,7906615,0.772338867,-0.415527344,0.113464355,0.46685791,-1.3086921,-0.565588057,0.730363905,3.14160156,372,1688637052245,1688632070,115,3,1,5919049,-0.00390625,0.00390625,0.02734375,373,1688634052527,1688631970,116,0,1,8918767,0,0,0
1,354,1688652955961,1688652971175,1,0,0,1,0,7,7,0,0,0,4,0,0,374,1688645064615,1688641769,117,0,1,7906560,0.772338867,-0.415466309,0.113464355,0.46685791,-1.30868781,-0.565476358,0.730313599,3.14160156,373,1688647051551,1688641669,116,3,1,5919624,0.03125,-0.0078125,0.02734375,374,1688644052481,1688641469,117,0,1,8918694,0,0,0
1,355,1688662955961,1688662971130,1,0,0,1,0,7,7,0,0,0,4,0,0,375,1688655063792,1688651769,118,0,1,7907338,0.772338867,-0.415466309,0.113464355,0.46685791,-1.30868781,-0.565476358,0.730313599,3.14160156,374,1688657051376,1688651870,117,3,1,5919754,-0.00390625,0.00390625,-0.01171875,375,1688654051695,1688651869,118,0,1,8919435,0,0,0
1,356,1688672955961,1688672971826,1,0,0,1,0,7,7,0,0,0,4,0,0,376,1688665063655,1688661569,119,0,1,7908171,0.772338867,-0.415466309,0.113464355,0.46685791,-1.30868781,-0.565476358,0.730313599,3.14160156,375,1688667051073,1688661169,118,3,1,5920753,-0.00390625,0.00390625,-0.01171875,376,1688664051040,1688661869,119,0,1,8920786,0,0,0
1,357,1688682955961,1688682971448,1,0,0,1,0,7,7,0,0,0,4,0,0,377,1688675065685,1688671570,120,0,1,7905763,0.772338867,-0.415466309,0.113464355,0.46685791,-1.30868781,-0.565476358,0.730313599,3.14160156,376,1688677052343,1688671870,119,3,1,5919105,-0.00390625,0.00390625,-0.01171875,377,1688674053013,1688671670,120,0,1,8918435,0,0,0
1,358,1688692955961,1688692971385,1,0,0,1,0,7,7,0,0,0,4,0,0,378,1688685063603,1688681568,121,0,1,7907782,0.772338867,-0.415466309,0.113464355,0.46685791,-1.30868781,-0.565476358,0.730313599,3.14160156,377,1688687052557,1688681870,120,3,1,5918828,-0.00390625,0.00390625,0.02734375,378,1688684051913,1688681670,121,0,1,8919472,0,0,0
1,359,1688702955961,1688702971359,1,0,0,1,0,7,7,0,0,0,4,0,0,379,1688695064336,1688691769,122,0,1,7907023,0.772338867,-0.415466309,0.113464355,0.46685791,-1.30868781,-0.565476358,0.730313599,3.14160156,378,1688697053439,1688691870,121,3,1,5917920,0.01953125,-0.04296875,-0.01171875,379,1688694051832,1688691969,122,0,1,8919527,0,0,0
1,360,1688712955961,1688712971296,1,0,0,1,0,7,7,0,0,0,4,0,0,380,1688705064440,1688701369,123,0,1,7906856,0.772338867,-0.415466309,0.113464355,0.46685791,-1.30868781,-0.565476358,0.730313599,3.14160156,379,1688707052135,1688701570,122,3,1,5919161,-0.015625,-0.03125,-0.01171875,380,1688704051824,1688701869,123,0,1,8919472,0,0,0
1,361,1688722955961,1688722971270,1,0,0,1,0,7,7,0,0,0,4,0,0,381,1688715064377,1688711569,124,0,1,7906893,0.772338867,-0.415466309,0.113464355,0.46685791,-1.30868781,-0.565476358,0.730313599,3.14160156,380,1688717051812,1688711870,123,3,1,5919458,-0.00390625,0.00390625,-0.01171875,381,1688714051946,1688711869,124,0,1,8919324,0,0,0
1,362,1688732955961,1688732971299,1,0,0,1,0,7,7,0,0,0,4,0,0,382,1688725064054,1688721569,125,0,1,7907245,0.772338867,-0.415466309,0.113464355,0.46685791,-1.30868781,-0.565476358,0.730313599,3.14160156,381,1688727051453,1688721669,124,3,1,5919846,-0.015625,-0.03125,-0.01171875,382,1688724051402,1688721869,125,0,1,8919897,0,0,0
1,363,1688742955961,1688742971273,1,0,0,1,0,7,7,0,0,0,4,0,0,383,1688735064047,1688731569,126,0,1,7907226,0.772338867,-0.415466309,0.113464355,0.46685791,-1.30868781,-0.565476358,0.730313599,3.14160156,382,1688737051742,1688731670,125,3,1,5919531,-0.00390625,0.00390625,-0.05078125,383,1688734051598,1688731969,126,0,1,8919675,0,0,0
1,364,1688752955961,1688752971117,1,0,0,1,0,7,7,0,0,0,4,0,0,384,1688745064113,1688741569,127,0,1,7907004,0.772338867,-0.415466309,0.113464355,0.46685791,-1.30868781,-0.565476358,0.730313599,3.14160156,383,1688747051586,1688741570,126,3,1,5919531,-0.0546875,-0.01953125,-0.01171875,384,1688744051368,1688741469,127,0,1,8919749,0,0,0
1,365,1688762955961,1688762971240,1,0,0,1,0,7,7,0,0,0,4,0,0,385,1688755064106,1688751369,128,0,1,7907134,0.772338867,-0.415466309,0.113464355,0.46685791,-1.30868781,-0.565476358,0.730313599,3.14160156,384,1688757051634,1688751670,127,3,1,5919606,0.03125,-0.0078125,-0.01171875,385,1688754051397,1688751869,128,0,1,8919843,0,0,0
1,366,1688772955961,1688773053155,1,0,0,1,0,7,7,0,0,4,4,0,0,386,1688765063931,1688761369,129,0,1,7989224,0.772338867,-0.415466309,0.113464355,0.46685791,-1.30868781,-0.565476358,0.730313599,3.14160156,385,1688767051608,1688761370,128,3,1,6001547,-0.00390625,0.00390625,-0.01171875,387,1688773051285,1688770869,130,0,1,1870,0,0,0
1,367,1688782955961,1688783054000,1,0,0,1,0,7,7,0,0,0,4,0,0,387,1688774064104,1688771469,130,0,1,8989896,0.772338867,-0.415466309,0.113464355,0.46685791,-1.30868781,-0.565476358,0.730313599,3.14160156,386,1688776050318,1688771468,129,3,1,7003682,-0.00390625,0.00390625,-0.01171875,388,1688783052129,1688780669,131,0,1,1871,0,0,0
1,368,1688792955961,1688793053585,1,0,0,1,0,7,7,0,0,0,4,0,0,388,1688784063374,1688781069,131,0,1,8990211,0.772338867,-0.415466309,0.113464355,0.46685791,-1.30868781,-0.565476358,0.730313599,3.14160156,387,1688786051977,1688781268,130,3,1,7001608,0.03125,-0.0078125,-0.01171875,389,1688793051733,1688790969,132,0,1,1852,0,0,0
1,369,1688802955961,1688803053058,1,0,0,1,0,7,7,0,0,0,4,0,0,389,1688794064163,1688791269,132,0,1,8988895,0.772338867,-0.415466309,0.113464355,0.46685791,-1.30868781,-0.565476358,0.730313599,3.14160156,388,1688796050581,1688791668,131,3,1,7002477,-0.00390625,0.00390625,-0.01171875,390,1688803051170,1688800869,133,0,1,1888,0,0,0
1,370,1688812955961,1688812971665,1,0,0,1,0,7,3,4,0,0,4,0,0,390,1688804064026,1688801269,133,0,1,8907639,0.772338867,-0.415466309,0.113464355,0.46685791,-1.30868781,-0.565476358,0.730313599,3.14160156,389,1688806050721,1688801268,132,3,1,6920944,-0.015625,-0.03125,-0.00390625,390,1688803051170,1688800869,133,0,1,9920495,0,0,0
1,371,1688822955961,1688823053710,1,0,0,1,0,7,7,0,0,4,4,0,0,391,1688816064380,1688811269,134,0,1,6989330,0.772338867,-0.415466309,0.113464355,0.46685791,-1.30868781,-0.565476358,0.730313599,3.14160156,390,1688818052519,1688811570,133,3,1,5001191,-0.00390625,0.00390625,-0.00390625,392,1688823051784,1688820669,135,0,1,1926,0,0,0
1,372,1688832955961,1688833053739,1,0,0,1,0,7,7,0,0,0,4,0,0,392,1688824064474,1688821069,135,0,1,8989265,0.772338867,-0.415466309,0.113464355,0.46685791,-1.30868781,-0.565476358,0.730313599,3.14160156,391,1688826051854,1688821470,134,3,1,7001885,-0.00390625,0.00390625,0.03515625,393,1688833051832,1688830869,136,0,1,1907,0,0,0
1,373,1688842955961,1688843053676,1,0,0,1,0,7,7,0,0,0,4,0,0,393,1688834064077,1688831269,136,0,1,8989599,0.772338867,-0.415466309,0.113464355,0.46685791,-1.30868781,-0.565476358,0.730313599,3.14160156,392,1688836052032,1688831670,135,3,1,7001644,-0.00390625,0.00390625,-0.00390625,394,1688843051788,1688840869,137,0,1,1888,0,0,0
1,374,1688852955961,1688853053410,1,0,0,1,0,7,7,0,0,0,4,0,0,394,1688844064329,1688841269,137,0,1,8989081,0.772338867,-0.415466309,0.113464355,0.46685791,-1.30868781,-0.565476358,0.730313599,3.14160156,393,1688846051932,1688841070,136,3,1,7001478,-0.03125,0.01953125,-0.00390625,395,1688853051502,1688850670,138,0,1,1908,0,0,0
1,375,1688862955961,1688863053828,1,0,0,1,0,7,7,0,0,0,4,0,0,395,1688854064210,1688851269,138,0,1,8989618,0.772338867,-0.415466309,0.113464355,0.46685791,-1.30868781,-0.565476358,0.730313599,3.14160156,394,1688856053313,1688851470,137,3,1,7000515,-0.0078125,-0.03125,-0.00390625,396,1688863051939,1688860869,139,0,1,1889,0,0,0
1,376,1688872955961,1688873132762,1,0,0,1,0,7,7,0,0,0,4,0,0,396,1688864063443,1688861268,139,0,1,9069319,0.772338867,-0.415466309,0.113464355,0.46685791,-1.30868781,-0.565476358,0.730313599,3.14160156,395,1688866052472,1688861670,138,3,1,7080290,0.00390625,0.00390625,-0.00390625,397,1688873123114,1688870978,140,0,1,9648,0,0,0
1,377,1688882955961,1688882985704,1,0,0,1,0,7,3,4,0,0,4,0,0,397,1688874140582,1688871322,140,0,1,8845122,0.772338867,-0.415466309,0.113525391,0.46685791,-1.30867171,-0.565408885,0.730396807,3.14160156,396,1688876114685,1688871284,139,3,1,6871019,0.00390625,0.00390625,-0.00390625,397,1688873123114,1688870978,140,0,1,9862590,0,0,0
1,378,1688892955961,1688893054953,1,0,0,1,0,7,7,0,0,4,4,0,0,398,1688885097562,1688881186,141,0,1,7957391,0.772338867,-0.415466309,0.113525391,0.46685791,-1.30867171,-0.565408885,0.730396807,3.14160156,397,1688887061072,1688881169,140,3,1,5993881,0.00390625,0.00390625,0.03515625,399,1688893052565,1688890867,142,0,1,2388,0,0,0
1,379,1688902955961,1688903052816,1,0,0,1,0,7,7,0,0,0,4,0,0,399,1688894062402,1688890868,142,0,1,8990414,0.772338867,-0.415466309,0.113525391,0.46685791,-1.30867171,-0.565408885,0.730396807,3.14160156,398,1688896048431,1688891268,141,3,1,7004385,-0.0078125,-0.03125,-0.00390625,400,1688903050909,1688900868,143,0,1,1907,0,0,0
1,380,1688912955961,1688913055771,1,0,0,1,0,7,7,0,0,0,4,0,0,400,1688904062913,1688901269,143,0,1,8992858,0.772338867,-0.415466309,0.113525391,0.46685791,-1.30867171,-0.565408885,0.730396807,3.14160156,399,1688906053275,1688901469,142,3,1,7002496,0.0390625,-0.0078125,0.03515625,401,1688913053790,1688910970,144,0,1,1981,0,0,0
1,381,1688922955961,1688922971489,1,0,0,1,0,7,3,4,0,0,4,0,0,401,1688914065424,1688910869,144,0,1,8906065,0.772338867,-0.415466309,0.113525391,0.46685791,-1.30867171,-0.565408885,0.730396807,3.14160156,400,1688916054693,1688911470,143,3,1,6916796,0.02734375,-0.04296875,-0.00390625,401,1688913053790,1688910970,144,0,1,9917699,0,0,0
1,382,1688932955961,1688933054293,1,0,0,1,0,7,7,0,0,4,4,0,0,402,1688925065051,1688920969,145,0,1,7989242,0.772338867,-0.415466309,0.113525391,0.466918945,-1.30870068,-0.565392435,0.730351508,3.14160156,401,1688927052950,1688921169,144,3,1,6001343,-0.0078125,-0.03125,0.03515625,403,1688933052368,1688930870,146,0,1,1925,0,0,0
1,383,1688942955961,1688943053934,1,0,0,1,0,7,7,0,0,0,4,0,0,403,1688934064502,1688931069,146,0,1,8989432,0.772338867,-0.415527344,0.113525391,0.466918945,-1.30870497,-0.565504134,0.730401814,3.14160156,402,1688936051660,1688931470,145,3,1,7002274,0.015625,0.04296875,-0.04296875,404,1688943051990,1688940869,147,0,1,1944,0,0,0
1,384,1688952955961,1688953053834,1,0,0,1,0,7,7,0,0,0,4,0,0,404,1688944064235,1688941069,147,0,1,8989599,0.772338867,-0.415527344,0.113525391,0.466918945,-1.30870497,-0.565504134,0.730401814,3.14160156,403,1688946051671,1688940670,146,3,1,7002163,-0.03125,0.01953125,-0.00390625,405,1688953051982,1688950669,148,0,1,1852,0,0,0
1,385,1688962955961,1688963052623,1,0,0,1,0,7,7,0,0,0,4,0,0,405,1688954063783,1688951069,148,0,1,8988840,0.772338867,-0.415527344,0.113525391,0.466918945,-1.30870497,-0.565504134,0.730401814,3.14160156,404,1688956051441,1688951269,147,3,1,7001182,-0.0078125,-0.03125,0.02734375,406,1688963050752,1688960669,149,0,1,1871,0,0,0
1,386,1688972955961,1688973052615,1,0,0,1,0,7,7,0,0,0,4,0,0,406,1688964063683,1688960769,149,0,1,8988932,0.772338867,-0.415527344,0.113525391,0.466918945,-1.30870497,-0.565504134,0.730401814,3.14160156,405,1688966051082,1688961069,148,3,1,7001533,0.0390625,-0.0078125,-0.01171875,407,1688973050763,1688970869,150,0,1,1852,0,0,0
1,387,1688982955961,1688983053145,1,0,0,1,0,7,7,0,0,0,4,0,0,407,1688974063842,1688970869,150,0,1,8989303,0.772338867,-0.415527344,0.113525391,0.466918945,-1.30870497,-0.565504134,0.730401814,3.14160156,406,1688976051296,1688971269,149,3,1,7001849,0.00390625,0.00390625,0.02734375,408,1688983051052,1688980868,151,0,1,2093,0,0,0
1,388,1688992955961,1688993053600,1,0,0,1,0,7,7,0,0,0,4,0,0,408,1688984064279,1688980769,151,0,1,8989321,0.772338867,-0.415527344,0.113525391,0.466918945,-1.30870497,-0.565504134,0.730401814,3.14160156,407,1688986051566,1688980670,150,3,1,7002034,0.0390625,-0.0078125,0.02734375,409,1688993051656,1688990669,152,0,1,1944,0,0,0
1,389,1689002955961,1689003053852,1,0,0,1,0,7,7,0,0,0,4,0,0,409,1688994064067,1688990869,152,0,1,8989785,0.772338867,-0.415527344,0.113525391,0.466918945,-1.30870497,-0.565504134,0.730401814,3.14160156,408,1688996051614,1688991270,151,3,1,7002238,0.00390625,0.00390625,-0.01171875,410,1689003051963,1689000868,153,0,1,1889,0,0,0
1,390,1689012955961,1689013054177,1,0,0,1,0,7,7,0,0,0,4,0,0,410,1689004063967,1689000869,153,0,1,8990210,0.772338867,-0.415527344,0.113525391,0.466918945,-1.30870497,-0.565504134,0.730401814,3.14160156,409,1689006051496,1689001270,152,3,1,7002681,0.00390625,0.00390625,-0.01171875,411,1689013052252,1689010969,154,0,1,1925,0,0,0
1,391,1689022955961,1689023053114,1,0,0,1,0,7,7,0,0,0,4,0,0,411,1689014064274,1689010869,154,0,1,8988840,0.772338867,-0.415466309,0.113525391,0.466918945,-1.30870068,-0.565392435,0.730351508,3.14160156,410,1689016051766,1689011070,153,3,1,7001348,0.00390625,0.00390625,-0.01171875,412,1689023051262,1689020468,155,0,1,1852,0,0,0
1,392,1689032955961,1689033053181,1,0,0,1,0,7,7,0,0,0,4,0,0,412,1689024064137,1689020869,155,0,1,8989044,0.772338867,-0.415466309,0.113525391,0.466918945,-1.30870068,-0.565392435,0.730351508,3.14160156,411,1689026051592,1689020870,154,3,1,7001589,0.03125,-0.0078125,0.02734375,413,1689033051292,1689030869,156,0,1,1889,0,0,0
1,393,1689042955961,1689043052951,1,0,0,1,0,7,7,0,0,0,4,0,0,413,1689034064370,1689030569,156,0,1,8988581,0.772338867,-0.415466309,0.113525391,0.466918945,-1.30870068,-0.565392435,0.730351508,3.14160156,412,1689036051899,1689030870,155,3,1,7001052,0.03125,-0.0078125,0.02734375,414,1689043051081,1689040868,157,0,1,1870,0,0,0
1,394,1689052955961,1689053053036,1,0,0,1,0,7,7,0,0,0,4,0,0,414,1689044063900,1689040769,157,0,1,8989136,0.772338867,-0.415466309,0.113525391,0.466918945,-1.30870068,-0.565392435,0.730351508,3.14160156,413,1689046051817,1689041070,156,3,1,7001219,-0.00390625,0.00390625,0.02734375,415,1689053051166,1689050969,158,0,1,1870,0,0,0
1,395,1689062955961,1689063052491,1,0,0,1,0,7,7,0,0,0,4,0,0,415,1689054064133,1689050769,158,0,1,8988358,0.772338867,-0.415466309,0.113525391,0.466918945,-1.30870068,-0.565392435,0.730351508,3.14160156,414,1689056051847,1689051270,157,3,1,7000644,-0.00390625,0.00390625,-0.01171875,416,1689063050603,1689060469,159,0,1,1888,0,0,0
1,396,1689072955961,1689072970505,1,0,0,1,0,7,3,4,0,0,4,0,0,416,1689064064255,1689060869,159,0,1,8906250,0.772338867,-0.415466309,0.113525391,0.466918945,-1.30870068,-0.565392435,0.730351508,3.14160156,415,1689066051821,1689060870,158,3,1,6918684,-0.015625,-0.03125,-0.01171875,416,1689063050603,1689060469,159,0,1,9919902,0,0,0
1,397,1689082955961,1689083052384,1,0,0,1,0,7,7,0,0,4,4,0,0,417,1689075063975,1689070769,160,0,1,7988409,0.772338867,-0.415466309,0.113525391,0.466918945,-1.30870068,-0.565392435,0.730351508,3.14160156,416,1689077051762,1689071170,159,3,1,6000622,-0.00390625,0.00390625,-0.01171875,418,1689083050513,1689080868,161,0,1,1871,0,0,0
1,398,1689092955961,1689093052228,1,0,0,1,0,7,7,0,0,0,4,0,0,418,1689084063925,1689080769,161,0,1,8988303,0.772338867,-0.415466309,0.113525391,0.466918945,-1.30870068,-0.565392435,0.730351508,3.14160156,417,1689086051824,1689080170,160,3,1,7000404,-0.00390625,0.00390625,-0.01171875,419,1689093050358,1689090668,162,0,1,1870,0,0,0
1,399,1689102955961,1689103052387,1,0,0,1,0,7,7,0,0,0,4,0,0,419,1689094063973,1689090769,162,0,1,8988414,0.772338867,-0.415466309,0.113525391,0.466918945,-1.30870068,-0.565392435,0.730351508,3.14160156,418,1689096051502,1689091070,161,3,1,7000885,0.01953125,-0.04296875,0.02734375,420,1689103050517,1689100669,163,0,1,1870,0,0,0
1,400,1689112955961,1689113053454,1,0,0,1,0,7,7,0,0,0,4,0,0,420,1689104063910,1689100369,163,0,1,8989544,0.772338867,-0.415466309,0.113525391,0.466918945,-1.30870068,-0.565392435,0.730351508,3.14160156,419,1689106051605,1689100570,162,3,1,7001849,-0.00390625,0.00390625,0.02734375,421,1689113051546,1689110869,164,0,1,1908,0,0,0
1,401,1689122955961,1689123054613,1,0,0,1,0,7,7,0,0,0,4,0,0,421,1689114064773,1689110769,164,0,1,8989840,0.772338867,-0.415466309,0.113525391,0.466918945,-1.30870068,-0.565392435,0.730351508,3.14160156,420,1689116063227,1689110672,163,3,1,6991386,0.03125,-0.0078125,-0.01171875,422,1689123052650,1689120869,165,0,1,1963,0,0,0
1,402,1689132955961,1689133054475,1,0,0,1,0,7,7,0,0,0,4,0,0,422,1689124065099,1689120569,165,0,1,8989376,0.772338867,-0.415466309,0.113525391,0.466918945,-1.30870068,-0.565392435,0.730351508,3.14160156,421,1689126052349,1689120570,164,3,1,7002126,-0.00390625,0.00390625,-0.01171875,423,1689133052531,1689130869,166,0,1,1944,0,0,0
1,403,1689142955961,1689143054005,1,0,0,1,0,7,7,0,0,0,4,0,0,423,1689134065406,1689130769,166,0,1,8988599,0.772338867,-0.415466309,0.113525391,0.466918945,-1.30870068,-0.565392435,0.730351508,3.14160156,422,1689136052212,1689131070,165,3,1,7001793,-0.00390625,0.00390625,-0.01171875,424,1689143052116,1689140869,167,0,1,1889,0,0,0
1,404,1689152955961,1689153052923,1,0,0,1,0,7,7,0,0,0,4,0,0,424,1689144064861,1689140769,167,0,1,8988062,0.772338867,-0.415466309,0.113525391,0.466918945,-1.30870068,-0.565392435,0.730351508,3.14160156,423,1689146052353,1689141070,166,3,1,7000570,-0.00390625,0.00390625,-0.01171875,425,1689153051016,1689150969,168,0,1,1907,0,0,0
1,405,1689162955961,1689163052823,1,0,0,1,0,7,7,0,0,0,4,0,0,425,1689154064317,1689150769,168,0,1,8988506,0.772338867,-0.415466309,0.113525391,0.466918945,-1.30870068,-0.565392435,0.730351508,3.14160156,424,1689156052049,1689150670,167,3,1,7000774,-0.00390625,0.00390625,-0.01171875,426,1689163050879,1689160669,169,0,1,1944,0,0,0
1,406,1689172955961,1689173067111,1,0,0,1,0,7,7,0,0,1,4,0,0,427,1689173064593,1689170069,170,0,1,2518,0.772338867,-0.415466309,0.113525391,0.466918945,-1.30870068,-0.565392435,0.730351508,3.14160156,425,1689166052171,1689160670,168,3,1,7014940,-0.00390625,0.00390625,-0.01171875,427,1689172051922,1689169869,170,0,1,1015189,0,0,0
1,407,1689182955961,1689183053049,1,0,0,1,0,7,6,1,0,0,4,0,0,427,1689173064593,1689170069,170,0,1,9988456,0.772338867,-0.415466309,0.113525391,0.466918945,-1.30870068,-0.565392435,0.730351508,3.14160156,426,1689175052103,1689170470,169,3,1,8000946,-0.015625,-0.03125,0.02734375,428,1689183051141,1689180869,171,0,1,1908,0,0,0
1,408,1689192955961,1689193053652,1,0,0,1,0,7,7,0,0,0,4,0,0,428,1689184066035,1689180368,171,0,1,8987617,0.772338867,-0.415466309,0.113525391,0.466918945,-1.30870068,-0.565392435,0.730351508,3.14160156,427,1689186052693,1689180370,170,3,1,7000959,-0.00390625,0.00390625,0.02734375,429,1689193051615,1689190869,172,0,1,2037,0,0,0
1,409,1689202955961,1689203053497,1,0,0,1,0,7,7,0,0,0,4,0,0,429,1689194064305,1689190369,172,0,1,8989192,0.772338867,-0.415466309,0.113525391,0.466918945,-1.30870068,-0.565392435,0.730351508,3.14160156,428,1689196051611,1689190870,171,3,1,7001886,-0.00390625,0.00390625,-0.05078125,430,1689203051608,1689200669,173,0,1,1889,0,0,0
1,410,1689212955961,1689213054971,1,0,0,1,0,7,7,0,0,0,4,0,0,430,1689204064538,1689200569,173,0,1,8990433,0.772338867,-0.415466309,0.113525391,0.466918945,-1.30870068,-0.565392435,0.730351508,3.14160156,429,1689206051456,1689200669,172,3,1,7003515,-0.0390625,0.01953125,-0.01171875,431,1689213053045,1689210870,174,0,1,1926,0,0,0
1,411,1689222955961,1689223053500,1,0,0,1,0,7,7,0,0,0,4,0,0,431,1689214064882,1689210569,174,0,1,8988618,0.772338867,-0.415466309,0.113525391,0.466918945,-1.30870068,-0.565392435,0.730351508,3.14160156,430,1689216052781,1689210870,173,3,1,7000719,-0.00390625,0.00390625,-0.05078125,432,1689223051593,1689220869,175,0,1,1907,0,0,0
1,412,1689232955961,1689233054529,1,0,0,1,0,7,7,0,0,0,4,0,0,432,1689224064486,1689220569,175,0,1,8990043,0.772338867,-0.415466309,0.113525391,0.466918945,-1.30870068,-0.565392435,0.730351508,3.14160156,431,1689226051589,1689220170,174,3,1,7002940,0.01953125,-0.04296875,-0.01171875,433,1689233052659,1689230869,176,0,1,1870,0,0,0
1,413,1689242955961,1689243065984,1,0,0,1,0,7,7,0,0,1,4,0,0,434,1689243063503,1689239869,177,0,1,2481,0.772338867,-0.415466309,0.113525391,0.466918945,-1.30870068,-0.565392435,0.730351508,3.14160156,432,1689236051822,1689230870,175,3,1,7014162,0.03125,-0.0078125,0.02734375,434,1689242051739,1689239669,177,0,1,1014245,0,0,0
1,414,1689252955961,1689253052737,1,0,0,1,0,7,6,1,0,0,4,0,0,434,1689243063503,1689239869,177,0,1,9989234,0.772338867,-0.415466309,0.113525391,0.466918945,-1.30870068,-0.565392435,0.730351508,3.14160156,433,1689245051291,1689240269,176,3,1,8001446,0.01953125,-0.04296875,-0.01171875,435,1689253050885,1689250869,178,0,1,1852,0,0,0
1,415,1689262955961,1689263053099,1,0,0,1,0,7,7,0,0,0,4,0,0,435,1689254063908,1689250369,178,0,1,8989191,0.772338867,-0.415466309,0.113525391,0.466918945,-1.30870068,-0.565392435,0.730351508,3.14160156,434,1689256051362,1689250569,177,3,1,7001737,-0.00390625,0.00390625,-0.01171875,436,1689263051155,1689260869,179,0,1,1944,0,0,0
1,416,1689272955961,1689273052759,1,0,0,1,0,7,7,0,0,0,4,0,0,436,1689264063863,1689260169,179,0,1,8988896,0.772338867,-0.415466309,0.113525391,0.466918945,-1.30870068,-0.565392435,0.730351508,3.14160156,435,1689266051169,1689260169,178,3,1,7001590,-0.0390625,0.01953125,-0.01171875,437,1689273050870,1689270669,180,0,1,1889,0,0,0
1,417,1689282955961,1689283052492,1,0,0,1,0,7,7,0,0,0,4,0,0,437,1689274063596,1689270369,180,0,1,8988896,0.772338867,-0.415466309,0.113525391,0.466918945,-1.30870068,-0.565392435,0.730351508,3.14160156,436,1689276051125,1689270669,179,3,1,7001367,-0.0390625,0.01953125,-0.01171875,438,1689283050640,1689280869,181,0,1,1852,0,0,0
1,418,1689292955961,1689293065910,1,0,0,1,0,7,7,0,0,1,4,0,0,439,1689293063539,1689290269,182,0,1,2371,0.772338867,-0.415466309,0.113525391,0.466918945,-1.30870068,-0.565392435,0.730351508,3.14160156,437,1689286051062,1689280669,180,3,1,7014848,-0.00390625,0.00390625,-0.01171875,439,1689292051146,1689289869,182,0,1,1014764,0,0,0
1,419,1689302955961,1689303052865,1,0,0,1,0,7,6,1,0,0,4,0,0,439,1689293063539,1689290269,182,0,1,9989326,0.772338867,-0.415466309,0.113525391,0.466918945,-1.30870068,-0.565392435,0.730351508,3.14160156,438,1689295051364,1689290469,181,3,1,8001501,0.01953125,-0.04296875,0.02734375,440,1689303050995,1689300469,183,0,1,1870,0,0,0
1,420,1689312955961,1689313066894,1,0,0,1,0,7,7,0,0,1,4,0,0,441,1689313064432,1689309869,184,0,1,2462,0.772338867,-0.415466309,0.113525391,0.466918945,-1.30870068,-0.565392435,0.730351508,3.14160156,439,1689306051306,1689300370,182,3,1,7015588,0.01953125,-0.04296875,0.02734375,441,1689312052001,1689309969,184,0,1,1014893,0,0,0
1,421,1689322955961,1689323066887,1,0,0,1,0,7,7,0,0,0,4,0,0,442,1689323064424,1689320069,185,0,1,2463,0.772338867,-0.415466309,0.113525391,0.466918945,-1.30870068,-0.565392435,0.730351508,3.14160156,440,1689315052238,1689310270,183,3,1,8014649,-0.00390625,0.00390625,-0.01171875,442,1689322051920,1689319870,185,0,1,1014967,0,0,0
1,422,1689332955961,1689333053658,1,0,0,1,0,7,6,1,0,0,4,0,0,442,1689323064424,1689320069,185,0,1,9989234,0.772338867,-0.415466309,0.113525391,0.466918945,-1.30870068,-0.565392435,0.730351508,3.14160156,441,1689325052175,1689320470,184,3,1,8001483,-0.00390625,0.00390625,-0.01171875,443,1689333051861,1689329769,186,0,1,1797,0,0,0
1,423,1689342955961,1689343053391,1,0,0,1,0,7,7,0,0,0,4,0,0,443,1689334064366,1689330369,186,0,1,8989025,0.772338867,-0.415466309,0.113525391,0.466918945,-1.30870068,-0.565392435,0.730351508,3.14160156,442,1689336051839,1689330670,185,3,1,7001552,-0.00390625,0.01171875,-0.01171875,444,1689343051483,1689340469,187,0,1,1908,0,0,0
1,424,1689352955961,1689353066790,1,0,0,1,0,7,7,0,0,1,4,0,0,445,1689353064364,1689350269,188,0,1,2426,0.772338867,-0.415466309,0.113525391,0.466918945,-1.30870068,-0.565392435,0.730351508,3.14160156,443,1689346051905,1689340370,186,3,1,7014885,-0.00390625,0.01171875,0.02734375,445,1689352051545,1689349969,188,0,1,1015245,0,0,0
1,425,1689362955961,1689363066283,1,0,0,1,0,7,7,0,0,0,4,0,0,446,1689363063820,1689360269,189,0,1,2463,0.772338867,-0.415466309,0.113525391,0.466918945,-1.30870068,-0.565392435,0.730351508,3.14160156,444,1689355052171,1689350670,187,3,1,8014112,-0.00390625,0.00390625,0.02734375,446,1689362052000,1689359869,189,0,1,1014283,0,0,0
1,426,1689372955961,1689373066349,1,0,0,1,0,7,7,0,0,0,4,0,0,447,1689373063942,1689370269,190,0,1,2407,0.772338867,-0.415466309,0.113525391,0.466918945,-1.30870068,-0.565392435,0.730351508,3.14160156,445,1689365051552,1689359870,188,3,1,8014797,-0.00390625,0.00390625,0.02734375,447,1689372051067,1689369869,190,0,1,1015282,0,0,0
1,427,1689382955961,1689383066230,1,0,0,1,0,7,7,0,0,0,4,0,0,448,1689383063805,1689379769,191,0,1,2425,0.772338867,-0.415466309,0.113525391,0.466918945,-1.30870068,-0.565392435,0.730351508,3.14160156,446,1689375051118,1689370669,189,3,1,8015112,-0.00390625,0.00390625,-0.05078125,448,1689382050911,1689379869,191,0,1,1015319,0,0,0
1,428,1689392955961,1689393065908,1,0,0,1,0,7,7,0,0,0,4,0,0,449,1689393063464,1689390269,192,0,1,2444,0.772338867,-0.415466309,0.113525391,0.466918945,-1.30870068,-0.565392435,0.730351508,3.14160156,447,1689385051444,1689380069,190,3,1,8014464,-0.00390625,0.00390625,-0.01171875,449,1689392051367,1689389969,192,0,1,1014541,0,0,0
1,429,1689402955961,1689403066067,1,0,0,1,0,7,7,0,0,0,4,0,0,450,1689403063623,1689400069,193,0,1,2444,0.772338867,-0.415466309,0.113525391,0.466918945,-1.30870068,-0.565392435,0.730351508,3.14160156,448,1689395051270,1689390269,191,3,1,8014797,-0.015625,-0.03125,0.02734375,450,1689402050989,1689399869,193,0,1,1015078,0,0,0
1,430,1689412955961,1689413066967,1,0,0,1,0,7,7,0,0,0,4,0,0,451,1689413064523,1689410069,194,0,1,2444,0.772338867,-0.415466309,0.113525391,0.466918945,-1.30870068,-0.565392435,0.730351508,3.14160156,449,1689405050799,1689400068,192,3,1,8016168,-0.015625,-0.03125,-0.01171875,451,1689412052203,1689409869,194,0,1,1014764,0,0,0
1,431,1689422955961,1689423066959,1,0,0,1,0,7,7,0,0,0,4,0,0,452,1689423064552,1689420069,195,0,1,2407,0.772338867,-0.415466309,0.113525391,0.466918945,-1.30870068,-0.565392435,0.730351508,3.14160156,450,1689415051496,1689410469,193,3,1,8015463,-0.00390625,0.00390625,-0.01171875,452,1689422051881,1689419869,195,0,1,1015078,0,0,0
1,432,1689432955961,1689433066563,1,0,0,1,0,7,7,0,0,0,4,0,0,453,1689433064137,1689430069,196,0,1,2426,0.772338867,-0.415405273,0.113525391,0.466918945,-1.30869639,-0.565280795,0.730301201,3.14160156,451,1689425051247,1689420469,194,3,1,8015316,-0.00390625,0.00390625,-0.01171875,453,1689432051633,1689429869,196,0,1,1014930,0,0,0
1,433,1689442955961,1689443067018,1,0,0,1,0,7,7,0,0,0,4,0,0,454,1689443064352,1689440069,197,0,1,2666,0.772338867,-0.415405273,0.113525391,0.466918945,-1.30869639,-0.565280795,0.730301201,3.14160156,452,1689435051258,1689430069,195,3,1,8015760,-0.00390625,0.00390625,-0.01171875,454,1689442053514,1689439670,197,0,1,1013504,0,0,0
1,434,1689452955961,1689453066400,1,0,0,1,0,7,7,0,0,0,4,0,0,455,1689453063992,1689449569,198,0,1,2408,0.772338867,-0.415405273,0.113525391,0.466918945,-1.30869639,-0.565280795,0.730301201,3.14160156,453,1689445051214,1689440068,196,3,1,8015186,-0.00390625,0.00390625,-0.01171875,455,1689452051358,1689449869,198,0,1,1015042,0,0,0
1,435,1689462955961,1689463067077,1,0,0,1,0,7,7,0,0,0,4,0,0,456,1689463064633,1689459869,199,0,1,2444,0.772338867,-0.415405273,0.113525391,0.466918945,-1.30869639,-0.565280795,0.730301201,3.14160156,454,1689455050947,1689449869,197,3,1,8016130,-0.015625,-0.03125,0.02734375,456,1689462053054,1689459869,199,0,1,1014023,0,0,0
1,436,1689472955961,1689473066662,1,0,0,1,0,7,7,0,0,0,4,0,0,457,1689473064088,1689469869,200,0,1,2574,0.772338867,-0.415405273,0.113464355,0.466918945,-1.30871248,-0.565348268,0.730218053,3.14160156,455,1689465051273,1689459668,198,3,1,8015389,0.03125,-0.0078125,-0.01171875,457,1689472051454,1689469969,200,0,1,1015208,0,0,0
1,437,1689482955961,1689483066470,1,0,0,1,0,7,7,0,0,0,4,0,0,458,1689483064044,1689480069,201,0,1,2426,0.772338867,-0.415405273,0.113464355,0.466918945,-1.30871248,-0.565348268,0.730218053,3.14160156,456,1689475050543,1689470468,199,3,1,8015927,-0.00390625,0.00390625,-0.01171875,458,1689482051410,1689479869,201,0,1,1015060,0,0,0
1,438,1689492955961,1689493068777,1,0,0,1,0,7,7,0,0,0,4,0,0,459,1689493065962,1689489869,202,0,1,2815,0.772338867,-0.415405273,0.113464355,0.466918945,-1.30871248,-0.565348268,0.730218053,3.14160156,457,1689485050609,1689480268,200,3,1,8018168,-0.00390625,0.00390625,-0.01171875,459,1689492057828,1689489972,202,0,1,1010949,0,0,0
1,439,1689502955961,1689503243634,1,0,0,1,0,7,7,0,0,0,4,0,0,460,1689503235393,1689499784,203,0,1,8241,0.772338867,-0.415405273,0.113525391,0.466918945,-1.30869639,-0.565280795,0.730301201,3.14160156,458,1689495211541,1689490283,201,3,1,8032093,-0.03125,0.01953125,0.02734375,460,1689502205001,1689499882,203,0,1,1038633,0,0,0
1,440,1689512955961,1689513245552,1,0,0,1,0,7,7,0,0,0,4,0,0,461,1689513238015,1689509786,204,0,1,7537,0.772338867,-0.415405273,0.113525391,0.466918945,-1.30869639,-0.565280795,0.730301201,3.14160156,459,1689505204478,1689499583,202,3,1,8041074,0.00390625,0.00390625,-0.01171875,461,1689512216937,1689509887,204,0,1,1028615,0,0,0
1,441,1689522955961,1689523247267,1,0,0,1,0,7,7,0,0,0,4,0,0,462,1689523239489,1689519185,205,0,1,7778,0.772338867,-0.415405273,0.113525391,0.466918945,-1.30869639,-0.565280795,0.730301201,3.14160156,460,1689515206119,1689510086,203,3,1,8041148,0.00390625,0.00390625,0.02734375,462,1689522205763,1689519683,205,0,1,1041504,0,0,0
1,442,1689532955961,1689533247370,1,0,0,1,0,7,7,0,0,0,4,0,0,463,1689533239537,1689529785,206,0,1,7833,0.772338867,-0.415405273,0.113525391,0.466918945,-1.30869639,-0.565280795,0.730301201,3.14160156,461,1689525206963,1689519586,204,3,1,8040407,0.02734375,-0.04296875,-0.01171875,463,1689532205441,1689529883,206,0,1,1041929,0,0,0
1,443,1689542955961,1689543246974,1,0,0,1,0,7,7,0,0,0,4,0,0,464,1689543239215,1689539786,207,0,1,7759,0.772338867,-0.415405273,0.113525391,0.466918945,-1.30869639,-0.565280795,0.730301201,3.14160156,462,1689535205344,1689529686,205,3,1,8041630,0.00390625,0.00390625,-0.01171875,464,1689542205822,1689539883,207,0,1,1041152,0,0,0
1,444,1689552955961,1689553247466,1,0,0,1,0,7,7,0,0,0,4,0,0,465,1689553239800,1689549785,208,0,1,7666,0.772338867,-0.415405273,0.113525391,0.466918945,-1.30869639,-0.565280795,0.730301201,3.14160156,463,1689545205540,1689539586,206,3,1,8041926,0.00390625,0.00390625,-0.01171875,465,1689552208278,1689549885,208,0,1,1039188,0,0,0
1,445,1689562955961,1689563246903,1,0,0,1,0,7,7,0,0,0,4,0,0,466,1689563239033,1689559785,209,0,1,7870,0.772338867,-0.415405273,0.113525391,0.466918945,-1.30869639,-0.565280795,0.730301201,3.14160156,464,1689555206255,1689550086,207,3,1,8040648,-0.046875,-0.01953125,-0.01171875,466,1689562208215,1689559886,209,0,1,1038688,0,0,0
1,446,1689572955961,1689573245896,1,0,0,1,0,7,7,0,0,0,4,0,0,467,1689573237952,1689569584,210,0,1,7944,0.772338867,-0.415405273,0.113525391,0.466918945,-1.30869639,-0.565280795,0.730301201,3.14160156,465,1689565206192,1689560086,208,3,1,8039704,0.00390625,0.00390625,-0.01171875,467,1689572206170,1689569983,210,0,1,1039726,0,0,0
1,447,1689582955961,1689583245147,1,0,0,1,0,7,7,0,0,0,4,0,0,468,1689583237444,1689579784,211,0,1,7703,0.772338867,-0.415405273,0.113525391,0.466918945,-1.30869639,-0.565280795,0.730301201,3.14160156,466,1689575205814,1689569885,209,3,1,8039333,0.00390625,0.00390625,-0.01171875,468,1689582206699,1689579685,211,0,1,1038448,0,0,0
1,448,1689592955961,1689593246214,1,0,0,1,0,7,7,0,0,0,4,0,0,469,1689593238418,1689589185,212,0,1,7796,0.772338867,-0.415405273,0.113525391,0.466918945,-1.30869639,-0.565280795,0.730301201,3.14160156,467,1689585205232,1689579685,210,3,1,8040982,-0.0078125,-0.03125,0.02734375,469,1689592235784,1689588890,212,0,1,1010430,0,0,0
1,449,1689602955961,1689603214504,1,0,0,1,0,7,7,0,0,0,4,0,0,470,1689603207615,1689599381,213,0,1,6889,0.772338867,-0.415405273,0.113525391,0.466918945,-1.30869639,-0.565280795,0.730301201,3.14160156,468,1689595208132,1689589585,211,3,1,8006372,0.00390625,0.00390625,-0.01171875,470,1689602179852,1689599882,213,0,1,1034652,0,0,0
1,450,1689612955961,1689613214181,1,0,0,1,0,7,7,0,0,0,4,0,0,471,1689613207607,1689609581,214,0,1,6574,0.772338867,-0.415405273,0.113525391,0.466918945,-1.30869639,-0.565280795,0.730301201,3.14160156,469,1689606177371,1689599780,212,3,1,7036810,-0.03125,0.01953125,-0.01171875,471,1689612179622,1689609882,214,0,1,1034559,0,0,0
1,451,1689622955961,1689623218562,1,0,0,1,0,7,7,0,0,0,4,0,0,472,1689623209618,1689619582,215,0,1,8944,0.772338867,-0.415405273,0.113525391,0.466918945,-1.30869639,-0.565280795,0.730301201,3.14160156,470,1689615228876,1689609894,213,3,1,7989686,-0.01953125,0.0546875,-0.01171875,472,1689622184244,1689619880,215,0,1,1034318,0,0,0
1,452,1689632955961,1689633209777,1,0,0,1,0,7,7,0,0,0,4,0,0,473,1689633202796,1689629581,216,0,1,6981,0.772338867,-0.415405273,0.113525391,0.466918945,-1.30869639,-0.565280795,0.730301201,3.14160156,471,1689625179407,1689619883,214,3,1,8030370,-0.03125,0.01953125,-0.01171875,473,1689632174477,1689629880,216,0,1,1035300,0,0,0
1,453,1689642955961,1689643209677,1,0,0,1,0,7,7,0,0,0,4,0,0,474,1689643202844,1689639182,217,0,1,6833,0.772338867,-0.415405273,0.113525391,0.466918945,-1.30869639,-0.565280795,0.730301201,3.14160156,472,1689635175770,1689629683,215,3,1,8033907,0.02734375,-0.04296875,0.02734375,474,1689642174877,1689639880,217,0,1,1034800,0,0,0
1,454,1689652955961,1689653208059,1,0,0,1,0,7,7,0,0,0,4,0,0,475,1689653201578,1689649581,218,0,1,6481,0.772338867,-0.415405273,0.113525391,0.466918945,-1.30869639,-0.565280795,0.730301201,3.14160156,473,1689645176225,1689639383,216,3,1,8031834,-0.0078125,-0.03125,-0.01171875,475,1689652173481,1689649880,218,0,1,1034578,0,0,0
1,455,1689662955961,1689663207405,1,0,0,1,0,7,7,0,0,0,4,0,0,476,1689663200979,1689659781,219,0,1,6426,0.772338867,-0.415405273,0.113525391,0.466918945,-1.30869639,-0.565280795,0.730301201,3.14160156,474,1689655174181,1689649882,217,3,1,8033224,0.00390625,0.00390625,-0.01171875,476,1689662171975,1689659879,219,0,1,1035430,0,0,0
1,456,1689672955961,1689673213916,1,0,0,1,0,7,7,0,0,0,4,0,0,477,1689673207250,1689669581,220,0,1,6666,0.772338867,-0.415405273,0.113525391,0.466918945,-1.30869639,-0.565280795,0.730301201,3.14160156,475,1689665173749,1689660082,218,3,1,8040167,-0.0078125,-0.03125,-0.01171875,477,1689672178116,1689669979,220,0,1,1035800,0,0,0
1,457,1689682955961,1689683215225,1,0,0,1,0,7,7,0,0,0,4,0,0,478,1689683208114,1689679582,221,0,1,7111,0.772338867,-0.415405273,0.113525391,0.466918945,-1.30869639,-0.565280795,0.730301201,3.14160156,476,1689675177668,1689669583,219,3,1,8037557,0.00390625,0.00390625,0.02734375,478,1689682179777,1689679681,221,0,1,1035448,0,0,0
1,458,1689692955961,1689693210755,1,0,0,1,0,7,7,0,0,0,4,0,0,479,1689693203404,1689689382,222,0,1,7351,0.772338867,-0.415405273,0.113525391,0.466918945,-1.30869639,-0.565280795,0.730301201,3.14160156,477,1689685178328,1689679383,220,3,1,8032427,0.0390625,-0.0078125,-0.01171875,479,1689692181733,1689689885,222,0,1,1029022,0,0,0
1,459,1689702955961,1689703209897,1,0,0,1,0,7,7,0,0,0,4,0,0,480,1689703203046,1689699382,223,0,1,6851,0.772338867,-0.415405273,0.113525391,0.466918945,-1.30869639,-0.565280795,0.730301201,3.14160156,478,1689695179489,1689689683,221,3,1,8030408,-0.0078125,-0.03125,0.02734375,480,1689702176486,1689699882,223,0,1,1033411,0,0,0
1,460,1689712955961,1689713214594,1,0,0,1,0,7,7,0,0,0,4,0,0,481,1689713207891,1689708982,224,0,1,6703,0.772338867,-0.415405273,0.113525391,0.466918945,-1.30869639,-0.565280795,0.730301201,3.14160156,479,1689705174353,1689699582,222,3,1,8040241,0.0390625,-0.0078125,0.02734375,481,1689712180109,1689709884,224,0,1,1034485,0,0,0
1,461,1689722955961,1689723215421,1,0,0,1,0,7,7,0,0,0,4,0,0,482,1689723208773,1689719381,225,0,1,6648,0.772338867,-0.415405273,0.113525391,0.466918945,-1.30869639,-0.565280795,0.730301201,3.14160156,480,1689715177902,1689709683,223,3,1,8037519,0.00390625,0.00390625,-0.01171875,482,1689722178343,1689719682,225,0,1,1037078,0,0,0
1,462,1689732955961,1689733214118,1,0,0,1,0,7,7,0,0,0,4,0,0,483,1689733207693,1689729581,226,0,1,6425,0.772338867,-0.415405273,0.113525391,0.466918945,-1.30869639,-0.565280795,0.730301201,3.14160156,481,1689725178025,1689719383,224,3,1,8036093,0.00390625,0.00390625,0.02734375,483,1689732177226,1689729982,226,0,1,1036892,0,0,0
1,463,1689742955961,1689743214501,1,0,0,1,0,7,7,0,0,0,4,0,0,484,1689743207945,1689739381,227,0,1,6556,0.772338867,-0.415405273,0.113586426,0.466918945,-1.30868018,-0.565213323,0.730384409,3.14160156,482,1689735177444,1689729882,225,3,1,8037057,0.00390625,0.00390625,-0.01171875,484,1689742178867,1689739881,227,0,1,1035634,0,0,0
1,464,1689752955961,1689753214328,1,0,0,1,0,7,7,0,0,0,4,0,0,485,1689753207550,1689749381,228,0,1,6778,0.772338867,-0.415405273,0.113586426,0.466918945,-1.30868018,-0.565213323,0.730384409,3.14160156,483,1689745177845,1689738983,226,3,1,8036483,0.015625,-0.078125,0.02734375,485,1689752177528,1689749682,228,0,1,1036800,0,0,0
1,465,1689762955961,1689763215617,1,0,0,1,0,7,7,0,0,0,4,0,0,486,1689763208951,1689759381,229,0,1,6666,0.772338867,-0.415405273,0.113586426,0.466918945,-1.30868018,-0.565213323,0.730384409,3.14160156,484,1689755177431,1689749682,227,3,1,8038186,0.02734375,-0.04296875,-0.01171875,486,1689762177780,1689759882,229,0,1,1037837,0,0,0
1,466,1689772955961,1689772985452,1,0,0,1,0,7,7,0,0,0,4,0,0,487,1689772207440,1689769281,230,0,1,778012,0.772338867,-0.415405273,0.113586426,0.466918945,-1.30868018,-0.565213323,0.730384409,3.14160156,485,1689765178017,1689759582,228,3,1,7807435,-0.03125,0.02734375,-0.05078125,487,1689771177343,1689768882,230,0,1,1808109,0,0,0
1,467,1689782955961,1689782985593,1,0,0,1,0,7,7,0,0,0,4,0,0,488,1689782207267,1689779081,231,0,1,778326,0.772338867,-0.415405273,0.113586426,0.466918945,-1.30868018,-0.565213323,0.730384409,3.14160156,486,1689774179617,1689769480,229,3,1,8805976,0.0390625,0,0.02734375,488,1689781177318,1689778882,231,0,1,1808275,0,0,0
1,468,1689792955961,1689792985679,1,0,0,1,0,7,7,0,0,0,4,0,0,489,1689792213945,1689789085,232,0,1,771734,0.772338867,-0.415466309,0.113586426,0.466918945,-1.30868447,-0.565324962,0.730434716,3.14160156,487,1689784179574,1689778680,230,3,1,8806105,0.0390625,0,-0.01171875,489,1689791176201,1689788882,232,0,1,1809478,0,0,0
1,469,1689802955961,1689803214369,1,0,0,1,0,7,7,0,0,0,4,0,0,490,1689803207518,1689799381,233,0,1,6851,0.772338867,-0.415466309,0.113586426,0.466918945,-1.30868447,-0.565324962,0.730434716,3.14160156,488,1689794174789,1689789480,231,3,1,9039580,0.00390625,0.01171875,0.02734375,490,1689802182106,1689799882,233,0,1,1032263,0,0,0
1,470,1689812955961,1689812986926,1,0,0,1,0,7,7,0,0,0,4,0,0,491,1689812210006,1689809081,234,0,1,776920,0.772338867,-0.415466309,0.113586426,0.466918945,-1.30868447,-0.565324962,0.730434716,3.14160156,489,1689805177917,1689799682,232,3,1,7809009,0.02734375,-0.03515625,0.06640625,491,1689811177984,1689808882,234,0,1,1808942,0,0,0
1,471,1689822955961,1689823215727,1,0,0,1,0,7,7,0,0,0,4,0,0,492,1689823208060,1689818981,235,0,1,7667,0.772338867,-0.415466309,0.113586426,0.466918945,-1.30868447,-0.565324962,0.730434716,3.14160156,490,1689814175869,1689809082,233,3,1,9039858,-0.03125,0.02734375,-0.05078125,492,1689822184352,1689819479,235,0,1,1031375,0,0,0
1,472,1689832955961,1689832985987,1,0,0,1,0,7,7,0,0,0,4,0,0,493,1689832209549,1689829082,236,0,1,776438,0.772338867,-0.415466309,0.113586426,0.466918945,-1.30868447,-0.565324962,0.730434716,3.14160156,491,1689825176923,1689819180,234,3,1,7809064,0.00390625,0.01171875,-0.01171875,493,1689831183082,1689828882,236,0,1,1802905,0,0,0
1,473,1689842955961,1689842986406,1,0,0,1,0,7,7,0,0,0,4,0,0,494,1689842207709,1689839082,237,0,1,778697,0.772338867,-0.415466309,0.113586426,0.466918945,-1.30868447,-0.565324962,0.730434716,3.14160156,492,1689834178152,1689829481,235,3,1,8808254,-0.0078125,-0.0234375,-0.01171875,494,1689841180316,1689838883,237,0,1,1806090,0,0,0
1,474,1689852955961,1689853213911,1,0,0,1,0,7,7,0,0,0,4,0,0,495,1689853207115,1689848982,238,0,1,6796,0.772338867,-0.415466309,0.113586426,0.466918945,-1.30868447,-0.565324962,0.730434716,3.14160156,493,1689844179757,1689839481,236,3,1,9034154,0.0390625,0,-0.01171875,495,1689852178518,1689848783,238,0,1,1035393,0,0,0
1,475,1689862955961,1689863213923,1,0,0,1,0,7,7,0,0,0,4,0,0,496,1689863207405,1689858982,239,0,1,6518,0.772338867,-0.415466309,0.113525391,0.466918945,-1.30870068,-0.565392435,0.730351508,3.14160156,494,1689855179663,1689849380,237,3,1,8034260,0.02734375,-0.03515625,-0.01171875,496,1689862177901,1689859483,239,0,1,1036022,0,0,0
1,476,1689872955961,1689872985702,1,0,0,1,0,7,7,0,0,0,4,0,0,497,1689872203264,1689869078,240,0,1,782438,0.772338867,-0.415466309,0.113525391,0.466918945,-1.30870068,-0.565392435,0.730351508,3.14160156,495,1689865179823,1689858980,238,3,1,7805879,0.01953125,-0.03515625,-0.01171875,497,1689871172130,1689868882,240,0,1,1813572,0,0,0
1,477,1689882955961,1689882985714,1,0,0,1,0,7,7,0,0,0,4,0,0,498,1689882207498,1689879081,241,0,1,778216,0.772338867,-0.415466309,0.113525391,0.466918945,-1.30870068,-0.565392435,0.730351508,3.14160156,496,1689874178812,1689869283,239,3,1,8806902,0.03125,0,-0.05078125,498,1689881177402,1689878882,241,0,1,1808312,0,0,0
1,478,1689892955961,1689892995966,1,0,0,1,0,7,7,0,0,0,4,0,0,499,1689892253990,1689888897,242,0,1,741976,0.772338867,-0.415466309,0.113525391,0.466918945,-1.30870068,-0.565392435,0.730351508,3.14160156,497,1689884177194,1689878883,240,3,1,8818772,-0.00390625,0.01171875,0.02734375,499,1689891253541,1689888687,242,0,1,1742425,0,0,0
1,479,1689902955961,1689902997256,1,0,0,1,0,7,7,0,0,0,4,0,0,500,1689902270779,1689898786,243,0,1,726477,0.772338867,-0.415466309,0.113525391,0.466918945,-1.30870068,-0.565392435,0.730351508,3.14160156,498,1689894224464,1689889282,241,3,1,8772792,-0.00390625,0.01171875,-0.01171875,500,1689901262016,1689898731,243,0,1,1735240,0,0,0
1,480,1689912955961,1689913029137,1,0,0,1,0,7,7,0,0,0,4,0,0,501,1689912246385,1689908895,244,0,1,782752,0.772338867,-0.415466309,0.113525391,0.466918945,-1.30870068,-0.565392435,0.730351508,3.14160156,499,1689904237624,1689899092,242,3,1,8791513,0.0078125,0.05078125,0.02734375,501,1689911284619,1689909029,244,0,1,1744518,0,0,0
1,481,1689922955961,1689922982744,1,0,0,1,0,7,7,0,0,0,4,0,0,502,1689922191954,1689918779,245,0,1,790790,0.772338867,-0.415466309,0.113525391,0.466918945,-1.30870068,-0.565392435,0.730351508,3.14160156,500,1689914234358,1689909288,243,3,1,8748386,0.0078125,0.05078125,0.02734375,502,1689921208819,1689918877,245,0,1,1773925,0,0,0
1,482,1689932955961,1689932985830,1,0,0,1,0,7,7,0,0,0,4,0,0,503,1689932205595,1689928882,246,0,1,780235,0.772338867,-0.415466309,0.113525391,0.466918945,-1.30870068,-0.565392435,0.730351508,3.14160156,501,1689924175390,1689918877,244,3,1,8810440,-0.0390625,0.02734375,0.06640625,503,1689931182480,1689928879,246,0,1,1803350,0,0,0
1,483,1689942955961,1689942987008,1,0,0,1,0,7,7,0,0,0,4,0,0,504,1689942209996,1689938882,247,0,1,777012,0.772338867,-0.415466309,0.113525391,0.466918945,-1.30870068,-0.565392435,0.730351508,3.14160156,502,1689934171458,1689929081,245,3,1,8815550,-0.00390625,0.01171875,0.02734375,504,1689941184529,1689938884,247,0,1,1802479,0,0,0
1,484,1689952955961,1689952986446,1,0,0,1,0,7,7,0,0,0,4,0,0,505,1689952208990,1689948782,248,0,1,777456,0.772338867,-0.415466309,0.113525391,0.466918945,-1.30870068,-0.565392435,0.730351508,3.14160156,503,1689944176563,1689939082,246,3,1,8809883,0.01953125,-0.03515625,-0.01171875,505,1689951181134,1689948880,248,0,1,1805312,0,0,0
1,485,1689962955961,1689962985755,1,0,0,1,0,7,7,0,0,0,4,0,0,506,1689962203113,1689958782,249,0,1,782642,0.772338867,-0.415466309,0.113525391,0.466918945,-1.30870068,-0.565392435,0.730351508,3.14160156,504,1689954178464,1689948883,247,3,1,8807291,0.01953125,-0.03515625,-0.01171875,506,1689961178183,1689958482,249,0,1,1807572,0,0,0
1,486,1689972955961,1689972986230,1,0,0,1,0,7,7,0,0,0,4,0,0,507,1689972208236,1689968782,250,0,1,777994,0.772338867,-0.415466309,0.113525391,0.466918945,-1.30870068,-0.565392435,0.730351508,3.14160156,505,1689964175383,1689958683,248,3,1,8810847,0.01953125,-0.03515625,-0.01171875,507,1689971180788,1689968880,250,0,1,1805442,0,0,0
1,487,1689982955961,1689982986260,1,0,0,1,0,7,7,0,0,0,4,0,0,508,1689982208878,1689978781,251,0,1,777382,0.772338867,-0.415466309,0.113525391,0.466918945,-1.30870068,-0.565392435,0.730351508,3.14160156,506,1689974178988,1689968883,249,3,1,8807272,0.03125,0,-0.01171875,508,1689981178429,1689978882,251,0,1,1807831,0,0,0
1,488,1689992955961,1689992986920,1,0,0,1,0,7,7,0,0,0,4,0,0,509,1689992213667,1689988586,252,0,1,773253,0.772338867,-0.415466309,0.113525391,0.466918945,-1.30870068,-0.565392435,0.730351508,3.14160156,507,1689984175481,1689979082,250,3,1,8811439,-0.00390625,0.01171875,-0.01171875,509,1689991179590,1689988882,252,0,1,1807330,0,0,0
1,489,1690002955961,1690002982803,1,0,0,1,0,7,7,0,0,0,4,0,0,510,1690002189754,1689998779,253,0,1,793049,0.772338867,-0.415466309,0.113525391,0.466918945,-1.30870068,-0.565392435,0.730351508,3.14160156,508,1689994176790,1689989082,251,3,1,8806013,-0.00390625,0.01171875,-0.01171875,510,1690001161454,1689998680,253,0,1,1821349,0,0,0
1,490,1690012955961,1690012982889,1,0,0,1,0,7,7,0,0,0,4,0,0,511,1690012185507,1690008779,254,0,1,797382,0.772338867,-0.415466309,0.113525391,0.466918945,-1.30870068,-0.565392435,0.730351508,3.14160156,509,1690004158191,1689998880,252,3,1,8824698,-0.00390625,0.01171875,0.02734375,511,1690011158633,1690008879,254,0,1,1824256,0,0,0
1,491,1690022955961,1690022983271,1,0,0,1,0,7,7,0,0,0,4,0,0,512,1690022185834,1690018779,255,0,1,797437,0.772338867,-0.415466309,0.113525391,0.466918945,-1.30870068,-0.565392435,0.730351508,3.14160156,510,1690014159814,1690009078,253,3,1,8823457,-0.00390625,0.01171875,-0.01171875,512,1690021158460,1690018880,255,0,1,1824811,0,0,0
1,492,1690032955961,1690032982895,1,0,0,1,0,7,7,0,0,0,4,0,0,513,1690032185957,1690028779,0,0,1,796938,0.772338867,-0.415466309,0.113464355,0.466918945,-1.30871677,-0.565459907,0.730268359,3.14160156,511,1690024159252,1690018380,254,3,1,8823643,0.0078125,0.05078125,0.02734375,513,1690031158398,1690028680,0,0,1,1824497,0,0,0
1,493,1690042955961,1690042983277,1,0,0,1,0,7,7,0,0,0,4,0,0,514,1690042185247,1690038579,1,0,1,798030,0.772338867,-0.415466309,0.113464355,0.46685791,-1.30868781,-0.565476358,0.730313599,3.14160156,512,1690034158412,1690028880,255,3,1,8824865,0.0078125,0.05078125,-0.01171875,514,1690041158206,1690038880,1,0,1,1825071,0,0,0
1,494,1690052955961,1690052983085,1,0,0,1,0,7,7,0,0,0,4,0,0,515,1690052185426,1690048779,2,0,1,797659,0.772338867,-0.415466309,0.113464355,0.46685791,-1.30868781,-0.565476358,0.730313599,3.14160156,513,1690044158536,1690038881,0,3,1,8824549,-0.015625,-0.0234375,-0.01171875,515,1690051158625,1690048980,2,0,1,1824460,0,0,0
1,495,1690062955961,1690062983116,1,0,0,1,0,7,7,0,0,0,4,0,0,516,1690062185142,1690058579,3,0,1,797974,0.772338867,-0.415466309,0.113464355,0.46685791,-1.30868781,-0.565476358,0.730313599,3.14160156,514,1690054158381,1690048681,1,3,1,8824735,-0.015625,-0.0234375,-0.01171875,516,1690061157526,1690058880,3,0,1,1825590,0,0,0
1,496,1690072955961,1690072983091,1,0,0,1,0,7,7,0,0,0,4,0,0,517,1690072185376,1690068779,4,0,1,797715,0.772338867,-0.415466309,0.113464355,0.46685791,-1.30868781,-0.565476358,0.730313599,3.14160156,515,1690064158430,1690058581,2,3,1,8824661,-0.00390625,0.01171875,-0.01171875,517,1690071157761,1690068880,4,0,1,1825330,0,0,0
1,497,1690082955961,1690082982751,1,0,0,1,0,7,7,0,0,0,4,0,0,518,1690082178184,1690078779,5,0,1,804567,0.772338867,-0.415466309,0.113464355,0.46685791,-1.30868781,-0.565476358,0.730313599,3.14160156,516,1690074158127,1690068880,3,3,1,8824624,-0.0546875,-0.01171875,-0.01171875,518,1690081157643,1690078882,5,0,1,1825108,0,0,0
1,498,1690092955961,1690092984115,1,0,0,1,0,7,7,0,0,0,4,0,0,519,1690092185104,1690088583,6,0,1,799011,0.772338867,-0.415466309,0.113464355,0.46685791,-1.30868781,-0.565476358,0.730313599,3.14160156,517,1690084152065,1690078878,4,3,1,8832050,-0.00390625,0.01171875,-0.01171875,519,1690091162729,1690088980,6,0,1,1821386,0,0,0
1,499,1690102955961,1690102986294,1,0,0,1,0,7,7,0,0,0,4,0,0,520,1690102206689,1690098582,7,0,1,779605,0.772338867,-0.415466309,0.113464355,0.46685791,-1.30868781,-0.565476358,0.730313599,3.14160156,518,1690094154763,1690088681,5,3,1,8831531,0.01953125,-0.03515625,-0.01171875,520,1690101178981,1690098482,7,0,1,1807313,0,0,0
1,500,1690112955961,1690112986713,1,0,0,1,0,7,7,0,0,0,4,0,0,521,1690112208571,1690108382,8,0,1,778142,0.772338867,-0.415466309,0.113464355,0.46685791,-1.30868781,-0.565476358,0.730313599,3.14160156,519,1690104179663,1690098583,6,3,1,8807050,0.03125,0,0.02734375,521,1690111181993,1690107880,8,0,1,1804720,0,0,0
1,501,1690122955961,1690122986651,1,0,0,1,0,7,7,0,0,0,4,0,0,522,1690122218287,1690118584,9,0,1,768364,0.772338867,-0.415466309,0.113464355,0.46685791,-1.30868781,-0.565476358,0.730313599,3.14160156,520,1690114177156,1690108582,7,3,1,8809495,0.0078125,0.05078125,-0.01171875,522,1690121221171,1690118881,9,0,1,1765480,0,0,0
1,502,1690132955961,1690132983237,1,0,0,1,0,7,7,0,0,0,4,0,0,523,1690132203966,1690128382,10,0,1,779271,0.772338867,-0.415466309,0.113464355,0.46685791,-1.30868781,-0.565476358,0.730313599,3.14160156,521,1690124178631,1690118383,8,3,1,8804606,-0.00390625,0.01171875,0.02734375,523,1690131180258,1690128982,10,0,1,1802979,0,0,0
1,503,1690142955961,1690142986472,1,0,0,1,0,7,7,0,0,0,4,0,0,524,1690142208256,1690138582,11,0,1,778216,0.772338867,-0.415466309,0.113464355,0.46685791,-1.30868781,-0.565476358,0.730313599,3.14160156,522,1690134176940,1690128882,9,3,1,8809532,-0.00390625,0.01171875,0.02734375,524,1690141179826,1690138682,11,0,1,1806646,0,0,0
1,504,1690152955961,1690152985854,1,0,0,1,0,7,7,0,0,0,4,0,0,525,1690152202601,1690148581,12,0,1,783253,0.772338867,-0.415466309,0.113464355,0.46685791,-1.30868781,-0.565476358,0.730313599,3.14160156,523,1690144177989,1690138583,10,3,1,8807865,-0.00390625,0.01171875,0.02734375,525,1690151177949,1690148983,12,0,1,1807905,0,0,0
1,505,1690162955961,1690162986329,1,0,0,1,0,7,7,0,0,0,4,0,0,526,1690162208224,1690158382,13,0,1,778105,0.772338867,-0.415466309,0.113464355,0.46685791,-1.30868781,-0.565476358,0.730313599,3.14160156,524,1690154180241,1690148681,11,3,1,8806088,-0.00390625,0.01171875,0.02734375,526,1690161179331,1690158883,13,0,1,1806998,0,0,0
1,506,1690172955961,1690172986360,1,0,0,1,0,7,7,0,0,0,4,0,0,527,1690172208162,1690168382,14,0,1,778198,0.772338867,-0.415466309,0.113464355,0.46685791,-1.30868781,-0.565476358,0.730313599,3.14160156,525,1690164174624,1690157982,12,3,1,8811736,-0.015625,-0.0234375,-0.01171875,527,1690171178825,1690168681,14,0,1,1807535,0,0,0
1,507,1690182955961,1690183180088,1,0,0,1,0,7,7,0,0,2,4,0,0,528,1690181207984,1690178081,15,0,1,1972104,0.772338867,-0.415466309,0.113464355,0.46685791,-1.30868781,-0.565476358,0.730313599,3.14160156,527,1690183174662,1690178483,14,3,1,5426,-0.01953125,-0.03125,-0.05078125,528,1690180172573,1690177880,15,0,1,3007515,0,0,0
1,508,1690192955961,1690192986532,1,0,0,1,0,7,5,2,0,0,4,0,0,529,1690192209964,1690188386,16,0,1,776568,0.772338867,-0.415466309,0.113464355,0.46685791,-1.30868781,-0.565476358,0.730313599,3.14160156,527,1690183174662,1690178483,14,3,1,9811870,-0.01953125,-0.03125,-0.05078125,529,1690191177627,1690188882,16,0,1,1808905,0,0,0
1,509,1690202955961,1690202986099,1,0,0,1,0,7,7,0,0,0,4,0,0,530,1690202213939,1690198182,17,0,1,772160,0.772338867,-0.415466309,0.113464355,0.46685791,-1.30868781,-0.565476358,0.730313599,3.14160156,528,1690194180012,1690188379,15,3,1,8806087,-0.00390625,0.00390625,-0.01171875,530,1690201179620,1690198882,17,0,1,1806479,0,0,0
1,510,1690212955961,1690212986778,1,0,0,1,0,7,7,0,0,0,4,0,0,531,1690212209081,1690208183,18,0,1,777697,0.772338867,-0.415466309,0.113464355,0.46685791,-1.30868781,-0.565476358,0.730313599,3.14160156,529,1690204169784,1690198182,16,3,1,8816994,-0.015625,-0.03125,0.02734375,531,1690211217816,1690208691,18,0,1,1768962,0,0,0
1,511,1690222955961,1690222986123,1,0,0,1,0,7,7,0,0,0,4,0,0,532,1690222207037,1690218182,19,0,1,779086,0.772338867,-0.415466309,0.113464355,0.46685791,-1.30868781,-0.565476358,0.730313599,3.14160156,530,1690214176629,1690208582,17,3,1,8809494,-0.0390625,0.01953125,-0.01171875,532,1690221178404,1690218882,19,0,1,1807719,0,0,0
1,512,1690232955961,1690233184037,1,0,0,1,0,7,7,0,0,2,4,0,0,533,1690231207544,1690228281,20,0,1,1976493,0.772338867,-0.415466309,0.113464355,0.46685791,-1.30868781,-0.565476358,0.730313599,3.14160156,532,1690233178889,1690228483,19,3,1,5148,-0.00390625,0.00390625,-0.01171875,533,1690230172596,1690227980,20,0,1,3011441,0,0,0
1,513,1690242955961,1690242985833,1,0,0,1,0,7,5,2,0,0,4,0,0,534,1690242207395,1690238182,21,0,1,778438,0.772338867,-0.415466309,0.113464355,0.46685791,-1.30868781,-0.565476358,0.730313599,3.14160156,532,1690233178889,1690228483,19,3,1,9806944,-0.00390625,0.00390625,-0.01171875,534,1690241177706,1690238482,21,0,1,1808127,0,0,0
1,514,1690252955961,1690253182876,1,0,0,1,0,7,7,0,0,2,4,0,0,535,1690251207402,1690247881,22,0,1,1975474,0.772338867,-0.415466309,0.113464355,0.46685791,-1.30868781,-0.565476358,0.730313599,3.14160156,534,1690253177802,1690248083,21,3,1,5074,-0.00390625,0.00390625,-0.01171875,535,1690250173065,1690247880,22,0,1,3009811,0,0,0
1,515,1690262955961,1690263179832,1,0,0,1,0,7,7,0,0,0,4,0,0,536,1690261201618,1690258081,23,0,1,1978214,0.772338867,-0.415466309,0.113464355,0.46685791,-1.30868781,-0.565476358,0.730313599,3.14160156,535,1690263174925,1690258483,22,3,1,4907,-0.00390625,0.00390625,-0.01171875,536,1690260173114,1690257880,23,0,1,3006718,0,0,0
1,516,1690272955961,1690273183751,1,0,0,1,0,7,7,0,0,0,4,0,0,537,1690271207389,1690267881,24,0,1,1976362,0.772338867,-0.415466309,0.113464355,0.46685791,-1.30868781,-0.565476358,0.730313599,3.14160156,536,1690273178529,1690268483,23,3,1,5222,-0.015625,-0.03125,-0.01171875,537,1690270178774,1690267880,24,0,1,3004977,0,0,0
1,517,1690282955961,1690282985566,1,0,0,1,0,7,5,2,0,0,4,0,0,538,1690282206850,1690278182,25,0,1,778716,0.772338867,-0.415466309,0.113464355,0.46685791,-1.30868781,-0.565476358,0.730313599,3.14160156,536,1690273178529,1690268483,23,3,1,9807037,-0.015625,-0.03125,-0.01171875,538,1690281177624,1690278482,25,0,1,1807942,0,0,0
1,518,1690292955961,1690293186183,1,0,0,1,0,7,7,0,0,2,4,0,0,539,1690291208154,1690288281,26,0,1,1978029,0.772338867,-0.415466309,0.113464355,0.46685791,-1.30868781,-0.565476358,0.730313599,3.14160156,538,1690293180942,1690288483,25,3,1,5241,0.03125,-0.0078125,0.02734375,539,1690290178354,1690287980,26,0,1,3007829,0,0,0
1,519,1690302955961,1690303187195,1,0,0,1,0,7,7,0,0,0,4,0,0,540,1690301207684,1690298082,27,0,1,1979511,0.772338867,-0.415466309,0.113464355,0.46685791,-1.30868781,-0.565476358,0.730313599,3.14160156,539,1690303181917,1690297683,26,3,1,5278,0.03125,-0.0078125,-0.01171875,540,1690300178347,1690297880,27,0,1,3008848,0,0,0
1,520,1690312955961,1690313183763,1,0,0,1,0,7,7,0,0,0,4,0,0,541,1690311207696,1690308082,28,0,1,1976067,0.772338867,-0.415466309,0.113464355,0.46685791,-1.30868781,-0.565476358,0.730313599,3.14160156,540,1690313178429,1690308483,27,3,1,5334,-0.0390625,0.01953125,-0.05078125,541,1690310178637,1690307682,28,0,1,3005126,0,0,0
1,521,1690322955961,1690323184071,1,0,0,1,0,7,7,0,0,0,4,0,0,542,1690321207357,1690317782,29,0,1,1976714,0.772338867,-0.415466309,0.113464355,0.46685791,-1.30868781,-0.565476358,0.730313599,3.14160156,541,1690323178719,1690318083,28,3,1,5352,-0.00390625,0.00390625,-0.01171875,542,1690320178482,1690317883,29,0,1,3005589,0,0,0
1,522,1690332955961,1690333182990,1,0,0,1,0,7,7,0,0,0,4,0,0,543,1690331201813,1690328081,30,0,1,1981177,0.772338867,-0.415466309,0.113464355,0.46685791,-1.30868781,-0.565476358,0.730313599,3.14160156,542,1690333177694,1690328282,29,3,1,5296,-0.015625,-0.03125,-0.01171875,543,1690330175328,1690327882,30,0,1,3007662,0,0,0
1,523,1690342955961,1690343184095,1,0,0,1,0,7,7,0,0,0,4,0,0,544,1690341211640,1690337883,31,0,1,1972455,0.772338867,-0.415466309,0.113464355,0.46685791,-1.30868781,-0.565476358,0.730313599,3.14160156,543,1690343178854,1690337883,30,3,1,5241,0.0078125,0.04296875,0.02734375,544,1690340191784,1690337883,31,0,1,2992311,0,0,0
1,524,1690352955961,1690353183977,1,0,0,1,0,7,7,0,0,0,4,0,0,545,1690351204356,1690348079,32,0,1,1979621,0.772338867,-0.415466309,0.113464355,0.46685791,-1.30868781,-0.565476358,0.730313599,3.14160156,544,1690353178941,1690348483,31,3,1,5036,-0.00390625,0.00390625,-0.01171875,545,1690350173852,1690347882,32,0,1,3010125,0,0,0
1,525,1690362955961,1690363182138,1,0,0,1,0,7,7,0,0,0,4,0,0,546,1690361196331,1690358081,33,0,1,1985807,0.772338867,-0.415466309,0.113464355,0.46685791,-1.30868781,-0.565476358,0.730313599,3.14160156,545,1690363176416,1690358282,32,3,1,5722,0.04296875,0.02734375,-0.01171875,546,1690360176882,1690357882,33,0,1,3005256,0,0,0
1,526,1690372955961,1690372985638,1,0,0,1,0,7,5,2,0,0,4,0,0,547,1690372202996,1690367781,34,0,1,782642,0.772338867,-0.415466309,0.113464355,0.46685791,-1.30868781,-0.565476358,0.730313599,3.14160156,545,1690363176416,1690358282,32,3,1,9809222,0.04296875,0.02734375,-0.01171875,547,1690371175085,1690368080,34,0,1,1810553,0,0,0
1,527,1690382955961,1690382985927,1,0,0,1,0,7,7,0,0,0,4,0,0,548,1690382201860,1690377981,35,0,1,784067,0.772338867,-0.415466309,0.113464355,0.46685791,-1.30868781,-0.565476358,0.730313599,3.14160156,546,1690374175396,1690368383,33,3,1,8810531,-0.00390625,0.00390625,-0.01171875,548,1690381177171,1690378282,35,0,1,1808756,0,0,0
1,528,1690392955961,1690393186118,1,0,0,1,0,7,7,0,0,2,4,0,0,549,1690391207293,1690387581,36,0,1,1978825,0.772338867,-0.415466309,0.113464355,0.46685791,-1.30868781,-0.565476358,0.730313599,3.14160156,548,1690393180618,1690387884,35,3,1,5500,-0.00390625,0.00390625,-0.01171875,549,1690390178363,1690387882,36,0,1,3007755,0,0,0
1,529,1690402955961,1690403184723,1,0,0,1,0,7,7,0,0,0,4,0,0,550,1690401203805,1690397781,37,0,1,1980918,0.772338867,-0.415466309,0.113464355,0.46685791,-1.30868781,-0.565476358,0.730313599,3.14160156,549,1690403179519,1690397583,36,3,1,5204,-0.00390625,0.00390625,0.02734375,550,1690400177356,1690397882,37,0,1,3007367,0,0,0
1,530,1690412955961,1690413183976,1,0,0,1,0,7,7,0,0,0,4,0,0,551,1690411205576,1690407779,38,0,1,1978400,0.772338867,-0.415466309,0.113464355,0.46685791,-1.30868781,-0.565476358,0.730313599,3.14160156,550,1690413178809,1690408283,37,3,1,5167,0.03125,-0.0078125,0.02734375,551,1690410173795,1690407982,38,0,1,3010181,0,0,0
1,531,1690422955961,1690423182136,1,0,0,1,0,7,7,0,0,0,4,0,0,552,1690421202681,1690417882,39,0,1,1979455,0.772338867,-0.415466309,0.113464355,0.46685791,-1.30868781,-0.565476358,0.730313599,3.14160156,551,1690423176414,1690417883,38,3,1,5722,-0.00390625,0.00390625,-0.01171875,552,1690420179029,1690417482,39,0,1,3003107,0,0,0
1,532,1690432955961,1690433186240,1,0,0,1,0,7,7,0,0,0,4,0,0,553,1690431207952,1690427782,40,0,1,1978288,0.772338867,-0.415466309,0.113464355,0.46685791,-1.30868781,-0.565476358,0.730313599,3.14160156,552,1690433180555,1690428080,39,3,1,5685,-0.00390625,0.00390625,-0.01171875,553,1690430180670,1690427880,40,0,1,3005570,0,0,0
1,533,1690442955961,1690443186030,1,0,0,1,0,7,7,0,0,0,4,0,0,554,1690441207260,1690437781,41,0,1,1978770,0.772399902,-0.415466309,0.113464355,0.46685791,-1.30848956,-0.565536439,0.730176806,3.14160156,553,1690443180771,1690437380,40,3,1,5259,-0.00390625,0.00390625,-0.01171875,554,1690440178886,1690437879,41,0,1,3007144,0,0,0
1,534,1690452955961,1690453178135,1,0,0,1,0,7,7,0,0,0,4,0,0,555,1690451207828,1690447782,42,0,1,1970307,0.772399902,-0.415466309,0.113464355,0.46685791,-1.30848956,-0.565536439,0.730176806,3.14160156,554,1690453172746,1690448083,41,3,1,5389,-0.00390625,0.00390625,0.02734375,555,1690450178843,1690447883,42,0,1,2999292,0,0,0
1,535,1690462955961,1690463175721,1,0,0,1,0,7,7,0,0,0,4,0,0,556,1690461203118,1690457381,43,0,1,1972603,0.772399902,-0.415466309,0.113464355,0.46685791,-1.30848956,-0.565536439,0.730176806,3.14160156,555,1690463170518,1690457683,42,3,1,5203,0.01953125,-0.04296875,-0.01171875,556,1690460177225,1690457882,43,0,1,2998496,0,0,0
1,536,1690472955961,1690473185807,1,0,0,1,0,7,7,0,0,0,4,0,0,557,1690471203075,1690467782,44,0,1,1982732,0.772399902,-0.415466309,0.113464355,0.46685791,-1.30848956,-0.565536439,0.730176806,3.14160156,556,1690473180659,1690467880,43,3,1,5148,0.0078125,0.04296875,-0.01171875,557,1690470178515,1690467982,44,0,1,3007292,0,0,0
1,537,1690482955961,1690483177597,1,0,0,1,0,7,7,0,0,0,4,0,0,558,1690481201827,1690477581,45,0,1,1975770,0.772399902,-0.415466309,0.113464355,0.46685791,-1.30848956,-0.565536439,0.730176806,3.14160156,557,1690483172542,1690477580,44,3,1,5055,-0.00390625,0.00390625,-0.01171875,558,1690480176490,1690477882,45,0,1,3001107,0,0,0
1,538,1690492955961,1690493187090,1,0,0,1,0,7,7,0,0,0,4,0,0,559,1690491207469,1690487782,46,0,1,1979621,0.772399902,-0.415466309,0.113464355,0.46685791,-1.30848956,-0.565536439,0.730176806,3.14160156,558,1690493181813,1690488083,45,3,1,5277,-0.015625,-0.03125,-0.01171875,559,1690490178113,1690487882,46,0,1,3008977,0,0,0
1,539,1690502955961,1690503186343,1,0,0,1,0,7,7,0,0,0,4,0,0,560,1690501208055,1690497782,47,0,1,1978288,0.772399902,-0.415405273,0.113464355,0.46685791,-1.30848527,-0.5654248,0.73012656,3.14160156,559,1690503181177,1690497880,46,3,1,5166,-0.00390625,0.00390625,-0.05078125,560,1690500177940,1690497882,47,0,1,3008403,0,0,0
1,540,1690512955961,1690513183115,1,0,0,1,0,7,7,0,0,0,4,0,0,561,1690511207234,1690507782,48,0,1,1975881,0.772399902,-0.415405273,0.113464355,0.46685791,-1.30848527,-0.5654248,0.73012656,3.14160156,560,1690513178004,1690507881,47,3,1,5111,0.03125,-0.0078125,0.02734375,561,1690510177952,1690507983,48,0,1,3005163,0,0,0
1,541,1690522955961,1690523182571,1,0,0,1,0,7,7,0,0,0,4,0,0,562,1690521209116,1690517781,49,0,1,1973455,0.772399902,-0.415405273,0.113464355,0.466918945,-1.30851424,-0.565408349,0.73008132,3.14160156,561,1690523177405,1690517681,48,3,1,5166,-0.00390625,0.00390625,-0.01171875,562,1690520178038,1690517682,49,0,1,3004533,0,0,0
1,542,1690532955961,1690532985571,1,0,0,1,0,7,7,0,0,0,4,0,0,563,1690530202049,1690527281,50,0,1,2783522,0.772399902,-0.415405273,0.113464355,0.466918945,-1.30851424,-0.565408349,0.73008132,3.14160156,562,1690532174727,1690527482,49,3,1,810844,0.0078125,0.04296875,-0.01171875,563,1690529176156,1690526882,50,0,1,3809415,0,0,0
1,543,1690542955961,1690543183410,1,0,0,1,0,7,7,0,0,0,4,0,0,564,1690541208696,1690537581,51,0,1,1974714,0.772399902,-0.415405273,0.113464355,0.466918945,-1.30851424,-0.565408349,0.73008132,3.14160156,563,1690543178318,1690537381,50,3,1,5092,-0.00390625,0.0078125,0.06640625,564,1690540178562,1690537882,51,0,1,3004848,0,0,0
1,544,1690552955961,1690553183052,1,0,0,1,0,7,7,0,0,0,4,0,0,565,1690551208282,1690547381,52,0,1,1974770,0.772399902,-0.415405273,0.113464355,0.466918945,-1.30851424,-0.565408349,0.73008132,3.14160156,564,1690553177904,1690547883,51,3,1,5148,0.03125,-0.0078125,-0.01171875,565,1690550178037,1690547883,52,0,1,3005015,0,0,0
1,545,1690562955961,1690563179786,1,0,0,1,0,7,7,0,0,0,4,0,0,566,1690561201813,1690557581,53,0,1,1977973,0.772399902,-0.415405273,0.113464355,0.466918945,-1.30851424,-0.565408349,0.73008132,3.14160156,565,1690563174842,1690557682,52,3,1,4944,-0.00390625,0.00390625,0.02734375,566,1690560179197,1690557683,53,0,1,3000589,0,0,0
1,546,1690572955961,1690573183002,1,0,0,1,0,7,7,0,0,0,4,0,0,567,1690571207917,1690567581,54,0,1,1975085,0.772399902,-0.415405273,0.113464355,0.466918945,-1.30851424,-0.565408349,0.73008132,3.14160156,566,1690573177965,1690567882,53,3,1,5037,0.01953125,-0.04296875,0.02734375,567,1690570179061,1690567982,54,0,1,3003941,0,0,0
1,547,1690582955961,1690583183143,1,0,0,1,0,7,7,0,0,0,4,0,0,568,1690581207670,1690577382,55,0,1,1975473,0.772399902,-0.415405273,0.113464355,0.466918945,-1.30851424,-0.565408349,0.73008132,3.14160156,567,1690583177940,1690577383,54,3,1,5203,-0.0390625,0.01953125,-0.01171875,568,1690580178870,1690577882,55,0,1,3004273,0,0,0
1,548,1690592955961,1690593186711,1,0,0,1,0,7,7,0,0,0,4,0,0,569,1690591207663,1690587582,56,0,1,1979048,0.772399902,-0.415405273,0.113464355,0.466918945,-1.30851424,-0.565408349,0.73008132,3.14160156,568,1690593181396,1690587882,55,3,1,5315,-0.0390625,0.01953125,-0.01171875,569,1690590178048,1690587882,56,0,1,3008663,0,0,0
1,549,1690602955961,1690602985859,1,0,0,1,0,7,7,0,0,0,4,0,0,570,1690600207189,1690597082,57,0,1,2778670,0.772399902,-0.415405273,0.113464355,0.466918945,-1.30851424,-0.565408349,0.73008132,3.14160156,569,1690602177459,1690597483,56,3,1,808400,0.03125,-0.0078125,-0.01171875,570,1690599178222,1690596880,57,0,1,3807637,0,0,0
1,550,1690612955961,1690613183013,1,0,0,1,0,7,7,0,0,0,4,0,0,571,1690611207373,1690607381,58,0,1,1975640,0.772399902,-0.415405273,0.113464355,0.466918945,-1.30851424,-0.565408349,0.73008132,3.14160156,570,1690613177921,1690607583,57,3,1,5092,-0.00390625,0.00390625,0.02734375,571,1690610181387,1690607882,58,0,1,3001626,0,0,0
1,551,1690622955961,1690623181729,1,0,0,1,0,7,7,0,0,0,4,0,0,572,1690621203422,1690617381,59,0,1,1978307,0.772399902,-0.415405273,0.113464355,0.466918945,-1.30851424,-0.565408349,0.73008132,3.14160156,571,1690623176470,1690617183,58,3,1,5259,0.03125,-0.0078125,0.02734375,572,1690620201473,1690617883,59,0,1,2980256,0,0,0
1,552,1690632955961,1690632985951,1,0,0,1,0,7,5,2,0,0,4,0,0,573,1690632202013,1690627481,60,0,1,783938,0.772399902,-0.415405273,0.113464355,0.466918945,-1.30851424,-0.565408349,0.73008132,3.14160156,571,1690623176470,1690617183,58,3,1,9809481,0.03125,-0.0078125,0.02734375,573,1690631177379,1690627783,60,0,1,1808572,0,0,0
1,553,1690642955961,1690643180234,1,0,0,1,0,7,7,0,0,2,4,0,0,574,1690641201539,1690637581,61,0,1,1978695,0.772399902,-0.415405273,0.113464355,0.466918945,-1.30851424,-0.565408349,0.73008132,3.14160156,573,1690643175253,1690637683,60,3,1,4981,-0.00390625,0.00390625,0.02734375,574,1690640176368,1690637882,61,0,1,3003866,0,0,0
1,554,1690652955961,1690653184284,1,0,0,1,0,7,7,0,0,0,4,0,0,575,1690651208903,1690647182,62,0,1,1975381,0.772399902,-0.415405273,0.113464355,0.466918945,-1.30851424,-0.565408349,0.73008132,3.14160156,574,1690653179266,1690647683,61,3,1,5018,-0.00390625,0.00390625,0.02734375,575,1690650179917,1690647880,62,0,1,3004367,0,0,0
1,555,1690662955961,1690663180334,1,0,0,1,0,7,7,0,0,0,4,0,0,576,1690661202064,1690657381,63,0,1,1978270,0.772399902,-0.415405273,0.113464355,0.466918945,-1.30851424,-0.565408349,0.73008132,3.14160156,575,1690663175334,1690657383,62,3,1,5000,-0.00390625,0.00390625,0.02734375,576,1690660173912,1690657680,63,0,1,3006422,0,0,0
1,556,1690672955961,1690672988779,1,0,0,1,0,7,7,0,0,0,4,0,0,577,1690670207183,1690666882,64,0,1,2781596,0.772399902,-0.415405273,0.113464355,0.466918945,-1.30851424,-0.565408349,0.73008132,3.14160156,576,1690672177713,1690667283,63,3,1,811066,-0.015625,-0.03125,-0.01171875,577,1690669179012,1690666980,64,0,1,3809767,0,0,0
1,557,1690682955961,1690682986107,1,0,0,1,0,7,7,0,0,0,4,0,0,578,1690680202808,1690677081,65,0,1,2783299,0.772399902,-0.415405273,0.113464355,0.466918945,-1.30851424,-0.565408349,0.73008132,3.14160156,577,1690682179467,1690677483,64,3,1,806640,0.03125,-0.0078125,-0.01171875,578,1690679186414,1690676882,65,0,1,3799693,0,0,0
1,558,1690692955961,1690693187225,1,0,0,1,0,7,7,0,0,0,4,0,0,579,1690691202585,1690687182,66,0,1,1984640,0.772399902,-0.415405273,0.113464355,0.466918945,-1.30851424,-0.565408349,0.73008132,3.14160156,578,1690693181688,1690687683,65,3,1,5537,-0.015625,-0.03125,0.02734375,579,1690690174248,1690687980,66,0,1,3012977,0,0,0
1,559,1690702955961,1690703184220,1,0,0,1,0,7,7,0,0,0,4,0,0,580,1690701208746,1690697382,67,0,1,1975474,0.772399902,-0.415405273,0.113464355,0.466918945,-1.30851424,-0.565408349,0.73008132,3.14160156,579,1690703179090,1690697683,66,3,1,5130,-0.00390625,0.00390625,-0.01171875,580,1690700178835,1690697883,67,0,1,3005385,0,0,0
1,560,1690712955961,1690712983054,1,0,0,1,0,7,7,0,0,0,4,0,0,581,1690710212921,1690707282,68,0,1,2770133,0.772399902,-0.415405273,0.113464355,0.466918945,-1.30851424,-0.565408349,0.73008132,3.14160156,580,1690712172488,1690707483,67,3,1,810566,-0.0390625,0.01953125,-0.01171875,581,1690709178176,1690706882,68,0,1,3804878,0,0,0
1,561,1690722955961,1690722986049,1,0,0,1,0,7,7,0,0,0,4,0,0,582,1690720207971,1690717281,69,0,1,2778078,0.772399902,-0.415405273,0.113464355,0.466918945,-1.30851424,-0.565408349,0.73008132,3.14160156,581,1690722178371,1690716884,68,3,1,807678,0.0703125,-0.01953125,0.02734375,582,1690719176578,1690716882,69,0,1,3809471,0,0,0
1,562,1690732955961,1690733184000,1,0,0,1,0,7,7,0,0,0,4,0,0,583,1690731208860,1690727182,70,0,1,1975140,0.772399902,-0.415405273,0.113464355,0.466918945,-1.30851424,-0.565408349,0.73008132,3.14160156,582,1690733178741,1690727583,69,3,1,5259,0.01953125,-0.04296875,-0.01171875,583,1690730177837,1690727882,70,0,1,3006163,0,0,0
1,563,1690742955961,1690742985242,1,0,0,1,0,7,7,0,0,0,4,0,0,584,1690740203090,1690736781,71,0,1,2782152,0.772399902,-0.415405273,0.113464355,0.466918945,-1.30851424,-0.565408349,0.73008132,3.14160156,583,1690742175175,1690737083,70,3,1,810067,-0.00390625,0.00390625,0.02734375,584,1690739186123,1690736883,71,0,1,3799119,0,0,0
1,564,1690752955961,1690752985755,1,0,0,1,0,7,7,0,0,0,4,0,0,585,1690750202696,1690747081,72,0,1,2783059,0.772399902,-0.415405273,0.113464355,0.466918945,-1.30851424,-0.565408349,0.73008132,3.14160156,584,1690752175596,1690747283,71,3,1,810159,0.01953125,-0.04296875,0.02734375,585,1690749176747,1690746882,72,0,1,3809008,0,0,0
1,565,1690762955961,1690763181003,1,0,0,1,0,7,7,0,0,0,4,0,0,586,1690761202844,1690757182,73,0,1,1978159,0.772399902,-0.415405273,0.113464355,0.466918945,-1.30851424,-0.565408349,0.73008132,3.14160156,585,1690763176058,1690756983,72,3,1,4945,-0.00390625,0.00390625,-0.01171875,586,1690760177747,1690757683,73,0,1,3003256,0,0,0
1,566,1690772955961,1690772985966,1,0,0,1,0,7,7,0,0,0,4,0,0,587,1690770207833,1690767281,74,0,1,2778133,0.772399902,-0.415405273,0.113464355,0.466918945,-1.30851424,-0.565408349,0.73008132,3.14160156,586,1690772177974,1690767483,73,3,1,807992,0.01953125,-0.04296875,-0.01171875,587,1690769179310,1690766882,74,0,1,3806656,0,0,0
1,567,1690782955961,1690782985665,1,0,0,1,0,7,7,0,0,0,4,0,0,588,1690780207309,1690777082,75,0,1,2778356,0.772399902,-0.415405273,0.113464355,0.466918945,-1.30851424,-0.565408349,0.73008132,3.14160156,587,1690782179320,1690777480,74,3,1,806345,-0.00390625,0.00390625,0.02734375,588,1690779177527,1690776882,75,0,1,3808138,0,0,0
1,568,1690792955961,1690792986567,1,0,0,1,0,7,7,0,0,0,4,0,0,589,1690790208804,1690787081,76,0,1,2777763,0.772399902,-0.415405273,0.113464355,0.466918945,-1.30851424,-0.565408349,0.73008132,3.14160156,588,1690792182463,1690787085,75,3,1,804104,0.0078125,0.04296875,-0.05078125,589,1690789179059,1690786882,76,0,1,3807508,0,0,0
1,569,1690802955961,1690803183129,1,0,0,1,0,7,7,0,0,0,4,0,0,590,1690801208840,1690797181,77,0,1,1974289,0.772399902,-0.415405273,0.113464355,0.466918945,-1.30851424,-0.565408349,0.73008132,3.14160156,589,1690803178037,1690797183,76,3,1,5092,-0.00390625,0.00390625,-0.01171875,590,1690800178762,1690797682,77,0,1,3004367,0,0,0
1,570,1690812955961,1690812985778,1,0,0,1,0,7,7,0,0,0,4,0,0,591,1690810210478,1690806581,78,0,1,2775300,0.772399902,-0.415405273,0.113464355,0.466918945,-1.30851424,-0.565408349,0.73008132,3.14160156,590,1690812177489,1690806880,77,3,1,808289,0.03125,-0.0078125,-0.01171875,591,1690809177696,1690806882,78,0,1,3808082,0,0,0
1,571,1690822955961,1690822986032,1,0,0,1,0,7,7,0,0,0,4,0,0,592,1690820208825,1690816882,79,0,1,2777207,0.772399902,-0.415405273,0.113464355,0.466918945,-1.30851424,-0.565408349,0.73008132,3.14160156,591,1690822177576,1690816680,78,3,1,808456,-0.00390625,0.00390625,0.02734375,592,1690819179543,1690816882,79,0,1,3806489,0,0,0
1,572,1690832955961,1690832985527,1,0,0,1,0,7,7,0,0,0,4,0,0,593,1690830202505,1690826881,80,0,1,2783022,0.772399902,-0.415405273,0.113464355,0.466918945,-1.30851424,-0.565408349,0.73008132,3.14160156,592,1690832172553,1690827480,79,3,1,812974,0.0390625,0.03125,0.0625,593,1690829175834,1690826982,80,0,1,3809693,0,0,0
1,573,1690842955961,1690842985818,1,0,0,1,0,7,7,0,0,0,4,0,0,594,1690840207092,1690837082,81,0,1,2778726,0.772399902,-0.415405273,0.113464355,0.466918945,-1.30851424,-0.565408349,0.73008132,3.14160156,593,1690842178232,1690837280,80,3,1,807586,-0.01171875,0.00390625,-0.01171875,594,1690839178717,1690836883,81,0,1,3807101,0,0,0
1,574,1690852955961,1690852985720,1,0,0,1,0,7,7,0,0,0,4,0,0,595,1690850208642,1690847082,82,0,1,2777078,0.772399902,-0.415405273,0.113464355,0.466918945,-1.30851424,-0.565408349,0.73008132,3.14160156,594,1690852177560,1690847280,81,3,1,808160,-0.01171875,0.00390625,0.02734375,595,1690849177582,1690846982,82,0,1,3808138,0,0,0
1,575,1690862955961,1690862985918,1,0,0,1,0,7,7,0,0,0,4,0,0,596,1690860208044,1690856881,83,0,1,2777874,0.772399902,-0.415405273,0.113464355,0.466918945,-1.30851424,-0.565408349,0.73008132,3.14160156,595,1690862178425,1690856683,82,3,1,807493,0.0234375,-0.0078125,0.01953125,596,1690859177892,1690856882,83,0,1,3808026,0,0,0
1,576,1690872955961,1690872986357,1,0,0,1,0,7,7,0,0,0,4,0,0,597,1690870209279,1690866882,84,0,1,2777078,0.772399902,-0.415405273,0.11340332,0.466918945,-1.30853045,-0.565475821,0.729998112,3.14160156,596,1690872180272,1690867283,83,3,1,806085,-0.01171875,0.00390625,-0.05859375,597,1690869177609,1690866883,84,0,1,3808748,0,0,0
1,577,1690882955961,1690882986481,1,0,0,1,0,7,7,0,0,0,4,0,0,598,1690880201867,1690877281,85,0,1,2784614,0.772399902,-0.415405273,0.11340332,0.466918945,-1.30853045,-0.565475821,0.729998112,3.14160156,597,1690882178877,1690877682,84,3,1,807604,0.0234375,-0.0078125,-0.01171875,598,1690879175696,1690876882,85,0,1,3810785,0,0,0
1,578,1690892955961,1690893185951,1,0,0,1,0,7,7,0,0,0,4,0,0,599,1690891207107,1690886981,86,0,1,1978844,0.772399902,-0.415405273,0.11340332,0.466918945,-1.30853045,-0.565475821,0.729998112,3.14160156,598,1690893180192,1690886982,85,3,1,5759,0.0234375,-0.0078125,-0.01171875,599,1690890176436,1690887082,86,0,1,3009515,0,0,0
1,579,1690902955961,1690902985767,1,0,0,1,0,7,7,0,0,0,4,0,0,600,1690900202374,1690896882,87,0,1,2783393,0.772399902,-0.415405273,0.11340332,0.466918945,-1.30853045,-0.565475821,0.729998112,3.14160156,599,1690902174719,1690896582,86,3,1,811048,0,0.04296875,-0.01171875,600,1690899175667,1690896682,87,0,1,3810100,0,0,0
1,580,1690912955961,1690912987613,1,0,0,1,0,7,7,0,0,0,4,0,0,601,1690910211147,1690906882,88,0,1,2776466,0.772399902,-0.415405273,0.11340332,0.466918945,-1.30853045,-0.565475821,0.729998112,3.14160156,600,1690912179213,1690907283,87,3,1,808400,0.01171875,-0.04296875,-0.01171875,601,1690909178680,1690906882,88,0,1,3808933,0,0,0
1,581,1690922955961,1690922990385,1,0,0,1,0,7,7,0,0,0,4,0,0,602,1690920236770,1690916887,89,0,1,2753615,0.772399902,-0.415405273,0.11340332,0.466918945,-1.30853045,-0.565475821,0.729998112,3.14160156,601,1690922234762,1690917089,88,3,1,755623,-0.046875,0.01953125,-0.01171875,602,1690919214543,1690916883,89,0,1,3775842,0,0,0
1,582,1690932955961,1690932993973,1,0,0,1,0,7,7,0,0,0,4,0,0,603,1690930220765,1690926584,90,0,1,2773208,0.772399902,-0.415405273,0.11340332,0.466918945,-1.30853045,-0.565475821,0.729998112,3.14160156,602,1690932242034,1690927095,89,3,1,751939,-0.01171875,0.00390625,-0.01171875,603,1690929236167,1690926983,90,0,1,3757806,0,0,0
1,583,1690942955961,1690942991338,1,0,0,1,0,7,7,0,0,0,4,0,0,604,1690940269147,1690936799,91,0,1,2722191,0.772399902,-0.415344238,0.11340332,0.466918945,-1.30852628,-0.565364122,0.729947805,3.14160156,603,1690942247565,1690936693,90,3,1,743773,0.01171875,-0.04296875,-0.01171875,604,1690939271197,1690936496,91,0,1,3720141,0,0,0
1,584,1690952955961,1690952985573,1,0,0,1,0,7,7,0,0,0,4,0,0,605,1690950234198,1690946884,92,0,1,2751375,0.772399902,-0.415344238,0.11340332,0.466918945,-1.30852628,-0.565364122,0.729947805,3.14160156,604,1690952176710,1690947281,91,3,1,808863,-0.01171875,0.00390625,-0.01171875,605,1690949237323,1690946888,92,0,1,3748250,0,0,0
1,585,1690962955961,1690962986012,1,0,0,1,0,7,7,0,0,0,4,0,0,606,1690960205749,1690956782,93,0,1,2780263,0.772399902,-0.415344238,0.11340332,0.466918945,-1.30852628,-0.565364122,0.729947805,3.14160156,605,1690962182723,1690956380,92,3,1,803289,0.0234375,-0.0078125,-0.01171875,606,1690959180764,1690956879,93,0,1,3805248,0,0,0
1,586,1690972955961,1690972986211,1,0,0,1,0,7,7,0,0,0,4,0,0,607,1690970204022,1690966779,94,0,1,2782189,0.772399902,-0.415344238,0.11340332,0.466918945,-1.30852628,-0.565364122,0.729947805,3.14160156,606,1690972177051,1690967083,93,3,1,809160,0,0.04296875,-0.05078125,607,1690969172203,1690966682,94,0,1,3814008,0,0,0
1,587,1690982955961,1690982985927,1,0,0,1,0,7,7,0,0,0,4,0,0,608,1690980203868,1690976782,95,0,1,2782059,0.772399902,-0.415344238,0.11340332,0.466918945,-1.30852628,-0.565364122,0.729947805,3.14160156,607,1690982177750,1690976883,94,3,1,808177,-0.01171875,0.00390625,0.02734375,608,1690979180327,1690976680,95,0,1,3805600,0,0,0
1,588,1690992955961,1690992986903,1,0,0,1,0,7,7,0,0,0,4,0,0,609,1690990205733,1690986779,96,0,1,2781170,0.772399902,-0.415344238,0.11340332,0.466918945,-1.30852628,-0.565364122,0.729947805,3.14160156,608,1690992194392,1690987089,95,3,1,792511,0.0234375,-0.0078125,-0.01171875,609,1690989174026,1690986982,96,0,1,3812877,0,0,0
1,589,1691002955961,1691002982917,1,0,0,1,0,7,7,0,0,0,4,0,0,610,1691000178136,1690996580,97,0,1,2804781,0.772399902,-0.415344238,0.11340332,0.466918945,-1.30852628,-0.565364122,0.729947805,3.14160156,609,1691002159869,1690996580,96,3,1,823048,0.0234375,-0.0078125,-0.01171875,610,1690999155317,1690996880,97,0,1,3827600,0,0,0
1,590,1691012955961,1691012982134,1,0,0,1,0,7,7,0,0,0,4,0,0,611,1691010189964,1691006779,98,0,1,2792170,0.772399902,-0.415344238,0.11340332,0.466918945,-1.30852628,-0.565364122,0.729947805,3.14160156,610,1691012156845,1691007077,97,3,1,825289,-0.01171875,0.00390625,0.02734375,611,1691009161997,1691006877,98,0,1,3820137,0,0,0
1,591,1691022955961,1691022983184,1,0,0,1,0,7,7,0,0,0,4,0,0,612,1691020186310,1691016780,99,0,1,2796874,0.772399902,-0.415344238,0.11340332,0.466918945,-1.30852628,-0.565364122,0.729947805,3.14160156,611,1691022158266,1691017080,98,3,1,824918,-0.046875,0.01953125,-0.01171875,612,1691019161917,1691016880,99,0,1,3821267,0,0,0
1,592,1691032955961,1691032982975,1,0,0,1,0,7,7,0,0,0,4,0,0,613,1691030185120,1691026580,100,0,1,2797855,0.772399902,-0.415344238,0.11340332,0.466918945,-1.30852628,-0.565364122,0.729947805,3.14160156,612,1691032158112,1691026680,99,3,1,824863,-0.01171875,0.00390625,0.02734375,613,1691029159634,1691026880,100,0,1,3823341,0,0,0
1,593,1691042955961,1691042982728,1,0,0,1,0,7,7,0,0,0,4,0,0,614,1691040185355,1691036579,101,0,1,2797373,0.772399902,-0.415344238,0.11340332,0.466918945,-1.30852628,-0.565364122,0.729947805,3.14160156,613,1691042158440,1691036580,100,3,1,824288,-0.01171875,0.00390625,-0.01171875,614,1691039158555,1691036480,101,0,1,3824173,0,0,0
1,594,1691052955961,1691052982797,1,0,0,1,0,7,7,0,0,0,4,0,0,615,1691050185090,1691046579,102,0,1,2797707,0.772399902,-0.415344238,0.11340332,0.466918945,-1.30852628,-0.565364122,0.729947805,3.14160156,614,1691052158805,1691046880,101,3,1,823992,0,0.04296875,-0.01171875,615,1691049158975,1691046880,102,0,1,3823822,0,0,0
1,595,1691062955961,1691062983366,1,0,0,1,0,7,7,0,0,0,4,0,0,616,1691060184900,1691056579,103,0,1,2798466,0.772399902,-0.415344238,0.113342285,0.466918945,-1.30854225,-0.565431714,0.729864597,3.14160156,615,1691062170077,1691056683,102,3,1,813289,-0.0234375,-0.03125,0.02734375,616,1691059160988,1691056878,103,0,1,3822378,0,0,0
1,596,1691072955961,1691072983175,1,0,0,1,0,7,7,0,0,0,4,0,0,617,1691070186376,1691066379,104,0,1,2796799,0.772399902,-0.415344238,0.113342285,0.466918945,-1.30854225,-0.565431714,0.729864597,3.14160156,616,1691072159183,1691066680,103,3,1,823992,0.07421875,0.015625,-0.01171875,617,1691069159853,1691066879,104,0,1,3823322,0,0,0
1,597,1691082955961,1691082980318,1,0,0,1,0,7,7,0,0,0,4,0,0,618,1691080185667,1691076579,105,0,1,2794651,0.772399902,-0.415344238,0.113342285,0.466918945,-1.30854225,-0.565431714,0.729864597,3.14160156,617,1691082153363,1691076580,104,3,1,826955,-0.0625,-0.01953125,-0.01171875,618,1691079159033,1691076680,105,0,1,3821285,0,0,0
1,598,1691092955961,1691092983665,1,0,0,1,0,7,7,0,0,0,4,0,0,619,1691090176773,1691086779,106,0,1,2806892,0.772399902,-0.415344238,0.113342285,0.466918945,-1.30854225,-0.565431714,0.729864597,3.14160156,618,1691092161598,1691086885,105,3,1,822067,0.0234375,-0.0078125,-0.01171875,619,1691089153380,1691086879,106,0,1,3830285,0,0,0
1,599,1691102955961,1691102985807,1,0,0,1,0,7,7,0,0,0,4,0,0,620,1691100195971,1691096381,107,0,1,2789836,0.772460938,-0.415344238,0.113342285,0.466918945,-1.30834413,-0.565491796,0.729727864,3.14160156,619,1691102174944,1691095981,106,3,1,810863,-0.01171875,0.00390625,-0.05078125,620,1691099178448,1691096882,107,0,1,3807359,0,0,0
1,600,1691112955961,1691112986709,1,0,0,1,0,7,7,0,0,0,4,0,0,621,1691110208020,1691106382,108,0,1,2778689,0.772460938,-0.415344238,0.113342285,0.466918945,-1.30834413,-0.565491796,0.729727864,3.14160156,620,1691112203327,1691106681,107,3,1,783382,0.0234375,-0.0078125,0.02734375,621,1691109206515,1691106686,108,0,1,3780194,0,0,0
1,601,1691122955961,1691122985759,1,0,0,1,0,7,7,0,0,0,4,0,0,622,1691120204348,1691116382,109,0,1,2781411,0.772460938,-0.415344238,0.113342285,0.46685791,-1.30831516,-0.565508127,0.729773104,3.14160156,621,1691122176545,1691116683,108,3,1,809214,-0.01171875,0.00390625,-0.05078125,622,1691119209251,1691116883,109,0,1,3776508,0,0,0
1,602,1691132955961,1691132985458,1,0,0,1,0,7,7,0,0,0,4,0,0,623,1691130201232,1691126381,110,0,1,2784226,0.772460938,-0.415344238,0.113342285,0.46685791,-1.30831516,-0.565508127,0.729773104,3.14160156,622,1691132174910,1691126383,109,3,1,810548,0,0.04296875,0.02734375,623,1691129176932,1691126882,110,0,1,3808526,0,0,0
1,603,1691142955961,1691142985730,1,0,0,1,0,7,7,0,0,0,4,0,0,624,1691140202041,1691136181,111,0,1,2783689,0.772460938,-0.415344238,0.113342285,0.46685791,-1.30831516,-0.565508127,0.729773104,3.14160156,623,1691142175201,1691136182,110,3,1,810529,0.01171875,-0.04296875,-0.01171875,624,1691139176185,1691136882,111,0,1,3809545,0,0,0
1,604,1691152955961,1691153184792,1,0,0,1,0,7,7,0,0,0,4,0,0,625,1691151207319,1691146282,112,0,1,1977473,0.772460938,-0.415344238,0.113342285,0.46685791,-1.30831516,-0.565508127,0.729773104,3.14160156,624,1691153179626,1691146584,111,3,1,5166,-0.01171875,0.00390625,-0.05078125,625,1691150180074,1691146882,112,0,1,3004718,0,0,0
1,605,1691162955961,1691162986293,1,0,0,1,0,7,7,0,0,0,4,0,0,626,1691160208105,1691156382,113,0,1,2778188,0.772460938,-0.415344238,0.113342285,0.46685791,-1.30831516,-0.565508127,0.729773104,3.14160156,625,1691162179671,1691156681,112,3,1,806622,0.0234375,-0.0078125,-0.00390625,626,1691159179452,1691156882,113,0,1,3806841,0,0,0
1,606,1691172955961,1691172987918,1,0,0,1,0,7,7,0,0,0,4,0,0,627,1691169202243,1691166281,114,0,1,3785675,0.772460938,-0.415344238,0.113342285,0.46685791,-1.30831516,-0.565508127,0.729773104,3.14160156,626,1691171178438,1691166483,113,3,1,1809480,-0.0234375,-0.03125,-0.00390625,627,1691168176294,1691165982,114,0,1,4811624,0,0,0
1,607,1691182955961,1691182985931,1,0,0,1,0,7,7,0,0,0,4,0,0,628,1691180203446,1691176182,115,0,1,2782485,0.772460938,-0.415344238,0.113342285,0.46685791,-1.30831516,-0.565508127,0.729773104,3.14160156,627,1691182177901,1691176181,114,3,1,808030,0,0.04296875,0.03515625,628,1691179177812,1691176481,115,0,1,3808119,0,0,0
1,608,1691192955961,1691192986203,1,0,0,1,0,7,7,0,0,0,4,0,0,629,1691190207718,1691186181,116,0,1,2778485,0.772460938,-0.415344238,0.113342285,0.46685791,-1.30831516,-0.565508127,0.729773104,3.14160156,628,1691192181507,1691186585,115,3,1,804696,-0.01171875,0.00390625,-0.04296875,629,1691189178658,1691186682,116,0,1,3807545,0,0,0
1,609,1691202955961,1691202987809,1,0,0,1,0,7,7,0,0,0,4,0,0,630,1691199203708,1691196282,117,0,1,3784101,0.772460938,-0.415344238,0.113342285,0.46685791,-1.30831516,-0.565508127,0.729773104,3.14160156,629,1691201178071,1691196683,116,3,1,1809738,-0.05859375,-0.015625,0.03515625,630,1691198192333,1691195882,117,0,1,4795476,0,0,0
1,610,1691212955961,1691212987137,1,0,0,1,0,7,7,0,0,0,4,0,0,631,1691209202462,1691206281,118,0,1,3784675,0.772460938,-0.415344238,0.113342285,0.46685791,-1.30831516,-0.565508127,0.729773104,3.14160156,630,1691211183843,1691206482,117,3,1,1803294,-0.01171875,0.00390625,-0.04296875,631,1691208175958,1691205882,118,0,1,4811179,0,0,0
1,611,1691222955961,1691222985965,1,0,0,1,0,7,7,0,0,0,4,0,0,632,1691220202776,1691216382,119,0,1,2783189,0.772460938,-0.415344238,0.113342285,0.46685791,-1.30831516,-0.565508127,0.729773104,3.14160156,631,1691222178824,1691216380,118,3,1,807141,-0.01171875,0.00390625,-0.00390625,632,1691219176494,1691216682,119,0,1,3809471,0,0,0
1,612,1691232955961,1691232988941,1,0,0,1,0,7,7,0,0,0,4,0,0,633,1691229207395,1691226282,120,0,1,3781546,0.772460938,-0.415344238,0.113342285,0.46685791,-1.30831516,-0.565508127,0.729773104,3.14160156,632,1691231172999,1691226483,119,3,1,1815942,0.046875,-0.0546875,0.03515625,633,1691228179095,1691225980,120,0,1,4809846,0,0,0
1,613,1691242955961,1691242984399,1,0,0,1,0,7,7,0,0,0,4,0,0,634,1691239203649,1691236282,121,0,1,3780750,0.772460938,-0.415344238,0.113342285,0.46685791,-1.30831516,-0.565508127,0.729773104,3.14160156,633,1691241179604,1691236083,120,3,1,1804795,-0.01171875,0.00390625,-0.00390625,634,1691238175645,1691235880,121,0,1,4808754,0,0,0
1,614,1691252955961,1691252985986,1,0,0,1,0,7,7,0,0,0,4,0,0,635,1691250207982,1691246182,122,0,1,2778004,0.772460938,-0.415344238,0.113342285,0.46685791,-1.30831516,-0.565508127,0.729773104,3.14160156,634,1691252179012,1691246583,121,3,1,806974,0,0.04296875,0.03515625,635,1691249178422,1691246683,122,0,1,3807564,0,0,0
1,615,1691262955961,1691262984462,1,0,0,1,0,7,7,0,0,0,4,0,0,636,1691259207953,1691255881,123,0,1,3776509,0.772460938,-0.415344238,0.113342285,0.46685791,-1.30831516,-0.565508127,0.729773104,3.14160156,635,1691261178575,1691256283,122,3,1,1805887,-0.01171875,0.00390625,-0.00390625,636,1691258180005,1691255680,123,0,1,4804457,0,0,0
1,616,1691272955961,1691272984456,1,0,0,1,0,7,7,0,0,0,4,0,0,637,1691269207818,1691266082,124,0,1,3776638,0.772460938,-0.415344238,0.113342285,0.46685791,-1.30831516,-0.565508127,0.729773104,3.14160156,636,1691271178051,1691266483,123,3,1,1806405,0,0.04296875,0.03515625,637,1691268177759,1691265980,124,0,1,4806697,0,0,0
1,617,1691282955961,1691282984507,1,0,0,1,0,7,7,0,0,0,4,0,0,638,1691279207942,1691275882,125,0,1,3776565,0.772460938,-0.415344238,0.113342285,0.46685791,-1.30831516,-0.565508127,0.729773104,3.14160156,637,1691281178768,1691275883,124,3,1,1805739,-0.01171875,0.0078125,0.07421875,638,1691278177790,1691275880,125,0,1,4806717,0,0,0
1,618,1691292955961,1691292987890,1,0,0,1,0,7,7,0,0,0,4,0,0,639,1691289209344,1691286081,126,0,1,3778546,0.772460938,-0.415344238,0.113342285,0.46685791,-1.30831516,-0.565508127,0.729773104,3.14160156,638,1691291178263,1691286282,125,3,1,1809627,-0.02734375,-0.03125,-0.04296875,639,1691288175526,1691285680,126,0,1,4812364,0,0,0
1,619,1691302955961,1691302984755,1,0,0,1,0,7,7,0,0,0,4,0,0,640,1691299208895,1691296082,127,0,1,3775860,0.772460938,-0.415344238,0.113342285,0.46685791,-1.30831516,-0.565508127,0.729773104,3.14160156,639,1691301178628,1691296483,126,3,1,1806127,-0.015625,-0.03125,0.03515625,640,1691298179353,1691295880,127,0,1,4805402,0,0,0
1,620,1691312955961,1691312988453,1,0,0,1,0,7,7,0,0,0,4,0,0,641,1691309207315,1691306081,128,0,1,3781138,0.772460938,-0.415344238,0.113342285,0.46685791,-1.30831516,-0.565508127,0.729773104,3.14160156,640,1691311176456,1691306283,127,3,1,1811997,-0.00390625,0.00390625,0.03515625,641,1691308177607,1691305980,128,0,1,4810846,0,0,0
1,621,1691322955961,1691322985837,1,0,0,1,0,7,7,0,0,0,4,0,0,642,1691320208037,1691315981,129,0,1,2777800,0.772460938,-0.415344238,0.113342285,0.46685791,-1.30831516,-0.565508127,0.729773104,3.14160156,641,1691322178826,1691316183,128,3,1,807011,-0.00390625,0.00390625,-0.01171875,642,1691319174700,1691316480,129,0,1,3811137,0,0,0
1,622,1691332955961,1691332986831,1,0,0,1,0,7,7,0,0,0,4,0,0,643,1691329202842,1691325782,130,0,1,3783989,0.772460938,-0.415344238,0.113342285,0.46685791,-1.30831516,-0.565508127,0.729773104,3.14160156,642,1691331175149,1691326083,129,3,1,1811682,0.01953125,-0.04296875,0.02734375,643,1691328175523,1691325682,130,0,1,4811308,0,0,0
1,623,1691342955961,1691342986863,1,0,0,1,0,7,7,0,0,0,4,0,0,644,1691339207484,1691335882,131,0,1,3779379,0.772460938,-0.415344238,0.113342285,0.46685791,-1.30831516,-0.565508127,0.729773104,3.14160156,643,1691341178384,1691336282,130,3,1,1808479,0.03125,-0.0078125,-0.01171875,644,1691338178499,1691335882,131,0,1,4808364,0,0,0
1,624,1691352955961,1691352987173,1,0,0,1,0,7,7,0,0,0,4,0,0,645,1691349202257,1691345781,132,0,1,3784916,0.772460938,-0.415344238,0.113342285,0.46685791,-1.30831516,-0.565508127,0.729773104,3.14160156,644,1691351179064,1691346283,131,3,1,1808109,-0.00390625,0.00390625,-0.05078125,645,1691348175290,1691345882,132,0,1,4811883,0,0,0
1,625,1691362955961,1691362986834,1,0,0,1,0,7,7,0,0,0,4,0,0,646,1691359202270,1691355882,133,0,1,3784564,0.772460938,-0.415344238,0.113342285,0.46685791,-1.30831516,-0.565508127,0.729773104,3.14160156,645,1691361178003,1691356082,132,3,1,1808831,-0.00390625,0.00390625,-0.01171875,646,1691358175414,1691355682,133,0,1,4811420,0,0,0
1,626,1691372955961,1691372987088,1,0,0,1,0,7,7,0,0,0,4,0,0,647,1691369201431,1691365881,134,0,1,3785657,0.772460938,-0.415344238,0.113342285,0.46685791,-1.30831516,-0.565508127,0.729773104,3.14160156,646,1691371177201,1691366282,133,3,1,1809887,0.01953125,-0.04296875,0.02734375,647,1691368175557,1691365882,134,0,1,4811531,0,0,0
1,627,1691382955961,1691382987527,1,0,0,1,0,7,7,0,0,0,4,0,0,648,1691379201667,1691375881,135,0,1,3785860,0.772399902,-0.415344238,0.113342285,0.46685791,-1.3085134,-0.565448046,0.729909778,3.14160156,647,1691381177788,1691375582,134,3,1,1809739,-0.00390625,0.00390625,0.02734375,648,1691378176347,1691375882,135,0,1,4811180,0,0,0
1,628,1691392955961,1691392987410,1,0,0,1,0,7,7,0,0,0,4,0,0,649,1691389202365,1691385882,136,0,1,3785045,0.772399902,-0.415344238,0.113342285,0.46685791,-1.3085134,-0.565448046,0.729909778,3.14160156,648,1691391177431,1691386283,135,3,1,1809979,-0.00390625,0.00390625,0.02734375,649,1691388174657,1691385682,136,0,1,4812753,0,0,0
1,629,1691402955961,1691402987497,1,0,0,1,0,7,7,0,0,0,4,0,0,650,1691399207619,1691395782,137,0,1,3779878,0.772399902,-0.415344238,0.113342285,0.46685791,-1.3085134,-0.565448046,0.729909778,3.14160156,649,1691401178241,1691396083,136,3,1,1809256,0.03125,-0.0078125,-0.01171875,650,1691398180022,1691395881,137,0,1,4807475,0,0,0
1,630,1691412955961,1691412985844,1,0,0,1,0,7,7,0,0,0,4,0,0,651,1691410201674,1691405781,138,0,1,2784170,0.772399902,-0.415344238,0.113342285,0.46685791,-1.3085134,-0.565448046,0.729909778,3.14160156,650,1691412181259,1691405983,137,3,1,804585,-0.015625,-0.03125,0.02734375,651,1691409175410,1691406082,138,0,1,3810434,0,0,0
1,631,1691422955961,1691422987172,1,0,0,1,0,7,7,0,0,0,4,0,0,652,1691419206645,1691415582,139,0,1,3780527,0.772399902,-0.415344238,0.113342285,0.46685791,-1.3085134,-0.565448046,0.729909778,3.14160156,651,1691421177934,1691415581,138,3,1,1809238,0.03125,-0.0078125,-0.01171875,652,1691418177956,1691415882,139,0,1,4809216,0,0,0
1,632,1691432955961,1691432987000,1,0,0,1,0,7,7,0,0,0,4,0,0,653,1691429202232,1691425782,140,0,1,3784768,0.772399902,-0.415344238,0.113342285,0.46685791,-1.3085134,-0.565448046,0.729909778,3.14160156,652,1691431178224,1691426083,139,3,1,1808776,-0.00390625,0.00390625,-0.01171875,653,1691428177321,1691425682,140,0,1,4809679,0,0,0
1,633,1691442955961,1691442987402,1,0,0,1,0,7,7,0,0,0,4,0,0,654,1691439202301,1691435782,141,0,1,3785101,0.772399902,-0.415344238,0.113342285,0.46685791,-1.3085134,-0.565448046,0.729909778,3.14160156,653,1691441178534,1691436083,140,3,1,1808868,0.03125,-0.0078125,0.02734375,654,1691438176926,1691435883,141,0,1,4810476,0,0,0
1,634,1691452955961,1691452987600,1,0,0,1,0,7,7,0,0,0,4,0,0,655,1691449202684,1691445782,142,0,1,3784916,0.772399902,-0.415344238,0.113342285,0.46685791,-1.3085134,-0.565448046,0.729909778,3.14160156,654,1691451177417,1691445882,141,3,1,1810183,-0.00390625,0.00390625,-0.01171875,655,1691448176680,1691445882,142,0,1,4810920,0,0,0
1,635,1691462955961,1691462987706,1,0,0,1,0,7,7,0,0,0,4,0,0,656,1691459201846,1691455781,143,0,1,3785860,0.772399902,-0.415344238,0.113342285,0.46685791,-1.3085134,-0.565448046,0.729909778,3.14160156,655,1691461178875,1691455682,142,3,1,1808831,-0.00390625,0.00390625,0.02734375,656,1691458175082,1691455481,143,0,1,4812624,0,0,0
1,636,1691472955961,1691472984349,1,0,0,1,0,7,7,0,0,0,4,0,0,657,1691469201951,1691465381,144,0,1,3782398,0.772399902,-0.415344238,0.113342285,0.46685791,-1.3085134,-0.565448046,0.729909778,3.14160156,656,1691471175110,1691465682,143,3,1,1809239,-0.015625,-0.03125,-0.01171875,657,1691468175743,1691465882,144,0,1,4808606,0,0,0
1,637,1691482955961,1691482987399,1,0,0,1,0,7,7,0,0,0,4,0,0,658,1691479207501,1691475581,145,0,1,3779898,0.772399902,-0.415344238,0.113342285,0.46685791,-1.3085134,-0.565448046,0.729909778,3.14160156,657,1691481180346,1691475580,144,3,1,1807053,-0.00390625,0.00390625,0.02734375,658,1691478180127,1691475882,145,0,1,4807272,0,0,0
1,638,1691492955961,1691492987782,1,0,0,1,0,7,7,0,0,0,4,0,0,659,1691489203089,1691485382,146,0,1,3784693,0.772399902,-0.415344238,0.113342285,0.46685791,-1.3085134,-0.565448046,0.729909778,3.14160156,658,1691491179785,1691485880,145,3,1,1807997,-0.00390625,0.00390625,-0.01171875,659,1691488180418,1691485882,146,0,1,4807364,0,0,0
1,639,1691502955961,1691502986833,1,0,0,1,0,7,7,0,0,0,4,0,0,660,1691499201824,1691495581,147,0,1,3785009,0.772399902,-0.415344238,0.113342285,0.46685791,-1.3085134,-0.565448046,0.729909778,3.14160156,659,1691501178224,1691495580,146,3,1,1808609,-0.015625,-0.03125,0.02734375,660,1691498175764,1691495481,147,0,1,4811069,0,0,0
1,640,1691512955961,1691512987790,1,0,0,1,0,7,7,0,0,0,4,0,0,661,1691509207652,1691505582,148,0,1,3780138,0.772399902,-0.415344238,0.113342285,0.46685791,-1.3085134,-0.565448046,0.729909778,3.14160156,660,1691511198903,1691505884,147,3,1,1788887,-0.00390625,0.00390625,-0.01171875,661,1691508178703,1691505882,148,0,1,4809087,0,0,0
1,641,1691522955961,1691522986822,1,0,0,1,0,7,7,0,0,0,4,0,0,662,1691519203091,1691515781,149,0,1,3783731,0.772399902,-0.415344238,0.113342285,0.46685791,-1.3085134,-0.565448046,0.729909778,3.14160156,661,1691521179176,1691515380,148,3,1,1807646,0.03125,-0.0078125,-0.01171875,662,1691518180790,1691515882,149,0,1,4806032,0,0,0
1,642,1691532955961,1691532987557,1,0,0,1,0,7,7,0,0,0,4,0,0,663,1691529207437,1691525582,150,0,1,3780120,0.772399902,-0.415344238,0.113342285,0.46685791,-1.3085134,-0.565448046,0.729909778,3.14160156,662,1691531172986,1691525880,149,3,1,1814571,-0.00390625,0.00390625,-0.05078125,663,1691528178878,1691525682,150,0,1,4808679,0,0,0
1,643,1691542955961,1691542987404,1,0,0,1,0,7,7,0,0,0,4,0,0,664,1691539202821,1691535182,151,0,1,3784583,0.772399902,-0.415344238,0.113342285,0.46685791,-1.3085134,-0.565448046,0.729909778,3.14160156,663,1691541179943,1691535580,150,3,1,1807461,0.03125,-0.0078125,-0.01171875,664,1691538176835,1691535682,151,0,1,4810569,0,0,0
1,644,1691552955961,1691552987102,1,0,0,1,0,7,7,0,0,0,4,0,0,665,1691549196538,1691545581,152,0,1,3790564,0.772399902,-0.415344238,0.113342285,0.46685791,-1.3085134,-0.565448046,0.729909778,3.14160156,664,1691551180382,1691545681,151,3,1,1806720,-0.015625,-0.03125,-0.01171875,665,1691548176237,1691545982,152,0,1,4810865,0,0,0
1,645,1691562955961,1691562987652,1,0,0,1,0,7,7,0,0,0,4,0,0,666,1691559202847,1691555182,153,0,1,3784805,0.772399902,-0.415344238,0.113342285,0.46685791,-1.3085134,-0.565448046,0.729909778,3.14160156,665,1691561178284,1691555383,152,3,1,1809368,0.0078125,0.04296875,-0.01171875,666,1691558176232,1691555882,153,0,1,4811420,0,0,0
1,646,1691572955961,1691572984850,1,0,0,1,0,7,7,0,0,0,4,0,0,667,1691569205453,1691565581,154,0,1,3779397,0.772399902,-0.415344238,0.113342285,0.46685791,-1.3085134,-0.565448046,0.729909778,3.14160156,666,1691571178353,1691565883,153,3,1,1806497,0.01953125,-0.04296875,0.02734375,667,1691568175671,1691565882,154,0,1,4809179,0,0,0
1,647,1691582955961,1691582987141,1,0,0,1,0,7,7,0,0,0,4,0,0,668,1691579208114,1691575582,155,0,1,3779027,0.772399902,-0.415344238,0.113342285,0.46685791,-1.3085134,-0.565448046,0.729909778,3.14160156,667,1691581178440,1691575883,154,3,1,1808701,-0.0390625,0.01953125,0.02734375,668,1691578179240,1691575882,155,0,1,4807901,0,0,0
1,648,1691592955961,1691592988025,1,0,0,1,0,7,7,0,0,0,4,0,0,669,1691589202979,1691585382,156,0,1,3785046,0.772399902,-0.415344238,0.113342285,0.46685791,-1.3085134,-0.565448046,0.729909778,3.14160156,668,1691591178472,1691585583,155,3,1,1809553,0.03125,-0.0078125,0.02734375,669,1691588176420,1691585882,156,0,1,4811605,0,0,0
1,649,1691602955961,1691602986945,1,0,0,1,0,7,7,0,0,0,4,0,0,670,1691599203085,1691595381,157,0,1,3783860,0.772399902,-0.415344238,0.113342285,0.46685791,-1.3085134,-0.565448046,0.729909778,3.14160156,669,1691601175022,1691595382,156,3,1,1811923,0.03125,-0.0078125,-0.01171875,670,1691598177877,1691595482,157,0,1,4809068,0,0,0
1,650,1691612955961,1691612987051,1,0,0,1,0,7,7,0,0,0,4,0,0,671,1691608208186,1691605082,158,0,1,4778865,0.772399902,-0.415344238,0.113342285,0.46685791,-1.3085134,-0.565448046,0.729909778,3.14160156,670,1691610178548,1691605283,157,3,1,2808503,0.04296875,0.02734375,-0.01171875,671,1691607179385,1691604680,158,0,1,5807666,0,0,0
1,651,1691622955961,1691622987583,1,0,0,1,0,7,7,0,0,0,4,0,0,672,1691619203778,1691615382,159,0,1,3783805,0.772399902,-0.415344238,0.113342285,0.46685791,-1.3085134,-0.565448046,0.729909778,3.14160156,671,1691621176159,1691615383,158,3,1,1811424,-0.0234375,-0.03125,0.02734375,672,1691618191570,1691615880,159,0,1,4796013,0,0,0
1,652,1691632955961,1691632984429,1,0,0,1,0,7,7,0,0,0,4,0,0,673,1691629202124,1691625181,160,0,1,3782305,0.772399902,-0.415344238,0.113342285,0.46685791,-1.3085134,-0.565448046,0.729909778,3.14160156,672,1691631175376,1691625683,159,3,1,1809053,0.03515625,0.02734375,-0.01171875,673,1691628172880,1691625879,160,0,1,4811549,0,0,0
1,653,1691642955961,1691642984572,1,0,0,1,0,7,7,0,0,0,4,0,0,674,1691639206341,1691635379,161,0,1,3778231,0.772399902,-0.415344238,0.113342285,0.46685791,-1.3085134,-0.565448046,0.729909778,3.14160156,673,1691641179185,1691635383,160,3,1,1805387,-0.046875,0.01953125,-0.05078125,674,1691638175300,1691635680,161,0,1,4809272,0,0,0
1,654,1691652955961,1691652984586,1,0,0,1,0,7,7,0,0,0,4,0,0,675,1691648210386,1691645281,162,0,1,4774200,0.772399902,-0.415344238,0.113342285,0.46685791,-1.3085134,-0.565448046,0.729909778,3.14160156,674,1691650178583,1691645683,161,3,1,2806003,-0.0234375,-0.03125,0.02734375,675,1691647178530,1691644882,162,0,1,5806056,0,0,0
1,655,1691662955961,1691662984489,1,0,0,1,0,7,7,0,0,0,4,0,0,676,1691659207406,1691655182,163,0,1,3777083,0.772399902,-0.415344238,0.113342285,0.46685791,-1.3085134,-0.565448046,0.729909778,3.14160156,675,1691661179028,1691655183,162,3,1,1805461,0.0234375,-0.0078125,-0.01171875,676,1691658177846,1691655880,163,0,1,4806643,0,0,0
1,656,1691672955961,1691672985818,1,0,0,1,0,7,7,0,0,0,4,0,0,677,1691670207481,1691665282,164,0,1,2778337,0.772460938,-0.415344238,0.113342285,0.46685791,-1.30831516,-0.565508127,0.729773104,3.14160156,676,1691672177770,1691665582,163,3,1,808048,-0.01171875,0.00390625,0.02734375,677,1691669177939,1691665783,164,0,1,3807879,0,0,0
1,657,1691682955961,1691682984462,1,0,0,1,0,7,7,0,0,0,4,0,0,678,1691678208466,1691674882,165,0,1,4775996,0.772460938,-0.415344238,0.113342285,0.46685791,-1.30831516,-0.565508127,0.729773104,3.14160156,677,1691680179829,1691675283,164,3,1,2804633,-0.01171875,0.00390625,-0.01171875,678,1691677179017,1691674882,165,0,1,5805445,0,0,0
1,658,1691692955961,1691692987865,1,0,0,1,0,7,7,0,0,0,4,0,0,679,1691688202388,1691685282,166,0,1,4785477,0.772460938,-0.415344238,0.113342285,0.46685791,-1.30831516,-0.565508127,0.729773104,3.14160156,678,1691690176103,1691685482,165,3,1,2811762,-0.046875,0.01953125,-0.01171875,679,1691687178161,1691684882,166,0,1,5809704,0,0,0
1,659,1691702955961,1691702984490,1,0,0,1,0,7,7,0,0,0,4,0,0,680,1691698207291,1691694882,167,0,1,4777199,0.772460938,-0.415344238,0.113342285,0.46685791,-1.30831516,-0.565508127,0.729773104,3.14160156,679,1691700188450,1691695083,166,3,1,2796040,0.0390625,0.03125,0.0625,680,1691697180157,1691694882,167,0,1,5804333,0,0,0
1,660,1691712955961,1691712986652,1,0,0,1,0,7,7,0,0,0,4,0,0,681,1691708209379,1691705082,168,0,1,4777273,0.772460938,-0.415344238,0.113342285,0.46685791,-1.30831516,-0.565508127,0.729773104,3.14160156,680,1691710178149,1691705483,167,3,1,2808503,0.01171875,-0.04296875,-0.01171875,681,1691707178504,1691704882,168,0,1,5808148,0,0,0
1,661,1691722955961,1691722986500,1,0,0,1,0,7,7,0,0,0,4,0,0,682,1691718206023,1691715082,169,0,1,4780477,0.772460938,-0.415344238,0.113342285,0.46685791,-1.30831516,-0.565508127,0.729773104,3.14160156,681,1691720176312,1691715483,168,3,1,2810188,0,0.04296875,0.02734375,682,1691717176741,1691714882,169,0,1,5809759,0,0,0
1,662,1691732955961,1691732986755,1,0,0,1,0,7,7,0,0,0,4,0,0,683,1691728202426,1691725081,170,0,1,4784329,0.772460938,-0.415344238,0.113342285,0.46685791,-1.30831516,-0.565508127,0.729773104,3.14160156,682,1691730177326,1691725283,169,3,1,2809429,0.01171875,-0.04296875,-0.05078125,683,1691727177088,1691724882,170,0,1,5809667,0,0,0
1,663,1691742955961,1691742987658,1,0,0,1,0,7,7,0,0,0,4,0,0,684,1691739202094,1691735181,171,0,1,3785564,0.772460938,-0.415344238,0.113342285,0.46685791,-1.30831516,-0.565508127,0.729773104,3.14160156,683,1691741177993,1691735182,170,3,1,1809665,-0.01171875,0.00390625,-0.01171875,684,1691738176367,1691735482,171,0,1,4811291,0,0,0
1,664,1691752955961,1691752986765,1,0,0,1,0,7,7,0,0,0,4,0,0,685,1691748202769,1691744782,172,0,1,4783996,0.772460938,-0.415344238,0.113342285,0.46685791,-1.30831516,-0.565508127,0.729773104,3.14160156,684,1691750176003,1691744883,171,3,1,2810762,-0.02734375,-0.03125,-0.05078125,685,1691747180117,1691744682,172,0,1,5806648,0,0,0
1,665,1691762955961,1691762986186,1,0,0,1,0,7,7,0,0,0,4,0,0,686,1691758201913,1691754881,173,0,1,4784273,0.772460938,-0.415344238,0.113342285,0.46685791,-1.30831516,-0.565508127,0.729773104,3.14160156,685,1691760174647,1691755282,172,3,1,2811539,-0.01171875,0.00390625,0.02734375,686,1691757176538,1691754882,173,0,1,5809648,0,0,0
1,666,1691772955961,1691772986571,1,0,0,1,0,7,7,0,0,0,4,0,0,687,1691768207612,1691764881,174,0,1,4778959,0.772460938,-0.415344238,0.113342285,0.46685791,-1.30831516,-0.565508127,0.729773104,3.14160156,686,1691770178012,1691765483,173,3,1,2808559,0.0234375,-0.0078125,-0.01171875,687,1691767177460,1691764982,174,0,1,5809111,0,0,0
1,667,1691782955961,1691782986178,1,0,0,1,0,7,7,0,0,0,4,0,0,688,1691778202497,1691774781,175,0,1,4783681,0.772460938,-0.415344238,0.113342285,0.46685791,-1.30831516,-0.565508127,0.729773104,3.14160156,687,1691780175064,1691774682,174,3,1,2811114,0.0234375,-0.0078125,-0.05078125,688,1691777176011,1691774682,175,0,1,5810167,0,0,0
1,668,1691792955961,1691792987136,1,0,0,1,0,7,7,0,0,0,4,0,0,689,1691788206604,1691784881,176,0,1,4780532,0.772460938,-0.415344238,0.113342285,0.46685791,-1.30831516,-0.565508127,0.729773104,3.14160156,688,1691790177930,1691785282,175,3,1,2809206,0.0234375,-0.0078125,0.02734375,689,1691787177877,1691784882,176,0,1,5809259,0,0,0
1,669,1691802955961,1691802986651,1,0,0,1,0,7,7,0,0,0,4,0,0,690,1691798208877,1691794882,177,0,1,4777774,0.772460938,-0.415344238,0.113342285,0.46685791,-1.30831516,-0.565508127,0.729773104,3.14160156,689,1691800180148,1691794581,176,3,1,2806503,-0.01171875,0.00390625,-0.05078125,690,1691797179947,1691794883,177,0,1,5806704,0,0,0
1,670,1691812955961,1691812986406,1,0,0,1,0,7,7,0,0,0,4,0,0,691,1691808204484,1691804881,178,0,1,4781922,0.772460938,-0.415344238,0.113342285,0.46685791,-1.30831516,-0.565508127,0.729773104,3.14160156,690,1691810174106,1691805280,177,3,1,2812300,-0.03515625,0.0546875,0.02734375,691,1691807177110,1691804882,178,0,1,5809296,0,0,0
1,671,1691822955961,1691822986568,1,0,0,1,0,7,7,0,0,0,4,0,0,692,1691818211331,1691814582,179,0,1,4775237,0.772460938,-0.415344238,0.113342285,0.46685791,-1.30831516,-0.565508127,0.729773104,3.14160156,691,1691820178602,1691814880,178,3,1,2807966,0.01171875,-0.04296875,-0.05078125,692,1691817179568,1691814883,179,0,1,5807000,0,0,0
1,672,1691832955961,1691832986360,1,0,0,1,0,7,7,0,0,0,4,0,0,693,1691828211605,1691824883,180,0,1,4774755,0.772460938,-0.415344238,0.113342285,0.46685791,-1.30831516,-0.565508127,0.729773104,3.14160156,692,1691830178801,1691825081,179,3,1,2807559,0,0.04296875,-0.05078125,693,1691827177990,1691824983,180,0,1,5808370,0,0,0
1,673,1691842955961,1691842986985,1,0,0,1,0,7,7,0,0,0,4,0,0,694,1691838196509,1691834781,181,0,1,4790476,0.772460938,-0.415344238,0.113342285,0.46685791,-1.30831516,-0.565508127,0.729773104,3.14160156,693,1691840175927,1691834682,180,3,1,2811058,-0.109375,-0.0390625,0.02734375,694,1691837176411,1691834882,181,0,1,5810574,0,0,0
1,674,1691852955961,1691852986944,1,0,0,1,0,7,7,0,0,0,4,0,0,695,1691848201782,1691844881,182,0,1,4785162,0.772399902,-0.415344238,0.113342285,0.46685791,-1.3085134,-0.565448046,0.729909778,3.14160156,694,1691850190329,1691845280,181,3,1,2796615,0.05859375,-0.0546875,0.140625,695,1691847176185,1691844682,182,0,1,5810759,-0.009765625,0.015625,0.009765625
1,675,1691862955961,1691862986569,1,0,0,1,0,7,7,0,0,0,4,0,0,696,1691858202111,1691854881,183,0,1,4784458,0.772399902,-0.415344238,0.113342285,0.466918945,-1.30854225,-0.565431714,0.729864597,3.14160156,695,1691860172011,1691855280,182,3,1,2814558,-0.19921875,0.03515625,-0.0078125,696,1691857176218,1691854882,183,0,1,5810351,0.009765625,-0.013671875,0.00390625
1,676,1691872955961,1691872986898,1,0,0,1,0,7,7,0,0,0,4,0,0,697,1691868205569,1691864878,184,0,1,4781329,0.772399902,-0.415344238,0.113342285,0.466918945,-1.30854225,-0.565431714,0.729864597,3.14160156,696,1691870179062,1691864883,183,3,1,2807836,0.12890625,0.00390625,0.1796875,697,1691867173176,1691864883,184,0,1,5813722,-0.009765625,-0.001953125,-0.01171875
1,677,1691882955961,1691882986135,1,0,0,1,0,7,7,0,0,0,4,0,0,698,1691878201047,1691874781,185,0,1,4785088,0.772399902,-0.415344238,0.113342285,0.466918945,-1.30854225,-0.565431714,0.729864597,3.14160156,697,1691880179632,1691874882,184,3,1,2806503,0.07421875,-0.140625,-0.08984375,698,1691877174524,1691874482,185,0,1,5811611,0.0078125,0.005859375,0.013671875
1,678,1691892955961,1691892987816,1,0,0,1,0,7,7,0,0,0,4,0,0,699,1691888207376,1691884381,186,0,1,4780440,0.772399902,-0.415344238,0.113342285,0.466918945,-1.30854225,-0.565431714,0.729864597,3.14160156,698,1691890178164,1691884683,185,3,1,2809652,0.03515625,0.11328125,0.140625,699,1691887177149,1691884882,186,0,1,5810667,-0.001953125,-0.009765625,-0.01171875
1,679,1691902955961,1691902987348,1,0,0,1,0,7,7,0,0,0,4,0,0,700,1691898202612,1691894581,187,0,1,4784736,0.772399902,-0.415344238,0.113342285,0.466918945,-1.30854225,-0.565431714,0.729864597,3.14160156,699,1691900174883,1691894582,186,3,1,2812465,0.015625,-0.15625,-0.01171875,700,1691897176034,1691894882,187,0,1,5811314,-0.0078125,0.009765625,0
1,680,1691912955961,1691912986770,1,0,0,1,0,7,7,0,0,0,4,0,0,701,1691908203182,1691904582,188,0,1,4783588,0.772399902,-0.415344238,0.113342285,0.466918945,-1.30854225,-0.565431714,0.729864597,3.14160156,700,1691910169471,1691905083,187,3,1,2817299,-0.0390625,0.02734375,-0.05078125,701,1691907176474,1691904882,188,0,1,5810296,0.00390625,0.001953125,0.0078125
1,681,1691922955961,1691922987729,1,0,0,1,0,7,7,0,0,0,4,0,0,702,1691918207326,1691914782,189,0,1,4780403,0.772399902,-0.415405273,0.113342285,0.466918945,-1.30854654,-0.565543354,0.729914904,3.14160156,701,1691920180281,1691914683,188,3,1,2807448,0,0.1328125,0.02734375,702,1691917184655,1691914483,189,0,1,5803074,-0.00390625,0,-0.0078125
1,682,1691932955961,1691932986761,1,0,0,1,0,7,7,0,0,0,4,0,0,703,1691928202747,1691924782,190,0,1,4784014,0.772399902,-0.415405273,0.113342285,0.46685791,-1.30851758,-0.565559745,0.729960144,3.14160156,702,1691930179277,1691925083,189,3,1,2807484,0.01953125,-0.03515625,0.05859375,703,1691927176873,1691924982,190,0,1,5809888,0.00390625,0,0.001953125
1,683,1691942955961,1691942987516,1,0,0,1,0,7,7,0,0,0,4,0,0,704,1691938203002,1691934782,191,0,1,4784514,0.772399902,-0.415405273,0.113342285,0.466918945,-1.30854654,-0.565543354,0.729914904,3.14160156,703,1691941180407,1691935180,190,3,1,1807109,0.01953125,0.0859375,-0.05859375,704,1691937179331,1691934884,191,0,1,5808185,0,0.00390625,0.005859375
1,684,1691952955961,1691952996604,1,0,0,1,0,7,7,0,0,0,4,0,0,705,1691948201961,1691944781,192,0,1,4794643,0.772399902,-0.415344238,0.113342285,0.46685791,-1.3085134,-0.565448046,0.729909778,3.14160156,704,1691950175639,1691944883,191,3,1,2820965,-0.078125,0.03125,-0.05859375,705,1691947173049,1691944879,192,0,1,5823555,-0.001953125,-0.0078125,-0.013671875
1,685,1691962955961,1691962995193,1,0,0,1,0,7,7,0,0,0,4,0,0,706,1691958256362,1691954220,193,0,1,4738831,0.772399902,-0.415405273,0.113342285,0.46685791,-1.30851758,-0.565559745,0.729960144,3.14160156,705,1691960237725,1691954619,192,3,1,2757468,-0.0234375,-0.03125,-0.01953125,706,1691957266820,1691954935,193,0,1,5728373,-0.005859375,0.0078125,0.005859375
1,686,1691972955961,1691973029076,1,0,0,1,0,7,7,0,0,0,4,0,0,707,1691968287690,1691964642,194,0,1,4741386,0.772399902,-0.415405273,0.113342285,0.46685791,-1.30851758,-0.565559745,0.729960144,3.14160156,706,1691970250294,1691964630,193,3,1,2778782,-0.0703125,0.06640625,-0.05859375,707,1691967245279,1691964883,194,0,1,5783797,0.001953125,-0.005859375,-0.00390625
1,687,1691982955961,1691983049571,1,0,0,1,0,7,7,0,0,0,4,0,0,708,1691978214651,1691974383,195,0,1,4834920,0.772460938,-0.415405273,0.11328125,0.46685791,-1.30833542,-0.565687299,0.729740202,3.14160156,707,1691980279993,1691974631,194,3,1,2769578,0.07421875,0.015625,0.0546875,708,1691977245942,1691974885,195,0,1,5803629,-0.00390625,0,-0.00390625
1,688,1691992955961,1691992987198,1,0,0,1,0,7,7,0,0,0,4,0,0,709,1691988193648,1691984578,196,0,1,4793550,0.772460938,-0.415405273,0.11328125,0.46685791,-1.30833542,-0.565687299,0.729740202,3.14160156,708,1691990165881,1691984878,195,3,1,2821317,0,-0.078125,0.01953125,709,1691987212123,1691984678,196,0,1,5775075,0,-0.001953125,0.001953125
1,689,1692002955961,1692002980102,1,0,0,1,0,7,7,0,0,0,4,0,0,710,1691998169478,1691994578,197,0,1,4810624,0.772460938,-0.415405273,0.11328125,0.46685791,-1.30833542,-0.565687299,0.729740202,3.14160156,709,1692000143859,1691994878,196,3,1,2836243,0,0.04296875,0.01953125,710,1691997150954,1691994878,197,0,1,5829148,-0.00390625,-0.001953125,-0.00390625
1,690,1692012955961,1692012979560,1,0,0,1,0,7,7,0,0,0,4,0,0,711,1692008159659,1692004577,198,0,1,4819901,0.772460938,-0.415405273,0.11328125,0.46685791,-1.30833542,-0.565687299,0.729740202,3.14160156,710,1692010135059,1692004678,197,3,1,2844501,-0.0234375,-0.03125,-0.01953125,711,1692007143506,1692004878,198,0,1,5836054,0,0.001953125,0
1,691,1692022955961,1692022979723,1,0,0,1,0,7,7,0,0,0,4,0,0,712,1692018173098,1692014577,199,0,1,4806625,0.772460938,-0.415405273,0.11328125,0.46685791,-1.30833542,-0.565687299,0.729740202,3.14160156,711,1692020143258,1692014579,198,3,1,2836465,0,0.04296875,0.01953125,712,1692017136724,1692014476,199,0,1,5842999,-0.001953125,0.001953125,-0.001953125
1,692,1692032955961,1692032979496,1,0,0,1,0,7,7,0,0,0,4,0,0,713,1692027159608,1692024277,200,0,1,5819888,0.772460938,-0.415405273,0.113220215,0.46685791,-1.30835152,-0.565754831,0.729656935,3.14160156,712,1692029134212,1692024478,199,3,1,3845284,0.01171875,-0.04296875,-0.01953125,713,1692026135789,1692023978,200,0,1,6843707,-0.00390625,-0.001953125,-0.00390625
1,693,1692042955961,1692042981159,1,0,0,1,0,7,7,0,0,0,4,0,0,714,1692038158905,1692034377,201,0,1,4822254,0.772460938,-0.415405273,0.113220215,0.46685791,-1.30835152,-0.565754831,0.729656935,3.14160156,713,1692040142360,1692034178,200,3,1,2838799,0.0234375,-0.0078125,0.01953125,714,1692037134827,1692034878,201,0,1,5846332,0,0,0.005859375
1,694,1692052955961,1692052979414,1,0,0,1,0,7,7,0,0,0,4,0,0,715,1692048158956,1692044377,202,0,1,4820458,0.772460938,-0.415405273,0.113220215,0.46685791,-1.30835152,-0.565754831,0.729656935,3.14160156,714,1692050134153,1692044878,201,3,1,2845261,-0.01171875,0.00390625,0.01953125,715,1692047135619,1692044977,202,0,1,5843795,0.001953125,-0.001953125,0
1,695,1692062955961,1692062979594,1,0,0,1,0,7,7,0,0,0,4,0,0,716,1692058168581,1692054577,203,0,1,4811013,0.772460938,-0.415344238,0.113220215,0.46685791,-1.30834723,-0.565643132,0.729606569,3.14160156,715,1692060143444,1692054577,202,3,1,2836150,0.0234375,-0.0078125,0.01953125,716,1692057136633,1692054476,203,0,1,5842961,-0.001953125,0.00390625,0
1,696,1692072955961,1692072979849,1,0,0,1,0,7,7,0,0,0,4,0,0,717,1692068166873,1692064377,204,0,1,4812976,0.772460938,-0.415405273,0.113220215,0.466918945,-1.30838048,-0.56573844,0.729611754,3.14160156,716,1692070142921,1692064678,203,3,1,2836928,-0.046875,0.01953125,-0.01953125,717,1692067142684,1692064878,204,0,1,5837165,0,-0.001953125,0.001953125
1,697,1692082955961,1692082979308,1,0,0,1,0,7,7,0,0,0,4,0,0,718,1692078166776,1692074177,205,0,1,4812532,0.772460938,-0.415405273,0.113220215,0.466918945,-1.30838048,-0.56573844,0.729611754,3.14160156,717,1692080138528,1692074178,204,3,1,2840780,0.0234375,-0.0078125,0.01953125,718,1692077142735,1692074878,205,0,1,5836573,-0.001953125,0.001953125,-0.00390625
1,698,1692092955961,1692092982711,1,0,0,1,0,7,7,0,0,0,4,0,0,719,1692088158365,1692084377,206,0,1,4824346,0.772460938,-0.415344238,0.113220215,0.46685791,-1.30834723,-0.565643132,0.729606569,3.14160156,718,1692090134043,1692084678,205,3,1,2848668,-0.02734375,-0.03125,-0.05859375,719,1692087135101,1692084877,206,0,1,5847610,0.0078125,0,0.001953125
1,699,1692102955961,1692102987151,1,0,0,1,0,7,7,0,0,0,4,0,0,720,1692097210354,1692093882,207,0,1,5776797,0.772460938,-0.415344238,0.11328125,0.466918945,-1.3083601,-0.565559268,0.729644656,3.14160156,719,1692099181235,1692094281,206,3,1,3805916,0.0234375,-0.0078125,0.01953125,720,1692096179016,1692093683,207,0,1,6808135,0.00390625,-0.00390625,0
1,700,1692112955961,1692112986332,1,0,0,1,0,7,7,0,0,0,4,0,0,721,1692108201651,1692104381,208,0,1,4784681,0.772460938,-0.415344238,0.113220215,0.466918945,-1.30837619,-0.56562674,0.729561388,3.14160156,720,1692110174996,1692104382,207,3,1,2811336,0.0234375,-0.0078125,-0.01953125,721,1692107175406,1692104882,208,0,1,5810926,-0.001953125,0.001953125,0
1,701,1692122955961,1692122986920,1,0,0,1,0,7,7,0,0,0,4,0,0,722,1692118215369,1692114183,209,0,1,4771551,0.772460938,-0.415344238,0.113220215,0.466918945,-1.30837619,-0.56562674,0.729561388,3.14160156,721,1692120177140,1692114182,208,3,1,2809780,-0.01171875,0.00390625,0.01953125,722,1692117217012,1692114882,209,0,1,5769908,0,0,0
1,702,1692132955961,1692132984675,1,0,0,1,0,7,7,0,0,0,4,0,0,723,1692128203735,1692124378,210,0,1,4780940,0.772460938,-0.415344238,0.113220215,0.466918945,-1.30837619,-0.56562674,0.729561388,3.14160156,722,1692130174802,1692124681,209,3,1,2809873,-0.0234375,-0.03125,0.01953125,723,1692127169768,1692124882,210,0,1,5814907,-0.00390625,-0.001953125,0
1,703,1692142955961,1692142984467,1,0,0,1,0,7,7,0,0,0,4,0,0,724,1692138196565,1692134382,211,0,1,4787902,0.772460938,-0.415344238,0.113220215,0.466918945,-1.30837619,-0.56562674,0.729561388,3.14160156,723,1692140173372,1692134680,210,3,1,2811095,0.0234375,-0.0078125,-0.01953125,724,1692137176875,1692134883,211,0,1,5807592,-0.00390625,0.001953125,0
1,704,1692152955961,1692152987000,1,0,0,1,0,7,7,0,0,0,4,0,0,725,1692148203116,1692143981,212,0,1,4783884,0.772460938,-0.415344238,0.113220215,0.466918945,-1.30837619,-0.56562674,0.729561388,3.14160156,724,1692150176404,1692144583,211,3,1,2810596,-0.01171875,0.00390625,-0.01953125,725,1692147176167,1692144483,212,0,1,5810833,-0.001953125,-0.001953125,-0.001953125
1,705,1692162955961,1692162985977,1,0,0,1,0,7,7,0,0,0,4,0,0,726,1692158201722,1692154181,213,0,1,4784255,0.772460938,-0.415344238,0.113220215,0.466918945,-1.30837619,-0.56562674,0.729561388,3.14160156,725,1692160175011,1692154182,212,3,1,2810966,-0.01171875,0.00390625,0.01953125,726,1692157176329,1692154282,213,0,1,5809648,0,-0.00390625,0
1,706,1692172955961,1692172986862,1,0,0,1,0,7,7,0,0,0,4,0,0,727,1692167204491,1692163882,214,0,1,5782371,0.772460938,-0.415344238,0.11315918,0.466918945,-1.30839229,-0.565694273,0.729478121,3.14160156,726,1692169180150,1692164083,213,3,1,3806712,-0.01171875,0.00390625,-0.01953125,727,1692166178023,1692163883,214,0,1,6808839,-0.00390625,0.001953125,0
1,707,1692182955961,1692182987117,1,0,0,1,0,7,7,0,0,0,4,0,0,728,1692177203764,1692174079,215,0,1,5783353,0.772460938,-0.415344238,0.11315918,0.466918945,-1.30839229,-0.565694273,0.729478121,3.14160156,727,1692179174479,1692174281,214,3,1,3812638,-0.01171875,0.00390625,0.01953125,728,1692176170797,1692173682,215,0,1,6816320,0,0,0
1,708,1692192955961,1692192987131,1,0,0,1,0,7,7,0,0,0,4,0,0,729,1692188203413,1692184179,216,0,1,4783718,0.772460938,-0.415344238,0.11315918,0.466918945,-1.30839229,-0.565694273,0.729478121,3.14160156,728,1692190175906,1692184582,215,3,1,2811225,-0.01171875,0.00390625,-0.01953125,729,1692187174076,1692184480,216,0,1,5813055,-0.001953125,0.001953125,0
1,709,1692202955961,1692202986571,1,0,0,1,0,7,7,0,0,0,4,0,0,730,1692198201927,1692194181,217,0,1,4784644,0.772460938,-0.415344238,0.11315918,0.466918945,-1.30839229,-0.565694273,0.729478121,3.14160156,729,1692200172550,1692194580,216,3,1,2814021,0,0.04296875,0.01953125,730,1692197177775,1692194682,217,0,1,5808796,0.001953125,-0.001953125,0
1,710,1692212955961,1692212986104,1,0,0,1,0,7,7,0,0,0,4,0,0,731,1692208208182,1692204182,218,0,1,4777922,0.772460938,-0.415344238,0.11315918,0.466918945,-1.30839229,-0.565694273,0.729478121,3.14160156,730,1692210176175,1692204382,217,3,1,2809929,-0.01171875,0.00390625,-0.01953125,731,1692207177826,1692204482,218,0,1,5808278,-0.001953125,0,-0.001953125
1,711,1692222955961,1692222984599,1,0,0,1,0,7,7,0,0,0,4,0,0,732,1692218205159,1692213981,219,0,1,4779440,0.772460938,-0.415344238,0.11315918,0.466918945,-1.30839229,-0.565694273,0.729478121,3.14160156,731,1692220172986,1692213980,218,3,1,2811613,-0.01171875,0.00390625,0.01953125,732,1692217172915,1692214680,219,0,1,5811684,-0.001953125,-0.00390625,0
1,712,1692232955961,1692232985632,1,0,0,1,0,7,7,0,0,0,4,0,0,733,1692228202026,1692224181,220,0,1,4783606,0.772460938,-0.415344238,0.11315918,0.466918945,-1.30839229,-0.565694273,0.729478121,3.14160156,732,1692230172129,1692224580,219,3,1,2813503,-0.01171875,0.00390625,-0.01953125,733,1692227175503,1692224682,220,0,1,5810129,-0.001953125,0.001953125,0
1,713,1692242955961,1692242986146,1,0,0,1,0,7,7,0,0,0,4,0,0,734,1692237202016,1692233781,221,0,1,5784130,0.772460938,-0.415344238,0.11315918,0.466918945,-1.30839229,-0.565694273,0.729478121,3.14160156,733,1692239174231,1692234082,220,3,1,3811915,-0.01171875,0.00390625,-0.01953125,734,1692236175438,1692233682,221,0,1,6810708,0.001953125,0,0.001953125
1,714,1692252955961,1692252986161,1,0,0,1,0,7,7,0,0,0,4,0,0,735,1692247207975,1692244082,222,0,1,5778186,0.772460938,-0.415344238,0.11315918,0.466918945,-1.30839229,-0.565694273,0.729478121,3.14160156,734,1692249178930,1692244283,221,3,1,3807231,0.0234375,-0.0078125,0.01953125,735,1692246177896,1692243882,222,0,1,6808265,0,0.00390625,0
1,715,1692262955961,1692262984527,1,0,0,1,0,7,7,0,0,0,4,0,0,736,1692258202957,1692253982,223,0,1,4781570,0.772460938,-0.415344238,0.11315918,0.466918945,-1.30839229,-0.565694273,0.729478121,3.14160156,735,1692260175783,1692253783,222,3,1,2808744,-0.01171875,0.00390625,-0.01953125,736,1692257179082,1692254484,223,0,1,5805445,0,0.001953125,-0.001953125
1,716,1692272955961,1692272986245,1,0,0,1,0,7,7,0,0,0,4,0,0,737,1692267208688,1692264082,224,0,1,5777557,0.772460938,-0.415344238,0.11315918,0.466918945,-1.30839229,-0.565694273,0.729478121,3.14160156,736,1692269175218,1692264482,223,3,1,3811027,-0.03515625,0.0546875,-0.01953125,737,1692266180369,1692263680,224,0,1,6805876,0,0,0
1,717,1692282955961,1692282986314,1,0,0,1,0,7,7,0,0,0,4,0,0,738,1692277201480,1692274081,225,0,1,5784834,0.772460938,-0.415344238,0.11315918,0.466918945,-1.30839229,-0.565694273,0.729478121,3.14160156,737,1692279174714,1692274482,224,3,1,3811600,0.0078125,0.04296875,-0.01953125,738,1692276172828,1692273880,225,0,1,6813486,-0.001953125,-0.00390625,-0.001953125
1,718,1692292955961,1692292988366,1,0,0,1,0,7,7,0,0,0,4,0,0,739,1692287208013,1692284082,226,0,1,5780353,0.772460938,-0.415344238,0.11315918,0.466918945,-1.30839229,-0.565694273,0.729478121,3.14160156,738,1692289179339,1692284083,225,3,1,3809027,-0.015625,-0.03125,-0.01171875,739,1692286177861,1692283880,226,0,1,6810505,-0.001953125,0,0
1,719,1692302955961,1692302986250,1,0,0,1,0,7,7,0,0,0,4,0,0,740,1692298202088,1692293981,227,0,1,4784162,0.772460938,-0.415344238,0.11315918,0.466918945,-1.30839229,-0.565694273,0.729478121,3.14160156,739,1692300174877,1692293983,226,3,1,2811373,0.01953125,-0.04296875,0.02734375,740,1692297176380,1692294482,227,0,1,5809870,0.001953125,-0.001953125,0.001953125
1,720,1692312955961,1692312985950,1,0,0,1,0,7,7,0,0,0,4,0,0,741,1692307201282,1692303581,228,0,1,5784668,0.772460938,-0.415283203,0.11315918,0.466918945,-1.30838799,-0.565582573,0.729427814,3.14160156,740,1692309178127,1692303683,227,3,1,3807823,0.01953125,-0.04296875,0.01953125,741,1692306172241,1692303680,228,0,1,6813709,0.001953125,-0.001953125,0.001953125
1,721,1692322955961,1692322984242,1,0,0,1,0,7,7,0,0,0,4,0,0,742,1692317201297,1692313781,229,0,1,5782945,0.772460938,-0.415283203,0.11315918,0.466918945,-1.30838799,-0.565582573,0.729427814,3.14160156,741,1692319177252,1692313682,228,3,1,3806990,0.03125,-0.0078125,0.01953125,742,1692316172329,1692313679,229,0,1,6811913,0.00390625,0.001953125,0.001953125
1,722,1692332955961,1692332986367,1,0,0,1,0,7,7,0,0,0,4,0,0,743,1692327208218,1692323882,230,0,1,5778149,0.772460938,-0.415283203,0.11315918,0.46697998,-1.30841696,-0.565566242,0.729382634,3.14160156,742,1692329178414,1692324083,229,3,1,3807953,-0.0390625,0.01953125,-0.05859375,743,1692326181047,1692323485,230,0,1,6805320,-0.001953125,0,0.001953125
1,723,1692342955961,1692342986733,1,0,0,1,0,7,7,0,0,0,4,0,0,744,1692337202973,1692333881,231,0,1,5783760,0.772460938,-0.415283203,0.11315918,0.46697998,-1.30841696,-0.565566242,0.729382634,3.14160156,743,1692339175558,1692334283,230,3,1,3811175,0.00390625,0.00390625,-0.01953125,744,1692336174987,1692333682,231,0,1,6811746,-0.001953125,0.001953125,0
1,724,1692352955961,1692352986358,1,0,0,1,0,7,7,0,0,0,4,0,0,745,1692347201450,1692343881,232,0,1,5784908,0.772460938,-0.415283203,0.113220215,0.46697998,-1.30840099,-0.56549871,0.729465902,3.14160156,744,1692349178295,1692344083,231,3,1,3808063,0.00390625,0.00390625,-0.01953125,745,1692346175298,1692343682,232,0,1,6811060,0,0.001953125,-0.001953125
1,725,1692362955961,1692362986372,1,0,0,1,0,7,7,0,0,0,4,0,0,746,1692357201761,1692353781,233,0,1,5784611,0.772460938,-0.415283203,0.113220215,0.466918945,-1.30837202,-0.565515041,0.729511082,3.14160156,745,1692359174790,1692353583,232,3,1,3811582,-0.00390625,0.00390625,-0.01953125,746,1692356175423,1692353682,233,0,1,6810949,0,-0.00390625,-0.00390625
1,726,1692372955961,1692372986609,1,0,0,1,0,7,7,0,0,0,4,0,0,747,1692367208219,1692363782,234,0,1,5778390,0.772460938,-0.415283203,0.11315918,0.466918945,-1.30838799,-0.565582573,0.729427814,3.14160156,746,1692369180304,1692364083,233,3,1,3806305,0.01953125,-0.04296875,-0.01953125,747,1692366177289,1692363682,234,0,1,6809320,-0.001953125,0,0
1,727,1692382955961,1692382986734,1,0,0,1,0,7,7,0,0,0,4,0,0,748,1692377203289,1692373382,235,0,1,5783445,0.772460938,-0.415283203,0.11315918,0.46697998,-1.30841696,-0.565566242,0.729382634,3.14160156,747,1692379175171,1692373683,234,3,1,3811563,0.046875,0.02734375,0.01953125,748,1692376180192,1692373682,235,0,1,6806542,0,0,0.001953125
1,728,1692392955961,1692392987471,1,0,0,1,0,7,7,0,0,0,4,0,0,749,1692387202137,1692383782,236,0,1,5785334,0.772460938,-0.415283203,0.11315918,0.46697998,-1.30841696,-0.565566242,0.729382634,3.14160156,748,1692389177555,1692383883,235,3,1,3809916,0.03125,-0.0078125,-0.01953125,749,1692386175188,1692383682,236,0,1,6812283,-0.001953125,0,-0.001953125
1,729,1692402955961,1692402986300,1,0,0,1,0,7,7,0,0,0,4,0,0,750,1692397202132,1692393782,237,0,1,5784168,0.772460938,-0.415283203,0.11315918,0.46697998,-1.30841696,-0.565566242,0.729382634,3.14160156,749,1692399174847,1692393682,236,3,1,3811453,-0.00390625,0.00390625,-0.01953125,750,1692396176980,1692393482,237,0,1,6809320,0.001953125,0.001953125,0.001953125
1,730,1692412955961,1692412987203,1,0,0,1,0,7,7,0,0,0,4,0,0,751,1692407201998,1692403782,238,0,1,5785205,0.772460938,-0.415283203,0.113220215,0.46697998,-1.30840099,-0.56549871,0.729465902,3.14160156,750,1692409178824,1692404082,237,3,1,3808379,0.0390625,-0.0078125,-0.01171875,751,1692406174254,1692403682,238,0,1,6812949,0.00390625,0.001953125,0
1,731,1692422955961,1692422984328,1,0,0,1,0,7,7,0,0,0,4,0,0,752,1692417201846,1692413781,239,0,1,5782482,0.772460938,-0.415283203,0.113220215,0.46697998,-1.30840099,-0.56549871,0.729465902,3.14160156,751,1692419177450,1692414083,238,3,1,3806878,-0.00390625,0.00390625,-0.01171875,752,1692416176249,1692413682,239,0,1,6808079,0.00390625,0,0.001953125
1,732,1692432955961,1692432984453,1,0,0,1,0,7,7,0,0,0,4,0,0,753,1692427202434,1692423381,240,0,1,5782019,0.772460938,-0.415283203,0.113220215,0.46697998,-1.30840099,-0.56549871,0.729465902,3.14160156,752,1692429177779,1692423883,239,3,1,3806674,-0.015625,-0.03125,-0.01171875,753,1692426174486,1692423681,240,0,1,6809967,0.001953125,0.001953125,-0.001953125
1,733,1692442955961,1692442984542,1,0,0,1,0,7,7,0,0,0,4,0,0,754,1692437208171,1692433782,241,0,1,5776371,0.772460938,-0.415283203,0.113220215,0.46697998,-1.30840099,-0.56549871,0.729465902,3.14160156,753,1692439177885,1692433683,240,3,1,3806657,0.03125,-0.0078125,0.02734375,754,1692436178185,1692433482,241,0,1,6806357,0,0.001953125,0
1,734,1692452955961,1692452984241,1,0,0,1,0,7,7,0,0,0,4,0,0,755,1692447207592,1692443882,242,0,1,5776649,0.772460938,-0.415283203,0.11328125,0.46697998,-1.3083849,-0.565431178,0.72954917,3.14160156,754,1692449177955,1692444283,241,3,1,3806286,0.03125,-0.0078125,-0.05078125,755,1692446179440,1692443683,242,0,1,6804801,-0.001953125,0.001953125,0
1,735,1692462955961,1692462984626,1,0,0,1,0,7,7,0,0,0,4,0,0,756,1692457208014,1692453582,243,0,1,5776612,0.772460938,-0.415283203,0.113220215,0.466918945,-1.30837202,-0.565515041,0.729511082,3.14160156,755,1692460177308,1692454382,242,3,1,2807318,-0.01171875,0.00390625,0.02734375,756,1692456177824,1692453682,243,0,1,6806802,-0.005859375,0.001953125,-0.00390625
1,736,1692472955961,1692472984547,1,0,0,1,0,7,7,0,0,0,4,0,0,757,1692468212496,1692463682,244,0,1,4772051,0.772460938,-0.415283203,0.113220215,0.466918945,-1.30837202,-0.565515041,0.729511082,3.14160156,756,1692470178933,1692463983,243,3,1,2805614,-0.01171875,0.00390625,-0.01171875,757,1692467187936,1692464084,244,0,1,5796611,0,0.001953125,0.001953125
1,737,1692482955961,1692482984691,1,0,0,1,0,7,7,0,0,0,4,0,0,758,1692477202154,1692473582,245,0,1,5782537,0.772460938,-0.415283203,0.11328125,0.466918945,-1.30835593,-0.565447569,0.72959435,3.14160156,757,1692479178016,1692473880,244,3,1,3806675,-0.01171875,0.00390625,0.02734375,758,1692476177631,1692473482,245,0,1,6807060,0.00390625,-0.00390625,0.001953125
1,738,1692492955961,1692492989168,1,0,0,1,0,7,7,0,0,0,4,0,0,759,1692487208186,1692483582,246,0,1,5780982,0.772460938,-0.415283203,0.113220215,0.466918945,-1.30837202,-0.565515041,0.729511082,3.14160156,758,1692489194437,1692483883,245,3,1,3794731,0.03125,-0.0078125,0.02734375,759,1692486179608,1692483682,246,0,1,6809560,-0.00390625,0.001953125,-0.001953125
1,739,1692502955961,1692502986460,1,0,0,1,0,7,7,0,0,0,4,0,0,760,1692497202645,1692493381,247,0,1,5783815,0.772460938,-0.415283203,0.113220215,0.466918945,-1.30837202,-0.565515041,0.729511082,3.14160156,759,1692499173378,1692493380,246,3,1,3813082,0.0234375,-0.0078125,0.02734375,760,1692496177807,1692493682,247,0,1,6808653,-0.00390625,0,-0.001953125
1,740,1692512955961,1692512988363,1,0,0,1,0,7,7,0,0,0,4,0,0,761,1692507204529,1692503578,248,0,1,5783834,0.772460938,-0.415283203,0.113220215,0.466918945,-1.30837202,-0.565515041,0.729511082,3.14160156,760,1692509178429,1692503680,247,3,1,3809934,-0.01171875,0.00390625,0.02734375,761,1692506170099,1692503682,248,0,1,6818264,0.001953125,0,0
1,741,1692522955961,1692522986415,1,0,0,1,0,7,7,0,0,0,4,0,0,762,1692517202970,1692513782,249,0,1,5783445,0.772460938,-0.415283203,0.113220215,0.466918945,-1.30837202,-0.565515041,0.729511082,3.14160156,761,1692519175629,1692513880,248,3,1,3810786,-0.01171875,0.00390625,0.02734375,762,1692516177391,1692513682,249,0,1,6809024,0,0,0.001953125
1,742,1692532955961,1692532987318,1,0,0,1,0,7,7,0,0,0,4,0,0,763,1692527202336,1692523581,250,0,1,5784982,0.772460938,-0.415283203,0.113220215,0.466918945,-1.30837202,-0.565515041,0.729511082,3.14160156,762,1692529179291,1692523680,249,3,1,3808027,-0.00390625,0.00390625,-0.05078125,763,1692526175924,1692523882,250,0,1,6811394,0.001953125,0.001953125,0
1,743,1692542955961,1692542986258,1,0,0,1,0,7,7,0,0,0,4,0,0,764,1692537201813,1692533581,251,0,1,5784445,0.772460938,-0.415283203,0.11328125,0.466918945,-1.30835593,-0.565447569,0.72959435,3.14160156,763,1692539172028,1692533380,250,3,1,3814230,-0.01171875,0.00390625,0.02734375,764,1692536175883,1692533482,251,0,1,6810375,-0.001953125,0,-0.001953125
1,744,1692552955961,1692552984772,1,0,0,1,0,7,7,0,0,0,4,0,0,765,1692547201531,1692543581,252,0,1,5783241,0.772460938,-0.415283203,0.113220215,0.466918945,-1.30837202,-0.565515041,0.729511082,3.14160156,764,1692549178116,1692543680,251,3,1,3806656,-0.01171875,0.00390625,-0.01171875,765,1692546174841,1692543682,252,0,1,6809931,0,0,-0.001953125
1,745,1692562955961,1692562986342,1,0,0,1,0,7,7,0,0,0,4,0,0,766,1692557202878,1692553582,253,0,1,5783464,0.772460938,-0.415283203,0.113220215,0.466918945,-1.30837202,-0.565515041,0.729511082,3.14160156,765,1692559172093,1692553680,252,3,1,3814249,-0.01171875,0.00390625,0.02734375,766,1692556185244,1692553683,253,0,1,6801098,0,0,-0.001953125
1,746,1692572955961,1692572986763,1,0,0,1,0,7,7,0,0,0,4,0,0,767,1692567208503,1692563185,254,0,1,5778260,0.772460938,-0.415344238,0.113220215,0.466918945,-1.30837619,-0.56562674,0.729561388,3.14160156,766,1692569178866,1692563680,253,3,1,3807897,-0.01171875,0.00390625,-0.01171875,767,1692566172592,1692563879,254,0,1,6814171,0,0.001953125,-0.001953125
1,747,1692582955961,1692582986593,1,0,0,1,0,7,7,0,0,0,4,0,0,768,1692577202407,1692573381,255,0,1,5784186,0.772460938,-0.415344238,0.11328125,0.466918945,-1.3083601,-0.565559268,0.729644656,3.14160156,767,1692579173770,1692573380,254,3,1,3812823,0.0234375,-0.0078125,0.02734375,768,1692576178847,1692573283,255,0,1,6807746,0.001953125,0.00390625,0.001953125
1,748,1692592955961,1692592988292,1,0,0,1,0,7,7,0,0,0,4,0,0,769,1692587202662,1692583582,0,0,1,5785630,0.772460938,-0.415283203,0.11328125,0.466918945,-1.30835593,-0.565447569,0.72959435,3.14160156,768,1692589179247,1692583683,255,3,1,3809045,-0.0234375,-0.03125,0.02734375,769,1692586177287,1692583683,0,0,1,6811005,0.001953125,0,0.001953125
1,749,1692602955961,1692602986880,1,0,0,1,0,7,7,0,0,0,4,0,0,770,1692597202398,1692593381,1,0,1,5784482,0.772460938,-0.415283203,0.11328125,0.466918945,-1.30835593,-0.565447569,0.72959435,3.14160156,769,1692599175650,1692592983,0,3,1,3811230,-0.00390625,0.00390625,0.02734375,770,1692596175246,1692593679,1,0,1,6811634,0,0,0.001953125
1,750,1692612955961,1692612986098,1,0,0,1,0,7,7,0,0,0,4,0,0,771,1692607196653,1692603381,2,0,1,5789445,0.772460938,-0.415283203,0.11328125,0.466918945,-1.30835593,-0.565447569,0.72959435,3.14160156,770,1692609179183,1692603681,1,3,1,3806915,-0.00390625,0.00390625,-0.01171875,771,1692606175778,1692603483,2,0,1,6810320,0,0.001953125,0
1,751,1692622955961,1692622987149,1,0,0,1,0,7,7,0,0,0,4,0,0,772,1692617211815,1692613383,3,0,1,5775334,0.772460938,-0.415344238,0.11328125,0.466918945,-1.3083601,-0.565559268,0.729644656,3.14160156,771,1692619183974,1692613684,2,3,1,3803175,-0.00390625,0.00390625,0.01953125,772,1692616214273,1692613685,3,0,1,6772876,-0.00390625,0.001953125,-0.001953125
1,752,1692632955961,1692632986830,1,0,0,1,0,7,7,0,0,0,4,0,0,773,1692627202589,1692623182,4,0,1,5784241,0.772460938,-0.415344238,0.11328125,0.466918945,-1.3083601,-0.565559268,0.729644656,3.14160156,772,1692629178026,1692623383,3,3,1,3808804,0.0234375,-0.0078125,0.02734375,773,1692626186473,1692623681,4,0,1,6800357,0,-0.001953125,-0.00390625
1,753,1692642955961,1692642986715,1,0,0,1,0,7,7,0,0,0,4,0,0,774,1692637196177,1692633181,5,0,1,5790538,0.772460938,-0.415344238,0.11328125,0.466918945,-1.3083601,-0.565559268,0.729644656,3.14160156,773,1692639175799,1692633181,4,3,1,3810916,0.0234375,-0.0078125,-0.01171875,774,1692636173636,1692633680,5,0,1,6813079,-0.001953125,0,-0.001953125
1,754,1692652955961,1692652986544,1,0,0,1,0,7,7,0,0,0,4,0,0,775,1692647202136,1692643381,6,0,1,5784408,0.772460938,-0.415344238,0.113220215,0.466918945,-1.30837619,-0.56562674,0.729561388,3.14160156,774,1692649192424,1692643584,5,3,1,3794120,0.0234375,-0.0078125,0.02734375,775,1692646174613,1692643680,6,0,1,6811931,-0.001953125,0,0
1,755,1692662955961,1692662987374,1,0,0,1,0,7,7,0,0,0,4,0,0,776,1692657202318,1692653381,7,0,1,5785056,0.772460938,-0.415344238,0.113220215,0.466918945,-1.30837619,-0.56562674,0.729561388,3.14160156,775,1692659180625,1692653683,6,3,1,3806749,-0.01171875,0.00390625,0.02734375,776,1692656174017,1692653680,7,0,1,6813357,-0.00390625,0,-0.001953125
1,756,1692672955961,1692672986556,1,0,0,1,0,7,7,0,0,0,4,0,0,777,1692667207740,1692663182,8,0,1,5778816,0.772460938,-0.415344238,0.113220215,0.466918945,-1.30837619,-0.56562674,0.729561388,3.14160156,776,1692669181270,1692663180,7,3,1,3805286,-0.01171875,0.00390625,0.02734375,777,1692666184199,1692663680,8,0,1,6802357,0.001953125,-0.00390625,0.001953125
1,757,1692682955961,1692682986701,1,0,0,1,0,7,7,0,0,0,4,0,0,778,1692677196126,1692673181,9,0,1,5790575,0.772460938,-0.415344238,0.113220215,0.466918945,-1.30837619,-0.56562674,0.729561388,3.14160156,777,1692679175211,1692673181,8,3,1,3811490,-0.01171875,0.00390625,-0.01171875,778,1692676174066,1692673280,9,0,1,6812635,0,-0.001953125,0
1,758,1692692955961,1692692989753,1,0,0,1,0,7,7,0,0,0,4,0,0,779,1692687202252,1692682981,10,0,1,5787501,0.772460938,-0.415344238,0.113220215,0.466918945,-1.30837619,-0.56562674,0.729561388,3.14160156,778,1692689176764,1692683380,9,3,1,3812989,-0.01171875,0.00390625,-0.01171875,779,1692686173137,1692683680,10,0,1,6816616,0.001953125,-0.001953125,-0.001953125
1,759,1692702955961,1692702986750,1,0,0,1,0,7,7,0,0,0,4,0,0,780,1692697202342,1692692981,11,0,1,5784408,0.772460938,-0.415344238,0.113220215,0.466918945,-1.30837619,-0.56562674,0.729561388,3.14160156,779,1692699176149,1692692983,10,3,1,3810601,-0.01171875,0.00390625,-0.01171875,780,1692696184078,1692693681,11,0,1,6802672,-0.001953125,-0.001953125,0.001953125
1,760,1692712955961,1692712986562,1,0,0,1,0,7,7,0,0,0,4,0,0,781,1692706203574,1692703082,12,0,1,6782988,0.772460938,-0.415344238,0.11315918,0.466918945,-1.30839229,-0.565694273,0.729478121,3.14160156,780,1692708175715,1692703283,11,3,1,4810847,-0.01171875,0.00390625,-0.01171875,781,1692705179625,1692702683,12,0,1,7806937,0,-0.001953125,0.001953125
1,761,1692722955961,1692722987262,1,0,0,1,0,7,7,0,0,0,4,0,0,782,1692717202854,1692713182,13,0,1,5784408,0.772460938,-0.415344238,0.113220215,0.466918945,-1.30837619,-0.56562674,0.729561388,3.14160156,781,1692719178976,1692713183,12,3,1,3808286,-0.01171875,0.00390625,-0.01171875,782,1692716175905,1692713282,13,0,1,6811357,0.001953125,0.001953125,0
1,762,1692732955961,1692732986722,1,0,0,1,0,7,7,0,0,0,4,0,0,783,1692727203628,1692722981,14,0,1,5783094,0.772460938,-0.415283203,0.113220215,0.466918945,-1.30837202,-0.565515041,0.729511082,3.14160156,782,1692729175621,1692723383,13,3,1,3811101,-0.01171875,0.00390625,-0.01171875,783,1692726183883,1692723481,14,0,1,6802839,0.001953125,-0.001953125,0
1,763,1692742955961,1692742986700,1,0,0,1,0,7,7,0,0,0,4,0,0,784,1692736207138,1692733079,15,0,1,6779562,0.772460938,-0.415283203,0.113220215,0.466918945,-1.30837202,-0.565515041,0.729511082,3.14160156,783,1692738178427,1692732883,14,3,1,4808273,0.0234375,-0.0078125,0.02734375,784,1692735174819,1692732682,15,0,1,7811881,-0.001953125,0,-0.001953125
1,764,1692752955961,1692752984327,1,0,0,1,0,7,7,0,0,0,4,0,0,785,1692747227399,1692742978,16,0,1,5756928,0.772460938,-0.415283203,0.113220215,0.466918945,-1.30837202,-0.565515041,0.729511082,3.14160156,784,1692749175985,1692743383,15,3,1,3808342,-0.0234375,-0.03125,-0.01171875,785,1692746169377,1692743482,16,0,1,6814950,0,0,0.001953125
1,765,1692762955961,1692762986527,1,0,0,1,0,7,7,0,0,0,4,0,0,786,1692756210372,1692752881,17,0,1,6776155,0.772460938,-0.415283203,0.113220215,0.466918945,-1.30837202,-0.565515041,0.729511082,3.14160156,785,1692758183532,1692753283,16,3,1,4802995,0.03125,-0.0078125,0.02734375,786,1692755179831,1692752683,17,0,1,7806696,0.001953125,-0.001953125,0.001953125
1,766,1692772955961,1692772987005,1,0,0,1,0,7,7,0,0,0,4,0,0,787,1692766201980,1692762881,18,0,1,6785025,0.772460938,-0.415283203,0.113220215,0.46697998,-1.30840099,-0.56549871,0.729465902,3.14160156,786,1692768180325,1692763282,17,3,1,4806680,0.03125,-0.0078125,-0.01171875,787,1692765176106,1692762682,18,0,1,7810899,0,0.001953125,0
1,767,1692782955961,1692782987224,1,0,0,1,0,7,7,0,0,0,4,0,0,788,1692776202125,1692772381,19,0,1,6785099,0.772460938,-0.415283203,0.113220215,0.466918945,-1.30837202,-0.565515041,0.729511082,3.14160156,787,1692778169526,1692772583,18,3,1,4817698,-0.00390625,0.00390625,-0.01171875,788,1692775176232,1692772682,19,0,1,7810992,0,0,-0.001953125
1,768,1692792955961,1692792989406,1,0,0,1,0,7,7,0,0,0,4,0,0,789,1692787203479,1692782981,20,0,1,5785927,0.772460938,-0.415283203,0.113220215,0.466918945,-1.30837202,-0.565515041,0.729511082,3.14160156,788,1692789176750,1692783183,19,3,1,3812656,-0.01171875,0.00390625,-0.01953125,789,1692786178956,1692783480,20,0,1,6810450,0,-0.001953125,0
1,769,1692802955961,1692802985125,1,0,0,1,0,7,7,0,0,0,4,0,0,790,1692796202323,1692792881,21,0,1,6782802,0.772460938,-0.415283203,0.113220215,0.46697998,-1.30840099,-0.56549871,0.729465902,3.14160156,789,1692798173667,1692793080,20,3,1,4811458,-0.01171875,0.00390625,-0.01171875,790,1692795183688,1692792683,21,0,1,7801437,-0.001953125,-0.00390625,0
1,770,1692812955961,1692812987807,1,0,0,1,0,7,7,0,0,0,4,0,0,791,1692806202560,1692802881,22,0,1,6785247,0.772460938,-0.415283203,0.11315918,0.46697998,-1.30841696,-0.565566242,0.729382634,3.14160156,790,1692808174294,1692803080,21,3,1,4813513,0.03125,-0.0078125,-0.01171875,791,1692805176815,1692802882,22,0,1,7810992,-0.00390625,-0.001953125,0
1,771,1692822955961,1692822984693,1,0,0,1,0,7,7,0,0,0,4,0,0,792,1692817203377,1692812781,23,0,1,5781316,0.772460938,-0.415283203,0.11315918,0.46697998,-1.30841696,-0.565566242,0.729382634,3.14160156,791,1692819178981,1692812783,22,3,1,3805712,-0.01171875,0.00390625,-0.01953125,792,1692816176650,1692813282,23,0,1,6808043,0,-0.001953125,0.001953125
1,772,1692832955961,1692832984097,1,0,0,1,0,7,7,0,0,0,4,0,0,793,1692826203146,1692822781,24,0,1,6780951,0.772460938,-0.415283203,0.11315918,0.46697998,-1.30841696,-0.565566242,0.729382634,3.14160156,792,1692828172954,1692822880,23,3,1,4811143,0,0.04296875,-0.01953125,793,1692825181938,1692822682,24,0,1,7802159,-0.001953125,0,0.001953125
1,773,1692842955961,1692842988446,1,0,0,1,0,7,7,0,0,0,4,0,0,794,1692836207809,1692832882,25,0,1,6780637,0.772460938,-0.415283203,0.11315918,0.46697998,-1.30841696,-0.565566242,0.729382634,3.14160156,793,1692838177895,1692833280,24,3,1,4810551,-0.01171875,0.00390625,-0.01953125,794,1692835179342,1692832682,25,0,1,7809104,-0.001953125,0.001953125,-0.001953125
1,774,1692852955961,1692852987017,1,0,0,1,0,7,7,0,0,0,4,0,0,795,1692846202825,1692842782,26,0,1,6784192,0.772399902,-0.415283203,0.11315918,0.46697998,-1.30861521,-0.56550622,0.729519308,3.14160156,794,1692848172966,1692843280,25,3,1,4814051,0.03125,-0.0078125,-0.01171875,795,1692845177469,1692842883,26,0,1,7809548,0,0.001953125,0
1,775,1692862955961,1692862984310,1,0,0,1,0,7,7,0,0,0,4,0,0,796,1692856203266,1692852881,27,0,1,6781044,0.772399902,-0.415283203,0.11315918,0.46697998,-1.30861521,-0.56550622,0.729519308,3.14160156,795,1692858180055,1692852880,26,3,1,4804255,0.01953125,-0.04296875,0.02734375,796,1692855181188,1692852481,27,0,1,7803122,-0.001953125,0,0
1,776,1692872955961,1692872986936,1,0,0,1,0,7,7,0,0,0,4,0,0,797,1692866202170,1692862881,28,0,1,6784766,0.772399902,-0.415344238,0.11315918,0.46697998,-1.3086195,-0.565617859,0.729569614,3.14160156,796,1692868174700,1692863083,27,3,1,4812236,0.03125,-0.0078125,-0.01171875,797,1692865176536,1692862882,28,0,1,7810400,-0.001953125,0.001953125,0.001953125
1,777,1692882955961,1692882986581,1,0,0,1,0,7,7,0,0,0,4,0,0,798,1692876205223,1692872783,29,0,1,6781358,0.772399902,-0.415344238,0.11315918,0.46697998,-1.3086195,-0.565617859,0.729569614,3.14160156,797,1692878175549,1692872382,28,3,1,4811032,-0.0390625,0.01953125,-0.01171875,798,1692875188866,1692872682,29,0,1,7797715,0,0,0
1,778,1692892955961,1692892983448,1,0,0,1,0,7,7,0,0,0,4,0,0,799,1692886204756,1692882778,30,0,1,6778692,0.772399902,-0.415344238,0.11315918,0.46697998,-1.3086195,-0.565617859,0.729569614,3.14160156,798,1692888176694,1692883083,29,3,1,4806754,-0.00390625,0.00390625,-0.01171875,799,1692885171030,1692882683,30,0,1,7812418,0.001953125,0,-0.001953125
1,779,1692902955961,1692902985704,1,0,0,1,0,7,7,0,0,0,4,0,0,800,1692896200957,1692892581,31,0,1,6784747,0.772399902,-0.415283203,0.113220215,0.46697998,-1.30859911,-0.565438688,0.729602575,3.14160156,799,1692898173413,1692892682,30,3,1,4812291,-0.015625,-0.03125,-0.01171875,800,1692895176545,1692892482,31,0,1,7809159,0.001953125,-0.001953125,0.001953125
1,780,1692912955961,1692912984553,1,0,0,1,0,7,7,0,0,0,4,0,0,801,1692906208602,1692902781,32,0,1,6775951,0.772399902,-0.415283203,0.113220215,0.46697998,-1.30859911,-0.565438688,0.729602575,3.14160156,800,1692908178409,1692902683,31,3,1,4806144,0.03125,-0.0078125,-0.01171875,801,1692905179801,1692902882,32,0,1,7804752,-0.001953125,0,-0.001953125
1,781,1692922955961,1692922986605,1,0,0,1,0,7,7,0,0,0,4,0,0,802,1692916208284,1692912582,33,0,1,6778321,0.772399902,-0.415283203,0.113220215,0.46697998,-1.30859911,-0.565438688,0.729602575,3.14160156,801,1692918205072,1692912581,32,3,1,4781533,0.03125,-0.0078125,-0.01171875,802,1692915179113,1692912682,33,0,1,7807492,-0.001953125,0,0
1,782,1692932955961,1692932986343,1,0,0,1,0,7,7,0,0,0,4,0,0,803,1692926202429,1692922781,34,0,1,6783914,0.772399902,-0.415344238,0.113220215,0.46697998,-1.30860341,-0.565550268,0.729652882,3.14160156,802,1692928169033,1692923082,33,3,1,4817310,-0.00390625,0.00390625,-0.01171875,803,1692925186924,1692922683,34,0,1,7799419,-0.001953125,0,0
1,783,1692942955961,1692942986599,1,0,0,1,0,7,7,0,0,0,4,0,0,804,1692936208166,1692932782,35,0,1,6778433,0.772399902,-0.415344238,0.113220215,0.46697998,-1.30860341,-0.565550268,0.729652882,3.14160156,803,1692938178566,1692932883,34,3,1,4808033,-0.00390625,0.00390625,0.02734375,804,1692935180106,1692932682,35,0,1,7806493,-0.001953125,0.001953125,0
1,784,1692952955961,1692952987558,1,0,0,1,0,7,7,0,0,0,4,0,0,805,1692946202700,1692942782,36,0,1,6784858,0.772399902,-0.415344238,0.113220215,0.46697998,-1.30860341,-0.565550268,0.729652882,3.14160156,804,1692948179989,1692942683,35,3,1,4807569,-0.00390625,0.00390625,-0.01171875,805,1692945173473,1692942880,36,0,1,7814085,0,0.001953125,-0.001953125
1,785,1692962955961,1692962985555,1,0,0,1,0,7,7,0,0,0,4,0,0,806,1692956204308,1692952582,37,0,1,6781247,0.772399902,-0.415344238,0.113220215,0.46697998,-1.30860341,-0.565550268,0.729652882,3.14160156,805,1692958175615,1692952683,36,3,1,4809940,-0.00390625,0.00390625,-0.01171875,806,1692955177840,1692952283,37,0,1,7807715,0.001953125,-0.001953125,0
1,786,1692972955961,1692972986626,1,0,0,1,0,7,7,0,0,0,4,0,0,807,1692966206119,1692962378,38,0,1,6780507,0.772399902,-0.415344238,0.113220215,0.46697998,-1.30860341,-0.565550268,0.729652882,3.14160156,806,1692968176779,1692962583,37,3,1,4809847,-0.00390625,0.00390625,0.02734375,807,1692965170911,1692962681,38,0,1,7815715,0.001953125,0,0
1,787,1692982955961,1692982986400,1,0,0,1,0,7,7,0,0,0,4,0,0,808,1692976195653,1692972581,39,0,1,6790747,0.772399902,-0.415344238,0.113220215,0.46697998,-1.30860341,-0.565550268,0.729652882,3.14160156,807,1692978178387,1692972383,38,3,1,4808013,0.03125,-0.0078125,0.02734375,808,1692975173667,1692972680,39,0,1,7812733,0,0.001953125,0
1,788,1692992955961,1692993026544,1,0,0,1,0,7,7,0,0,0,4,0,0,809,1692986262759,1692982423,40,0,1,6763785,0.772399902,-0.415344238,0.113220215,0.46697998,-1.30860341,-0.565550268,0.729652882,3.14160156,808,1692988273695,1692982898,39,3,1,4752849,0.01953125,-0.04296875,-0.01171875,809,1692985236662,1692982485,40,0,1,7789882,0,0,0
1,789,1693002955961,1693002989820,1,0,0,1,0,7,7,0,0,0,4,0,0,810,1692996215998,1692992585,41,0,1,6773822,0.772399902,-0.415344238,0.113220215,0.46697998,-1.30860341,-0.565550268,0.729652882,3.14160156,809,1692998188621,1692992587,40,3,1,4801199,-0.00390625,0.00390625,0.02734375,810,1692995266417,1692992496,41,0,1,7723403,-0.00390625,0,0
1,790,1693012955961,1693012998298,1,0,0,1,0,7,7,0,0,0,4,0,0,811,1693006268678,1693002430,42,0,1,6729620,0.772399902,-0.415344238,0.113220215,0.46697998,-1.30860341,-0.565550268,0.729652882,3.14160156,810,1693008230357,1693002722,41,3,1,4767941,-0.00390625,0.00390625,-0.01171875,811,1693005240396,1693002682,42,0,1,7757902,0.001953125,0.001953125,0.001953125
1,791,1693022955961,1693022986758,1,0,0,1,0,7,7,0,0,0,4,0,0,812,1693016178919,1693012378,43,0,1,6807839,0.772399902,-0.415344238,0.113220215,0.46697998,-1.30860341,-0.565550268,0.729652882,3.14160156,811,1693018143782,1693012176,42,3,1,4842976,-0.00390625,0.00390625,-0.01171875,812,1693015204487,1693012679,43,0,1,7782271,0.00390625,-0.001953125,0.001953125
1,792,1693032955961,1693032981107,1,0,0,1,0,7,7,0,0,0,4,0,0,813,1693026184582,1693022580,44,0,1,6796525,0.772399902,-0.415283203,0.113220215,0.46697998,-1.30859911,-0.565438688,0.729602575,3.14160156,812,1693028155445,1693022878,43,3,1,4825662,0.03125,-0.0078125,0.02734375,813,1693025166948,1693022479,44,0,1,7814159,0.001953125,-0.001953125,0.001953125
1,793,1693042955961,1693042983863,1,0,0,1,0,7,7,0,0,0,4,0,0,814,1693036186782,1693032179,45,0,1,6797081,0.772399902,-0.415283203,0.113220215,0.467041016,-1.30862808,-0.565422297,0.729557216,3.14160156,813,1693038159664,1693032580,44,3,1,4824199,-0.00390625,0.00390625,-0.01171875,814,1693035162889,1693032681,45,0,1,7820974,0.00390625,0,0.001953125
1,794,1693052955961,1693052983489,1,0,0,1,0,7,7,0,0,0,4,0,0,815,1693046196890,1693042583,46,0,1,6786599,0.772399902,-0.415283203,0.11328125,0.467041016,-1.30861199,-0.565354824,0.729640484,3.14160156,814,1693048162216,1693042581,45,3,1,4821273,-0.00390625,0.00390625,0.02734375,815,1693045168126,1693042881,46,0,1,7815363,0,0,-0.001953125
1,795,1693062955961,1693062983467,1,0,0,1,0,7,7,0,0,0,4,0,0,816,1693056185924,1693052179,47,0,1,6797543,0.772399902,-0.415283203,0.11328125,0.467041016,-1.30861199,-0.565354824,0.729640484,3.14160156,815,1693058158787,1693052380,46,3,1,4824680,-0.015625,-0.03125,-0.01171875,816,1693055161697,1693052678,47,0,1,7821770,0,0.001953125,0
1,796,1693072955961,1693072983557,1,0,0,1,0,7,7,0,0,0,4,0,0,817,1693066178162,1693062579,48,0,1,6805395,0.772399902,-0.415283203,0.11328125,0.467041016,-1.30861199,-0.565354824,0.729640484,3.14160156,816,1693068151969,1693062680,47,3,1,4831588,-0.00390625,0.00390625,0.02734375,817,1693065154435,1693062679,48,0,1,7829122,0.00390625,0,0
1,797,1693082955961,1693082985294,1,0,0,1,0,7,7,0,0,0,4,0,0,818,1693076185584,1693072379,49,0,1,6799710,0.772399902,-0.415283203,0.11328125,0.467041016,-1.30861199,-0.565354824,0.729640484,3.14160156,817,1693078158207,1693072680,48,3,1,4827087,-0.00390625,0.00390625,0.01953125,818,1693075161247,1693072679,49,0,1,7824047,0.00390625,-0.001953125,0.001953125
1,798,1693092955961,1693092982291,1,0,0,1,0,7,7,0,0,0,4,0,0,819,1693086185655,1693082379,50,0,1,6796636,0.772399902,-0.415283203,0.11328125,0.467041016,-1.30861199,-0.565354824,0.729640484,3.14160156,818,1693088158815,1693082581,49,3,1,4823476,0.01953125,-0.04296875,-0.01953125,819,1693085161225,1693082680,50,0,1,7821066,-0.001953125,0.001953125,0.001953125
1,799,1693102955961,1693102983195,1,0,0,1,0,7,7,0,0,0,4,0,0,820,1693096176874,1693092379,51,0,1,6806321,0.772399902,-0.415283203,0.11328125,0.467041016,-1.30861199,-0.565354824,0.729640484,3.14160156,819,1693098152182,1693092380,50,3,1,4831013,-0.00390625,0.00390625,-0.01171875,820,1693095155481,1693092480,51,0,1,7827714,-0.00390625,0.001953125,0
1,800,1693112955961,1693112982544,1,0,0,1,0,7,7,0,0,0,4,0,0,821,1693106177019,1693101779,52,0,1,6805525,0.772399902,-0.415283203,0.11328125,0.467041016,-1.30861199,-0.565354824,0.729640484,3.14160156,820,1693108152753,1693102180,51,3,1,4829791,0.01953125,-0.04296875,0.02734375,821,1693105152682,1693102479,52,0,1,7829862,0,-0.001953125,-0.001953125
1,801,1693122955961,1693122983559,1,0,0,1,0,7,7,0,0,0,4,0,0,822,1693116187905,1693112180,53,0,1,6795654,0.772399902,-0.415283203,0.11328125,0.467041016,-1.30861199,-0.565354824,0.729640484,3.14160156,821,1693118162027,1693112178,52,3,1,4821532,0.03125,-0.0078125,0.02734375,822,1693115215028,1693112692,53,0,1,7768531,-0.001953125,-0.001953125,0
1,802,1693132955961,1693132983630,1,0,0,1,0,7,7,0,0,0,4,0,0,823,1693126185198,1693121980,54,0,1,6798432,0.772399902,-0.415283203,0.11328125,0.467041016,-1.30861199,-0.565354824,0.729640484,3.14160156,822,1693128158487,1693122580,53,3,1,4825143,0.03125,-0.0078125,-0.01171875,823,1693125167119,1693122680,54,0,1,7816511,0.001953125,-0.00390625,0.001953125
1,803,1693142955961,1693142981793,1,0,0,1,0,7,7,0,0,0,4,0,0,824,1693136182139,1693132177,55,0,1,6799654,0.772399902,-0.415283203,0.11328125,0.467041016,-1.30861199,-0.565354824,0.729640484,3.14160156,823,1693138160724,1693132180,54,3,1,4821069,0.0234375,-0.0078125,0.01953125,824,1693135153968,1693132280,55,0,1,7827825,0.00390625,-0.00390625,0
1,804,1693152955961,1693152983586,1,0,0,1,0,7,7,0,0,0,4,0,0,825,1693146185136,1693142380,56,0,1,6798450,0.772399902,-0.415222168,0.11328125,0.467041016,-1.30860782,-0.565243185,0.729590178,3.14160156,824,1693148158888,1693142580,55,3,1,4824698,0,0.04296875,0.01953125,825,1693145164816,1693142881,56,0,1,7818770,-0.00390625,0.001953125,0.00390625
1,805,1693162955961,1693162981324,1,0,0,1,0,7,7,0,0,0,4,0,0,826,1693156176225,1693151979,57,0,1,6805099,0.772399902,-0.415283203,0.11328125,0.467041016,-1.30861199,-0.565354824,0.729640484,3.14160156,825,1693158150700,1693151978,56,3,1,4830624,-0.01171875,0.00390625,-0.01953125,826,1693155153480,1693152679,57,0,1,7827844,0,-0.001953125,-0.001953125
1,806,1693172955961,1693172982987,1,0,0,1,0,7,7,0,0,0,4,0,0,827,1693166186907,1693162179,58,0,1,6796080,0.772399902,-0.415222168,0.113220215,0.467041016,-1.30862391,-0.565310657,0.72950691,3.14160156,826,1693168160603,1693162578,57,3,1,4822384,0.015625,-0.0078125,0.01953125,827,1693165164643,1693162680,58,0,1,7818344,0.001953125,0.001953125,-0.001953125
1,807,1693182955961,1693182981743,1,0,0,1,0,7,7,0,0,0,4,0,0,828,1693175203120,1693171779,59,0,1,7778623,0.772399902,-0.415222168,0.113220215,0.467041016,-1.30862391,-0.565310657,0.72950691,3.14160156,827,1693177163984,1693171878,58,3,1,5817759,0.015625,-0.0078125,-0.01953125,828,1693174160450,1693171480,59,0,1,8821293,0.001953125,0,0
1,808,1693192955961,1693192986462,1,0,0,1,0,7,7,0,0,0,4,0,0,829,1693185180321,1693182279,60,0,1,7806141,0.772399902,-0.415222168,0.113220215,0.467041016,-1.30862391,-0.565310657,0.72950691,3.14160156,828,1693187153370,1693182480,59,3,1,5833092,-0.01953125,0.00390625,0.01953125,829,1693184158798,1693181880,60,0,1,8827664,0,0,-0.001953125
1,809,1693202955961,1693202984181,1,0,0,1,0,7,7,0,0,0,4,0,0,830,1693196206174,1693191784,61,0,1,6778007,0.772399902,-0.415222168,0.113220215,0.467041016,-1.30862391,-0.565310657,0.72950691,3.14160156,829,1693198179038,1693191784,60,3,1,4805143,-0.03125,-0.03125,0.01953125,830,1693195170818,1693192680,61,0,1,7813363,0,0,0
1,810,1693212955961,1693212984104,1,0,0,1,0,7,7,0,0,0,4,0,0,831,1693206209264,1693201982,62,0,1,6774840,0.772399902,-0.415222168,0.113220215,0.467041016,-1.30862391,-0.565310657,0.72950691,3.14160156,830,1693208184497,1693202381,61,3,1,4799607,-0.01953125,0.00390625,0.01953125,831,1693205180019,1693202680,62,0,1,7804085,0.001953125,0,0
1,811,1693222955961,1693222984230,1,0,0,1,0,7,7,0,0,0,4,0,0,832,1693215202478,1693212081,63,0,1,7781752,0.772460938,-0.415222168,0.113220215,0.467041016,-1.30842566,-0.565370619,0.729370296,3.14160156,831,1693217178656,1693212283,62,3,1,5805574,-0.0546875,0.01953125,0.01953125,832,1693214180918,1693211682,63,0,1,8803312,0,-0.00390625,0
1,812,1693232955961,1693232984782,1,0,0,1,0,7,7,0,0,0,4,0,0,833,1693225212715,1693222082,64,0,1,7772067,0.772460938,-0.415222168,0.113220215,0.467041016,-1.30842566,-0.565370619,0.729370296,3.14160156,832,1693227178745,1693222283,63,3,1,5806037,0.00390625,-0.04296875,0.01953125,833,1693224178822,1693221882,64,0,1,8805960,-0.001953125,0,-0.001953125
1,813,1693242955961,1693242986927,1,0,0,1,0,7,7,0,0,0,4,0,0,834,1693236202847,1693231982,65,0,1,6784080,0.772460938,-0.415222168,0.113220215,0.467041016,-1.30842566,-0.565370619,0.729370296,3.14160156,833,1693238179136,1693232180,64,3,1,4807791,0.00390625,-0.04296875,0.01953125,834,1693235177139,1693232282,65,0,1,7809788,0.00390625,0,0.001953125
1,814,1693252955961,1693252987665,1,0,0,1,0,7,7,0,0,0,4,0,0,835,1693245202968,1693241581,66,0,1,7784697,0.772460938,-0.415161133,0.113220215,0.467041016,-1.30842137,-0.56525898,0.72931993,3.14160156,834,1693247175035,1693241883,65,3,1,5812630,-0.01171875,0.01171875,0.01953125,835,1693244181223,1693241480,66,0,1,8806442,0,0,-0.001953125
1,815,1693262955961,1693262987217,1,0,0,1,0,7,7,0,0,0,4,0,0,836,1693255202983,1693251782,67,0,1,7784234,0.772460938,-0.415161133,0.11315918,0.467041016,-1.30843747,-0.565326512,0.729236662,3.14160156,835,1693257175995,1693251683,66,3,1,5811222,0.0234375,0,-0.01953125,836,1693254174775,1693251680,67,0,1,8812442,0,0.00390625,0
1,816,1693272955961,1693272988306,1,0,0,1,0,7,7,0,0,0,4,0,0,837,1693265202202,1693261781,68,0,1,7786104,0.772460938,-0.415222168,0.113220215,0.467041016,-1.30842566,-0.565370619,0.729370296,3.14160156,836,1693267176639,1693262283,67,3,1,5811667,-0.01171875,0.01171875,-0.01953125,837,1693264175790,1693261681,68,0,1,8812516,0,0,0.001953125
1,817,1693282955961,1693282986766,1,0,0,1,0,7,7,0,0,0,4,0,0,838,1693276202223,1693271981,69,0,1,6784543,0.772460938,-0.415222168,0.11315918,0.467041016,-1.30844176,-0.565438211,0.729287028,3.14160156,837,1693278174456,1693271982,68,3,1,4812310,-0.046875,0.02734375,-0.01953125,838,1693275183626,1693272483,69,0,1,7803140,0,-0.001953125,-0.00390625
1,818,1693292955961,1693292987726,1,0,0,1,0,7,7,0,0,0,4,0,0,839,1693285201677,1693281881,70,0,1,7786049,0.772460938,-0.415161133,0.11315918,0.467041016,-1.30843747,-0.565326512,0.729236662,3.14160156,838,1693287174466,1693282282,69,3,1,5813260,-0.01171875,0.01171875,-0.01953125,839,1693284178210,1693281882,70,0,1,8809516,0.001953125,-0.001953125,0
1,819,1693302955961,1693302984445,1,0,0,1,0,7,7,0,0,0,4,0,0,840,1693295203526,1693291882,71,0,1,7780919,0.772460938,-0.415161133,0.11315918,0.467041016,-1.30843747,-0.565326512,0.729236662,3.14160156,839,1693297176000,1693291583,70,3,1,5808445,-0.01171875,0.01171875,-0.01953125,840,1693294184947,1693291678,71,0,1,8799498,0.001953125,-0.001953125,0
1,820,1693312955961,1693312986405,1,0,0,1,0,7,7,0,0,0,4,0,0,841,1693305209319,1693301882,72,0,1,7777086,0.772460938,-0.415161133,0.11315918,0.467041016,-1.30843747,-0.565326512,0.729236662,3.14160156,840,1693307186460,1693302284,71,3,1,5799945,0.0234375,0,-0.01953125,841,1693304179870,1693301680,72,0,1,8806535,-0.001953125,0,0
1,821,1693322955961,1693322986309,1,0,0,1,0,7,7,0,0,0,4,0,0,842,1693315202482,1693311582,73,0,1,7783827,0.772460938,-0.415161133,0.11315918,0.467041016,-1.30843747,-0.565326512,0.729236662,3.14160156,841,1693317182160,1693311882,72,3,1,5804149,-0.01171875,0.01171875,-0.01953125,842,1693314175922,1693311882,73,0,1,8810387,-0.00390625,0,0
1,822,1693332955961,1693332986472,1,0,0,1,0,7,7,0,0,0,4,0,0,843,1693325204386,1693321781,74,0,1,7782086,0.772460938,-0.415222168,0.11315918,0.467041016,-1.30844176,-0.565438211,0.729287028,3.14160156,842,1693327168972,1693321883,73,3,1,5817500,0.0234375,0,0.01953125,843,1693324175919,1693321682,74,0,1,8810553,0.001953125,0,-0.00390625
1,823,1693342955961,1693342986284,1,0,0,1,0,7,7,0,0,0,4,0,0,844,1693335202383,1693331782,75,0,1,7783901,0.772460938,-0.415161133,0.113098145,0.467041016,-1.30845344,-0.565394044,0.729153395,3.14160156,843,1693337175580,1693331583,74,3,1,5810704,-0.01171875,0.00390625,-0.01953125,844,1693334175749,1693331681,75,0,1,8810535,0,-0.001953125,0.001953125
1,824,1693352955961,1693352984633,1,0,0,1,0,7,7,0,0,0,4,0,0,845,1693345209009,1693341782,76,0,1,7775624,0.772460938,-0.415161133,0.113098145,0.467041016,-1.30845344,-0.565394044,0.729153395,3.14160156,844,1693347180891,1693342083,75,3,1,5803742,-0.01171875,0.00390625,0.01953125,845,1693344177950,1693341682,76,0,1,8806683,0,-0.001953125,-0.001953125
1,825,1693362955961,1693362986500,1,0,0,1,0,7,7,0,0,0,4,0,0,846,1693355209765,1693351782,77,0,1,7776735,0.772460938,-0.415161133,0.113098145,0.467041016,-1.30845344,-0.565394044,0.729153395,3.14160156,845,1693357179369,1693352080,76,3,1,5807131,0.0234375,-0.0078125,0.01953125,846,1693354181428,1693351682,77,0,1,8805072,-0.001953125,0.001953125,0
1,826,1693372955961,1693372986644,1,0,0,1,0,7,7,0,0,0,4,0,0,847,1693365202262,1693361782,78,0,1,7784382,0.772460938,-0.415161133,0.113098145,0.467041016,-1.30845344,-0.565394044,0.729153395,3.14160156,846,1693367180551,1693361883,77,3,1,5806093,-0.046875,0.01953125,-0.05859375,847,1693364175943,1693361682,78,0,1,8810701,0.001953125,0,0
1,827,1693382955961,1693382986715,1,0,0,1,0,7,7,0,0,0,4,0,0,848,1693375196259,1693371782,79,0,1,7790456,0.772460938,-0.415161133,0.113098145,0.467041016,-1.30845344,-0.565394044,0.729153395,3.14160156,847,1693377168271,1693371681,78,3,1,5818444,-0.01171875,0.00390625,0.01953125,848,1693374175829,1693371482,79,0,1,8810886,-0.001953125,0,-0.00390625
1,828,1693392955961,1693392988027,1,0,0,1,0,7,7,0,0,0,4,0,0,849,1693385211219,1693381188,80,0,1,7776808,0.772460938,-0.415222168,0.113098145,0.46697998,-1.30842865,-0.565522075,0.729249001,3.14160156,848,1693387178249,1693381583,79,3,1,5809778,-0.0234375,-0.03125,-0.01953125,849,1693384180048,1693381682,80,0,1,8807979,0,0.00390625,0.001953125
1,829,1693402955961,1693402986653,1,0,0,1,0,7,7,0,0,0,4,0,0,850,1693395201660,1693391381,81,0,1,7784993,0.772460938,-0.415222168,0.113098145,0.46697998,-1.30842865,-0.565522075,0.729249001,3.14160156,849,1693397175320,1693391383,80,3,1,5811333,-0.01171875,0.0078125,0.05859375,850,1693394178045,1693391682,81,0,1,8808608,-0.001953125,0,-0.001953125
1,830,1693412955961,1693412986169,1,0,0,1,0,7,7,0,0,0,4,0,0,851,1693405201324,1693401581,82,0,1,7784845,0.772460938,-0.415222168,0.113098145,0.46697998,-1.30842865,-0.565522075,0.729249001,3.14160156,850,1693407174890,1693402083,81,3,1,5811279,0.046875,-0.0546875,-0.01953125,851,1693404175356,1693401882,82,0,1,8810813,-0.00390625,0.00390625,0
1,831,1693422955961,1693422986314,1,0,0,1,0,7,7,0,0,0,4,0,0,852,1693415208653,1693411782,83,0,1,7777661,0.772460938,-0.415222168,0.11315918,0.46697998,-1.30841279,-0.565454543,0.729332268,3.14160156,851,1693417178295,1693411683,82,3,1,5808019,-0.01171875,0.00390625,-0.05859375,852,1693414178742,1693411482,83,0,1,8807572,0.00390625,0.001953125,0.001953125
1,832,1693432955961,1693432985940,1,0,0,1,0,7,7,0,0,0,4,0,0,853,1693425204484,1693421781,84,0,1,7781456,0.772460938,-0.415222168,0.11315918,0.46697998,-1.30841279,-0.565454543,0.729332268,3.14160156,852,1693427174847,1693421883,83,3,1,5811093,-0.01171875,0.00390625,-0.01953125,853,1693424175035,1693421682,84,0,1,8810905,0.001953125,0,-0.001953125
1,833,1693442955961,1693442986492,1,0,0,1,0,7,7,0,0,0,4,0,0,854,1693435207758,1693431382,85,0,1,7778734,0.772460938,-0.415222168,0.11315918,0.46697998,-1.30841279,-0.565454543,0.729332268,3.14160156,853,1693437177899,1693431583,84,3,1,5808593,-0.02734375,-0.03125,-0.05859375,854,1693434177550,1693431682,85,0,1,8808942,0.001953125,0.001953125,0
1,834,1693452955961,1693452986378,1,0,0,1,0,7,7,0,0,0,4,0,0,855,1693445202607,1693441782,86,0,1,7783771,0.772460938,-0.415161133,0.11315918,0.46697998,-1.3084085,-0.565342903,0.729281962,3.14160156,854,1693447175822,1693441883,85,3,1,5810556,0.0234375,-0.0078125,-0.01953125,855,1693444175288,1693441681,86,0,1,8811090,0.001953125,-0.001953125,0
1,835,1693462955961,1693462986467,1,0,0,1,0,7,7,0,0,0,4,0,0,856,1693455208863,1693451182,87,0,1,7777604,0.772521973,-0.415161133,0.11315918,0.46697998,-1.30821037,-0.565402865,0.729145348,3.14160156,855,1693457178819,1693451583,86,3,1,5807648,0.046875,-0.046875,0.01953125,856,1693454177377,1693451682,87,0,1,8809090,0,-0.001953125,-0.001953125
1,836,1693472955961,1693472986131,1,0,0,1,0,7,7,0,0,0,4,0,0,857,1693465201600,1693461581,88,0,1,7784531,0.772460938,-0.415161133,0.11315918,0.46697998,-1.3084085,-0.565342903,0.729281962,3.14160156,856,1693467175056,1693461682,87,3,1,5811075,-0.01171875,0.01171875,0.01953125,857,1693464175392,1693461882,88,0,1,8810739,-0.001953125,0.00390625,0.001953125
1,837,1693482955961,1693482986720,1,0,0,1,0,7,7,0,0,0,4,0,0,858,1693475207708,1693471582,89,0,1,7779012,0.772460938,-0.415161133,0.11315918,0.46697998,-1.3084085,-0.565342903,0.729281962,3.14160156,857,1693477180164,1693471380,88,3,1,5806556,-0.03515625,0.0625,0.01953125,858,1693474178352,1693471482,89,0,1,8808368,-0.001953125,0,0
1,838,1693492955961,1693492988569,1,0,0,1,0,7,7,0,0,0,4,0,0,859,1693485202390,1693481581,90,0,1,7786179,0.772460938,-0.415161133,0.113098145,0.46697998,-1.30842447,-0.565410376,0.729198635,3.14160156,858,1693487169754,1693481880,89,3,1,5818815,-0.01171875,0.01171875,0.01953125,859,1693484175812,1693481682,90,0,1,8812757,-0.001953125,-0.001953125,-0.001953125
1,839,1693502955961,1693502986251,1,0,0,1,0,7,7,0,0,0,4,0,0,860,1693495201702,1693491581,91,0,1,7784549,0.772460938,-0.415222168,0.113098145,0.46697998,-1.30842865,-0.565522075,0.729249001,3.14160156,859,1693497172491,1693491880,90,3,1,5813760,-0.01171875,0.01171875,-0.01953125,860,1693494178234,1693491682,91,0,1,8808017,0,-0.001953125,-0.001953125
1,840,1693512955961,1693512986692,1,0,0,1,0,7,7,0,0,0,4,0,0,861,1693505207810,1693501382,92,0,1,7778882,0.772521973,-0.415161133,0.113098145,0.46697998,-1.30822623,-0.565470397,0.729062021,3.14160156,860,1693507178191,1693501880,91,3,1,5808501,-0.01171875,0.00390625,0.01953125,861,1693504178787,1693501482,92,0,1,8807905,0.001953125,-0.00390625,-0.001953125
1,841,1693522955961,1693523183719,1,0,0,1,0,7,7,0,0,4,4,0,0,862,1693515202603,1693511582,93,0,1,7981116,0.772521973,-0.415161133,0.113098145,0.46697998,-1.30822623,-0.565470397,0.729062021,3.14160156,861,1693517171929,1693511580,92,3,1,6011790,0.01171875,-0.04296875,0.01953125,863,1693523178608,1693520882,94,0,1,5111,-0.001953125,0,-0.001953125
1,842,1693532955961,1693532986889,1,0,0,1,0,7,3,4,0,0,4,0,0,863,1693524208316,1693521082,94,0,1,8778573,0.772521973,-0.415161133,0.113098145,0.46697998,-1.30822623,-0.565470397,0.729062021,3.14160156,862,1693526181142,1693521483,93,3,1,6805747,-0.01171875,0.00390625,-0.01953125,863,1693523178608,1693520882,94,0,1,9808281,-0.001953125,0,-0.001953125
1,843,1693542955961,1693542986719,1,0,0,1,0,7,7,0,0,0,4,0,0,864,1693535196208,1693531181,95,0,1,7790511,0.772521973,-0.415161133,0.113098145,0.46697998,-1.30822623,-0.565470397,0.729062021,3.14160156,863,1693537178033,1693530783,94,3,1,5808686,-0.01171875,0.00390625,0.01953125,864,1693534176036,1693531682,95,0,1,8810683,0,-0.001953125,0
1,844,1693552955961,1693552986568,1,0,0,1,0,7,7,0,0,0,4,0,0,865,1693545210778,1693541381,96,0,1,7775790,0.772521973,-0.415161133,0.113098145,0.46697998,-1.30822623,-0.565470397,0.729062021,3.14160156,864,1693547178993,1693541681,95,3,1,5807575,-0.01171875,0.00390625,0.01953125,865,1693544175941,1693541482,96,0,1,8810627,0.00390625,0.00390625,0.001953125
1,845,1693562955961,1693562984213,1,0,0,1,0,7,7,0,0,0,4,0,0,866,1693555208201,1693551382,97,0,1,7776012,0.772521973,-0.415161133,0.113098145,0.46697998,-1.30822623,-0.565470397,0.729062021,3.14160156,865,1693557178175,1693551683,96,3,1,5806038,-0.01171875,0.00390625,0.01953125,866,1693554178104,1693551682,97,0,1,8806109,-0.001953125,0,0
1,846,1693572955961,1693572983784,1,0,0,1,0,7,7,0,0,0,4,0,0,867,1693565208179,1693561381,98,0,1,7775605,0.772521973,-0.415161133,0.113098145,0.46697998,-1.30822623,-0.565470397,0.729062021,3.14160156,866,1693567177524,1693561582,97,3,1,5806260,0.0234375,-0.0078125,-0.01953125,867,1693564177378,1693561683,98,0,1,8806406,-0.00390625,0.001953125,-0.001953125
1,847,1693582955961,1693582983725,1,0,0,1,0,7,7,0,0,0,4,0,0,868,1693575207954,1693570982,99,0,1,7775771,0.772521973,-0.415161133,0.113098145,0.46697998,-1.30822623,-0.565470397,0.729062021,3.14160156,867,1693577177335,1693571182,98,3,1,5806390,-0.01171875,0.00390625,-0.01953125,868,1693574178097,1693571682,99,0,1,8805628,0.00390625,-0.001953125,0
1,848,1693592955961,1693593182252,1,0,0,1,0,7,7,0,0,4,4,0,0,869,1693585207487,1693581182,100,0,1,7974765,0.772521973,-0.415161133,0.113098145,0.46697998,-1.30822623,-0.565470397,0.729062021,3.14160156,868,1693587177536,1693581583,99,3,1,6004716,-0.01171875,0.00390625,0.01953125,870,1693593176975,1693590682,101,0,1,5277,0,0.00390625,0
1,849,1693602955961,1693602984107,1,0,0,1,0,7,3,4,0,0,4,0,0,870,1693594202312,1693590881,101,0,1,8781795,0.772521973,-0.415161133,0.113098145,0.46697998,-1.30822623,-0.565470397,0.729062021,3.14160156,869,1693596175305,1693591282,100,3,1,6808802,-0.01171875,0.00390625,-0.01953125,870,1693593176975,1693590682,101,0,1,9807132,0,0.00390625,0
1,850,1693612955961,1693612984326,1,0,0,1,0,7,7,0,0,0,4,0,0,871,1693605207407,1693601382,102,0,1,7776919,0.772521973,-0.415161133,0.113098145,0.46697998,-1.30822623,-0.565470397,0.729062021,3.14160156,870,1693607178807,1693601383,101,3,1,5805519,-0.046875,0.01953125,0.01953125,871,1693604179384,1693601882,102,0,1,8804942,-0.001953125,0,0
1,851,1693622955961,1693622984360,1,0,0,1,0,7,7,0,0,0,4,0,0,872,1693615256680,1693611394,103,0,1,7727680,0.772521973,-0.415161133,0.113098145,0.46697998,-1.30822623,-0.565470397,0.729062021,3.14160156,871,1693617180859,1693610983,102,3,1,5803501,0.0234375,-0.0078125,-0.01953125,872,1693614177177,1693611482,103,0,1,8807183,0,0,0
1,852,1693632955961,1693632987116,1,0,0,1,0,7,7,0,0,0,4,0,0,873,1693625208493,1693621182,104,0,1,7778623,0.772521973,-0.415161133,0.113098145,0.46697998,-1.30822623,-0.565470397,0.729062021,3.14160156,872,1693627177486,1693621583,103,3,1,5809630,0,0.04296875,-0.01953125,873,1693624180489,1693621683,104,0,1,8806627,-0.001953125,0.001953125,-0.001953125
1,853,1693642955961,1693643184199,1,0,0,1,0,7,7,0,0,4,4,0,0,874,1693635203231,1693631182,105,0,1,7980968,0.772521973,-0.415161133,0.113098145,0.46697998,-1.30822623,-0.565470397,0.729062021,3.14160156,873,1693637180149,1693631183,104,3,1,6004050,0.0234375,-0.0078125,0.01953125,875,1693643178995,1693640682,106,0,1,5204,0,0.00390625,0
1,854,1693652955961,1693652986147,1,0,0,1,0,7,3,4,0,0,4,0,0,875,1693644208111,1693641082,106,0,1,8778036,0.772521973,-0.415161133,0.113098145,0.46697998,-1.30822623,-0.565470397,0.729062021,3.14160156,874,1693646178919,1693641283,105,3,1,6807228,-0.0234375,-0.03125,-0.01953125,875,1693643178995,1693640682,106,0,1,9807152,0,0.00390625,0
1,855,1693662955961,1693662986645,1,0,0,1,0,7,7,0,0,0,4,0,0,876,1693655201688,1693651181,107,0,1,7784957,0.772521973,-0.415222168,0.113098145,0.46697998,-1.30823052,-0.565582037,0.729112327,3.14160156,875,1693657178329,1693651180,106,3,1,5808316,0.0234375,-0.0078125,-0.01171875,876,1693654173924,1693651280,107,0,1,8812721,-0.001953125,0.001953125,-0.001953125
1,856,1693672955961,1693673183877,1,0,0,1,0,7,7,0,0,4,4,0,0,877,1693665207463,1693661382,108,0,1,7976414,0.772521973,-0.415161133,0.113098145,0.46697998,-1.30822623,-0.565470397,0.729062021,3.14160156,876,1693667178253,1693661683,107,3,1,6005624,-0.07421875,-0.0546875,0.02734375,878,1693673178618,1693670882,109,0,1,5259,0,0,0
1,857,1693682955961,1693683183671,1,0,0,1,0,7,7,0,0,0,4,0,0,878,1693674206808,1693671082,109,0,1,8976863,0.772521973,-0.415161133,0.113098145,0.46697998,-1.30822623,-0.565470397,0.729062021,3.14160156,877,1693676178393,1693671080,108,3,1,7005278,0.00390625,0.04296875,0.05859375,879,1693683178597,1693680682,110,0,1,5074,0,0,0
1,858,1693692955961,1693693186113,1,0,0,1,0,7,7,0,0,0,4,0,0,879,1693684208324,1693681082,110,0,1,8977789,0.772521973,-0.415161133,0.113098145,0.46697998,-1.30822623,-0.565470397,0.729062021,3.14160156,878,1693686178484,1693681283,109,3,1,7007629,-0.00390625,0.00390625,-0.09765625,880,1693693180799,1693690883,111,0,1,5314,0,0,0
1,859,1693702955961,1693703180797,1,0,0,1,0,7,7,0,0,0,4,0,0,880,1693694207914,1693691082,111,0,1,8972883,0.772521973,-0.415161133,0.113098145,0.46697998,-1.30822623,-0.565470397,0.729062021,3.14160156,879,1693696178407,1693691483,110,3,1,7002390,0.03125,-0.0078125,0.05859375,881,1693703175741,1693700882,112,0,1,5056,0,0,0
1,860,1693712955961,1693713183109,1,0,0,1,0,7,7,0,0,0,4,0,0,881,1693704204746,1693701083,112,0,1,8978363,0.772521973,-0.415161133,0.113098145,0.46697998,-1.30822623,-0.565470397,0.729062021,3.14160156,880,1693706175720,1693701283,111,3,1,7007389,0.08203125,-0.0703125,-0.01953125,882,1693713177998,1693710882,113,0,1,5111,0,0,0
1,861,1693722955961,1693723181589,1,0,0,1,0,7,7,0,0,0,4,0,0,882,1693714208132,1693710882,113,0,1,8973457,0.772521973,-0.415161133,0.113098145,0.46697998,-1.30822623,-0.565470397,0.729062021,3.14160156,881,1693716178551,1693710583,112,3,1,7003038,0.0234375,-0.0078125,-0.01953125,883,1693723176329,1693720882,114,0,1,5260,0,0,0
1,862,1693732955961,1693733187716,1,0,0,1,0,7,7,0,0,0,4,0,0,883,1693724202519,1693720882,114,0,1,8985197,0.772521973,-0.415161133,0.113098145,0.46697998,-1.30822623,-0.565470397,0.729062021,3.14160156,882,1693726174901,1693721282,113,3,1,7012815,0.0234375,-0.0078125,0.05859375,884,1693733182142,1693730882,115,0,1,5574,0,0,0
1,863,1693742955961,1693743182992,1,0,0,1,0,7,7,0,0,0,4,0,0,884,1693734207887,1693731282,115,0,1,8975105,0.772521973,-0.415161133,0.113098145,0.46697998,-1.30822623,-0.565470397,0.729062021,3.14160156,883,1693736178102,1693731682,114,3,1,7004890,0.03515625,0.02734375,-0.01953125,885,1693743177732,1693740982,116,0,1,5260,0,0,0
1,864,1693752955961,1693753183600,1,0,0,1,0,7,7,0,0,0,4,0,0,885,1693744208255,1693741082,116,0,1,8975345,0.772521973,-0.415161133,0.113098145,0.46697998,-1.30822623,-0.565470397,0.729062021,3.14160156,884,1693746178600,1693741083,115,3,1,7005000,-0.109375,0.078125,-0.05859375,886,1693753178471,1693750682,117,0,1,5129,0,0,0
1,865,1693762955961,1693763182506,1,0,0,1,0,7,7,0,0,0,4,0,0,886,1693754208142,1693750882,117,0,1,8974364,0.772521973,-0.415161133,0.113098145,0.46697998,-1.30822623,-0.565470397,0.729062021,3.14160156,885,1693756179376,1693750583,116,3,1,7003130,-0.09765625,-0.00390625,0.05859375,887,1693763177395,1693760882,118,0,1,5111,-0.00390625,0.005859375,0.005859375
1,866,1693772955961,1693773182781,1,0,0,1,0,7,7,0,0,0,4,0,0,887,1693764208399,1693760882,118,0,1,8974382,0.772521973,-0.415161133,0.113098145,0.46697998,-1.30822623,-0.565470397,0.729062021,3.14160156,886,1693766179318,1693761283,117,3,1,7003463,-0.00390625,0.00390625,-0.08984375,888,1693773177633,1693770882,119,0,1,5148,0.005859375,-0.009765625,-0.001953125
1,867,1693782955961,1693783183427,1,0,0,1,0,7,7,0,0,0,4,0,0,888,1693774207990,1693770882,119,0,1,8975437,0.772521973,-0.415161133,0.113098145,0.46697998,-1.30822623,-0.565470397,0.729062021,3.14160156,887,1693776176057,1693771282,118,3,1,7007370,-0.01171875,0.00390625,0.01953125,889,1693783178353,1693780882,120,0,1,5074,-0.005859375,0,-0.00390625
1,868,1693792955961,1693793186443,1,0,0,1,0,7,7,0,0,0,4,0,0,889,1693784208135,1693780582,120,0,1,8978308,0.772521973,-0.415161133,0.113098145,0.46697998,-1.30822623,-0.565470397,0.729062021,3.14160156,888,1693786179110,1693781084,119,3,1,7007333,0.05078125,-0.0546875,0.09375,890,1693793181110,1693790482,121,0,1,5333,0.001953125,0.00390625,0.009765625
1,869,1693802955961,1693803184034,1,0,0,1,0,7,7,0,0,0,4,0,0,890,1693794207689,1693790782,121,0,1,8976345,0.772521973,-0.415161133,0.113098145,0.46697998,-1.30822623,-0.565470397,0.729062021,3.14160156,889,1693796179737,1693790880,120,3,1,7004297,0.03515625,-0.09375,-0.01953125,891,1693803178849,1693800982,122,0,1,5185,-0.001953125,-0.00390625,0
1,870,1693812955961,1693813183847,1,0,0,1,0,7,7,0,0,0,4,0,0,891,1693804208502,1693800882,122,0,1,8975345,0.772521973,-0.415161133,0.113098145,0.46697998,-1.30822623,-0.565470397,0.729062021,3.14160156,890,1693806180180,1693801280,121,3,1,7003667,-0.01171875,0.00390625,0.01953125,892,1693813178754,1693810882,123,0,1,5093,0,0,0
1,871,1693822955961,1693823183307,1,0,0,1,0,7,7,0,0,0,4,0,0,892,1693814209629,1693810882,123,0,1,8973678,0.772521973,-0.415161133,0.113098145,0.467041016,-1.3082552,-0.565454066,0.729016781,3.14160156,891,1693816181511,1693810580,122,3,1,7001796,-0.0234375,-0.03125,0.01953125,893,1693823178104,1693820682,124,0,1,5203,0.005859375,0.001953125,0.001953125
1,872,1693832955961,1693833186361,1,0,0,1,0,7,7,0,0,0,4,0,0,893,1693824208460,1693820882,124,0,1,8977901,0.772521973,-0.415161133,0.113098145,0.467041016,-1.3082552,-0.565454066,0.729016781,3.14160156,892,1693826178027,1693821080,123,3,1,7008334,-0.03515625,0.0546875,-0.01953125,894,1693833181139,1693830882,125,0,1,5222,0.001953125,-0.00390625,-0.009765625
1,873,1693842955961,1693843182803,1,0,0,1,0,7,7,0,0,0,4,0,0,894,1693834208162,1693830782,125,0,1,8974641,0.772521973,-0.415100098,0.113098145,0.46697998,-1.30822194,-0.565358698,0.729011655,3.14160156,893,1693836178581,1693831080,124,3,1,7004222,0.01171875,-0.04296875,-0.01953125,895,1693843177600,1693840982,126,0,1,5203,0.001953125,0,0
1,874,1693852955961,1693853183764,1,0,0,1,0,7,7,0,0,0,4,0,0,895,1693844206530,1693840782,126,0,1,8977234,0.772521973,-0.415100098,0.113098145,0.46697998,-1.30822194,-0.565358698,0.729011655,3.14160156,894,1693846179634,1693841080,125,3,1,7004130,0.046875,-0.0546875,0.05859375,896,1693853178708,1693850883,127,0,1,5056,-0.00390625,0.001953125,0.005859375
1,875,1693862955961,1693863183391,1,0,0,1,0,7,7,0,0,0,4,0,0,896,1693854207398,1693850582,127,0,1,8975993,0.772521973,-0.415100098,0.113098145,0.46697998,-1.30822194,-0.565358698,0.729011655,3.14160156,895,1693856178021,1693850580,126,3,1,7005370,0.0234375,0,0.01953125,897,1693863178262,1693860882,128,0,1,5129,-0.001953125,0,0
1,876,1693872955961,1693873182778,1,0,0,1,0,7,7,0,0,0,4,0,0,897,1693864207711,1693860782,128,0,1,8975067,0.772521973,-0.415100098,0.113098145,0.46697998,-1.30822194,-0.565358698,0.729011655,3.14160156,896,1693866177500,1693861081,127,3,1,7005278,0.0234375,0,-0.01953125,898,1693873177056,1693870882,129,0,1,5722,-0.001953125,0,0
1,877,1693882955961,1693883183942,1,0,0,1,0,7,7,0,0,0,4,0,0,898,1693874203227,1693870782,129,0,1,8980715,0.772521973,-0.415161133,0.113098145,0.46697998,-1.30822623,-0.565470397,0.729062021,3.14160156,897,1693876175146,1693871083,128,3,1,7008796,-0.046875,0.02734375,0.01953125,899,1693883178795,1693880882,130,0,1,5147,-0.00390625,0.001953125,0
1,878,1693892955961,1693893182866,1,0,0,1,0,7,7,0,0,0,4,0,0,899,1693884208688,1693880582,130,0,1,8974178,0.772521973,-0.415161133,0.113037109,0.467041016,-1.30827129,-0.565521538,0.728933454,3.14160156,898,1693886178181,1693880683,129,3,1,7004685,-0.046875,0.02734375,-0.05859375,900,1693893177644,1693890283,131,0,1,5222,0,-0.001953125,-0.001953125
1,879,1693902955961,1693903183271,1,0,0,1,0,7,7,0,0,0,4,0,0,900,1693894203186,1693890582,131,0,1,8980085,0.772521973,-0.415161133,0.113037109,0.46697998,-1.30824232,-0.56553793,0.728978693,3.14160156,899,1693896175105,1693890583,130,3,1,7008166,-0.01171875,0.01171875,-0.01953125,901,1693903178124,1693900882,132,0,1,5147,0.00390625,-0.0078125,-0.001953125
1,880,1693912955961,1693913183751,1,0,0,1,0,7,7,0,0,0,4,0,0,901,1693904207017,1693900582,132,0,1,8976734,0.772521973,-0.415161133,0.113037109,0.46697998,-1.30824232,-0.56553793,0.728978693,3.14160156,900,1693906177825,1693900882,131,3,1,7005926,0.046875,-0.046875,0.01953125,902,1693913178492,1693910882,133,0,1,5259,0,0,0.005859375
1,881,1693922955961,1693923183341,1,0,0,1,0,7,7,0,0,0,4,0,0,902,1693914208255,1693910582,133,0,1,8975086,0.772521973,-0.415100098,0.113037109,0.467041016,-1.308267,-0.565409899,0.728883147,3.14160156,901,1693916178452,1693910683,132,3,1,7004889,0.0625,-0.01171875,0.01953125,903,1693923178267,1693920883,134,0,1,5074,0.001953125,0.001953125,0.001953125
1,882,1693932955961,1693933186839,1,0,0,1,0,7,7,0,0,0,4,0,0,903,1693924207735,1693920382,134,0,1,8979104,0.772521973,-0.415100098,0.113037109,0.467041016,-1.308267,-0.565409899,0.728883147,3.14160156,902,1693926178617,1693920883,133,3,1,7008222,-0.01171875,0.01171875,-0.01953125,904,1693933181672,1693930682,135,0,1,5167,-0.001953125,0,-0.001953125
1,883,1693942955961,1693943182837,1,0,0,1,0,7,7,0,0,0,4,0,0,904,1693934208344,1693930581,135,0,1,8974493,0.772521973,-0.415100098,0.113037109,0.467041016,-1.308267,-0.565409899,0.728883147,3.14160156,903,1693936178077,1693930583,134,3,1,7004760,-0.046875,0.02734375,0.01953125,905,1693943177819,1693940983,136,0,1,5018,0.001953125,0.00390625,0
1,884,1693952955961,1693953183594,1,0,0,1,0,7,7,0,0,0,4,0,0,905,1693944207934,1693940582,136,0,1,8975660,0.772521973,-0.415100098,0.113037109,0.467041016,-1.308267,-0.565409899,0.728883147,3.14160156,904,1693946178834,1693940883,135,3,1,7004760,-0.01171875,0.01171875,-0.01953125,906,1693953178372,1693950883,137,0,1,5222,0.001953125,0,0
1,885,1693962955961,1693963184795,1,0,0,1,0,7,7,0,0,0,4,0,0,906,1693954209321,1693950582,137,0,1,8975474,0.772521973,-0.415100098,0.113037109,0.467041016,-1.308267,-0.565409899,0.728883147,3.14160156,905,1693956178703,1693950183,136,3,1,7006092,-0.01171875,0.01171875,-0.01953125,907,1693963179722,1693960680,138,0,1,5073,0.001953125,-0.005859375,-0.00390625
1,886,1693972955961,1693973182590,1,0,0,1,0,7,7,0,0,0,4,0,0,907,1693964208041,1693960582,138,0,1,8974549,0.772521973,-0.415100098,0.113037109,0.46697998,-1.30823803,-0.56542623,0.728928387,3.14160156,906,1693966178052,1693960883,137,3,1,7004538,0.0234375,0,0.01953125,908,1693973177553,1693970880,139,0,1,5037,0,0.001953125,0.001953125
1,887,1693982955961,1693983177236,1,0,0,1,0,7,7,0,0,0,4,0,0,908,1693974208464,1693970382,139,0,1,8968772,0.772521973,-0.415100098,0.113037109,0.467041016,-1.308267,-0.565409899,0.728883147,3.14160156,907,1693976178402,1693970683,138,3,1,6998834,0.0234375,0,-0.01953125,909,1693983172106,1693980980,140,0,1,5130,0,0.001953125,-0.001953125
1,888,1693992955961,1693993189455,1,0,0,1,0,7,7,0,0,0,4,0,0,909,1693984218277,1693980579,140,0,1,8971178,0.772521973,-0.415100098,0.113037109,0.467041016,-1.308267,-0.565409899,0.728883147,3.14160156,908,1693986176696,1693980582,139,3,1,7012759,-0.01171875,0.01171875,-0.01953125,910,1693993184270,1693990882,141,0,1,5185,0,0.001953125,0
1,889,1694002955961,1694003183342,1,0,0,1,0,7,7,0,0,0,4,0,0,910,1693994208016,1693990181,141,0,1,8975326,0.772521973,-0.415100098,0.113037109,0.46697998,-1.30823803,-0.56542623,0.728928387,3.14160156,909,1693996177657,1693990383,140,3,1,7005685,-0.0234375,-0.0234375,0.01953125,911,1694003178305,1694000880,142,0,1,5037,-0.001953125,0.00390625,0.005859375
1,890,1694012955961,1694013244875,1,0,0,1,0,7,7,0,0,0,4,0,0,911,1694004224402,1694000581,142,0,1,9020473,0.772521973,-0.415100098,0.113037109,0.46697998,-1.30823803,-0.56542623,0.728928387,3.14160156,910,1694006188117,1694000685,141,3,1,7056758,-0.0234375,-0.0234375,0.01953125,912,1694013235431,1694010894,143,0,1,9444,0.001953125,-0.00390625,-0.001953125
1,891,1694022955961,1694023259428,1,0,0,1,0,7,7,0,0,0,4,0,0,912,1694014208956,1694010384,143,0,1,9050472,0.772521973,-0.415100098,0.113037109,0.46697998,-1.30823803,-0.56542623,0.728928387,3.14160156,911,1694016245002,1694010689,142,3,1,7014426,0,0.05078125,-0.05859375,913,1694023248058,1694020882,144,0,1,11370,0,-0.00390625,-0.001953125
1,892,1694032955961,1694033259222,1,0,0,1,0,7,7,0,0,0,4,0,0,913,1694024241786,1694020185,144,0,1,9017436,0.772521973,-0.415100098,0.113037109,0.46697998,-1.30823803,-0.56542623,0.728928387,3.14160156,912,1694026231075,1694020391,143,3,1,7028147,-0.0234375,-0.0234375,0.01953125,914,1694033244204,1694030495,145,0,1,15018,0,0.001953125,0
1,893,1694042955961,1694043264387,1,0,0,1,0,7,7,0,0,1,4,0,0,915,1694043249220,1694040088,146,0,1,15167,0.772521973,-0.415100098,0.113037109,0.46697998,-1.30823803,-0.56542623,0.728928387,3.14160156,913,1694036227999,1694030390,144,3,1,7036388,0.01171875,-0.03515625,0.01953125,915,1694042243660,1694039692,146,0,1,1020727,0,-0.001953125,-0.001953125
1,894,1694052955961,1694053214997,1,0,0,1,0,7,6,1,0,0,4,0,0,915,1694043249220,1694040088,146,0,1,9965777,0.772521973,-0.415100098,0.113037109,0.46697998,-1.30823803,-0.56542623,0.728928387,3.14160156,914,1694045272508,1694040344,145,3,1,7942489,0.0234375,0,-0.01953125,916,1694053208497,1694050876,147,0,1,6500,-0.00390625,0,0
1,895,1694062955961,1694063184292,1,0,0,1,0,7,7,0,0,0,4,0,0,916,1694054204984,1694050180,147,0,1,8979308,0.772521973,-0.415100098,0.112976074,0.46697998,-1.308254,-0.565493762,0.72884506,3.14160156,915,1694056166774,1694050181,146,3,1,7017518,0.0234375,0,0.01953125,917,1694063179015,1694060481,148,0,1,5277,-0.001953125,0.001953125,0
1,896,1694072955961,1694073183734,1,0,0,1,0,7,7,0,0,0,4,0,0,917,1694064206001,1694059983,148,0,1,8977733,0.772521973,-0.415161133,0.112976074,0.46697998,-1.30825818,-0.565605402,0.728895426,3.14160156,916,1694066180901,1694060583,147,3,1,7002833,-0.01171875,0.01171875,-0.05859375,918,1694073178753,1694070283,149,0,1,4981,0.001953125,-0.001953125,-0.005859375
1,897,1694082955961,1694083180843,1,0,0,1,0,7,7,0,0,0,4,0,0,918,1694074203498,1694070182,149,0,1,8977345,0.772521973,-0.415161133,0.112976074,0.46697998,-1.30825818,-0.565605402,0.728895426,3.14160156,917,1694076179195,1694070183,148,3,1,7001648,-0.01171875,0.01171875,-0.01953125,919,1694083175807,1694080682,150,0,1,5036,-0.001953125,0.001953125,0
1,898,1694092955961,1694093187119,1,0,0,1,0,7,7,0,0,0,4,0,0,919,1694084203311,1694080182,150,0,1,8983808,0.772521973,-0.415161133,0.112976074,0.46697998,-1.30825818,-0.565605402,0.728895426,3.14160156,918,1694086179915,1694080583,149,3,1,7007204,0.0234375,0,0.01953125,920,1694093181434,1694090684,151,0,1,5685,0,0.001953125,0.00390625
1,899,1694102955961,1694103147674,1,0,0,1,0,7,7,0,0,0,4,0,0,920,1694094205235,1694090182,151,0,1,8942439,0.772521973,-0.415161133,0.112976074,0.46697998,-1.30825818,-0.565605402,0.728895426,3.14160156,919,1694096146284,1694089979,150,3,1,7001390,-0.01171875,0.01171875,-0.01953125,921,1694103143674,1694100478,152,0,1,4000,0.001953125,0,-0.001953125
1,900,1694112955961,1694113147097,1,0,0,1,0,7,7,0,0,0,4,0,0,921,1694104167215,1694100378,152,0,1,8979882,0.772521973,-0.415161133,0.112976074,0.46697998,-1.30825818,-0.565605402,0.728895426,3.14160156,920,1694106143042,1694100578,151,3,1,7004055,-0.01171875,0.01171875,0.01953125,922,1694113143079,1694110278,153,0,1,4018,-0.001953125,0.001953125,-0.00390625
1,901,1694122955961,1694123175872,1,0,0,1,0,7,7,0,0,1,4,0,0,923,1694123167687,1694120278,154,0,1,8185,0.772521973,-0.415161133,0.112976074,0.46697998,-1.30825818,-0.565605402,0.728895426,3.14160156,921,1694116152317,1694110380,152,3,1,7023555,0.01171875,-0.03515625,0.01953125,923,1694122149701,1694119878,154,0,1,1026171,0,0.001953125,0.00390625
1,902,1694132955961,1694133143612,1,0,0,1,0,7,6,1,0,0,4,0,0,923,1694123167687,1694120278,154,0,1,9975925,0.772521973,-0.415161133,0.112976074,0.46697998,-1.30825818,-0.565605402,0.728895426,3.14160156,922,1694125143161,1694120676,153,3,1,8000451,-0.01171875,0.01171875,-0.01953125,924,1694133139556,1694130678,155,0,1,4056,0,0,-0.001953125
1,903,1694142955961,1694143147313,1,0,0,1,0,7,7,0,0,0,4,0,0,924,1694134158950,1694129977,155,0,1,8988363,0.772521973,-0.415161133,0.112976074,0.46697998,-1.30825818,-0.565605402,0.728895426,3.14160156,923,1694136134313,1694129978,154,3,1,7013000,-0.01171875,0.01171875,-0.01953125,925,1694143143332,1694140677,156,0,1,3981,0,0,-0.001953125
1,904,1694152955961,1694153163736,1,0,0,1,0,7,7,0,0,1,4,0,0,926,1694153158625,1694150277,157,0,1,5111,0.772521973,-0.415161133,0.112976074,0.46697998,-1.30825818,-0.565605402,0.728895426,3.14160156,924,1694146143718,1694140378,155,3,1,7020018,-0.01171875,0.01171875,0.01953125,926,1694152136621,1694149877,157,0,1,1027115,-0.00390625,-0.001953125,-0.001953125
1,905,1694162955961,1694163171752,1,0,0,1,0,7,7,0,0,0,4,0,0,927,1694163166567,1694160077,158,0,1,5185,0.772583008,-0.415161133,0.112976074,0.46697998,-1.30806005,-0.565665424,0.728758872,3.14160156,925,1694155134155,1694150476,156,3,1,8037597,0.01171875,-0.03515625,-0.01953125,927,1694162142711,1694159677,158,0,1,1029041,0.00390625,-0.001953125,0
1,906,1694172955961,1694173146325,1,0,0,1,0,7,6,1,0,0,4,0,0,927,1694163166567,1694160077,158,0,1,9979758,0.772583008,-0.415161133,0.112976074,0.46697998,-1.30806005,-0.565665424,0.728758872,3.14160156,926,1694165141579,1694160278,157,3,1,8004746,0.01171875,-0.03515625,-0.01953125,928,1694173142399,1694170278,159,0,1,3926,0.001953125,0,0.001953125
1,907,1694182955961,1694183171915,1,0,0,1,0,7,7,0,0,1,4,0,0,929,1694183166137,1694179777,160,0,1,5778,0.772583008,-0.415161133,0.112976074,0.46697998,-1.30806005,-0.565665424,0.728758872,3.14160156,927,1694176144304,1694169976,158,3,1,7027611,0.0234375,0,0.05859375,929,1694182144910,1694179676,160,0,1,1027005,0.001953125,0,0.001953125
1,908,1694192955961,1694193173061,1,0,0,1,0,7,7,0,0,0,4,0,0,930,1694193167283,1694190078,161,0,1,5778,0.772583008,-0.415100098,0.112976074,0.46697998,-1.30805576,-0.565553725,0.728708446,3.14160156,928,1694185142797,1694180078,159,3,1,8030264,-0.01171875,0.01171875,-0.05859375,930,1694192147389,1694189882,161,0,1,1025672,0.005859375,-0.001953125,-0.001953125
1,909,1694202955961,1694203215168,1,0,0,1,0,7,7,0,0,0,4,0,0,931,1694203207020,1694199879,162,0,1,8148,0.772583008,-0.415100098,0.112976074,0.46697998,-1.30805576,-0.565553725,0.728708446,3.14160156,929,1694195178108,1694190481,160,3,1,8037060,-0.01171875,0.01171875,-0.01953125,931,1694202178720,1694199882,162,0,1,1036448,-0.001953125,0.001953125,0
1,910,1694212955961,1694213181056,1,0,0,1,0,7,6,1,0,0,4,0,0,931,1694203207020,1694199879,162,0,1,9974036,0.772583008,-0.415100098,0.112976074,0.46697998,-1.30805576,-0.565553725,0.728708446,3.14160156,930,1694205181235,1694200284,161,3,1,7999821,-0.0234375,-0.0234375,0.01953125,932,1694213176001,1694210482,163,0,1,5055,-0.001953125,-0.001953125,0
1,911,1694222955961,1694223209775,1,0,0,1,0,7,7,0,0,1,4,0,0,933,1694223203053,1694219882,164,0,1,6722,0.772583008,-0.415100098,0.112976074,0.46697998,-1.30805576,-0.565553725,0.728708446,3.14160156,931,1694216178202,1694209980,162,3,1,7031573,0,0.05078125,-0.01953125,933,1694222176956,1694219682,164,0,1,1032819,0.001953125,0,0.001953125
1,912,1694232955961,1694233218810,1,0,0,1,0,7,7,0,0,0,4,0,0,934,1694233211791,1694229882,165,0,1,7019,0.772583008,-0.415100098,0.112976074,0.46697998,-1.30805576,-0.565553725,0.728708446,3.14160156,932,1694225175639,1694220283,163,3,1,8043171,-0.01171875,0.01171875,0.01953125,934,1694232178732,1694229682,165,0,1,1040078,-0.001953125,0.001953125,-0.001953125
1,913,1694242955961,1694243215085,1,0,0,1,0,7,7,0,0,0,4,0,0,935,1694243208567,1694239882,166,0,1,6518,0.772583008,-0.415161133,0.112976074,0.46697998,-1.30806005,-0.565665424,0.728758872,3.14160156,933,1694235178673,1694229583,164,3,1,8036412,-0.01171875,0.01171875,-0.01953125,935,1694242179007,1694239482,166,0,1,1036078,-0.001953125,0.001953125,-0.001953125
1,914,1694252955961,1694253214805,1,0,0,1,0,7,7,0,0,0,4,0,0,936,1694253208213,1694249582,167,0,1,6592,0.772583008,-0.415161133,0.112976074,0.466918945,-1.30803096,-0.565681756,0.728803933,3.14160156,934,1694245176671,1694240082,165,3,1,8038134,-0.01171875,0.01171875,-0.01953125,936,1694252179949,1694249681,167,0,1,1034856,-0.001953125,0.001953125,-0.001953125
1,915,1694262955961,1694263214433,1,0,0,1,0,7,7,0,0,0,4,0,0,937,1694263207859,1694259782,168,0,1,6574,0.772583008,-0.415161133,0.112976074,0.46697998,-1.30806005,-0.565665424,0.728758872,3.14160156,935,1694255175947,1694249882,166,3,1,8038486,0.01171875,-0.03515625,-0.01953125,937,1694262177910,1694259680,168,0,1,1036523,0.001953125,-0.001953125,0.005859375
1,916,1694272955961,1694273214283,1,0,0,1,0,7,7,0,0,0,4,0,0,938,1694273207672,1694269582,169,0,1,6611,0.772521973,-0.415161133,0.112976074,0.46697998,-1.30825818,-0.565605402,0.728895426,3.14160156,936,1694265175797,1694259882,167,3,1,8038486,0.0234375,0,-0.05078125,938,1694272178871,1694269680,169,0,1,1035412,0.001953125,-0.001953125,0
1,917,1694282955961,1694283215558,1,0,0,1,0,7,7,0,0,0,4,0,0,939,1694283208984,1694279782,170,0,1,6574,0.772583008,-0.415161133,0.112976074,0.46697998,-1.30806005,-0.565665424,0.728758872,3.14160156,937,1694275175183,1694269582,168,3,1,8040375,-0.01171875,0.01171875,-0.01171875,939,1694282178350,1694279680,170,0,1,1037208,0,-0.001953125,-0.001953125
1,918,1694292955961,1694293210260,1,0,0,1,0,7,7,0,0,0,4,0,0,940,1694293203593,1694289782,171,0,1,6667,0.772583008,-0.415161133,0.112915039,0.46697998,-1.30807614,-0.565732956,0.728675544,3.14160156,938,1694285178496,1694280083,169,3,1,8031764,-0.01171875,0.01171875,-0.01171875,940,1694292181015,1694289685,171,0,1,1029245,-0.001953125,0,-0.001953125
1,919,1694302955961,1694303203332,1,0,0,1,0,7,7,0,0,0,4,0,0,941,1694303196925,1694299781,172,0,1,6407,0.772583008,-0.415161133,0.112915039,0.46697998,-1.30807614,-0.565732956,0.728675544,3.14160156,939,1694295176123,1694290083,170,3,1,8027209,0.0234375,0,0.02734375,941,1694302173568,1694299680,172,0,1,1029764,0,0,0
1,920,1694312955961,1694313214570,1,0,0,1,0,7,7,0,0,0,4,0,0,942,1694313207959,1694309782,173,0,1,6611,0.772583008,-0.415161133,0.112915039,0.46697998,-1.30807614,-0.565732956,0.728675544,3.14160156,940,1694305177955,1694299883,171,3,1,8036615,-0.01171875,0.01171875,-0.01171875,942,1694312180196,1694309279,173,0,1,1034374,-0.001953125,0,0
1,921,1694322955961,1694323208716,1,0,0,1,0,7,7,0,0,0,4,0,0,943,1694323202346,1694319381,174,0,1,6370,0.772583008,-0.415161133,0.112915039,0.46697998,-1.30807614,-0.565732956,0.728675544,3.14160156,941,1694315178119,1694309683,172,3,1,8030597,0.0234375,0,0.02734375,943,1694322173916,1694319680,174,0,1,1034800,0.001953125,0,0
1,922,1694332955961,1694333217232,1,0,0,1,0,7,7,0,0,0,4,0,0,944,1694333210381,1694329782,175,0,1,6851,0.772521973,-0.415161133,0.112915039,0.46697998,-1.30827427,-0.565672934,0.728812099,3.14160156,942,1694325176098,1694319683,173,3,1,8041134,-0.01171875,0.01171875,-0.05078125,944,1694332177839,1694329681,175,0,1,1039393,0,0.001953125,0.001953125
1,923,1694342955961,1694343207082,1,0,0,1,0,7,7,0,0,0,4,0,0,945,1694343200638,1694339581,176,0,1,6444,0.772521973,-0.415161133,0.112915039,0.46697998,-1.30827427,-0.565672934,0.728812099,3.14160156,943,1694335178337,1694329582,174,3,1,8028745,-0.01171875,0.01171875,-0.01171875,945,1694342174245,1694339881,176,0,1,1032837,-0.005859375,0.001953125,0.001953125
1,924,1694352955961,1694353215024,1,0,0,1,0,7,7,0,0,0,4,0,0,946,1694353205414,1694349778,177,0,1,9610,0.772521973,-0.415222168,0.112915039,0.46697998,-1.30827856,-0.565784633,0.728862464,3.14160156,944,1694345178020,1694340082,175,3,1,8037004,-0.01171875,0.01171875,-0.01171875,946,1694352178224,1694349277,177,0,1,1036800,-0.001953125,0.001953125,-0.001953125
1,925,1694362955961,1694363213300,1,0,0,1,0,7,7,0,0,0,4,0,0,947,1694363206171,1694359578,178,0,1,7129,0.772521973,-0.415222168,0.112915039,0.46697998,-1.30827856,-0.565784633,0.728862464,3.14160156,945,1694355173703,1694349677,176,3,1,8039597,-0.01171875,0.01171875,-0.05078125,947,1694362170574,1694359682,178,0,1,1042726,0,0,-0.001953125
1,926,1694372955961,1694373209779,1,0,0,1,0,7,7,0,0,0,4,0,0,948,1694373203206,1694369582,179,0,1,6573,0.772521973,-0.415222168,0.112915039,0.46697998,-1.30827856,-0.565784633,0.728862464,3.14160156,946,1694365176719,1694359882,177,3,1,8033060,0.0234375,0,-0.01171875,948,1694372178534,1694369282,179,0,1,1031245,0,0,0
1,927,1694382955961,1694383215277,1,0,0,1,0,7,7,0,0,0,4,0,0,949,1694383208462,1694379582,180,0,1,6815,0.772521973,-0.415222168,0.112915039,0.46697998,-1.30827856,-0.565784633,0.728862464,3.14160156,947,1694375170514,1694369182,178,3,1,8044763,-0.01171875,0.01171875,-0.01171875,949,1694382180069,1694379482,180,0,1,1035208,0,0,0.001953125
1,928,1694392955961,1694393210294,1,0,0,1,0,7,7,0,0,0,4,0,0,950,1694393203535,1694389182,181,0,1,6759,0.772521973,-0.415222168,0.112915039,0.46697998,-1.30827856,-0.565784633,0.728862464,3.14160156,948,1694385178789,1694379883,179,3,1,8031505,0,0.05078125,-0.01171875,950,1694392183308,1694389686,181,0,1,1026986,0,0,0
1,929,1694402955961,1694403208625,1,0,0,1,0,7,7,0,0,0,4,0,0,951,1694403202106,1694399581,182,0,1,6519,0.772521973,-0.415222168,0.112915039,0.46697998,-1.30827856,-0.565784633,0.728862464,3.14160156,949,1694395178305,1694389583,180,3,1,8030320,-0.0234375,-0.03125,-0.01171875,951,1694402175843,1694399682,182,0,1,1032782,-0.001953125,0,0
1,930,1694412955961,1694413209104,1,0,0,1,0,7,7,0,0,0,4,0,0,952,1694413202308,1694409581,183,0,1,6796,0.772521973,-0.415222168,0.112915039,0.46697998,-1.30827856,-0.565784633,0.728862464,3.14160156,950,1694405177674,1694399582,181,3,1,8031430,-0.01171875,0.00390625,-0.01171875,952,1694412175933,1694409682,183,0,1,1033171,-0.001953125,0,0
1,931,1694422955961,1694423212176,1,0,0,1,0,7,7,0,0,0,4,0,0,953,1694423204676,1694419582,184,0,1,7500,0.772521973,-0.415222168,0.112915039,0.46697998,-1.30827856,-0.565784633,0.728862464,3.14160156,951,1694415177894,1694409383,182,3,1,8034282,-0.01171875,0.00390625,0.02734375,953,1694422176246,1694419683,184,0,1,1035930,0,0,0.001953125
1,932,1694432955961,1694433220877,1,0,0,1,0,7,7,0,0,0,4,0,0,954,1694433212100,1694429582,185,0,1,8777,0.772521973,-0.415222168,0.112976074,0.46697998,-1.30826247,-0.565717101,0.728945732,3.14160156,952,1694425178706,1694419683,183,3,1,8042171,-0.01171875,0.00390625,-0.01171875,954,1694432188854,1694429683,185,0,1,1032023,0,0.001953125,0.001953125
1,933,1694442955961,1694443214857,1,0,0,1,0,7,7,0,0,0,4,0,0,955,1694443207875,1694439382,186,0,1,6982,0.772521973,-0.415222168,0.112976074,0.46697998,-1.30826247,-0.565717101,0.728945732,3.14160156,953,1694435178648,1694429883,184,3,1,8036209,-0.00390625,0.00390625,-0.01171875,955,1694442179130,1694439682,186,0,1,1035727,0.001953125,0,0
1,934,1694452955961,1694453209299,1,0,0,1,0,7,7,0,0,0,4,0,0,956,1694453202836,1694449382,187,0,1,6463,0.772521973,-0.415222168,0.112976074,0.46697998,-1.30826247,-0.565717101,0.728945732,3.14160156,954,1694445178443,1694439683,185,3,1,8030856,0.03125,-0.0078125,0.02734375,956,1694452176424,1694449282,187,0,1,1032875,0.001953125,0,0
1,935,1694462955961,1694462985804,1,0,0,1,0,7,7,0,0,0,4,0,0,957,1694462203144,1694459082,188,0,1,782660,0.772521973,-0.415222168,0.112976074,0.46697998,-1.30826247,-0.565717101,0.728945732,3.14160156,955,1694455175403,1694449383,186,3,1,7810401,0.03125,-0.0078125,-0.01171875,957,1694461175769,1694458882,188,0,1,1810035,0.001953125,-0.001953125,0.001953125
1,936,1694472955961,1694473214202,1,0,0,1,0,7,7,0,0,0,4,0,0,958,1694473207573,1694469382,189,0,1,6629,0.772521973,-0.415222168,0.112976074,0.46697998,-1.30826247,-0.565717101,0.728945732,3.14160156,956,1694464172711,1694459280,187,3,1,9041491,-0.0390625,0.01953125,-0.01171875,958,1694472177920,1694469882,189,0,1,1036282,0.001953125,0.00390625,0
1,937,1694482955961,1694483208126,1,0,0,1,0,7,7,0,0,0,4,0,0,959,1694483201385,1694479381,190,0,1,6741,0.772521973,-0.415222168,0.112976074,0.46697998,-1.30826247,-0.565717101,0.728945732,3.14160156,957,1694475178214,1694469183,188,3,1,8029912,-0.015625,-0.03125,0.02734375,959,1694482175177,1694479882,190,0,1,1032949,-0.00390625,0,0.001953125
1,938,1694492955961,1694493215216,1,0,0,1,0,7,7,0,0,0,4,0,0,960,1694493208216,1694489382,191,0,1,7000,0.772460938,-0.415222168,0.113037109,0.46697998,-1.30844474,-0.565589607,0.729165673,3.14160156,958,1694485180860,1694479680,189,3,1,8034356,-0.0546875,-0.01953125,-0.01171875,960,1694492184952,1694489287,191,0,1,1030264,0.001953125,-0.001953125,0.001953125
1,939,1694502955961,1694503209085,1,0,0,1,0,7,7,0,0,0,4,0,0,961,1694503202400,1694499382,192,0,1,6685,0.772521973,-0.415222168,0.113037109,0.46697998,-1.30824649,-0.565649629,0.729029059,3.14160156,959,1694495177209,1694489380,190,3,1,8031876,-0.00390625,0.00390625,-0.01171875,961,1694502177062,1694499882,192,0,1,1032023,0.001953125,-0.001953125,-0.001953125
1,940,1694512955961,1694513215045,1,0,0,1,0,7,7,0,0,0,4,0,0,962,1694513208453,1694509182,193,0,1,6592,0.772521973,-0.415222168,0.113037109,0.46697998,-1.30824649,-0.565649629,0.729029059,3.14160156,960,1694505172819,1694499680,191,3,1,8042226,0.03125,-0.0078125,-0.01171875,962,1694512178041,1694509682,193,0,1,1037004,0,-0.00390625,0
1,941,1694522955961,1694523215080,1,0,0,1,0,7,7,0,0,0,4,0,0,963,1694523208284,1694519382,194,0,1,6796,0.772460938,-0.415222168,0.113037109,0.46697998,-1.30844474,-0.565589607,0.729165673,3.14160156,961,1694515178279,1694509180,192,3,1,8036801,-0.00390625,0.00390625,-0.01171875,963,1694522177854,1694519682,194,0,1,1037226,0,0.001953125,0.001953125
1,942,1694532955961,1694532986363,1,0,0,1,0,7,7,0,0,0,4,0,0,964,1694532207702,1694528881,195,0,1,778661,0.772460938,-0.415222168,0.113037109,0.46697998,-1.30844474,-0.565589607,0.729165673,3.14160156,962,1694525177962,1694519680,193,3,1,7808401,-0.00390625,0.00390625,0.02734375,964,1694531178439,1694528682,195,0,1,1807924,-0.001953125,0.001953125,0.001953125
1,943,1694542955961,1694543214668,1,0,0,1,0,7,7,0,0,0,4,0,0,965,1694543207780,1694539382,196,0,1,6888,0.772460938,-0.415222168,0.113037109,0.46697998,-1.30844474,-0.565589607,0.729165673,3.14160156,963,1694534178269,1694529282,194,3,1,9036399,-0.00390625,0.00390625,0.02734375,965,1694542177201,1694539882,196,0,1,1037467,-0.001953125,0.001953125,0
1,944,1694552955961,1694553213740,1,0,0,1,0,7,7,0,0,0,4,0,0,966,1694553206907,1694549381,197,0,1,6833,0.772460938,-0.415222168,0.113037109,0.46697998,-1.30844474,-0.565589607,0.729165673,3.14160156,964,1694545178143,1694539380,195,3,1,8035597,0.03125,-0.0078125,-0.01171875,966,1694552177643,1694549682,197,0,1,1036097,0.001953125,-0.001953125,-0.001953125
1,945,1694562955961,1694563208571,1,0,0,1,0,7,7,0,0,0,4,0,0,967,1694563201720,1694559381,198,0,1,6851,0.772460938,-0.415222168,0.113037109,0.46697998,-1.30844474,-0.565589607,0.729165673,3.14160156,965,1694555177974,1694549181,196,3,1,8030597,0.03125,-0.0078125,0.02734375,967,1694562176919,1694559683,198,0,1,1031652,0.00390625,0,0.001953125
1,946,1694572955961,1694573213958,1,0,0,1,0,7,7,0,0,0,4,0,0,968,1694573207162,1694569382,199,0,1,6796,0.772460938,-0.415222168,0.113037109,0.46697998,-1.30844474,-0.565589607,0.729165673,3.14160156,966,1694565178231,1694559583,197,3,1,8035727,-0.015625,-0.03125,-0.01171875,968,1694572178380,1694569883,199,0,1,1035578,0.00390625,0,0
1,947,1694582955961,1694583214289,1,0,0,1,0,7,7,0,0,0,4,0,0,969,1694583207567,1694578981,200,0,1,6722,0.772460938,-0.415222168,0.113037109,0.46697998,-1.30844474,-0.565589607,0.729165673,3.14160156,967,1694575179655,1694569583,198,3,1,8034634,0.03125,-0.0078125,-0.01171875,969,1694582177341,1694579882,200,0,1,1036948,0,0,0
1,948,1694592955961,1694593209917,1,0,0,1,0,7,7,0,0,0,4,0,0,970,1694593203361,1694589182,201,0,1,6556,0.772460938,-0.415222168,0.113098145,0.46697998,-1.30842865,-0.565522075,0.729249001,3.14160156,968,1694585178653,1694579583,199,3,1,8031264,-0.00390625,0.00390625,-0.01171875,970,1694592181542,1694589286,201,0,1,1028375,0.001953125,0,0
1,949,1694602955961,1694602985940,1,0,0,1,0,7,7,0,0,0,4,0,0,971,1694602208780,1694598782,202,0,1,777160,0.772460938,-0.415222168,0.113098145,0.46697998,-1.30842865,-0.565522075,0.729249001,3.14160156,969,1694595175706,1694589183,200,3,1,7810234,-0.00390625,0.00390625,-0.01171875,971,1694601178535,1694598679,202,0,1,1807405,-0.001953125,0.001953125,0.001953125
1,950,1694612955961,1694612986642,1,0,0,1,0,7,7,0,0,0,4,0,0,972,1694612208555,1694609082,203,0,1,778087,0.772460938,-0.415222168,0.113098145,0.467041016,-1.30845761,-0.565505743,0.729203761,3.14160156,970,1694604178810,1694599083,201,3,1,8807832,-0.00390625,0.00390625,-0.01171875,972,1694611177106,1694608680,203,0,1,1809536,0.00390625,0,0
1,951,1694622955961,1694623218614,1,0,0,1,0,7,7,0,0,0,4,0,0,973,1694623209429,1694618982,204,0,1,9185,0.772460938,-0.415222168,0.113098145,0.467041016,-1.30845761,-0.565505743,0.729203761,3.14160156,971,1694614176697,1694608882,202,3,1,9041917,-0.00390625,0.00390625,-0.01171875,973,1694622213720,1694619683,204,0,1,1004894,0.00390625,-0.00390625,0
1,952,1694632955961,1694633210908,1,0,0,1,0,7,7,0,0,0,4,0,0,974,1694633203927,1694629182,205,0,1,6981,0.772460938,-0.415161133,0.113098145,0.467041016,-1.30845344,-0.565394044,0.729153395,3.14160156,972,1694625179533,1694619383,203,3,1,8031375,0.03125,-0.0078125,-0.01171875,974,1694632177811,1694629283,205,0,1,1033097,0,0.00390625,0.00390625
1,953,1694642955961,1694642985913,1,0,0,1,0,7,7,0,0,0,4,0,0,975,1694642202549,1694639082,206,0,1,783364,0.772460938,-0.415222168,0.11315918,0.467041016,-1.30844176,-0.565438211,0.729287028,3.14160156,973,1694635181309,1694629583,204,3,1,7804604,0.02734375,-0.04296875,-0.01171875,975,1694641180100,1694638686,206,0,1,1805813,0,0.001953125,0
1,954,1694652955961,1694652986226,1,0,0,1,0,7,7,0,0,0,4,0,0,976,1694652208899,1694649081,207,0,1,777327,0.772460938,-0.415222168,0.11315918,0.467041016,-1.30844176,-0.565438211,0.729287028,3.14160156,974,1694644172894,1694639480,205,3,1,8813332,0.00390625,0.00390625,0.02734375,976,1694651179246,1694648681,207,0,1,1806980,-0.001953125,0.00390625,-0.001953125
1,955,1694662955961,1694662985706,1,0,0,1,0,7,7,0,0,0,4,0,0,977,1694662208898,1694659082,208,0,1,776808,0.772460938,-0.415222168,0.11315918,0.46697998,-1.30841279,-0.565454543,0.729332268,3.14160156,975,1694654175818,1694648682,206,3,1,8809888,-0.0078125,-0.03125,0.02734375,977,1694661178227,1694658682,208,0,1,1807479,0.001953125,0,-0.001953125
1,956,1694672955961,1694672986205,1,0,0,1,0,7,7,0,0,0,4,0,0,978,1694672208471,1694668782,209,0,1,777734,0.772460938,-0.415222168,0.11315918,0.46697998,-1.30841279,-0.565454543,0.729332268,3.14160156,976,1694664175817,1694659282,207,3,1,8810388,0.03125,-0.0078125,-0.05078125,978,1694671178096,1694668682,209,0,1,1808109,0.001953125,-0.00390625,0
1,957,1694682955961,1694682985741,1,0,0,1,0,7,7,0,0,0,4,0,0,979,1694682207192,1694679082,210,0,1,778549,0.772460938,-0.415222168,0.11315918,0.467041016,-1.30844176,-0.565438211,0.729287028,3.14160156,977,1694674175631,1694668882,208,3,1,8810110,0.03125,-0.0078125,-0.01171875,979,1694681178317,1694678882,210,0,1,1807424,0,-0.001953125,-0.001953125
1,958,1694692955961,1694693215529,1,0,0,1,0,7,7,0,0,0,4,0,0,980,1694693208529,1694688982,211,0,1,7000,0.772460938,-0.415222168,0.11315918,0.46697998,-1.30841279,-0.565454543,0.729332268,3.14160156,978,1694684177500,1694679083,209,3,1,9038029,0.01953125,-0.04296875,-0.01171875,980,1694692182377,1694689484,211,0,1,1033152,-0.001953125,0,-0.001953125
1,959,1694702955961,1694703214824,1,0,0,1,0,7,7,0,0,0,4,0,0,981,1694703207769,1694698982,212,0,1,7055,0.772460938,-0.415222168,0.11315918,0.46697998,-1.30841279,-0.565454543,0.729332268,3.14160156,979,1694695178578,1694688783,210,3,1,8036246,-0.015625,-0.03125,-0.01171875,981,1694702179098,1694699480,212,0,1,1035726,-0.00390625,0,-0.001953125
1,960,1694712955961,1694712986386,1,0,0,1,0,7,7,0,0,0,4,0,0,982,1694712208096,1694709082,213,0,1,778290,0.772460938,-0.415222168,0.113098145,0.46697998,-1.30842865,-0.565522075,0.729249001,3.14160156,980,1694705178410,1694699183,211,3,1,7807976,-0.00390625,0.01171875,-0.01171875,982,1694711178147,1694708682,213,0,1,1808239,-0.001953125,-0.001953125,0.001953125
1,961,1694722955961,1694722985866,1,0,0,1,0,7,7,0,0,0,4,0,0,983,1694722207076,1694718882,214,0,1,778790,0.772460938,-0.415222168,0.113098145,0.46697998,-1.30842865,-0.565522075,0.729249001,3.14160156,981,1694714175774,1694709282,212,3,1,8810092,-0.00390625,0.01171875,-0.01171875,983,1694721179757,1694718880,214,0,1,1806109,-0.001953125,-0.001953125,0
1,962,1694732955961,1694733207914,1,0,0,1,0,7,7,0,0,0,4,0,0,984,1694733200988,1694728781,215,0,1,6926,0.772460938,-0.415222168,0.113098145,0.467041016,-1.30845761,-0.565505743,0.729203761,3.14160156,982,1694724179958,1694719083,213,3,1,9027956,-0.00390625,0.01171875,0.02734375,984,1694732175761,1694729280,215,0,1,1032153,0.001953125,-0.001953125,0.001953125
1,963,1694742955961,1694742986790,1,0,0,1,0,7,7,0,0,0,4,0,0,985,1694742209129,1694738581,216,0,1,777661,0.772460938,-0.415222168,0.113098145,0.467041016,-1.30845761,-0.565505743,0.729203761,3.14160156,983,1694735183629,1694728780,214,3,1,7803161,-0.00390625,0.01171875,0.02734375,985,1694741181440,1694738882,216,0,1,1805350,0,0,-0.001953125
1,964,1694752955961,1694752983641,1,0,0,1,0,7,7,0,0,0,4,0,0,986,1694752203517,1694748782,217,0,1,780124,0.772460938,-0.415222168,0.113098145,0.46697998,-1.30842865,-0.565522075,0.729249001,3.14160156,984,1694744179512,1694738884,215,3,1,8804129,0.0078125,0.05078125,-0.01171875,986,1694751179161,1694748682,217,0,1,1804480,0.001953125,0.001953125,-0.001953125
1,965,1694762955961,1694762986510,1,0,0,1,0,7,7,0,0,0,4,0,0,987,1694762208090,1694758882,218,0,1,778420,0.772460938,-0.415222168,0.113098145,0.46697998,-1.30842865,-0.565522075,0.729249001,3.14160156,985,1694754178066,1694748583,216,3,1,8808444,0.0234375,0,0.02734375,987,1694761179919,1694758682,218,0,1,1806591,0,0.001953125,0
1,966,1694772955961,1694772986324,1,0,0,1,0,7,7,0,0,0,4,0,0,988,1694772208515,1694768882,219,0,1,777809,0.772460938,-0.415222168,0.113098145,0.46697998,-1.30842865,-0.565522075,0.729249001,3.14160156,986,1694764176435,1694759282,217,3,1,8809889,0.0234375,0,-0.01171875,988,1694771177973,1694768682,219,0,1,1808351,0.00390625,0,0
1,967,1694782955961,1694782986415,1,0,0,1,0,7,7,0,0,0,4,0,0,989,1694782207792,1694778782,220,0,1,778623,0.772460938,-0.415222168,0.113098145,0.46697998,-1.30842865,-0.565522075,0.729249001,3.14160156,987,1694774176138,1694769282,218,3,1,8810277,-0.01171875,0.01171875,0.02734375,989,1694781178065,1694778682,220,0,1,1808350,-0.001953125,0.00390625,0.001953125
1,968,1694792955961,1694792985951,1,0,0,1,0,7,7,0,0,0,4,0,0,990,1694792211550,1694788586,221,0,1,774401,0.772460938,-0.415222168,0.11315918,0.46697998,-1.30841279,-0.565454543,0.729332268,3.14160156,988,1694784175767,1694779082,219,3,1,8810184,-0.02734375,-0.0234375,-0.05078125,990,1694791178934,1694788682,221,0,1,1807017,0.001953125,0,0.001953125
1,969,1694802955961,1694802986469,1,0,0,1,0,7,7,0,0,0,4,0,0,991,1694802208697,1694798782,222,0,1,777772,0.772460938,-0.415222168,0.11315918,0.46697998,-1.30841279,-0.565454543,0.729332268,3.14160156,989,1694794177728,1694788583,220,3,1,8808741,0.0234375,0,-0.01171875,991,1694801178877,1694798681,222,0,1,1807592,0,-0.00390625,0
1,970,1694812955961,1694812985986,1,0,0,1,0,7,7,0,0,0,4,0,0,992,1694812207344,1694808882,223,0,1,778642,0.772460938,-0.415222168,0.113098145,0.46697998,-1.30842865,-0.565522075,0.729249001,3.14160156,990,1694804176486,1694799082,221,3,1,8809500,-0.01171875,0.01171875,-0.01171875,992,1694811179691,1694808682,223,0,1,1806295,0.001953125,-0.001953125,0
1,971,1694822955961,1694822986170,1,0,0,1,0,7,7,0,0,0,4,0,0,993,1694822211139,1694818781,224,0,1,775031,0.772460938,-0.415222168,0.113098145,0.46697998,-1.30842865,-0.565522075,0.729249001,3.14160156,991,1694814178133,1694809281,222,3,1,8808037,-0.01171875,0.01171875,-0.01171875,993,1694821179283,1694818680,224,0,1,1806887,0,0,0
1,972,1694832955961,1694832986336,1,0,0,1,0,7,7,0,0,0,4,0,0,994,1694832207416,1694828782,225,0,1,778920,0.772460938,-0.415222168,0.113098145,0.46697998,-1.30842865,-0.565522075,0.729249001,3.14160156,992,1694824179151,1694818681,223,3,1,8807185,-0.01171875,0.01171875,0.02734375,994,1694831178467,1694828482,225,0,1,1807869,0.001953125,0,0
1,973,1694842955961,1694842986057,1,0,0,1,0,7,7,0,0,0,4,0,0,995,1694842207933,1694838782,226,0,1,778124,0.772460938,-0.415222168,0.113098145,0.46697998,-1.30842865,-0.565522075,0.729249001,3.14160156,993,1694834178279,1694828581,224,3,1,8807778,-0.0234375,-0.0234375,-0.01171875,995,1694841181503,1694838682,226,0,1,1804554,-0.001953125,0.00390625,0.001953125
1,974,1694852955961,1694852985981,1,0,0,1,0,7,7,0,0,0,4,0,0,996,1694852206821,1694848582,227,0,1,779160,0.772460938,-0.415222168,0.113098145,0.46697998,-1.30842865,-0.565522075,0.729249001,3.14160156,994,1694844177815,1694838881,225,3,1,8808166,-0.01171875,0.01171875,0.02734375,996,1694851177983,1694848682,227,0,1,1807998,0.00390625,0,-0.001953125
1,975,1694862955961,1694862985906,1,0,0,1,0,7,7,0,0,0,4,0,0,997,1694862202764,1694858581,228,0,1,783142,0.772460938,-0.415222168,0.113098145,0.46697998,-1.30842865,-0.565522075,0.729249001,3.14160156,995,1694854178518,1694848880,226,3,1,8807388,-0.01171875,0.00390625,0.02734375,997,1694861175519,1694858882,228,0,1,1810387,0,0.001953125,0
1,976,1694872955961,1694872985942,1,0,0,1,0,7,7,0,0,0,4,0,0,998,1694872208522,1694868782,229,0,1,777420,0.772460938,-0.415222168,0.113098145,0.46697998,-1.30842865,-0.565522075,0.729249001,3.14160156,996,1694864172702,1694859080,227,3,1,8813240,-0.01171875,0.00390625,-0.01171875,998,1694871179388,1694868482,229,0,1,1806554,0,-0.001953125,-0.001953125
1,977,1694882955961,1694882985423,1,0,0,1,0,7,7,0,0,0,4,0,0,999,1694882201688,1694878781,230,0,1,783735,0.772460938,-0.415222168,0.113098145,0.46697998,-1.30842865,-0.565522075,0.729249001,3.14160156,997,1694874177738,1694868681,228,3,1,8807685,-0.01171875,0.00390625,-0.01171875,999,1694881175350,1694878681,230,0,1,1810073,0,0,0
1,978,1694892955961,1694893186137,1,0,0,1,0,7,6,1,0,0,4,0,0,999,1694882201688,1694878781,230,0,1,10984449,0.772460938,-0.415222168,0.113098145,0.46697998,-1.30842865,-0.565522075,0.729249001,3.14160156,998,1694884175903,1694879083,229,3,1,9010234,0.01171875,-0.04296875,-0.01171875,1000,1694893180749,1694888983,231,0,1,5388,0,0.001953125,-0.001953125
1,979,1694902955961,1694902986105,1,0,0,1,0,7,7,0,0,1,4,0,0,1001,1694902207241,1694898582,232,0,1,778864,0.772460938,-0.415222168,0.113098145,0.46697998,-1.30842865,-0.565522075,0.729249001,3.14160156,999,1694896178339,1694888483,230,3,1,6807766,0.01171875,-0.04296875,-0.01171875,1001,1694901177218,1694898682,232,0,1,1808887,0,0,0
1,980,1694912955961,1694912986456,1,0,0,1,0,7,7,0,0,0,4,0,0,1002,1694912208351,1694908582,233,0,1,778105,0.772460938,-0.415222168,0.113098145,0.46697998,-1.30842865,-0.565522075,0.729249001,3.14160156,1000,1694904177512,1694898882,231,3,1,8808944,0.0234375,0,-0.01171875,1002,1694911177995,1694908882,233,0,1,1808461,0,0,0
1,981,1694922955961,1694922986048,1,0,0,1,0,7,7,0,0,0,4,0,0,1003,1694922207924,1694918582,234,0,1,778124,0.772460938,-0.415222168,0.113098145,0.46697998,-1.30842865,-0.565522075,0.729249001,3.14160156,1001,1694914175733,1694908882,232,3,1,8810315,-0.01171875,0.01171875,-0.01171875,1003,1694921178586,1694918880,234,0,1,1807462,0,0,0
1,982,1694932955961,1694932986398,1,0,0,1,0,7,7,0,0,0,4,0,0,1004,1694932208367,1694928382,235,0,1,778031,0.772460938,-0.415222168,0.113098145,0.46697998,-1.30842865,-0.565522075,0.729249001,3.14160156,1002,1694924178325,1694918683,233,3,1,8808073,-0.01171875,0.01171875,-0.01171875,1004,1694931177548,1694928883,235,0,1,1808850,0,0,0
1,983,1694942955961,1694942986027,1,0,0,1,0,7,7,0,0,0,4,0,0,1005,1694942206589,1694938381,236,0,1,779438,0.772460938,-0.415222168,0.113098145,0.46697998,-1.30842865,-0.565522075,0.729249001,3.14160156,1003,1694934175620,1694928382,234,3,1,8810407,0.0234375,0,0.02734375,1005,1694941182213,1694938882,236,0,1,1803814,0,0,0
1,984,1694952955961,1694952986137,1,0,0,1,0,7,7,0,0,0,4,0,0,1006,1694952207847,1694948582,237,0,1,778290,0.772460938,-0.415222168,0.113098145,0.46697998,-1.30842865,-0.565522075,0.729249001,3.14160156,1004,1694944178248,1694938683,235,3,1,8807889,0.01171875,-0.03515625,0.02734375,1006,1694951177916,1694948882,237,0,1,1808221,0,0,0
1,985,1694962955961,1694962985747,1,0,0,1,0,7,7,0,0,0,4,0,0,1007,1694962202864,1694958582,238,0,1,782883,0.772460938,-0.415222168,0.113098145,0.46697998,-1.30842865,-0.565522075,0.729249001,3.14160156,1005,1694954178340,1694948883,236,3,1,8807407,-0.01171875,0.01171875,-0.01171875,1007,1694961176323,1694958982,238,0,1,1809424,0,0,0
1,986,1694972955961,1694972986153,1,0,0,1,0,7,7,0,0,0,4,0,0,1008,1694972208863,1694968582,239,0,1,777290,0.772460938,-0.415283203,0.113098145,0.46697998,-1.30843294,-0.565633714,0.729299366,3.14160156,1006,1694964175209,1694958583,237,3,1,8810944,-0.046875,0.02734375,-0.01171875,1008,1694971179025,1694968480,239,0,1,1807128,0,0,0
1,987,1694982955961,1694982986078,1,0,0,1,0,7,7,0,0,0,4,0,0,1009,1694982207325,1694978382,240,0,1,778753,0.772460938,-0.415283203,0.113098145,0.46697998,-1.30843294,-0.565633714,0.729299366,3.14160156,1007,1694974175004,1694968582,238,3,1,8811074,-0.01171875,0.01171875,0.02734375,1009,1694981179450,1694978880,240,0,1,1806628,0,0,0
1,988,1694992955961,1694992986429,1,0,0,1,0,7,7,0,0,0,4,0,0,1010,1694992208824,1694988385,241,0,1,777605,0.772460938,-0.415283203,0.113098145,0.46697998,-1.30843294,-0.565633714,0.729299366,3.14160156,1008,1694984178485,1694978683,239,3,1,8807944,0.0234375,0,-0.01171875,1010,1694991173301,1694988880,241,0,1,1813128,0,0,0
1,989,1695002955961,1695002985853,1,0,0,1,0,7,7,0,0,0,4,0,0,1011,1695002202341,1694998181,242,0,1,783512,0.772460938,-0.415283203,0.113098145,0.46697998,-1.30843294,-0.565633714,0.729299366,3.14160156,1009,1694994173965,1694988381,240,3,1,8811888,-0.01171875,0.01171875,-0.01171875,1011,1695001176466,1694998882,242,0,1,1809387,0,0,0
1,990,1695012955961,1695012985704,1,0,0,1,0,7,7,0,0,0,4,0,0,1012,1695012202247,1695008381,243,0,1,783457,0.772460938,-0.415283203,0.113098145,0.46697998,-1.30843294,-0.565633714,0.729299366,3.14160156,1010,1695004175057,1694998583,241,3,1,8810647,0.0234375,0,0.02734375,1012,1695011179335,1695008682,243,0,1,1806369,0,0,0
1,991,1695022955961,1695022985944,1,0,0,1,0,7,7,0,0,0,4,0,0,1013,1695022207876,1695018381,244,0,1,778068,0.772460938,-0.415283203,0.113098145,0.46697998,-1.30843294,-0.565633714,0.729299366,3.14160156,1011,1695014175204,1695008383,242,3,1,8810740,-0.01171875,0.01171875,-0.01171875,1013,1695021179334,1695018880,244,0,1,1806610,0,0,0
1,992,1695032955961,1695032985720,1,0,0,1,0,7,7,0,0,0,4,0,0,1014,1695032208041,1695028181,245,0,1,777679,0.772460938,-0.415283203,0.113098145,0.466918945,-1.30840397,-0.565650105,0.729344547,3.14160156,1012,1695024178295,1695018683,243,3,1,8807425,-0.0234375,-0.0234375,-0.01171875,1014,1695031177944,1695028880,245,0,1,1807776,0,0,0
1,993,1695042955961,1695042985756,1,0,0,1,0,7,7,0,0,0,4,0,0,1015,1695042207151,1695038181,246,0,1,778605,0.772460938,-0.415283203,0.113098145,0.466918945,-1.30840397,-0.565650105,0.729344547,3.14160156,1013,1695034177812,1695027783,244,3,1,8807944,-0.01171875,0.01171875,-0.01171875,1015,1695041179943,1695038682,246,0,1,1805813,0,0,0
1,994,1695052955961,1695053243803,1,0,0,1,0,7,7,0,0,2,4,0,0,1016,1695051241644,1695048085,247,0,1,2002159,0.772460938,-0.415283203,0.113098145,0.466918945,-1.30840397,-0.565650105,0.729344547,3.14160156,1015,1695053230636,1695048486,246,3,1,13167,0.0234375,0,0.02734375,1016,1695050256101,1695047688,247,0,1,2987702,0,0,0
1,995,1695062955961,1695063257708,1,0,0,1,0,7,7,0,0,0,4,0,0,1017,1695061254457,1695058296,248,0,1,2003251,0.772460938,-0.415283203,0.113098145,0.466918945,-1.30840397,-0.565650105,0.729344547,3.14160156,1016,1695063246431,1695058524,247,3,1,11277,-0.01171875,0.01171875,-0.01171875,1017,1695060267284,1695058029,248,0,1,2990424,0,0,0
1,996,1695072955961,1695073227801,1,0,0,1,0,7,7,0,0,0,4,0,0,1018,1695071259919,1695068123,249,0,1,1967882,0.772460938,-0.415283203,0.113098145,0.466918945,-1.30840397,-0.565650105,0.729344547,3.14160156,1017,1695073214209,1695067887,248,3,1,13592,0.0234375,-0.0078125,0.02734375,1018,1695070259376,1695067899,249,0,1,2968425,0,0,0
1,997,1695082955961,1695083169802,1,0,0,1,0,7,7,0,0,0,4,0,0,1019,1695081249159,1695078093,250,0,1,1920643,0.772460938,-0.415283203,0.113098145,0.466918945,-1.30840397,-0.565650105,0.729344547,3.14160156,1018,1695083164098,1695078478,249,3,1,5704,-0.01171875,0.00390625,-0.01171875,1019,1695080288226,1695077954,250,0,1,2881576,0,0,0
1,998,1695092955961,1695093184633,1,0,0,1,0,7,7,0,0,0,4,0,0,1020,1695091204159,1695088282,251,0,1,1980474,0.772460938,-0.415283203,0.113098145,0.466918945,-1.30840397,-0.565650105,0.729344547,3.14160156,1019,1695093178411,1695088483,250,3,1,6222,-0.0234375,-0.03125,0.02734375,1020,1695090184339,1695087882,251,0,1,3000294,0,0,0
1,999,1695102955961,1695103149837,1,0,0,1,0,7,7,0,0,0,4,0,0,1021,1695101168770,1695098278,252,0,1,1981067,0.772460938,-0.415283203,0.113098145,0.466918945,-1.30840397,-0.565650105,0.729344547,3.14160156,1020,1695103145633,1695098277,251,3,1,4204,0.01171875,-0.04296875,0.02734375,1021,1695100152617,1695097979,252,0,1,2997220,0,0,0
1,1000,1695112955961,1695112980619,1,0,0,1,0,7,5,2,0,0,4,0,0,1022,1695112159312,1695108177,253,0,1,821307,0.772460938,-0.415283203,0.113098145,0.466918945,-1.30840397,-0.565650105,0.729344547,3.14160156,1020,1695103145633,1695098277,251,3,1,9834986,0.01171875,-0.04296875,0.02734375,1022,1695111136622,1695108478,253,0,1,1843997,0,0,0
1,1001,1695122955961,1695123150464,1,0,0,1,0,7,7,0,0,2,4,0,0,1023,1695121168916,1695117878,254,0,1,1981548,0.772460938,-0.415283203,0.113098145,0.466918945,-1.30840397,-0.565650105,0.729344547,3.14160156,1022,1695123146242,1695118276,253,3,1,4222,-0.01171875,0.01171875,0.02734375,1023,1695120150226,1695117878,254,0,1,3000238,0,0,0
1,1002,1695132955961,1695133149871,1,0,0,1,0,7,7,0,0,0,4,0,0,1024,1695131170989,1695128078,255,0,1,1978882,0.772460938,-0.415283203,0.113098145,0.466918945,-1.30840397,-0.565650105,0.729344547,3.14160156,1023,1695133145723,1695128477,254,3,1,4148,-0.01171875,0.01171875,-0.01171875,1024,1695130148169,1695127876,255,0,1,3001702,0,0,0
1,1003,1695142955961,1695143139018,1,0,0,1,0,7,7,0,0,0,4,0,0,1025,1695141164229,1695137877,0,0,1,1974789,0.772460938,-0.415283203,0.113098145,0.466918945,-1.30840397,-0.565650105,0.729344547,3.14160156,1024,1695143134944,1695138476,255,3,1,4074,-0.01171875,0.00390625,0.02734375,1025,1695140137002,1695137878,0,0,1,3002016,0,0,0
1,1004,1695152955961,1695153170886,1,0,0,1,0,7,5,2,0,0,4,0,0,1026,1695153165090,1695148075,1,0,1,5796,0.772460938,-0.415283203,0.113098145,0.466918945,-1.30840397,-0.565650105,0.729344547,3.14160156,1024,1695143134944,1695138476,255,3,1,10035942,-0.01171875,0.00390625,0.02734375,1026,1695152140548,1695148778,1,0,1,1030338,0,0,0
1,1005,1695162955961,1695163147590,1,0,0,1,0,7,7,0,0,2,4,0,0,1027,1695161166763,1695158277,2,0,1,1980827,0.772460938,-0.415283203,0.113098145,0.466918945,-1.30840397,-0.565650105,0.729344547,3.14160156,1026,1695163143516,1695158476,1,3,1,4074,0.01171875,-0.03515625,0.02734375,1027,1695160142703,1695157977,2,0,1,3004887,0,0,0
1,1006,1695172955961,1695173146107,1,0,0,1,0,7,7,0,0,0,4,0,0,1028,1695171166744,1695168077,3,0,1,1979363,0.772460938,-0.415283203,0.113098145,0.466918945,-1.30840397,-0.565650105,0.729344547,3.14160156,1027,1695173142070,1695167676,2,3,1,4037,0.0234375,0,0.02734375,1028,1695170142832,1695167877,3,0,1,3003275,0,0,0
1,1007,1695182955961,1695183146828,1,0,0,1,0,7,7,0,0,0,4,0,0,1029,1695181166706,1695178077,4,0,1,1980122,0.772460938,-0.415283203,0.113098145,0.466918945,-1.30840397,-0.565650105,0.729344547,3.14160156,1028,1695183142773,1695178478,3,3,1,4055,0,0.05078125,-0.01171875,1029,1695180142034,1695177677,4,0,1,3004794,0,0,0
1,1008,1695192955961,1695193148845,1,0,0,1,0,7,7,0,0,0,4,0,0,1030,1695191166686,1695187877,5,0,1,1982159,0.772460938,-0.415283203,0.113037109,0.466918945,-1.30842006,-0.565717638,0.72926122,3.14160156,1029,1695193144568,1695188078,4,3,1,4277,-0.01171875,0.01171875,-0.01171875,1030,1695190142440,1695187878,5,0,1,3006405,0,0,0
1,1009,1695202955961,1695203179214,1,0,0,1,0,7,7,0,0,0,4,0,0,1031,1695201201480,1695197881,6,0,1,1977734,0.772460938,-0.415283203,0.113037109,0.466918945,-1.30842006,-0.565717638,0.72926122,3.14160156,1030,1695203174269,1695198282,5,3,1,4945,0.0234375,0,-0.01171875,1031,1695200178160,1695197982,6,0,1,3001054,0,0,0
1,1010,1695212955961,1695213179620,1,0,0,1,0,7,7,0,0,0,4,0,0,1032,1695211209404,1695207782,7,0,1,1970216,0.772460938,-0.415283203,0.113037109,0.466918945,-1.30842006,-0.565717638,0.72926122,3.14160156,1031,1695213174472,1695207681,6,3,1,5148,0.0234375,0,0.02734375,1032,1695210179307,1695207882,7,0,1,3000313,0,0,0
1,1011,1695222955961,1695223185526,1,0,0,1,0,7,7,0,0,0,4,0,0,1033,1695221209144,1695217882,8,0,1,1976382,0.772460938,-0.415283203,0.113037109,0.466918945,-1.30842006,-0.565717638,0.72926122,3.14160156,1032,1695223180082,1695218283,7,3,1,5444,0.01171875,-0.03515625,0.02734375,1033,1695220184047,1695217883,8,0,1,3001479,0,0,0
1,1012,1695232955961,1695233183784,1,0,0,1,0,7,7,0,0,0,4,0,0,1034,1695231202014,1695227881,9,0,1,1981770,0.772460938,-0.415283203,0.113037109,0.466918945,-1.30842006,-0.565717638,0.72926122,3.14160156,1033,1695233178618,1695228083,8,3,1,5166,-0.01171875,0.01171875,-0.01171875,1034,1695230176342,1695227882,9,0,1,3007442,0,0,0
1,1013,1695242955961,1695243183617,1,0,0,1,0,7,7,0,0,0,4,0,0,1035,1695241211790,1695237882,10,0,1,1971827,0.772460938,-0.415283203,0.113037109,0.466918945,-1.30842006,-0.565717638,0.72926122,3.14160156,1034,1695243178320,1695238083,9,3,1,5297,0.0234375,0,0.01953125,1035,1695240178360,1695237982,10,0,1,3005257,0,0,0
1,1014,1695252955961,1695253183152,1,0,0,1,0,7,7,0,0,0,4,0,0,1036,1695251201900,1695247881,11,0,1,1981252,0.772460938,-0.415283203,0.113037109,0.466918945,-1.30842006,-0.565717638,0.72926122,3.14160156,1035,1695253177912,1695247882,10,3,1,5240,-0.01171875,0.01171875,0.01953125,1036,1695250176099,1695247482,11,0,1,3007053,0,0,0
1,1015,1695262955961,1695263180188,1,0,0,1,0,7,7,0,0,0,4,0,0,1037,1695261201547,1695257581,12,0,1,1978641,0.772460938,-0.415283203,0.113037109,0.466918945,-1.30842006,-0.565717638,0.72926122,3.14160156,1036,1695263175152,1695257883,11,3,1,5036,0,0.05078125,-0.01953125,1037,1695260175932,1695257882,12,0,1,3004256,0,0,0
1,1016,1695272955961,1695273179595,1,0,0,1,0,7,7,0,0,0,4,0,0,1038,1695271201379,1695267781,13,0,1,1978216,0.772460938,-0.415283203,0.113037109,0.466918945,-1.30842006,-0.565717638,0.72926122,3.14160156,1037,1695273174669,1695268082,12,3,1,4926,0.01171875,-0.03515625,0.01953125,1038,1695270173505,1695267880,13,0,1,3006090,0,0,0
1,1017,1695282955961,1695283179686,1,0,0,1,0,7,7,0,0,0,4,0,0,1039,1695281202397,1695277581,14,0,1,1977289,0.772460938,-0.415283203,0.113037109,0.466918945,-1.30842006,-0.565717638,0.72926122,3.14160156,1038,1695283174705,1695278082,13,3,1,4981,0.0234375,0,0.01953125,1039,1695280175911,1695277880,14,0,1,3003775,0,0,0
1,1018,1695292955961,1695293182148,1,0,0,1,0,7,7,0,0,0,4,0,0,1040,1695291203340,1695287782,15,0,1,1978808,0.772460938,-0.415283203,0.113037109,0.466918945,-1.30842006,-0.565717638,0.72926122,3.14160156,1039,1695293176833,1695287682,14,3,1,5315,-0.01171875,0.01171875,-0.01953125,1040,1695290174762,1695287680,15,0,1,3007386,0,0,0
1,1019,1695302955961,1695303179165,1,0,0,1,0,7,7,0,0,0,4,0,0,1041,1695301202321,1695297781,16,0,1,1976844,0.772460938,-0.415283203,0.113037109,0.466918945,-1.30842006,-0.565717638,0.72926122,3.14160156,1040,1695303174258,1695297882,15,3,1,4907,0.01171875,-0.03515625,-0.01953125,1041,1695300176649,1695297881,16,0,1,3002516,0,0,0
1,1020,1695312955961,1695312986763,1,0,0,1,0,7,5,2,0,0,4,0,0,1042,1695311208856,1695307782,17,0,1,1777907,0.772460938,-0.415283203,0.113037109,0.466918945,-1.30842006,-0.565717638,0.72926122,3.14160156,1040,1695303174258,1695297882,15,3,1,9812505,0.01171875,-0.03515625,-0.01953125,1042,1695310179370,1695307880,17,0,1,2807393,0,0,0
1,1021,1695322955961,1695323183311,1,0,0,1,0,7,7,0,0,2,4,0,0,1043,1695321208077,1695317782,18,0,1,1975234,0.772460938,-0.415283203,0.113037109,0.466918945,-1.30842006,-0.565717638,0.72926122,3.14160156,1042,1695323178182,1695318083,17,3,1,5129,-0.01171875,0.01171875,0.01953125,1043,1695320179073,1695317680,18,0,1,3004238,0,0,0
1,1022,1695332955961,1695333179588,1,0,0,1,0,7,7,0,0,0,4,0,0,1044,1695331201651,1695327381,19,0,1,1977937,0.772460938,-0.415283203,0.113037109,0.466918945,-1.30842006,-0.565717638,0.72926122,3.14160156,1043,1695333174625,1695327682,18,3,1,4963,-0.01171875,0.01171875,0.01953125,1044,1695330175905,1695327881,19,0,1,3003683,0,0,0
1,1023,1695342955961,1695343184346,1,0,0,1,0,7,7,0,0,0,4,0,0,1045,1695341210205,1695337782,20,0,1,1974141,0.772460938,-0.415283203,0.113037109,0.466918945,-1.30842006,-0.565717638,0.72926122,3.14160156,1044,1695343178994,1695337683,19,3,1,5352,-0.01171875,0.01171875,-0.01953125,1045,1695340178959,1695337980,20,0,1,3005387,0,0,0
1,1024,1695352955961,1695353184141,1,0,0,1,0,7,7,0,0,0,4,0,0,1046,1695351203759,1695347381,21,0,1,1980382,0.772521973,-0.415283203,0.113037109,0.466918945,-1.30822182,-0.565777659,0.729124546,3.14160156,1045,1695353178752,1695347580,20,3,1,5389,-0.01171875,0.01171875,0.01953125,1046,1695350184217,1695347882,21,0,1,2999924,0,0,0
1,1025,1695362955961,1695363181770,1,0,0,1,0,7,7,0,0,0,4,0,0,1047,1695361203703,1695357781,22,0,1,1978067,0.772521973,-0.415283203,0.113037109,0.466918945,-1.30822182,-0.565777659,0.729124546,3.14160156,1046,1695363176363,1695357883,21,3,1,5407,0.0234375,0,-0.01953125,1047,1695360181920,1695357882,22,0,1,2999850,0,0,0
1,1026,1695372955961,1695373186380,1,0,0,1,0,7,7,0,0,0,4,0,0,1048,1695371196183,1695367581,23,0,1,1990197,0.772521973,-0.415283203,0.113037109,0.466918945,-1.30822182,-0.565777659,0.729124546,3.14160156,1047,1695373181102,1695367882,22,3,1,5278,-0.0234375,-0.0234375,-0.01953125,1048,1695370175327,1695367882,23,0,1,3011053,0,0,0
1,1027,1695382955961,1695383178564,1,0,0,1,0,7,7,0,0,0,4,0,0,1049,1695381201886,1695377581,24,0,1,1976678,0.772521973,-0.415283203,0.113037109,0.466918945,-1.30822182,-0.565777659,0.729124546,3.14160156,1048,1695383173360,1695377582,23,3,1,5204,0,0.05078125,-0.01953125,1049,1695380176122,1695377882,24,0,1,3002442,0,0,0
1,1028,1695392955961,1695393186081,1,0,0,1,0,7,7,0,0,0,4,0,0,1050,1695391201681,1695387581,25,0,1,1984400,0.772521973,-0.415283203,0.113037109,0.466918945,-1.30822182,-0.565777659,0.729124546,3.14160156,1049,1695393180600,1695387584,24,3,1,5481,-0.01171875,0.01171875,-0.01953125,1050,1695390175232,1695387482,25,0,1,3010849,0,0,0
1,1029,1695402955961,1695402984938,1,0,0,1,0,7,7,0,0,0,4,0,0,1051,1695400200489,1695397081,26,0,1,2784449,0.772521973,-0.415283203,0.113037109,0.466918945,-1.30822182,-0.565777659,0.729124546,3.14160156,1050,1695402173797,1695397482,25,3,1,811141,-0.01171875,0.01171875,-0.05859375,1051,1695399174596,1695396881,26,0,1,3810342,0,0,0
1,1030,1695412955961,1695412986141,1,0,0,1,0,7,5,2,0,0,4,0,0,1052,1695412207665,1695407481,27,0,1,778476,0.772521973,-0.415283203,0.113037109,0.466918945,-1.30822182,-0.565777659,0.729124546,3.14160156,1050,1695402173797,1695397482,25,3,1,10812344,-0.01171875,0.01171875,-0.05859375,1052,1695411178735,1695407879,27,0,1,1807406,0,0,0
1,1031,1695422955961,1695423183578,1,0,0,1,0,7,7,0,0,2,4,0,0,1053,1695421208640,1695417382,28,0,1,1974938,0.772521973,-0.415283203,0.113037109,0.466918945,-1.30822182,-0.565777659,0.729124546,3.14160156,1052,1695423178485,1695417883,27,3,1,5093,0.0234375,0,0.01953125,1053,1695420178432,1695417982,28,0,1,3005146,0,0,0
1,1032,1695432955961,1695433184040,1,0,0,1,0,7,7,0,0,0,4,0,0,1054,1695431202676,1695427582,29,0,1,1981364,0.772521973,-0.415283203,0.112976074,0.466918945,-1.30823767,-0.565845132,0.729041278,3.14160156,1053,1695433178892,1695427583,28,3,1,5148,0.01171875,-0.03515625,-0.01171875,1054,1695430175894,1695427682,29,0,1,3008146,0,0,0
1,1033,1695442955961,1695443183631,1,0,0,1,0,7,7,0,0,0,4,0,0,1055,1695441211897,1695437582,30,0,1,1971734,0.772521973,-0.415283203,0.112976074,0.466918945,-1.30823767,-0.565845132,0.729041278,3.14160156,1054,1695443178409,1695437683,29,3,1,5222,-0.01171875,0.01171875,0.02734375,1055,1695440178596,1695437982,30,0,1,3005035,0,0,0
1,1034,1695452955961,1695453183408,1,0,0,1,0,7,7,0,0,0,4,0,0,1056,1695451206637,1695447382,31,0,1,1976771,0.772521973,-0.415283203,0.112976074,0.466918945,-1.30823767,-0.565845132,0.729041278,3.14160156,1055,1695453178241,1695447182,30,3,1,5167,-0.01171875,0.01171875,0.02734375,1056,1695450177558,1695447882,31,0,1,3005850,0,0,0
1,1035,1695462955961,1695463179647,1,0,0,1,0,7,7,0,0,0,4,0,0,1057,1695461201969,1695457381,32,0,1,1977678,0.772521973,-0.415283203,0.112976074,0.466918945,-1.30823767,-0.565845132,0.729041278,3.14160156,1056,1695463174611,1695457683,31,3,1,5036,-0.01171875,0.01171875,-0.05078125,1057,1695460175761,1695457882,32,0,1,3003886,0,0,0
1,1036,1695472955961,1695472985930,1,0,0,1,0,7,7,0,0,0,4,0,0,1058,1695470207351,1695466881,33,0,1,2778579,0.772521973,-0.415283203,0.112976074,0.466918945,-1.30823767,-0.565845132,0.729041278,3.14160156,1057,1695472178197,1695467280,32,3,1,807733,0.0234375,0,0.02734375,1058,1695469177625,1695466882,33,0,1,3808305,0,0,0
1,1037,1695482955961,1695483183219,1,0,0,1,0,7,7,0,0,0,4,0,0,1059,1695481207245,1695477381,34,0,1,1975974,0.772521973,-0.415283203,0.112976074,0.466918945,-1.30823767,-0.565845132,0.729041278,3.14160156,1058,1695483178016,1695477383,33,3,1,5203,0.0234375,0,0.02734375,1059,1695480175573,1695477882,34,0,1,3007646,0,0,0
1,1038,1695492955961,1695493186514,1,0,0,1,0,7,7,0,0,0,4,0,0,1060,1695491208206,1695487181,35,0,1,1978308,0.772521973,-0.415283203,0.112976074,0.466918945,-1.30823767,-0.565845132,0.729041278,3.14160156,1059,1695493181329,1695487182,34,3,1,5185,-0.01171875,0.01171875,0.02734375,1060,1695490178035,1695487882,35,0,1,3008479,0,0,0
1,1039,1695502955961,1695503180810,1,0,0,1,0,7,7,0,0,0,4,0,0,1061,1695501206594,1695497382,36,0,1,1974216,0.772521973,-0.415283203,0.112976074,0.466918945,-1.30823767,-0.565845132,0.729041278,3.14160156,1060,1695503175606,1695497683,35,3,1,5204,-0.01171875,0.01171875,-0.01171875,1061,1695500177479,1695497882,36,0,1,3003331,0,0,0
1,1040,1695512955961,1695513184901,1,0,0,1,0,7,7,0,0,0,4,0,0,1062,1695511207963,1695507382,37,0,1,1976938,0.772521973,-0.415283203,0.112976074,0.466918945,-1.30823767,-0.565845132,0.729041278,3.14160156,1061,1695513179660,1695507681,36,3,1,5241,-0.01171875,0.00390625,-0.01171875,1062,1695510179533,1695507882,37,0,1,3005368,0,0,0
1,1041,1695522955961,1695522985999,1,0,0,1,0,7,7,0,0,0,4,0,0,1063,1695520207883,1695517281,38,0,1,2778116,0.772521973,-0.415283203,0.112976074,0.466918945,-1.30823767,-0.565845132,0.729041278,3.14160156,1062,1695522177450,1695517480,37,3,1,808549,0,0.04296875,-0.01171875,1063,1695519178119,1695516982,38,0,1,3807880,0,0,0
1,1042,1695532955961,1695533183843,1,0,0,1,0,7,7,0,0,0,4,0,0,1064,1695531202110,1695527181,39,0,1,1981733,0.772521973,-0.415283203,0.112976074,0.466918945,-1.30823767,-0.565845132,0.729041278,3.14160156,1063,1695533178769,1695527180,38,3,1,5074,-0.01171875,0.00390625,-0.01171875,1064,1695530174920,1695527482,39,0,1,3008923,0,0,0
1,1043,1695542955961,1695542985682,1,0,0,1,0,7,7,0,0,0,4,0,0,1065,1695540208399,1695536782,40,0,1,2777283,0.772521973,-0.415283203,0.112976074,0.466918945,-1.30823767,-0.565845132,0.729041278,3.14160156,1064,1695542181818,1695537083,39,3,1,803864,0.01171875,-0.04296875,0.02734375,1065,1695539177561,1695536882,40,0,1,3808121,0,0,0
1,1044,1695552955961,1695552985755,1,0,0,1,0,7,7,0,0,0,4,0,0,1066,1695550207528,1695546881,41,0,1,2778227,0.772521973,-0.415283203,0.112976074,0.466918945,-1.30823767,-0.565845132,0.729041278,3.14160156,1065,1695552178095,1695547283,40,3,1,807660,0.0234375,-0.0078125,0.02734375,1066,1695549177690,1695546882,41,0,1,3808065,0,0,0
1,1045,1695562955961,1695562986105,1,0,0,1,0,7,7,0,0,0,4,0,0,1067,1695560207101,1695557082,42,0,1,2779004,0.772521973,-0.415283203,0.112976074,0.466918945,-1.30823767,-0.565845132,0.729041278,3.14160156,1066,1695562178075,1695557482,41,3,1,808030,-0.01171875,0.00390625,0.02734375,1067,1695559178300,1695556982,42,0,1,3807805,0,0,0
1,1046,1695572955961,1695573183413,1,0,0,1,0,7,7,0,0,0,4,0,0,1068,1695571207846,1695567182,43,0,1,1975567,0.772521973,-0.415283203,0.112976074,0.466918945,-1.30823767,-0.565845132,0.729041278,3.14160156,1067,1695573178154,1695567180,42,3,1,5259,-0.046875,0.01953125,0.02734375,1068,1695570177434,1695567482,43,0,1,3005979,0,0,0
1,1047,1695582955961,1695582985899,1,0,0,1,0,7,7,0,0,0,4,0,0,1069,1695580208098,1695577082,44,0,1,2777801,0.772521973,-0.415283203,0.112976074,0.466918945,-1.30823767,-0.565845132,0.729041278,3.14160156,1068,1695582177184,1695577483,43,3,1,808715,0.0234375,-0.0078125,-0.01171875,1069,1695579178038,1695576882,44,0,1,3807861,0,0,0
1,1048,1695592955961,1695592986102,1,0,0,1,0,7,7,0,0,0,4,0,0,1070,1695590202208,1695587081,45,0,1,2783894,0.772521973,-0.415283203,0.112976074,0.466918945,-1.30823767,-0.565845132,0.729041278,3.14160156,1069,1695592183350,1695586686,44,3,1,802752,0.01171875,-0.04296875,0.02734375,1070,1695589174204,1695586879,45,0,1,3811898,0,0,0
1,1049,1695602955961,1695602985638,1,0,0,1,0,7,7,0,0,0,4,0,0,1071,1695600209300,1695597082,46,0,1,2776338,0.772521973,-0.415283203,0.112976074,0.466918945,-1.30823767,-0.565845132,0.729041278,3.14160156,1070,1695602177497,1695597283,45,3,1,808141,-0.01171875,0.00390625,-0.01171875,1071,1695599178054,1695596880,46,0,1,3807584,0,0,0
1,1050,1695612955961,1695612986155,1,0,0,1,0,7,7,0,0,0,4,0,0,1072,1695610207632,1695606781,47,0,1,2778523,0.772521973,-0.415283203,0.113037109,0.466918945,-1.30822182,-0.565777659,0.729124546,3.14160156,1071,1695612177366,1695607083,46,3,1,808789,0.0234375,-0.0078125,-0.01171875,1072,1695609178313,1695606880,47,0,1,3807842,0,0,0
1,1051,1695622955961,1695622986247,1,0,0,1,0,7,7,0,0,0,4,0,0,1073,1695620204612,1695616882,48,0,1,2781635,0.772521973,-0.415283203,0.113037109,0.466918945,-1.30822182,-0.565777659,0.729124546,3.14160156,1072,1695622174402,1695617081,47,3,1,811845,0.0234375,-0.0078125,0.01953125,1073,1695619186108,1695616880,48,0,1,3800139,0,0,0
1,1052,1695632955961,1695632986005,1,0,0,1,0,7,7,0,0,0,4,0,0,1074,1695630202908,1695626781,49,0,1,2783097,0.772521973,-0.415283203,0.113037109,0.466918945,-1.30822182,-0.565777659,0.729124546,3.14160156,1073,1695632176882,1695626883,48,3,1,809123,-0.01171875,0.00390625,-0.01953125,1074,1695629177329,1695626882,49,0,1,3808676,0,0,0
1,1053,1695642955961,1695642986319,1,0,0,1,0,7,7,0,0,0,4,0,0,1075,1695640208980,1695636881,50,0,1,2777339,0.772521973,-0.415283203,0.113037109,0.466918945,-1.30822182,-0.565777659,0.729124546,3.14160156,1074,1695642183362,1695637283,49,3,1,802957,-0.01171875,0.00390625,-0.01953125,1075,1695639192642,1695636880,50,0,1,3793677,0,0,0
1,1054,1695652955961,1695652986114,1,0,0,1,0,7,7,0,0,0,4,0,0,1076,1695650202017,1695646881,51,0,1,2784097,0.772521973,-0.415283203,0.113037109,0.466918945,-1.30822182,-0.565777659,0.729124546,3.14160156,1075,1695652179325,1695647283,50,3,1,806789,-0.01171875,0.00390625,-0.01171875,1076,1695649173827,1695646880,51,0,1,3812287,0,0,0
1,1055,1695662955961,1695662985781,1,0,0,1,0,7,7,0,0,0,4,0,0,1077,1695660208313,1695656882,52,0,1,2777468,0.772521973,-0.415283203,0.113037109,0.466918945,-1.30822182,-0.565777659,0.729124546,3.14160156,1076,1695662178677,1695657083,51,3,1,807104,-0.01171875,0.00390625,-0.01171875,1077,1695659178753,1695656880,52,0,1,3807028,0,0,0
1,1056,1695672955961,1695673183238,1,0,0,1,0,7,7,0,0,0,4,0,0,1078,1695671206615,1695666981,53,0,1,1976623,0.772521973,-0.415283203,0.113037109,0.466918945,-1.30822182,-0.565777659,0.729124546,3.14160156,1077,1695673178034,1695666983,52,3,1,5204,-0.01171875,0.00390625,-0.01171875,1078,1695670174258,1695666780,53,0,1,3008980,0,0,0
1,1057,1695682955961,1695682986151,1,0,0,1,0,7,7,0,0,0,4,0,0,1079,1695680208405,1695676581,54,0,1,2777746,0.772521973,-0.415283203,0.113037109,0.466918945,-1.30822182,-0.565777659,0.729124546,3.14160156,1078,1695682179102,1695676683,53,3,1,807049,0.0234375,-0.0078125,0.02734375,1079,1695679179975,1695676879,54,0,1,3806176,0,0,0
1,1058,1695692955961,1695692986244,1,0,0,1,0,7,7,0,0,0,4,0,0,1080,1695690202757,1695686782,55,0,1,2783487,0.772521973,-0.415283203,0.113037109,0.466918945,-1.30822182,-0.565777659,0.729124546,3.14160156,1079,1695692182213,1695686587,54,3,1,804031,0.01171875,-0.04296875,-0.01171875,1080,1695689181771,1695686882,55,0,1,3804473,0,0,0
1,1059,1695702955961,1695702986318,1,0,0,1,0,7,7,0,0,0,4,0,0,1081,1695700228219,1695696779,56,0,1,2758099,0.772521973,-0.415283203,0.113037109,0.466918945,-1.30822182,-0.565777659,0.729124546,3.14160156,1080,1695702179121,1695697283,55,3,1,807197,0.0234375,-0.0078125,-0.01171875,1081,1695699172882,1695696982,56,0,1,3813436,0,0,0
1,1060,1695712955961,1695712986817,1,0,0,1,0,7,7,0,0,0,4,0,0,1082,1695710202405,1695706881,57,0,1,2784412,0.772521973,-0.415283203,0.113037109,0.466918945,-1.30822182,-0.565777659,0.729124546,3.14160156,1081,1695712179769,1695707083,56,3,1,807048,-0.01171875,0.00390625,0.02734375,1082,1695709175789,1695706682,57,0,1,3811028,0,0,0
1,1061,1695722955961,1695722985966,1,0,0,1,0,7,7,0,0,0,4,0,0,1083,1695720202368,1695716882,58,0,1,2783598,0.772521973,-0.415283203,0.113037109,0.466918945,-1.30822182,-0.565777659,0.729124546,3.14160156,1082,1695722178880,1695717280,57,3,1,807086,0.0234375,-0.0078125,-0.01171875,1083,1695719176178,1695716982,58,0,1,3809788,0,0,0
1,1062,1695732955961,1695732985540,1,0,0,1,0,7,7,0,0,0,4,0,0,1084,1695730207479,1695726882,59,0,1,2778061,0.772521973,-0.415283203,0.113037109,0.466918945,-1.30822182,-0.565777659,0.729124546,3.14160156,1083,1695732177472,1695726582,58,3,1,808068,-0.01171875,0.00390625,-0.05078125,1084,1695729178437,1695726882,59,0,1,3807103,0,0,0
1,1063,1695742955961,1695742986058,1,0,0,1,0,7,7,0,0,0,4,0,0,1085,1695740207183,1695736882,60,0,1,2778875,0.772521973,-0.415283203,0.113037109,0.466918945,-1.30822182,-0.565777659,0.729124546,3.14160156,1084,1695742181528,1695737083,59,3,1,804530,-0.0234375,-0.03125,-0.01171875,1085,1695739178252,1695736882,60,0,1,3807806,0,0,0
1,1064,1695752955961,1695752985836,1,0,0,1,0,7,7,0,0,0,4,0,0,1086,1695750208090,1695746382,61,0,1,2777746,0.772521973,-0.415283203,0.113037109,0.466918945,-1.30822182,-0.565777659,0.729124546,3.14160156,1085,1695752178250,1695746683,60,3,1,807586,-0.0234375,-0.03125,0.02734375,1086,1695749179770,1695746882,61,0,1,3806066,0,0,0
1,1065,1695762955961,1695762986169,1,0,0,1,0,7,7,0,0,0,4,0,0,1087,1695760207405,1695756782,62,0,1,2778764,0.772521973,-0.415283203,0.113037109,0.466918945,-1.30822182,-0.565777659,0.729124546,3.14160156,1086,1695762178713,1695756683,61,3,1,807456,-0.01171875,0.00390625,0.02734375,1087,1695759179641,1695756882,62,0,1,3806528,0,0,0
1,1066,1695772955961,1695772985947,1,0,0,1,0,7,7,0,0,0,4,0,0,1088,1695770202034,1695766781,63,0,1,2783913,0.772521973,-0.415283203,0.113037109,0.466918945,-1.30822182,-0.565777659,0.729124546,3.14160156,1087,1695772178824,1695766582,62,3,1,807123,-0.01171875,0.00390625,0.02734375,1088,1695769175715,1695766882,63,0,1,3810232,0,0,0
1,1067,1695782955961,1695782986095,1,0,0,1,0,7,7,0,0,0,4,0,0,1089,1695780201590,1695776781,64,0,1,2784505,0.772521973,-0.415283203,0.113037109,0.466918945,-1.30822182,-0.565777659,0.729124546,3.14160156,1088,1695782178305,1695776882,63,3,1,807790,-0.01171875,0.00390625,-0.01171875,1089,1695779175048,1695776882,64,0,1,3811047,0,0,0
1,1068,1695792955961,1695792986595,1,0,0,1,0,7,7,0,0,0,4,0,0,1090,1695790201182,1695786781,65,0,1,2785413,0.772521973,-0.415283203,0.113037109,0.466918945,-1.30822182,-0.565777659,0.729124546,3.14160156,1089,1695792181138,1695787086,64,3,1,805457,-0.01171875,0.00390625,-0.01171875,1090,1695789174881,1695786882,65,0,1,3811714,0,0,0
1,1069,1695802955961,1695802986020,1,0,0,1,0,7,7,0,0,0,4,0,0,1091,1695800201756,1695796381,66,0,1,2784264,0.772521973,-0.415283203,0.113037109,0.466918945,-1.30822182,-0.565777659,0.729124546,3.14160156,1090,1695802177842,1695796882,65,3,1,808178,0.01171875,-0.04296875,0.02734375,1091,1695799175622,1695796882,66,0,1,3810398,0,0,0
1,1070,1695812955961,1695812985946,1,0,0,1,0,7,7,0,0,0,4,0,0,1092,1695810201849,1695806581,67,0,1,2784097,0.772521973,-0.415283203,0.113037109,0.466918945,-1.30822182,-0.565777659,0.729124546,3.14160156,1091,1695812179231,1695806583,66,3,1,806715,-0.0234375,-0.03125,-0.01171875,1092,1695809175918,1695806482,67,0,1,3810028,0,0,0
1,1071,1695822955961,1695822984613,1,0,0,1,0,7,7,0,0,0,4,0,0,1093,1695819207954,1695816081,68,0,1,3776659,0.772521973,-0.415283203,0.113037109,0.466918945,-1.30822182,-0.565777659,0.729124546,3.14160156,1092,1695821178077,1695816480,67,3,1,1806536,-0.01171875,0.01171875,-0.01171875,1093,1695818177968,1695815882,68,0,1,4806645,0,0,0
1,1072,1695832955961,1695833184421,1,0,0,1,0,7,7,0,0,0,4,0,0,1094,1695830204312,1695826381,69,0,1,2980109,0.772521973,-0.415283203,0.113037109,0.466918945,-1.30822182,-0.565777659,0.729124546,3.14160156,1093,1695833179347,1695826783,68,3,1,5074,-0.01171875,0.01171875,0.02734375,1094,1695829176751,1695826882,69,0,1,4007670,0,0,0
1,1073,1695842955961,1695842985502,1,0,0,1,0,7,7,0,0,0,4,0,0,1095,1695840207404,1695836582,70,0,1,2778098,0.772521973,-0.415283203,0.113037109,0.466918945,-1.30822182,-0.565777659,0.729124546,3.14160156,1094,1695842181712,1695836880,69,3,1,803790,-0.01171875,0.01171875,-0.01171875,1095,1695839178825,1695836982,70,0,1,3806677,0,0,0
1,1074,1695852955961,1695852986057,1,0,0,1,0,7,7,0,0,0,4,0,0,1096,1695850208219,1695846581,71,0,1,2777838,0.772521973,-0.415283203,0.113037109,0.466918945,-1.30822182,-0.565777659,0.729124546,3.14160156,1095,1695852178083,1695846880,70,3,1,807974,-0.01171875,0.01171875,0.02734375,1096,1695849178177,1695846682,71,0,1,3807880,0,0,0
1,1075,1695862955961,1695862985631,1,0,0,1,0,7,7,0,0,0,4,0,0,1097,1695860202052,1695856581,72,0,1,2783579,0.772521973,-0.415283203,0.113037109,0.466918945,-1.30822182,-0.565777659,0.729124546,3.14160156,1096,1695862172046,1695856880,71,3,1,813585,-0.01171875,0.01171875,-0.01171875,1097,1695859176325,1695856882,72,0,1,3809306,0,0,0
1,1076,1695872955961,1695872985909,1,0,0,1,0,7,7,0,0,0,4,0,0,1098,1695870207441,1695866382,73,0,1,2778468,0.772521973,-0.415283203,0.113037109,0.466918945,-1.30822182,-0.565777659,0.729124546,3.14160156,1097,1695872177638,1695866380,72,3,1,808271,-0.00390625,0.01171875,-0.01171875,1098,1695869178029,1695866882,73,0,1,3807880,0,0,0
1,1077,1695882955961,1695882986001,1,0,0,1,0,7,7,0,0,0,4,0,0,1099,1695880207681,1695876581,74,0,1,2778320,0.772521973,-0.415283203,0.113037109,0.466918945,-1.30822182,-0.565777659,0.729124546,3.14160156,1098,1695882177601,1695876680,73,3,1,808400,0.03125,0,0.02734375,1099,1695879177251,1695876882,74,0,1,3808750,0,0,0
1,1078,1695892955961,1695892985464,1,0,0,1,0,7,7,0,0,0,4,0,0,1100,1695890207978,1695886882,75,0,1,2777486,0.772460938,-0.415283203,0.113037109,0.466918945,-1.30842006,-0.565717638,0.72926122,3.14160156,1099,1695892180193,1695887084,74,3,1,805271,-0.00390625,0.00390625,0.02734375,1100,1695889177899,1695886882,75,0,1,3807565,0,0,0
1,1079,1695902955961,1695902985038,1,0,0,1,0,7,7,0,0,0,4,0,0,1101,1695900201033,1695896381,76,0,1,2784005,0.772460938,-0.415283203,0.113037109,0.466918945,-1.30842006,-0.565717638,0.72926122,3.14160156,1100,1695902170731,1695896579,75,3,1,814307,0.0078125,0.04296875,0.02734375,1101,1695899176380,1695896882,76,0,1,3808658,0,0,0
1,1080,1695912955961,1695912986057,1,0,0,1,0,7,7,0,0,0,4,0,0,1102,1695910207366,1695906382,77,0,1,2778691,0.772460938,-0.415283203,0.113037109,0.466918945,-1.30842006,-0.565717638,0.72926122,3.14160156,1101,1695912179619,1695906183,76,3,1,806438,-0.00390625,0.00390625,0.02734375,1102,1695909178825,1695906482,77,0,1,3807232,0,0,0
1,1081,1695922955961,1695922985853,1,0,0,1,0,7,7,0,0,0,4,0,0,1103,1695920208588,1695916382,78,0,1,2777265,0.772460938,-0.415283203,0.113037109,0.466918945,-1.30842006,-0.565717638,0.72926122,3.14160156,1102,1695922177508,1695916680,77,3,1,808345,-0.00390625,0.00390625,-0.01171875,1103,1695919178510,1695916882,78,0,1,3807343,0,0,0
1,1082,1695932955961,1695933183198,1,0,0,1,0,7,7,0,0,0,4,0,0,1104,1695931202409,1695926481,79,0,1,1980789,0.772460938,-0.415283203,0.113037109,0.466918945,-1.30842006,-0.565717638,0.72926122,3.14160156,1103,1695933178069,1695926080,78,3,1,5129,0.03125,-0.0078125,0.02734375,1104,1695930175404,1695926882,79,0,1,3007794,0,0,0
1,1083,1695942955961,1695942985630,1,0,0,1,0,7,7,0,0,0,4,0,0,1105,1695940208292,1695936182,80,0,1,2777338,0.772460938,-0.415283203,0.113037109,0.466918945,-1.30842006,-0.565717638,0.72926122,3.14160156,1104,1695942182026,1695936683,79,3,1,803604,0.03125,-0.0078125,-0.05078125,1105,1695939177750,1695936982,80,0,1,3807880,0,0,0
1,1084,1695952955961,1695952985575,1,0,0,1,0,7,7,0,0,0,4,0,0,1106,1695950207422,1695946382,81,0,1,2778153,0.772460938,-0.415283203,0.113037109,0.466918945,-1.30842006,-0.565717638,0.72926122,3.14160156,1105,1695952177637,1695946383,80,3,1,807938,0.03125,-0.0078125,-0.01171875,1106,1695949177398,1695946482,81,0,1,3808177,0,0,0
1,1085,1695962955961,1695962987445,1,0,0,1,0,7,7,0,0,0,4,0,0,1107,1695959209027,1695955881,82,0,1,3778418,0.772460938,-0.415283203,0.113037109,0.466918945,-1.30842006,-0.565717638,0.72926122,3.14160156,1106,1695961178354,1695956283,81,3,1,1809091,-0.01171875,0.00390625,0.02734375,1107,1695958193281,1695955980,82,0,1,4794164,0,0,0
1,1086,1695972955961,1695972987519,1,0,0,1,0,7,7,0,0,0,4,0,0,1108,1695969202379,1695966081,83,0,1,3785140,0.772460938,-0.415283203,0.113037109,0.466918945,-1.30842006,-0.565717638,0.72926122,3.14160156,1107,1695971172613,1695965882,82,3,1,1814906,-0.01171875,0.00390625,0.02734375,1108,1695968176874,1695965880,83,0,1,4810645,0,0,0
1,1087,1695982955961,1695982982538,1,0,0,1,0,7,7,0,0,0,4,0,0,1109,1695980208644,1695976381,84,0,1,2773894,0.772460938,-0.415283203,0.113037109,0.466918945,-1.30842006,-0.565717638,0.72926122,3.14160156,1108,1695982172748,1695976683,83,3,1,809790,-0.01171875,0.00390625,-0.01171875,1109,1695979176787,1695976682,84,0,1,3805751,0,0,0
1,1088,1695992955961,1695992986723,1,0,0,1,0,7,7,0,0,0,4,0,0,1110,1695990202144,1695986381,85,0,1,2784579,0.772460938,-0.415283203,0.113037109,0.466918945,-1.30842006,-0.565717638,0.72926122,3.14160156,1109,1695992183303,1695986687,84,3,1,803420,-0.01171875,0.00390625,-0.05078125,1110,1695989176157,1695986882,85,0,1,3810566,0,0,0
1,1089,1696002955961,1696002987019,1,0,0,1,0,7,7,0,0,0,4,0,0,1111,1695999201953,1695996281,86,0,1,3785066,0.772460938,-0.415283203,0.113037109,0.466918945,-1.30842006,-0.565717638,0.72926122,3.14160156,1110,1696001178242,1695996483,85,3,1,1808777,-0.01171875,0.00390625,0.02734375,1111,1695998175022,1695995882,86,0,1,4811997,0,0,0
1,1090,1696012955961,1696012987334,1,0,0,1,0,7,7,0,0,0,4,0,0,1112,1696009204823,1696006281,87,0,1,3782511,0.772460938,-0.415283203,0.113037109,0.466918945,-1.30842006,-0.565717638,0.72926122,3.14160156,1111,1696011179094,1696005883,86,3,1,1808240,-0.01171875,0.00390625,0.02734375,1112,1696008177392,1696005882,87,0,1,4809942,0,0,0
1,1091,1696022955961,1696022985074,1,0,0,1,0,7,7,0,0,0,4,0,0,1113,1696019202101,1696016081,88,0,1,3782973,0.772460938,-0.415283203,0.113037109,0.466918945,-1.30842006,-0.565717638,0.72926122,3.14160156,1112,1696021178779,1696016482,87,3,1,1806295,-0.0234375,-0.03125,-0.01171875,1113,1696018176652,1696015882,88,0,1,4808422,0,0,0
1,1092,1696032955961,1696032988037,1,0,0,1,0,7,7,0,0,0,4,0,0,1114,1696030207273,1696026382,89,0,1,2780764,0.772460938,-0.415283203,0.113037109,0.466918945,-1.30842006,-0.565717638,0.72926122,3.14160156,1113,1696032193136,1696026683,88,3,1,794901,-0.01171875,0.00390625,0.02734375,1114,1696029178842,1696026880,89,0,1,3809195,0,0,0
1,1093,1696042955961,1696042987315,1,0,0,1,0,7,7,0,0,0,4,0,0,1115,1696039201712,1696036081,90,0,1,3785603,0.772460938,-0.415283203,0.113037109,0.466918945,-1.30842006,-0.565717638,0.72926122,3.14160156,1114,1696041178187,1696036282,89,3,1,1809128,-0.00390625,0.00390625,-0.01171875,1115,1696038177281,1696035882,90,0,1,4810034,0,0,0
1,1094,1696052955961,1696052986241,1,0,0,1,0,7,7,0,0,0,4,0,0,1116,1696050201439,1696046181,91,0,1,2784802,0.772460938,-0.415283203,0.113037109,0.466918945,-1.30842006,-0.565717638,0.72926122,3.14160156,1115,1696052178174,1696045982,90,3,1,808067,0.04296875,0.02734375,-0.01171875,1116,1696049176064,1696046679,91,0,1,3810177,0,0,0
1,1095,1696062955961,1696062986667,1,0,0,1,0,7,7,0,0,0,4,0,0,1117,1696059207545,1696056082,92,0,1,3779122,0.772460938,-0.415283203,0.113037109,0.466918945,-1.30842006,-0.565717638,0.72926122,3.14160156,1116,1696061177483,1696056483,91,3,1,1809184,-0.00390625,0.00390625,0.02734375,1117,1696058178077,1696055882,92,0,1,4808590,0,0,0
1,1096,1696072955961,1696072986963,1,0,0,1,0,7,7,0,0,0,4,0,0,1118,1696069209637,1696066087,93,0,1,3777326,0.772460938,-0.415283203,0.113098145,0.466918945,-1.30840397,-0.565650105,0.729344547,3.14160156,1117,1696071178094,1696066483,92,3,1,1808869,-0.00390625,0.00390625,-0.01171875,1118,1696068177688,1696065882,93,0,1,4809275,0,0,0
1,1097,1696082955961,1696082996166,1,0,0,1,0,7,7,0,0,0,4,0,0,1119,1696079207693,1696076081,94,0,1,3788473,0.772460938,-0.415283203,0.113098145,0.466918945,-1.30840397,-0.565650105,0.729344547,3.14160156,1118,1696081214426,1696076292,93,3,1,1781740,-0.00390625,0.00390625,-0.01171875,1119,1696078177577,1696075882,94,0,1,4818589,0,0,0
1,1098,1696092955961,1696093036702,1,0,0,1,0,7,7,0,0,0,4,0,0,1120,1696090245160,1696085986,95,0,1,2791542,0.772460938,-0.415283203,0.113098145,0.466918945,-1.30840397,-0.565650105,0.729344547,3.14160156,1119,1696092242393,1696085995,94,3,1,794309,-0.00390625,0.00390625,-0.01171875,1120,1696089254191,1696086292,95,0,1,3782511,0,0,0
1,1099,1696102955961,1696102993684,1,0,0,1,0,7,7,0,0,0,4,0,0,1121,1696099242210,1696096086,96,0,1,3751474,0.772460938,-0.415283203,0.113098145,0.466918945,-1.30840397,-0.565650105,0.729344547,3.14160156,1120,1696101223981,1696096485,95,3,1,1769703,0.03125,-0.0078125,-0.01171875,1121,1696098260982,1696095892,96,0,1,4732702,0,0,0
1,1100,1696112955961,1696112997092,1,0,0,1,0,7,7,0,0,0,4,0,0,1122,1696109257450,1696105899,97,0,1,3739642,0.772460938,-0.415283203,0.113098145,0.466918945,-1.30840397,-0.565650105,0.729344547,3.14160156,1121,1696111271831,1696105931,96,3,1,1725261,-0.00390625,0.00390625,-0.01171875,1122,1696108260445,1696105917,97,0,1,4736647,0,0,0
1,1101,1696122955961,1696122986925,1,0,0,1,0,7,7,0,0,0,4,0,0,1123,1696119204230,1696116079,98,0,1,3782695,0.772460938,-0.415283203,0.113098145,0.466918945,-1.30840397,-0.565650105,0.729344547,3.14160156,1122,1696121179519,1696116481,97,3,1,1807406,-0.00390625,0.00390625,-0.01171875,1123,1696118203113,1696115677,98,0,1,4783812,0,0,0
1,1102,1696132955961,1696132987592,1,0,0,1,0,7,7,0,0,0,4,0,0,1124,1696129206081,1696126083,99,0,1,3781511,0.772460938,-0.415283203,0.113098145,0.466918945,-1.30840397,-0.565650105,0.729344547,3.14160156,1123,1696131182501,1696126481,98,3,1,1805091,-0.00390625,0.00390625,-0.01171875,1124,1696128211261,1696125884,99,0,1,4776331,0,0,0
1,1103,1696142955961,1696142987518,1,0,0,1,0,7,7,0,0,0,4,0,0,1125,1696139204229,1696136082,100,0,1,3783289,0.772460938,-0.415283203,0.113098145,0.466918945,-1.30840397,-0.565650105,0.729344547,3.14160156,1124,1696141180093,1696136280,99,3,1,1807425,-0.00390625,0.00390625,-0.01171875,1125,1696138178965,1696135982,100,0,1,4808553,0,0,0
1,1104,1696152955961,1696152987703,1,0,0,1,0,7,7,0,0,0,4,0,0,1126,1696149209451,1696145782,101,0,1,3778252,0.772460938,-0.415283203,0.113098145,0.466918945,-1.30840397,-0.565650105,0.729344547,3.14160156,1125,1696151178982,1696145680,100,3,1,1808721,-0.015625,-0.03125,-0.01171875,1126,1696148179521,1696145882,101,0,1,4808182,0,0,0
1,1105,1696162955961,1696162987369,1,0,0,1,0,7,7,0,0,0,4,0,0,1127,1696159203100,1696155882,102,0,1,3784269,0.772460938,-0.415283203,0.113098145,0.466918945,-1.30840397,-0.565650105,0.729344547,3.14160156,1126,1696161178574,1696156280,101,3,1,1808795,0.046875,0.02734375,0.02734375,1127,1696158176336,1696155882,102,0,1,4811033,0,0,0
1,1106,1696172955961,1696172987758,1,0,0,1,0,7,7,0,0,0,4,0,0,1128,1696169204637,1696165882,103,0,1,3783121,0.772460938,-0.415283203,0.113098145,0.466918945,-1.30840397,-0.565650105,0.729344547,3.14160156,1127,1696171178797,1696166281,102,3,1,1808961,-0.00390625,0.00390625,-0.01171875,1128,1696168177058,1696165883,103,0,1,4810700,0,0,0
1,1107,1696182955961,1696182987814,1,0,0,1,0,7,7,0,0,0,4,0,0,1129,1696179209710,1696175878,104,0,1,3778104,0.772460938,-0.415283203,0.113098145,0.466918945,-1.30840397,-0.565650105,0.729344547,3.14160156,1128,1696181180574,1696176081,103,3,1,1807240,-0.00390625,0.00390625,-0.01171875,1129,1696178170706,1696175983,104,0,1,4817108,0,0,0
1,1108,1696192955961,1696192988980,1,0,0,1,0,7,7,0,0,0,4,0,0,1130,1696190196383,1696185781,105,0,1,2792597,0.772460938,-0.415283203,0.113098145,0.466918945,-1.30840397,-0.565650105,0.729344547,3.14160156,1129,1696192173784,1696185787,104,3,1,815196,-0.00390625,0.00390625,0.02734375,1130,1696189176304,1696185382,105,0,1,3812676,0,0,0
1,1109,1696202955961,1696202981888,1,0,0,1,0,7,7,0,0,0,4,0,0,1131,1696199187507,1696195779,106,0,1,3794381,0.772460938,-0.415283203,0.113098145,0.466918945,-1.30840397,-0.565650105,0.729344547,3.14160156,1130,1696201159649,1696196081,105,3,1,1822239,0.03125,-0.0078125,-0.01171875,1131,1696198155818,1696195880,106,0,1,4826070,0,0,0
1,1110,1696212955961,1696212984314,1,0,0,1,0,7,7,0,0,0,4,0,0,1132,1696209185655,1696205779,107,0,1,3798659,0.772460938,-0.415283203,0.113098145,0.466918945,-1.30840397,-0.565650105,0.729344547,3.14160156,1131,1696211159575,1696206080,106,3,1,1824739,-0.00390625,0.00390625,-0.01171875,1132,1696208160169,1696205880,107,0,1,4824145,0,0,0
1,1111,1696222955961,1696222981888,1,0,0,1,0,7,7,0,0,0,4,0,0,1133,1696219185507,1696215779,108,0,1,3796381,0.772460938,-0.415283203,0.113098145,0.466918945,-1.30840397,-0.565650105,0.729344547,3.14160156,1132,1696221158038,1696216281,107,3,1,1823850,-0.00390625,0.00390625,0.02734375,1133,1696218158891,1696215980,108,0,1,4822997,0,0,0
1,1112,1696232955961,1696232985128,1,0,0,1,0,7,7,0,0,0,4,0,0,1134,1696229181100,1696225879,109,0,1,3804028,0.772460938,-0.415283203,0.11315918,0.466918945,-1.30838799,-0.565582573,0.729427814,3.14160156,1133,1696231154834,1696225878,108,3,1,1830294,-0.00390625,0.00390625,-0.01171875,1134,1696228172502,1696225679,109,0,1,4812626,0,0,0
1,1113,1696242955961,1696242985721,1,0,0,1,0,7,7,0,0,0,4,0,0,1135,1696239178970,1696235780,110,0,1,3806751,0.772460938,-0.415283203,0.11315918,0.466918945,-1.30838799,-0.565582573,0.729427814,3.14160156,1134,1696241160408,1696236080,109,3,1,1825313,-0.00390625,0.00390625,-0.01171875,1135,1696238163280,1696235883,110,0,1,4822441,0,0,0
1,1114,1696252955961,1696252985535,1,0,0,1,0,7,7,0,0,0,4,0,0,1136,1696249192340,1696245780,111,0,1,3793195,0.772460938,-0.415283203,0.11315918,0.46697998,-1.30841696,-0.565566242,0.729382634,3.14160156,1135,1696251154630,1696245382,110,3,1,1830905,-0.00390625,0.00390625,0.02734375,1136,1696248165446,1696245880,111,0,1,4820089,0,0,0
1,1115,1696262955961,1696262986498,1,0,0,1,0,7,7,0,0,0,4,0,0,1137,1696259187859,1696255781,112,0,1,3798639,0.772460938,-0.415283203,0.11315918,0.46697998,-1.30841696,-0.565566242,0.729382634,3.14160156,1136,1696261161796,1696256080,111,3,1,1824702,-0.00390625,0.00390625,-0.01171875,1137,1696258164280,1696255681,112,0,1,4822218,0,0,0
1,1116,1696272955961,1696272985424,1,0,0,1,0,7,7,0,0,0,4,0,0,1138,1696269180377,1696265581,113,0,1,3805047,0.772460938,-0.415283203,0.11315918,0.46697998,-1.30841696,-0.565566242,0.729382634,3.14160156,1137,1696271162574,1696265880,112,3,1,1822850,-0.015625,-0.03125,-0.01171875,1138,1696268156206,1696265680,113,0,1,4829218,0,0,0
1,1117,1696282955961,1696282984517,1,0,0,1,0,7,7,0,0,0,4,0,0,1139,1696279211876,1696275791,114,0,1,3772641,0.772460938,-0.415283203,0.11315918,0.46697998,-1.30841696,-0.565566242,0.729382634,3.14160156,1138,1696281159648,1696275880,113,3,1,1824869,-0.00390625,0.00390625,0.02734375,1139,1696278162946,1696275880,114,0,1,4821571,0,0,0
1,1118,1696292955961,1696292986239,1,0,0,1,0,7,7,0,0,0,4,0,0,1140,1696289176655,1696285579,115,0,1,3809584,0.772460938,-0.415283203,0.11315918,0.46697998,-1.30841696,-0.565566242,0.729382634,3.14160156,1139,1696291152445,1696285580,114,3,1,1833794,-0.015625,-0.03125,-0.01171875,1140,1696288153965,1696285878,115,0,1,4832274,0,0,0
1,1119,1696302955961,1696302983998,1,0,0,1,0,7,7,0,0,0,4,0,0,1141,1696299202376,1696295782,116,0,1,3781622,0.772460938,-0.415283203,0.11315918,0.46697998,-1.30841696,-0.565566242,0.729382634,3.14160156,1140,1696301175259,1696296083,115,3,1,1808739,0.0078125,0.04296875,-0.01171875,1141,1696298176557,1696295880,116,0,1,4807441,0,0,0
1,1120,1696312955961,1696312984776,1,0,0,1,0,7,7,0,0,0,4,0,0,1142,1696309209395,1696305781,117,0,1,3775381,0.772460938,-0.415283203,0.11315918,0.46697998,-1.30841696,-0.565566242,0.729382634,3.14160156,1141,1696311179073,1696306083,116,3,1,1805703,-0.00390625,0.00390625,-0.01171875,1142,1696308179001,1696305880,117,0,1,4805775,0,0,0
1,1121,1696322955961,1696322984461,1,0,0,1,0,7,7,0,0,0,4,0,0,1143,1696319208450,1696315782,118,0,1,3776011,0.772460938,-0.415283203,0.11315918,0.46697998,-1.30841696,-0.565566242,0.729382634,3.14160156,1142,1696321178388,1696315683,117,3,1,1806073,-0.00390625,0.00390625,-0.01171875,1143,1696318179131,1696315980,118,0,1,4805330,0,0,0
1,1122,1696332955961,1696332984201,1,0,0,1,0,7,7,0,0,0,4,0,0,1144,1696329202098,1696325781,119,0,1,3782103,0.772460938,-0.415283203,0.11315918,0.46697998,-1.30841696,-0.565566242,0.729382634,3.14160156,1143,1696331174814,1696325683,118,3,1,1809387,-0.00390625,0.00390625,0.02734375,1144,1696328174112,1696325480,119,0,1,4810089,0,0,0
1,1123,1696342955961,1696342984609,1,0,0,1,0,7,7,0,0,0,4,0,0,1145,1696339207561,1696335382,120,0,1,3777048,0.772460938,-0.415283203,0.11315918,0.46697998,-1.30841696,-0.565566242,0.729382634,3.14160156,1144,1696341178295,1696335683,119,3,1,1806314,0.03125,-0.0078125,0.02734375,1145,1696338178834,1696335880,120,0,1,4805775,0,0,0
1,1124,1696352955961,1696352988442,1,0,0,1,0,7,7,0,0,0,4,0,0,1146,1696349213302,1696345582,121,0,1,3775140,0.772460938,-0.415283203,0.11315918,0.46697998,-1.30841696,-0.565566242,0.729382634,3.14160156,1145,1696351173129,1696345383,120,3,1,1815313,-0.015625,-0.03125,-0.01171875,1146,1696348178630,1696345880,121,0,1,4809812,0,0,0
1,1125,1696362955961,1696362985053,1,0,0,1,0,7,7,0,0,0,4,0,0,1147,1696359203302,1696355381,122,0,1,3781751,0.772460938,-0.415344238,0.11315918,0.46697998,-1.30842125,-0.565677941,0.72943294,3.14160156,1146,1696361179240,1696355683,121,3,1,1805813,0.04296875,0.02734375,-0.01171875,1147,1696358175908,1696355880,122,0,1,4809145,0,0,0
1,1126,1696372955961,1696372987479,1,0,0,1,0,7,7,0,0,0,4,0,0,1148,1696369207876,1696365581,123,0,1,3779603,0.772460938,-0.415344238,0.11315918,0.46697998,-1.30842125,-0.565677941,0.72943294,3.14160156,1147,1696371178906,1696365583,122,3,1,1808573,-0.015625,-0.03125,-0.01171875,1148,1696368178556,1696365680,123,0,1,4808923,0,0,0
1,1127,1696382955961,1696382987201,1,0,0,1,0,7,7,0,0,0,4,0,0,1149,1696379201931,1696375381,124,0,1,3785270,0.772460938,-0.415344238,0.11315918,0.46697998,-1.30842125,-0.565677941,0.72943294,3.14160156,1148,1696381177925,1696375682,123,3,1,1809276,0.03125,-0.0078125,0.02734375,1149,1696378175556,1696375882,124,0,1,4811645,0,0,0
1,1128,1696392955961,1696392987701,1,0,0,1,0,7,7,0,0,0,4,0,0,1150,1696389202524,1696385381,125,0,1,3785177,0.772460938,-0.415344238,0.11315918,0.46697998,-1.30842125,-0.565677941,0.72943294,3.14160156,1149,1696391171665,1696384982,124,3,1,1816036,-0.00390625,0.00390625,-0.01171875,1150,1696388175556,1696385882,125,0,1,4812145,0,0,0
1,1129,1696402955961,1696402987330,1,0,0,1,0,7,7,0,0,0,4,0,0,1151,1696399208227,1696395382,126,0,1,3779103,0.772460938,-0.415344238,0.11315918,0.46697998,-1.30842125,-0.565677941,0.72943294,3.14160156,1150,1696401178387,1696395683,125,3,1,1808943,0.03125,-0.0078125,-0.01171875,1151,1696398179797,1696395682,126,0,1,4807533,0,0,0
1,1130,1696412955961,1696412986960,1,0,0,1,0,7,7,0,0,0,4,0,0,1152,1696409202412,1696405181,127,0,1,3784548,0.772399902,-0.415344238,0.11315918,0.46697998,-1.3086195,-0.565617859,0.729569614,3.14160156,1151,1696411179721,1696405582,126,3,1,1807239,0.01953125,-0.04296875,0.02734375,1152,1696408175760,1696405682,127,0,1,4811200,0,0,0
1,1131,1696422955961,1696422984756,1,0,0,1,0,7,7,0,0,0,4,0,0,1153,1696419202283,1696415381,128,0,1,3782473,0.772399902,-0.415344238,0.11315918,0.46697998,-1.3086195,-0.565617859,0.729569614,3.14160156,1152,1696421177943,1696415382,127,3,1,1806813,-0.00390625,0.00390625,-0.05078125,1153,1696418176223,1696415882,128,0,1,4808533,0,0,0
1,1132,1696432955961,1696432987552,1,0,0,1,0,7,7,0,0,0,4,0,0,1154,1696429202172,1696425182,129,0,1,3785380,0.772399902,-0.415344238,0.11315918,0.46697998,-1.3086195,-0.565617859,0.729569614,3.14160156,1153,1696431169387,1696425383,128,3,1,1818165,0.0078125,0.04296875,0.02734375,1154,1696428176185,1696425882,129,0,1,4811367,0,0,0
1,1133,1696442955961,1696442987349,1,0,0,1,0,7,7,0,0,0,4,0,0,1155,1696439202375,1696435381,130,0,1,3784974,0.772399902,-0.415344238,0.113220215,0.46697998,-1.30860341,-0.565550268,0.729652882,3.14160156,1154,1696441178480,1696435582,129,3,1,1808869,0.01953125,-0.04296875,0.06640625,1155,1696438176000,1696435682,130,0,1,4811349,0,0,0
1,1134,1696452955961,1696452986071,1,0,0,1,0,7,7,0,0,0,4,0,0,1156,1696450202621,1696445481,131,0,1,2783450,0.772399902,-0.415344238,0.113220215,0.46697998,-1.30860341,-0.565550268,0.729652882,3.14160156,1155,1696452178356,1696445283,130,3,1,807715,-0.00390625,0.00390625,-0.01171875,1156,1696449178635,1696445882,131,0,1,3807436,0,0,0
1,1135,1696462955961,1696462985737,1,0,0,1,0,7,7,0,0,0,4,0,0,1157,1696458201351,1696455481,132,0,1,4784386,0.772399902,-0.415344238,0.113220215,0.46697998,-1.30860341,-0.565550268,0.729652882,3.14160156,1156,1696460171141,1696455479,131,3,1,2814596,0.03125,-0.0078125,-0.01171875,1157,1696457174902,1696454981,132,0,1,5810835,0,0,0
1,1136,1696472955961,1696472987052,1,0,0,1,0,7,7,0,0,0,4,0,0,1158,1696469207856,1696465181,133,0,1,3779196,0.772399902,-0.415344238,0.113220215,0.46697998,-1.30860341,-0.565550268,0.729652882,3.14160156,1157,1696471178146,1696465183,132,3,1,1808906,0.01953125,-0.04296875,0.06640625,1158,1696468179129,1696465481,133,0,1,4807923,0,0,0
1,1137,1696482955961,1696482986237,1,0,0,1,0,7,7,0,0,0,4,0,0,1159,1696478201758,1696475081,134,0,1,4784479,0.772399902,-0.415344238,0.113220215,0.46697998,-1.30860341,-0.565550268,0.729652882,3.14160156,1158,1696480171530,1696475280,133,3,1,2814707,0,0.04296875,-0.01171875,1159,1696477175439,1696474882,134,0,1,5810798,0,0,0
1,1138,1696492955961,1696492987126,1,0,0,1,0,7,7,0,0,0,4,0,0,1160,1696488207777,1696485282,135,0,1,4779349,0.772399902,-0.415344238,0.113220215,0.46697998,-1.30860341,-0.565550268,0.729652882,3.14160156,1159,1696490178789,1696485680,134,3,1,2808337,-0.01171875,0.00390625,0.02734375,1160,1696487178364,1696484882,135,0,1,5808762,0,0,0
1,1139,1696502955961,1696502986830,1,0,0,1,0,7,7,0,0,0,4,0,0,1161,1696498207499,1696494882,136,0,1,4779331,0.772399902,-0.415344238,0.113220215,0.46697998,-1.30860341,-0.565550268,0.729652882,3.14160156,1160,1696500178307,1696495480,135,3,1,2808523,0.0234375,-0.0078125,-0.01171875,1161,1696497179901,1696494882,136,0,1,5806929,0,0,0
1,1140,1696512955961,1696512984478,1,0,0,1,0,7,7,0,0,0,4,0,0,1162,1696509202356,1696505181,137,0,1,3782122,0.772399902,-0.415344238,0.113220215,0.46697998,-1.30860341,-0.565550268,0.729652882,3.14160156,1161,1696511174942,1696505183,136,3,1,1809536,0.01171875,-0.04296875,-0.01171875,1162,1696508176037,1696505482,137,0,1,4808441,0,0,0
1,1141,1696522955961,1696522984237,1,0,0,1,0,7,7,0,0,0,4,0,0,1163,1696518207295,1696515282,138,0,1,4776942,0.772399902,-0.415344238,0.113220215,0.46697998,-1.30860341,-0.565550268,0.729652882,3.14160156,1162,1696520177955,1696515681,137,3,1,2806282,0.0625,-0.01953125,0.02734375,1163,1696517179383,1696514982,138,0,1,5804854,0,0,0
1,1142,1696532955961,1696532986126,1,0,0,1,0,7,7,0,0,0,4,0,0,1164,1696528203036,1696525081,139,0,1,4783090,0.772399902,-0.415344238,0.113220215,0.46697998,-1.30860341,-0.565550268,0.729652882,3.14160156,1163,1696530175807,1696524683,138,3,1,2810319,-0.01171875,0.00390625,-0.01171875,1164,1696527176920,1696524883,139,0,1,5809206,0,0,0
1,1143,1696542955961,1696542987107,1,0,0,1,0,7,7,0,0,0,4,0,0,1165,1696539207208,1696535181,140,0,1,3779899,0.772399902,-0.415344238,0.113220215,0.46697998,-1.30860341,-0.565550268,0.729652882,3.14160156,1164,1696541178053,1696535381,139,3,1,1809054,-0.0234375,-0.03125,0.02734375,1165,1696538179092,1696535682,140,0,1,4808015,0,0,0
1,1144,1696552955961,1696552986366,1,0,0,1,0,7,7,0,0,0,4,0,0,1166,1696548201924,1696544781,141,0,1,4784442,0.772399902,-0.415283203,0.113220215,0.46697998,-1.30859911,-0.565438688,0.729602575,3.14160156,1165,1696550178047,1696545083,140,3,1,2808319,0,0.04296875,-0.05078125,1166,1696547175883,1696544882,141,0,1,5810483,0,0,0
1,1145,1696562955961,1696562986570,1,0,0,1,0,7,7,0,0,0,4,0,0,1167,1696558207276,1696555082,142,0,1,4779294,0.772399902,-0.415283203,0.113220215,0.46697998,-1.30859911,-0.565438688,0.729602575,3.14160156,1166,1696560178251,1696555483,141,3,1,2808319,0,0.04296875,-0.01171875,1167,1696557177975,1696554982,142,0,1,5808595,0,0,0
1,1146,1696572955961,1696572986181,1,0,0,1,0,7,7,0,0,0,4,0,0,1168,1696568201665,1696564881,143,0,1,4784516,0.772399902,-0.415283203,0.11315918,0.46697998,-1.30861521,-0.56550622,0.729519308,3.14160156,1167,1696570175177,1696564882,142,3,1,2811004,-0.03515625,-0.06640625,0.06640625,1168,1696567175142,1696564882,143,0,1,5811039,0,0,0
1,1147,1696582955961,1696582986885,1,0,0,1,0,7,7,0,0,0,4,0,0,1169,1696578206905,1696575082,144,0,1,4779980,0.772399902,-0.415283203,0.11315918,0.46697998,-1.30861521,-0.56550622,0.729519308,3.14160156,1168,1696580178343,1696575482,143,3,1,2808542,0.0625,-0.01953125,0.02734375,1169,1696577177253,1696574882,144,0,1,5809632,0,0,0
1,1148,1696592955961,1696592986977,1,0,0,1,0,7,7,0,0,0,4,0,0,1170,1696588201720,1696585081,145,0,1,4785257,0.772460938,-0.415283203,0.11315918,0.46697998,-1.30841696,-0.565566242,0.729382634,3.14160156,1169,1696590175380,1696585282,144,3,1,2811597,-0.01171875,0.00390625,0.02734375,1170,1696587175586,1696584882,145,0,1,5811391,-0.001953125,-0.00390625,-0.005859375
1,1149,1696602955961,1696602986292,1,0,0,1,0,7,7,0,0,0,4,0,0,1171,1696598201794,1696595081,146,0,1,4784498,0.772460938,-0.415344238,0.11315918,0.466918945,-1.30839229,-0.565694273,0.729478121,3.14160156,1170,1696600175121,1696595283,145,3,1,2811171,0.0625,-0.01953125,0.02734375,1171,1696597176475,1696594982,146,0,1,5809817,-0.001953125,0.001953125,0
1,1150,1696612955961,1696612987477,1,0,0,1,0,7,7,0,0,0,4,0,0,1172,1696609209448,1696604982,147,0,1,3778029,0.772460938,-0.415283203,0.11315918,0.46697998,-1.30841696,-0.565566242,0.729382634,3.14160156,1171,1696611178460,1696604983,146,3,1,1809017,-0.0625,-0.01953125,-0.01953125,1172,1696608180906,1696605482,147,0,1,4806571,0.005859375,-0.001953125,0.005859375
1,1151,1696622955961,1696622984421,1,0,0,1,0,7,7,0,0,0,4,0,0,1173,1696618204868,1696614582,148,0,1,4779553,0.772460938,-0.415283203,0.11315918,0.46697998,-1.30841696,-0.565566242,0.729382634,3.14160156,1172,1696620177158,1696614883,147,3,1,2807263,0.0234375,-0.0078125,-0.01953125,1173,1696617188900,1696614882,148,0,1,5795521,-0.001953125,0,-0.001953125
1,1152,1696632955961,1696632986810,1,0,0,1,0,7,7,0,0,0,4,0,0,1174,1696628205757,1696624878,149,0,1,4781053,0.772460938,-0.415283203,0.11315918,0.46697998,-1.30841696,-0.565566242,0.729382634,3.14160156,1173,1696630176473,1696625083,148,3,1,2810337,0.0234375,-0.0078125,0.01953125,1174,1696627168864,1696624880,149,0,1,5817946,-0.00390625,0.001953125,0
1,1153,1696642955961,1696642986384,1,0,0,1,0,7,7,0,0,0,4,0,0,1175,1696638202535,1696634782,150,0,1,4783849,0.772460938,-0.415283203,0.11315918,0.46697998,-1.30841696,-0.565566242,0.729382634,3.14160156,1174,1696640176287,1696635282,149,3,1,2810097,-0.01171875,0.01171875,-0.01953125,1175,1696637178734,1696634880,150,0,1,5807650,0.001953125,-0.00390625,-0.001953125
1,1154,1696652955961,1696652986903,1,0,0,1,0,7,7,0,0,0,4,0,0,1176,1696648209109,1696644881,151,0,1,4777794,0.772460938,-0.415283203,0.11315918,0.466918945,-1.30838799,-0.565582573,0.729427814,3.14160156,1175,1696650183917,1696644883,150,3,1,2802986,0.0234375,0,0.01953125,1176,1696647179326,1696644679,151,0,1,5807577,0,0.001953125,-0.00390625
1,1155,1696662955961,1696662986848,1,0,0,1,0,7,7,0,0,0,4,0,0,1177,1696658201739,1696654881,152,0,1,4785109,0.772460938,-0.415283203,0.11315918,0.466918945,-1.30838799,-0.565582573,0.729427814,3.14160156,1176,1696660174992,1696655083,151,3,1,2811856,-0.0234375,-0.0234375,-0.01953125,1177,1696657173253,1696654880,152,0,1,5813595,0.00390625,-0.001953125,0.001953125
1,1156,1696672955961,1696672986516,1,0,0,1,0,7,7,0,0,0,4,0,0,1178,1696668207296,1696664882,153,0,1,4779220,0.772460938,-0.415283203,0.11315918,0.466918945,-1.30838799,-0.565582573,0.729427814,3.14160156,1177,1696670174475,1696664583,152,3,1,2812041,0,0.05078125,0.01953125,1178,1696667178050,1696664880,153,0,1,5808466,-0.001953125,0.001953125,0
1,1157,1696682955961,1696682987017,1,0,0,1,0,7,7,0,0,0,4,0,0,1179,1696678207667,1696674782,154,0,1,4779350,0.772460938,-0.415283203,0.113098145,0.466918945,-1.30840397,-0.565650105,0.729344547,3.14160156,1178,1696680178401,1696675083,153,3,1,2808616,0.0234375,0,-0.05859375,1179,1696677178125,1696674880,154,0,1,5808892,0.001953125,0,0
1,1158,1696692955961,1696692986629,1,0,0,1,0,7,7,0,0,0,4,0,0,1180,1696688202353,1696684581,155,0,1,4784276,0.772460938,-0.415283203,0.113098145,0.466918945,-1.30840397,-0.565650105,0.729344547,3.14160156,1179,1696690175365,1696684683,154,3,1,2811264,-0.01171875,0.01171875,-0.01953125,1180,1696687173145,1696684880,155,0,1,5813484,0.001953125,-0.001953125,0
1,1159,1696702955961,1696702983834,1,0,0,1,0,7,7,0,0,0,4,0,0,1181,1696698201669,1696694781,156,0,1,4782165,0.772460938,-0.415283203,0.113098145,0.466918945,-1.30840397,-0.565650105,0.729344547,3.14160156,1180,1696700174552,1696694882,155,3,1,2809282,-0.01171875,0.01171875,0.01953125,1181,1696697177312,1696694883,156,0,1,5806522,0.001953125,0,-0.00390625
1,1160,1696712955961,1696712984576,1,0,0,1,0,7,7,0,0,0,4,0,0,1182,1696708209318,1696704581,157,0,1,4775258,0.772460938,-0.415283203,0.113098145,0.466918945,-1.30840397,-0.565650105,0.729344547,3.14160156,1181,1696710178941,1696704583,156,3,1,2805635,0,-0.0703125,0.05859375,1182,1696707178295,1696704882,157,0,1,5806281,-0.00390625,0.00390625,0
1,1161,1696722955961,1696722984780,1,0,0,1,0,7,7,0,0,0,4,0,0,1183,1696718208134,1696714782,158,0,1,4776646,0.772460938,-0.415283203,0.113098145,0.466918945,-1.30840397,-0.565650105,0.729344547,3.14160156,1182,1696720178627,1696715083,157,3,1,2806153,0.03515625,-0.0859375,-0.01953125,1183,1696717178703,1696714682,158,0,1,5806077,0.00390625,-0.001953125,0.00390625
1,1162,1696732955961,1696732984633,1,0,0,1,0,7,7,0,0,0,4,0,0,1184,1696728208301,1696724782,159,0,1,4776332,0.772460938,-0.415283203,0.113098145,0.46697998,-1.30843294,-0.565633714,0.729299366,3.14160156,1183,1696730179017,1696725083,158,3,1,2805616,0.01171875,-0.03515625,0.01953125,1184,1696727178593,1696724882,159,0,1,5806040,0.001953125,-0.00390625,0
1,1163,1696742955961,1696742984597,1,0,0,1,0,7,7,0,0,0,4,0,0,1185,1696738208821,1696734782,160,0,1,4775776,0.772460938,-0.415283203,0.11315918,0.46697998,-1.30841696,-0.565566242,0.729382634,3.14160156,1184,1696740178500,1696734683,159,3,1,2806097,0.0234375,0,-0.05859375,1185,1696737179094,1696734882,160,0,1,5805503,0,0.0078125,0.0078125
1,1164,1696752955961,1696752983913,1,0,0,1,0,7,7,0,0,0,4,0,0,1186,1696748206989,1696744782,161,0,1,4776924,0.772460938,-0.415283203,0.11315918,0.46697998,-1.30841696,-0.565566242,0.729382634,3.14160156,1185,1696750180223,1696744683,160,3,1,2803690,-0.0234375,0.09765625,-0.05859375,1186,1696747177373,1696744682,161,0,1,5806540,0.001953125,0.001953125,0
1,1165,1696762955961,1696762984025,1,0,0,1,0,7,7,0,0,0,4,0,0,1187,1696757202280,1696754282,162,0,1,5781745,0.772460938,-0.415283203,0.11315918,0.466918945,-1.30838799,-0.565582573,0.729427814,3.14160156,1186,1696759175366,1696754683,161,3,1,3808659,0.01171875,-0.03515625,0.01953125,1187,1696756176090,1696753883,162,0,1,6807935,-0.005859375,0.001953125,-0.005859375
1,1166,1696772955961,1696772986637,1,0,0,1,0,7,7,0,0,0,4,0,0,1188,1696768207842,1696764582,163,0,1,4778795,0.772460938,-0.415283203,0.11315918,0.466918945,-1.30838799,-0.565582573,0.729427814,3.14160156,1187,1696770178466,1696764380,162,3,1,2808171,0.0234375,0,-0.01953125,1188,1696767178356,1696764882,163,0,1,5808281,0.001953125,0,0.001953125
1,1167,1696782955961,1696782986341,1,0,0,1,0,7,7,0,0,0,4,0,0,1189,1696778202899,1696774582,164,0,1,4783442,0.772460938,-0.415283203,0.113098145,0.466918945,-1.30840397,-0.565650105,0.729344547,3.14160156,1188,1696780174911,1696775082,163,3,1,2811430,0.03515625,0.03515625,-0.01953125,1189,1696777175690,1696774982,164,0,1,5810651,0.00390625,-0.005859375,-0.001953125
1,1168,1696792955961,1696792987694,1,0,0,1,0,7,7,0,0,0,4,0,0,1190,1696788208400,1696784782,165,0,1,4779294,0.772460938,-0.415222168,0.113098145,0.466918945,-1.30839968,-0.565538406,0.729294181,3.14160156,1189,1696790178468,1696784683,164,3,1,2809226,0.0390625,-0.046875,0.01953125,1190,1696787178506,1696784682,165,0,1,5809188,0.00390625,0,0
1,1169,1696802955961,1696802986417,1,0,0,1,0,7,7,0,0,0,4,0,0,1191,1696798202271,1696794781,166,0,1,4784146,0.772460938,-0.415222168,0.113098145,0.466918945,-1.30839968,-0.565538406,0.729294181,3.14160156,1190,1696800175098,1696794883,165,3,1,2811319,-0.0078125,0.05078125,0.02734375,1191,1696797175766,1696794982,166,0,1,5810651,-0.00390625,0.001953125,0.001953125
1,1170,1696812955961,1696812986418,1,0,0,1,0,7,7,0,0,0,4,0,0,1192,1696808207068,1696804582,167,0,1,4779350,0.772460938,-0.415283203,0.113098145,0.466918945,-1.30840397,-0.565650105,0.729344547,3.14160156,1191,1696810178173,1696804382,166,3,1,2808245,-0.0546875,0.02734375,-0.01171875,1192,1696807177582,1696804882,167,0,1,5808836,-0.005859375,0.00390625,0
1,1171,1696822955961,1696822986530,1,0,0,1,0,7,7,0,0,0,4,0,0,1193,1696818207366,1696814582,168,0,1,4779164,0.772460938,-0.415283203,0.113098145,0.466918945,-1.30840397,-0.565650105,0.729344547,3.14160156,1192,1696820178989,1696814883,167,3,1,2807541,-0.03125,-0.0234375,-0.01171875,1193,1696817178583,1696814882,168,0,1,5807947,-0.00390625,-0.001953125,-0.00390625
1,1172,1696832955961,1696832986161,1,0,0,1,0,7,7,0,0,0,4,0,0,1194,1696827202231,1696824081,169,0,1,5783930,0.772460938,-0.415283203,0.113098145,0.466918945,-1.30840397,-0.565650105,0.729344547,3.14160156,1193,1696829172244,1696824480,168,3,1,3813917,-0.03125,-0.0234375,-0.01171875,1194,1696826175597,1696823882,169,0,1,6810564,0,0,-0.001953125
1,1173,1696842955961,1696842986625,1,0,0,1,0,7,7,0,0,0,4,0,0,1195,1696838211238,1696834581,170,0,1,4775387,0.772460938,-0.415283203,0.113098145,0.466918945,-1.30840397,-0.565650105,0.729344547,3.14160156,1194,1696840178732,1696834583,169,3,1,2807893,0.00390625,-0.03515625,-0.01171875,1195,1696837179085,1696834682,170,0,1,5807540,0.00390625,0,-0.001953125
1,1174,1696852955961,1696852986348,1,0,0,1,0,7,7,0,0,0,4,0,0,1196,1696848202276,1696844381,171,0,1,4784072,0.772521973,-0.415283203,0.113098145,0.466918945,-1.30820572,-0.565710127,0.729207814,3.14160156,1195,1696850175325,1696844380,170,3,1,2811023,0.00390625,-0.03515625,0.02734375,1196,1696847175938,1696844882,171,0,1,5810410,0.001953125,0,0
1,1175,1696862955961,1696862986460,1,0,0,1,0,7,7,0,0,0,4,0,0,1197,1696858201907,1696854381,172,0,1,4784553,0.772521973,-0.415283203,0.113098145,0.466918945,-1.30820572,-0.565710127,0.729207814,3.14160156,1196,1696860172771,1696854680,171,3,1,2813689,0.00390625,-0.03515625,0.02734375,1197,1696857175735,1696854882,172,0,1,5810725,-0.00390625,0,0.001953125
1,1176,1696872955961,1696872986776,1,0,0,1,0,7,7,0,0,0,4,0,0,1198,1696868208148,1696864382,173,0,1,4778628,0.772460938,-0.415283203,0.113098145,0.466918945,-1.30840397,-0.565650105,0.729344547,3.14160156,1197,1696870178438,1696864680,172,3,1,2808338,-0.0078125,0.05078125,0.02734375,1198,1696867177532,1696864882,173,0,1,5809244,0,0.001953125,0.001953125
1,1177,1696882955961,1696882986314,1,0,0,1,0,7,7,0,0,0,4,0,0,1199,1696878202668,1696874181,174,0,1,4783646,0.772460938,-0.415283203,0.113098145,0.466918945,-1.30840397,-0.565650105,0.729344547,3.14160156,1198,1696880172699,1696874680,173,3,1,2813615,-0.0546875,0.02734375,-0.01171875,1199,1696877175867,1696874882,174,0,1,5810447,0,0,-0.001953125
1,1178,1696892955961,1696892987556,1,0,0,1,0,7,7,0,0,0,4,0,0,1200,1696888204835,1696884378,175,0,1,4782721,0.772521973,-0.415283203,0.113037109,0.466918945,-1.30822182,-0.565777659,0.729124546,3.14160156,1199,1696890173570,1696884380,174,3,1,2813986,-0.01171875,0.01171875,-0.01171875,1200,1696887170201,1696884082,175,0,1,5817355,0.001953125,0.001953125,0
1,1179,1696902955961,1696902986816,1,0,0,1,0,7,7,0,0,0,4,0,0,1201,1696897207849,1696894082,176,0,1,5778967,0.772521973,-0.415283203,0.113098145,0.466918945,-1.30820572,-0.565710127,0.729207814,3.14160156,1200,1696899178658,1696894483,175,3,1,3808158,-0.01171875,0.01171875,-0.01171875,1201,1696896180659,1696893883,176,0,1,6806157,0,0,-0.001953125
1,1180,1696912955961,1696912986335,1,0,0,1,0,7,7,0,0,0,4,0,0,1202,1696908207652,1696904182,177,0,1,4778683,0.772521973,-0.415283203,0.113098145,0.466918945,-1.30820572,-0.565710127,0.729207814,3.14160156,1201,1696910178479,1696903780,176,3,1,2807856,0.0234375,0,0.02734375,1202,1696907179147,1696904682,177,0,1,5807188,-0.001953125,0.001953125,0
1,1181,1696922955961,1696922986947,1,0,0,1,0,7,7,0,0,0,4,0,0,1203,1696918209468,1696914382,178,0,1,4777479,0.772460938,-0.415283203,0.113098145,0.466918945,-1.30840397,-0.565650105,0.729344547,3.14160156,1202,1696920177443,1696914580,177,3,1,2809504,0.0234375,0,-0.01171875,1203,1696917177889,1696914682,178,0,1,5809058,-0.001953125,0.00390625,0.001953125
1,1182,1696932955961,1696932985578,1,0,0,1,0,7,7,0,0,0,4,0,0,1204,1696928201080,1696924381,179,0,1,4784498,0.772460938,-0.415344238,0.113098145,0.466918945,-1.30840814,-0.565761805,0.729394853,3.14160156,1203,1696930175092,1696924682,178,3,1,2810486,0.0234375,0,0.02734375,1204,1696927174705,1696924682,179,0,1,5810873,-0.00390625,0,0.001953125
1,1183,1696942955961,1696942986597,1,0,0,1,0,7,7,0,0,0,4,0,0,1205,1696938207322,1696934382,180,0,1,4779275,0.772460938,-0.415344238,0.113098145,0.466918945,-1.30840814,-0.565761805,0.729394853,3.14160156,1204,1696940178723,1696934583,179,3,1,2807874,-0.0234375,-0.0234375,-0.01171875,1205,1696937178002,1696934682,180,0,1,5808595,-0.001953125,0.00390625,0.001953125
1,1184,1696952955961,1696952986284,1,0,0,1,0,7,7,0,0,0,4,0,0,1206,1696948201712,1696943981,181,0,1,4784572,0.772460938,-0.415344238,0.113098145,0.466918945,-1.30840814,-0.565761805,0.729394853,3.14160156,1205,1696950177687,1696944182,180,3,1,2808597,-0.00390625,0.01171875,0.02734375,1206,1696947176262,1696944682,181,0,1,5810022,0.001953125,0,0
1,1185,1696962955961,1696962986359,1,0,0,1,0,7,7,0,0,0,4,0,0,1207,1696958207860,1696954181,182,0,1,4778499,0.772460938,-0.415344238,0.113098145,0.466918945,-1.30840814,-0.565761805,0.729394853,3.14160156,1206,1696960178928,1696954583,181,3,1,2807431,-0.00390625,0.01171875,0.02734375,1207,1696957177837,1696954682,182,0,1,5808522,0,0,-0.00390625
1,1186,1696972955961,1696972986674,1,0,0,1,0,7,7,0,0,0,4,0,0,1208,1696967207448,1696963881,183,0,1,5779226,0.772460938,-0.415344238,0.113098145,0.46685791,-1.30837917,-0.565778136,0.729440033,3.14160156,1207,1696969178479,1696964083,182,3,1,3808195,0.03125,0,-0.01171875,1208,1696966177851,1696963680,183,0,1,6808823,0.00390625,0,-0.001953125
1,1187,1696982955961,1696982986509,1,0,0,1,0,7,7,0,0,0,4,0,0,1209,1696978202974,1696974381,184,0,1,4783535,0.772460938,-0.415344238,0.113098145,0.46685791,-1.30837917,-0.565778136,0.729440033,3.14160156,1208,1696980175486,1696974382,183,3,1,2811023,0.01953125,-0.03515625,-0.01171875,1209,1696977176524,1696974882,184,0,1,5809985,0.001953125,-0.001953125,-0.001953125
1,1188,1696992955961,1696992987306,1,0,0,1,0,7,7,0,0,0,4,0,0,1210,1696988202530,1696984181,185,0,1,4784776,0.772460938,-0.415344238,0.113098145,0.46685791,-1.30837917,-0.565778136,0.729440033,3.14160156,1209,1696990175116,1696984183,184,3,1,2812190,0.03125,0,0.05859375,1210,1696987176322,1696984482,185,0,1,5810984,0,0,0.001953125
1,1189,1697002955961,1697002986492,1,0,0,1,0,7,7,0,0,0,4,0,0,1211,1696998202383,1696994181,186,0,1,4784109,0.772460938,-0.415344238,0.113098145,0.46685791,-1.30837917,-0.565778136,0.729440033,3.14160156,1210,1697000174636,1696994582,185,3,1,2811856,-0.00390625,0.01171875,-0.01953125,1211,1696997177434,1696994682,186,0,1,5809058,0.00390625,0,0
1,1190,1697012955961,1697012986937,1,0,0,1,0,7,7,0,0,0,4,0,0,1212,1697008207976,1697004182,187,0,1,4778961,0.772521973,-0.415283203,0.113098145,0.46685791,-1.30817676,-0.565726459,0.729253054,3.14160156,1211,1697010178618,1697004383,186,3,1,2808319,-0.00390625,0.01171875,-0.01953125,1212,1697007178342,1697004682,187,0,1,5808595,0,0,0
1,1191,1697022955961,1697022986475,1,0,0,1,0,7,7,0,0,0,4,0,0,1213,1697017205416,1697014081,188,0,1,5781059,0.772521973,-0.415283203,0.113098145,0.46685791,-1.30817676,-0.565726459,0.729253054,3.14160156,1212,1697019176354,1697014283,187,3,1,3810121,-0.0390625,0.02734375,-0.01953125,1213,1697016177967,1697013682,188,0,1,6808508,0,-0.001953125,-0.001953125
1,1192,1697032955961,1697032986791,1,0,0,1,0,7,7,0,0,0,4,0,0,1214,1697028202682,1697024181,189,0,1,4784109,0.772521973,-0.415283203,0.113098145,0.46685791,-1.30817676,-0.565726459,0.729253054,3.14160156,1213,1697030174676,1697024182,188,3,1,2812115,-0.015625,-0.0234375,-0.01953125,1214,1697027174122,1697024280,189,0,1,5812669,0,0,-0.001953125
1,1193,1697042955961,1697042986440,1,0,0,1,0,7,7,0,0,0,4,0,0,1215,1697037206659,1697033782,190,0,1,5779781,0.772521973,-0.415283203,0.113098145,0.46685791,-1.30817676,-0.565726459,0.729253054,3.14160156,1214,1697039177486,1697033882,189,3,1,3808954,0.01953125,-0.03515625,-0.01953125,1215,1697036177617,1697033682,190,0,1,6808823,0.001953125,-0.001953125,0
1,1194,1697052955961,1697052986589,1,0,0,1,0,7,7,0,0,0,4,0,0,1216,1697047208715,1697043882,191,0,1,5777874,0.772521973,-0.415283203,0.113098145,0.46685791,-1.30817676,-0.565726459,0.729253054,3.14160156,1215,1697049178468,1697043683,190,3,1,3808121,0.03125,0,0.01953125,1216,1697046177859,1697043682,191,0,1,6808730,0.001953125,0.001953125,0.001953125
1,1195,1697062955961,1697062987183,1,0,0,1,0,7,7,0,0,0,4,0,0,1217,1697058203222,1697053982,192,0,1,4783961,0.772521973,-0.415283203,0.11315918,0.46685791,-1.30816078,-0.565658927,0.729336321,3.14160156,1216,1697060175512,1697054383,191,3,1,2811671,-0.00390625,0.01171875,-0.01953125,1217,1697057180606,1697054483,192,0,1,5806577,0,0.001953125,-0.001953125
1,1196,1697072955961,1697072986869,1,0,0,1,0,7,7,0,0,0,4,0,0,1218,1697068208464,1697063982,193,0,1,4778405,0.772521973,-0.415283203,0.11315918,0.46685791,-1.30816078,-0.565658927,0.729336321,3.14160156,1217,1697070178272,1697064383,192,3,1,2808597,-0.02734375,0.0625,-0.01953125,1218,1697067179200,1697064480,193,0,1,5807669,-0.001953125,0.001953125,-0.001953125
1,1197,1697082955961,1697082986740,1,0,0,1,0,7,7,0,0,0,4,0,0,1219,1697077207811,1697074082,194,0,1,5778929,0.772521973,-0.415283203,0.113098145,0.46685791,-1.30817676,-0.565726459,0.729253054,3.14160156,1218,1697079178323,1697074483,193,3,1,3808417,-0.00390625,0.01171875,-0.01171875,1219,1697076178269,1697073882,194,0,1,6808471,0,-0.001953125,-0.001953125
1,1198,1697092955961,1697092987260,1,0,0,1,0,7,7,0,0,0,4,0,0,1220,1697087208275,1697084082,195,0,1,5778985,0.772521973,-0.415283203,0.113098145,0.46685791,-1.30817676,-0.565726459,0.729253054,3.14160156,1219,1697089178139,1697083683,194,3,1,3809121,-0.00390625,0.01171875,-0.01171875,1220,1697086179122,1697083883,195,0,1,6808138,-0.001953125,0,0
1,1199,1697102955961,1697102984224,1,0,0,1,0,7,7,0,0,0,4,0,0,1221,1697098202541,1697093981,196,0,1,4781683,0.772521973,-0.415283203,0.113098145,0.46685791,-1.30817676,-0.565726459,0.729253054,3.14160156,1220,1697100174664,1697094382,195,3,1,2809560,0.01171875,-0.03515625,-0.01171875,1221,1697097175499,1697094481,196,0,1,5808725,-0.001953125,-0.00390625,-0.001953125
1,1200,1697112955961,1697112984429,1,0,0,1,0,7,7,0,0,0,4,0,0,1222,1697107207888,1697103582,197,0,1,5776541,0.772521973,-0.415283203,0.113098145,0.46685791,-1.30817676,-0.565726459,0.729253054,3.14160156,1221,1697109177955,1697103883,196,3,1,3806474,0.046875,-0.046875,-0.01171875,1222,1697106178309,1697103682,197,0,1,6806120,0,-0.001953125,0
1,1201,1697122955961,1697122992077,1,0,0,1,0,7,7,0,0,0,4,0,0,1223,1697117253276,1697113891,198,0,1,5738801,0.772521973,-0.415344238,0.113098145,0.46685791,-1.30818093,-0.565838218,0.72930336,3.14160156,1222,1697119229177,1697113888,197,3,1,3762900,0.0234375,0,-0.01171875,1223,1697116252233,1697113693,198,0,1,6739844,-0.00390625,0,0.001953125
1,1202,1697132955961,1697132998856,1,0,0,1,0,7,7,0,0,0,4,0,0,1224,1697128252172,1697123987,199,0,1,4746684,0.772521973,-0.415344238,0.113098145,0.46685791,-1.30818093,-0.565838218,0.72930336,3.14160156,1223,1697130234202,1697123587,198,3,1,2764654,0.0234375,0,0.02734375,1224,1697127237574,1697124486,199,0,1,5761282,0,0.001953125,0
1,1203,1697142955961,1697143040467,1,0,0,1,0,7,7,0,0,0,4,0,0,1225,1697137246574,1697133890,200,0,1,5793893,0.772521973,-0.415344238,0.113098145,0.46685791,-1.30818093,-0.565838218,0.72930336,3.14160156,1224,1697139264326,1697134336,199,3,1,3776141,-0.046875,0.02734375,-0.05078125,1225,1697136238884,1697133688,200,0,1,6801583,-0.001953125,0,-0.00390625
1,1204,1697152955961,1697152982729,1,0,0,1,0,7,7,0,0,0,4,0,0,1226,1697147247761,1697143894,201,0,1,5734968,0.772521973,-0.415344238,0.113037109,0.46685791,-1.30819702,-0.565905809,0.729220092,3.14160156,1225,1697149169885,1697144280,200,3,1,3812844,-0.01171875,0.01171875,0.02734375,1226,1697146260366,1697143724,201,0,1,6722363,0.001953125,-0.001953125,-0.001953125
1,1205,1697162955961,1697162987007,1,0,0,1,0,7,7,0,0,0,4,0,0,1227,1697157214318,1697153779,202,0,1,5772689,0.772521973,-0.415344238,0.113037109,0.46685791,-1.30819702,-0.565905809,0.729220092,3.14160156,1226,1697159175220,1697154078,201,3,1,3811787,0.0234375,0,-0.01171875,1227,1697156170906,1697153677,202,0,1,6816101,0,0,-0.001953125
1,1206,1697172955961,1697172987360,1,0,0,1,0,7,7,0,0,0,4,0,0,1228,1697168209714,1697163779,203,0,1,4777646,0.772521973,-0.415344238,0.113037109,0.46685791,-1.30819702,-0.565905809,0.729220092,3.14160156,1227,1697170177337,1697163783,202,3,1,2810023,-0.01171875,0.01171875,0.02734375,1228,1697167174783,1697164280,203,0,1,5812577,0.001953125,-0.001953125,0.001953125
1,1207,1697182955961,1697182986861,1,0,0,1,0,7,7,0,0,0,4,0,0,1229,1697177208191,1697174081,204,0,1,5778670,0.772521973,-0.415344238,0.113037109,0.46685791,-1.30819702,-0.565905809,0.729220092,3.14160156,1228,1697179179721,1697174280,203,3,1,3807140,0.0234375,0,0.02734375,1229,1697176175056,1697173682,204,0,1,6811805,0,0.001953125,0
1,1208,1697192955961,1697192989232,1,0,0,1,0,7,7,0,0,0,4,0,0,1230,1697187202525,1697183882,205,0,1,5786707,0.772521973,-0.415344238,0.113098145,0.46685791,-1.30818093,-0.565838218,0.72930336,3.14160156,1229,1697189173167,1697183680,204,3,1,3816065,-0.0234375,-0.0234375,0.02734375,1230,1697186176317,1697183680,205,0,1,6812915,0.001953125,0.00390625,0
1,1209,1697202955961,1697202983882,1,0,0,1,0,7,7,0,0,0,4,0,0,1231,1697197172286,1697193779,206,0,1,5811596,0.772521973,-0.415344238,0.113098145,0.46685791,-1.30818093,-0.565838218,0.72930336,3.14160156,1230,1697199161576,1697194079,205,3,1,3822306,-0.00390625,0.01171875,-0.01171875,1231,1697196156263,1697193480,206,0,1,6827619,-0.001953125,0,0
1,1210,1697212955961,1697212983123,1,0,0,1,0,7,7,0,0,0,4,0,0,1232,1697207176657,1697203779,207,0,1,5806466,0.772521973,-0.415344238,0.113098145,0.46685791,-1.30818093,-0.565838218,0.72930336,3.14160156,1231,1697209149873,1697204078,206,3,1,3833250,0.03125,0,-0.01171875,1232,1697206153541,1697203279,207,0,1,6829582,-0.00390625,0,0.001953125
1,1211,1697222955961,1697222983532,1,0,0,1,0,7,7,0,0,0,4,0,0,1233,1697217186936,1697213779,208,0,1,5796596,0.772460938,-0.415405273,0.113037109,0.46685791,-1.30839956,-0.565957308,0.729407132,3.14160156,1232,1697219159226,1697214080,207,3,1,3824306,0.03125,0,-0.01171875,1233,1697216160357,1697213679,208,0,1,6823175,-0.00390625,-0.001953125,-0.001953125
1,1212,1697232955961,1697232983459,1,0,0,1,0,7,7,0,0,0,4,0,0,1234,1697227185622,1697223580,209,0,1,5797837,0.772460938,-0.415405273,0.113037109,0.46685791,-1.30839956,-0.565957308,0.729407132,3.14160156,1233,1697229158282,1697223580,208,3,1,3825177,0.01171875,-0.03515625,0.02734375,1234,1697226158895,1697223680,209,0,1,6824564,-0.00390625,-0.001953125,-0.001953125
1,1213,1697242955961,1697242982997,1,0,0,1,0,7,7,0,0,0,4,0,0,1235,1697237175957,1697233779,210,0,1,5807040,0.772460938,-0.415405273,0.113037109,0.46685791,-1.30839956,-0.565957308,0.729407132,3.14160156,1234,1697239151358,1697233880,209,3,1,3831639,0.046875,-0.046875,-0.01171875,1235,1697236152618,1697233680,210,0,1,6830379,0.001953125,0.001953125,0.001953125
1,1214,1697252955961,1697252983775,1,0,0,1,0,7,7,0,0,0,4,0,0,1236,1697247180865,1697243879,211,0,1,5802910,0.772460938,-0.415405273,0.113037109,0.46685791,-1.30839956,-0.565957308,0.729407132,3.14160156,1235,1697249153729,1697244280,210,3,1,3830046,0.03515625,0.03515625,-0.01171875,1236,1697246158286,1697243680,211,0,1,6825489,-0.001953125,0.001953125,0.00390625
1,1215,1697262955961,1697262983350,1,0,0,1,0,7,7,0,0,0,4,0,0,1237,1697257188773,1697253779,212,0,1,5794577,0.772460938,-0.415405273,0.113037109,0.46685791,-1.30839956,-0.565957308,0.729407132,3.14160156,1236,1697259158100,1697253880,211,3,1,3825250,-0.08203125,0.0390625,0.02734375,1237,1697256158120,1697253880,212,0,1,6825230,0.001953125,0,-0.001953125
1,1216,1697272955961,1697272983796,1,0,0,1,0,7,7,0,0,0,4,0,0,1238,1697267185015,1697263779,213,0,1,5798781,0.772460938,-0.415405273,0.113037109,0.46685791,-1.30839956,-0.565957308,0.729407132,3.14160156,1237,1697269158823,1697263580,212,3,1,3824973,0.0390625,0.0390625,0.0625,1238,1697266158269,1697263480,213,0,1,6825527,-0.00390625,0.00390625,0
1,1217,1697282955961,1697282983741,1,0,0,1,0,7,7,0,0,0,4,0,0,1239,1697277185256,1697273779,214,0,1,5798485,0.772460938,-0.415405273,0.113037109,0.46685791,-1.30839956,-0.565957308,0.729407132,3.14160156,1238,1697279157991,1697273880,213,3,1,3825750,0,0.05078125,-0.01171875,1239,1697276158696,1697273680,214,0,1,6825045,0.00390625,-0.005859375,-0.001953125
1,1218,1697292955961,1697292985538,1,0,0,1,0,7,7,0,0,0,4,0,0,1240,1697287185165,1697283779,215,0,1,5800373,0.772460938,-0.415405273,0.113037109,0.46685791,-1.30839956,-0.565957308,0.729407132,3.14160156,1239,1697289158177,1697283880,214,3,1,3827361,0.015625,0,0.06640625,1240,1697286158401,1697283879,215,0,1,6827137,-0.001953125,-0.00390625,-0.00390625
1,1219,1697302955961,1697302986761,1,0,0,1,0,7,7,0,0,0,4,0,0,1241,1697297208147,1697293382,216,0,1,5778614,0.772460938,-0.415405273,0.113037109,0.46685791,-1.30839956,-0.565957308,0.729407132,3.14160156,1240,1697299179029,1697293883,215,3,1,3807732,0.02734375,-0.0859375,-0.05078125,1241,1697296183012,1697293882,216,0,1,6803749,0.00390625,0,0
1,1220,1697312955961,1697312986133,1,0,0,1,0,7,7,0,0,0,4,0,0,1242,1697307201944,1697303581,217,0,1,5784189,0.772460938,-0.415405273,0.112976074,0.46685791,-1.30841541,-0.566024899,0.729323804,3.14160156,1241,1697309178345,1697303583,216,3,1,3807788,-0.01953125,0.01171875,0.02734375,1242,1697306175532,1697303282,217,0,1,6810601,-0.001953125,0.001953125,-0.001953125
1,1221,1697322955961,1697322986800,1,0,0,1,0,7,7,0,0,0,4,0,0,1243,1697317201723,1697313581,218,0,1,5785077,0.772460938,-0.415405273,0.112976074,0.46685791,-1.30841541,-0.566024899,0.729323804,3.14160156,1242,1697319177735,1697313882,217,3,1,3809065,-0.03125,-0.0234375,0.02734375,1243,1697316172996,1697313679,218,0,1,6813804,0,0.001953125,0
1,1222,1697332955961,1697332986431,1,0,0,1,0,7,7,0,0,0,4,0,0,1244,1697327202131,1697323581,219,0,1,5784300,0.772460938,-0.415405273,0.112976074,0.46685791,-1.30841541,-0.566024899,0.729323804,3.14160156,1243,1697329176088,1697323183,218,3,1,3810343,-0.04296875,0.0625,-0.05078125,1244,1697326174886,1697323681,219,0,1,6811545,0.001953125,0,0.00390625
1,1223,1697342955961,1697342986173,1,0,0,1,0,7,7,0,0,0,4,0,0,1245,1697337201651,1697333381,220,0,1,5784522,0.772460938,-0.415405273,0.112976074,0.46685791,-1.30841541,-0.566024899,0.729323804,3.14160156,1244,1697339174459,1697333682,219,3,1,3811714,-0.01953125,0.01171875,-0.01171875,1245,1697336173220,1697333480,220,0,1,6812953,0,-0.005859375,-0.001953125
1,1224,1697352955961,1697352986137,1,0,0,1,0,7,7,0,0,0,4,0,0,1246,1697347208411,1697343382,221,0,1,5777726,0.772521973,-0.415344238,0.112976074,0.46685791,-1.308213,-0.565973282,0.729136765,3.14160156,1245,1697349178423,1697343683,220,3,1,3807714,-0.01953125,0.01171875,0.02734375,1246,1697346178443,1697343480,221,0,1,6807694,0.00390625,-0.001953125,0
1,1225,1697362955961,1697362985841,1,0,0,1,0,7,7,0,0,0,4,0,0,1247,1697357210652,1697353582,222,0,1,5775189,0.772521973,-0.415344238,0.112976074,0.46685791,-1.308213,-0.565973282,0.729136765,3.14160156,1246,1697359178831,1697353583,221,3,1,3807010,0.015625,0,0.06640625,1247,1697356177833,1697353480,222,0,1,6808008,0.00390625,0,0
1,1226,1697372955961,1697372985972,1,0,0,1,0,7,7,0,0,0,4,0,0,1248,1697367201894,1697363181,223,0,1,5784078,0.772521973,-0.415344238,0.112976074,0.46685791,-1.308213,-0.565973282,0.729136765,3.14160156,1247,1697369174721,1697363383,222,3,1,3811251,0.00390625,-0.03515625,0.02734375,1248,1697366173445,1697363680,223,0,1,6812527,0,0,0.001953125
1,1227,1697382955961,1697382986473,1,0,0,1,0,7,7,0,0,0,4,0,0,1249,1697377210210,1697373383,224,0,1,5776263,0.772521973,-0.415344238,0.112976074,0.46685791,-1.308213,-0.565973282,0.729136765,3.14160156,1248,1697379178611,1697373683,223,3,1,3807862,-0.0078125,0.05078125,-0.01953125,1249,1697376180409,1697373680,224,0,1,6806064,-0.001953125,0.001953125,0.001953125
1,1228,1697392955961,1697392988418,1,0,0,1,0,7,7,0,0,0,4,0,0,1250,1697387202489,1697383382,225,0,1,5785929,0.772521973,-0.415344238,0.112976074,0.46685791,-1.308213,-0.565973282,0.729136765,3.14160156,1249,1697389174427,1697383682,224,3,1,3813991,-0.01953125,0.01171875,-0.01953125,1250,1697386179447,1697383686,225,0,1,6808971,-0.00390625,-0.001953125,0
1,1229,1697402955961,1697402986364,1,0,0,1,0,7,7,0,0,0,4,0,0,1251,1697397202175,1697393381,226,0,1,5784189,0.772521973,-0.415405273,0.112976074,0.46685791,-1.30821717,-0.566085041,0.729187131,3.14160156,1250,1697399174724,1697393582,225,3,1,3811640,-0.01953125,0.01171875,-0.01953125,1251,1697396175670,1697393882,226,0,1,6810694,-0.00390625,0.00390625,-0.001953125
1,1230,1697412955961,1697412986790,1,0,0,1,0,7,7,0,0,0,4,0,0,1252,1697407208157,1697403382,227,0,1,5778633,0.772521973,-0.415405273,0.112976074,0.46685791,-1.30821717,-0.566085041,0.729187131,3.14160156,1251,1697409178132,1697403383,226,3,1,3808658,-0.01953125,0.01171875,-0.01953125,1252,1697406179560,1697403282,227,0,1,6807230,0,0,-0.001953125
1,1231,1697422955961,1697422985940,1,0,0,1,0,7,7,0,0,0,4,0,0,1253,1697417201455,1697413381,228,0,1,5784485,0.772521973,-0.415405273,0.112976074,0.46685791,-1.30821717,-0.566085041,0.729187131,3.14160156,1252,1697419177022,1697413683,227,3,1,3808918,-0.0234375,-0.0234375,-0.01953125,1253,1697416175283,1697413682,228,0,1,6810657,0,0,0
1,1232,1697432955961,1697432986663,1,0,0,1,0,7,7,0,0,0,4,0,0,1254,1697427201622,1697423381,229,0,1,5785041,0.772521973,-0.415405273,0.112976074,0.46685791,-1.30821717,-0.566085041,0.729187131,3.14160156,1253,1697429178579,1697423182,228,3,1,3808084,0.0234375,0,-0.01953125,1254,1697426175895,1697423682,229,0,1,6810768,0,0.00390625,0
1,1233,1697442955961,1697442986793,1,0,0,1,0,7,7,0,0,0,4,0,0,1255,1697437202364,1697433181,230,0,1,5784429,0.772521973,-0.415405273,0.112976074,0.46685791,-1.30821717,-0.566085041,0.729187131,3.14160156,1254,1697439179191,1697433682,229,3,1,3807602,0,0.05078125,-0.01171875,1255,1697436175211,1697433882,230,0,1,6811582,-0.001953125,0,0
1,1234,1697452955961,1697452986757,1,0,0,1,0,7,7,0,0,0,4,0,0,1256,1697447201939,1697443381,231,0,1,5784818,0.772521973,-0.415405273,0.112976074,0.46685791,-1.30821717,-0.566085041,0.729187131,3.14160156,1255,1697449178895,1697443382,230,3,1,3807862,-0.01171875,0.00390625,-0.01171875,1256,1697446175582,1697443482,231,0,1,6811175,-0.001953125,0,0
1,1235,1697462955961,1697462986869,1,0,0,1,0,7,7,0,0,0,4,0,0,1257,1697457204736,1697453181,232,0,1,5782133,0.772521973,-0.415405273,0.112976074,0.46685791,-1.30821717,-0.566085041,0.729187131,3.14160156,1256,1697459177674,1697453582,231,3,1,3809195,-0.01171875,0.00390625,0.02734375,1257,1697456175731,1697453682,232,0,1,6811138,-0.001953125,0,-0.001953125
1,1236,1697472955961,1697472986796,1,0,0,1,0,7,7,0,0,0,4,0,0,1258,1697467202422,1697463181,233,0,1,5784374,0.772521973,-0.415405273,0.112915039,0.46685791,-1.30823326,-0.566152513,0.729103804,3.14160156,1257,1697469177601,1697462782,232,3,1,3809195,0.0234375,-0.0078125,0.02734375,1258,1697466175658,1697463682,233,0,1,6811138,0,0,0
1,1237,1697482955961,1697482984279,1,0,0,1,0,7,7,0,0,0,4,0,0,1259,1697477201923,1697473182,234,0,1,5782356,0.772521973,-0.415405273,0.112976074,0.46685791,-1.30821717,-0.566085041,0.729187131,3.14160156,1258,1697479175972,1697473583,233,3,1,3808307,0.0234375,-0.0078125,-0.01171875,1259,1697476176307,1697473482,234,0,1,6807972,0.001953125,0,0.001953125
1,1238,1697492955961,1697492987594,1,0,0,1,0,7,7,0,0,0,4,0,0,1260,1697487209665,1697482982,235,0,1,5777929,0.772460938,-0.415405273,0.112976074,0.46685791,-1.30841541,-0.566024899,0.729323804,3.14160156,1259,1697489178381,1697483383,234,3,1,3809213,0.0234375,-0.0078125,0.02734375,1260,1697486178123,1697483682,235,0,1,6809471,-0.001953125,0,0.001953125
1,1239,1697502955961,1697502984040,1,0,0,1,0,7,7,0,0,0,4,0,0,1261,1697496208290,1697493082,236,0,1,6775750,0.772460938,-0.415405273,0.112976074,0.46685791,-1.30841541,-0.566024899,0.729323804,3.14160156,1260,1697498187190,1697493482,235,3,1,4796850,0.0234375,-0.0078125,-0.01171875,1261,1697495178600,1697492680,236,0,1,7805440,0.001953125,0.00390625,0
1,1240,1697512955961,1697512984374,1,0,0,1,0,7,7,0,0,0,4,0,0,1262,1697507202130,1697502981,237,0,1,5782244,0.772460938,-0.415405273,0.112976074,0.46685791,-1.30841541,-0.566024899,0.729323804,3.14160156,1261,1697509179938,1697502983,236,3,1,3804436,0.01953125,-0.04296875,0.03515625,1262,1697506177292,1697503682,237,0,1,6807082,0,0,0.001953125
1,1241,1697522955961,1697522984468,1,0,0,1,0,7,7,0,0,0,4,0,0,1263,1697517208260,1697513181,238,0,1,5776208,0.772460938,-0.415405273,0.112976074,0.46685791,-1.30841541,-0.566024899,0.729323804,3.14160156,1262,1697519175754,1697513583,237,3,1,3808714,0.03125,-0.0078125,-0.00390625,1263,1697516180052,1697513682,238,0,1,6804416,0,0,0
1,1242,1697532955961,1697532983913,1,0,0,1,0,7,7,0,0,0,4,0,0,1264,1697527206946,1697522982,239,0,1,5776967,0.772460938,-0.415405273,0.112976074,0.46685791,-1.30841541,-0.566024899,0.729323804,3.14160156,1263,1697529177310,1697523382,238,3,1,3806603,-0.00390625,0.00390625,0.03515625,1264,1697526179534,1697523483,239,0,1,6804379,0,0.001953125,-0.001953125
1,1243,1697542955961,1697542984210,1,0,0,1,0,7,7,0,0,0,4,0,0,1265,1697536208330,1697533082,240,0,1,6775880,0.772460938,-0.415405273,0.112976074,0.46685791,-1.30841541,-0.566024899,0.729323804,3.14160156,1264,1697538177546,1697533080,239,3,1,4806664,-0.00390625,0.00390625,-0.00390625,1265,1697535178474,1697532681,240,0,1,7805736,-0.001953125,0,-0.001953125
1,1244,1697552955961,1697552986896,1,0,0,1,0,7,7,0,0,0,4,0,0,1266,1697547207485,1697542982,241,0,1,5779411,0.772460938,-0.415405273,0.113037109,0.46685791,-1.30839956,-0.565957308,0.729407132,3.14160156,1265,1697549178386,1697543183,240,3,1,3808510,-0.01171875,0.00390625,0.03515625,1266,1697546177758,1697543282,241,0,1,6809138,0.00390625,0,0
1,1245,1697562955961,1697562986786,1,0,0,1,0,7,7,0,0,0,4,0,0,1267,1697556202259,1697552881,242,0,1,6784527,0.772460938,-0.415405273,0.113037109,0.46685791,-1.30839956,-0.565957308,0.729407132,3.14160156,1266,1697558177511,1697553082,241,3,1,4809275,0.0234375,-0.0078125,0.01953125,1267,1697555175698,1697552682,242,0,1,7811088,0,0,0
1,1246,1697572955961,1697572986158,1,0,0,1,0,7,7,0,0,0,4,0,0,1268,1697566202204,1697562881,243,0,1,6783954,0.772460938,-0.415405273,0.113037109,0.46685791,-1.30839956,-0.565957308,0.729407132,3.14160156,1267,1697568174920,1697563282,242,3,1,4811238,-0.01171875,0.00390625,-0.01953125,1268,1697565176069,1697562682,243,0,1,7810089,0,0,0
1,1247,1697582955961,1697582986288,1,0,0,1,0,7,7,0,0,0,4,0,0,1269,1697576207834,1697572781,244,0,1,6778454,0.772460938,-0.415405273,0.113037109,0.46685791,-1.30839956,-0.565957308,0.729407132,3.14160156,1268,1697578177958,1697573283,243,3,1,4808330,-0.03515625,0.0546875,-0.01953125,1269,1697575179052,1697572682,244,0,1,7807236,0.00390625,0,0
1,1248,1697592955961,1697592987789,1,0,0,1,0,7,7,0,0,0,4,0,0,1270,1697587207415,1697582982,245,0,1,5780374,0.772460938,-0.415405273,0.113037109,0.46685791,-1.30839956,-0.565957308,0.729407132,3.14160156,1269,1697589177724,1697582980,244,3,1,3810065,-0.01171875,0.00390625,0.01953125,1270,1697586177670,1697583282,245,0,1,6810119,-0.001953125,0,-0.001953125
1,1249,1697602955961,1697602986161,1,0,0,1,0,7,7,0,0,0,4,0,0,1271,1697596201522,1697593082,246,0,1,6784639,0.772460938,-0.415405273,0.113037109,0.46685791,-1.30839956,-0.565957308,0.729407132,3.14160156,1270,1697598175256,1697593283,245,3,1,4810905,-0.01171875,0.00390625,-0.01953125,1271,1697595177609,1697592883,246,0,1,7808552,-0.001953125,0,0
1,1250,1697612955961,1697612986550,1,0,0,1,0,7,7,0,0,0,4,0,0,1272,1697606208022,1697602881,247,0,1,6778528,0.772521973,-0.415405273,0.113037109,0.46685791,-1.30820131,-0.566017509,0.729270399,3.14160156,1271,1697608178498,1697602583,246,3,1,4808052,-0.01171875,0.00390625,-0.01953125,1272,1697605177647,1697602882,247,0,1,7808903,0.001953125,-0.001953125,-0.001953125
1,1251,1697622955961,1697622986551,1,0,0,1,0,7,7,0,0,0,4,0,0,1273,1697618203776,1697612882,248,0,1,4782775,0.772521973,-0.415344238,0.113037109,0.46685791,-1.30819702,-0.565905809,0.729220092,3.14160156,1272,1697620176065,1697613283,247,3,1,2810486,0.01171875,-0.04296875,-0.05859375,1273,1697617205511,1697612784,248,0,1,5781040,0,0,-0.001953125
1,1252,1697632955961,1697632988645,1,0,0,1,0,7,7,0,0,0,4,0,0,1274,1697626210765,1697622782,249,0,1,6777880,0.772521973,-0.415344238,0.112976074,0.46685791,-1.308213,-0.565973282,0.729136765,3.14160156,1273,1697628180388,1697623083,248,3,1,4808257,0.0234375,-0.0078125,0.01953125,1274,1697625182649,1697622880,249,0,1,7805996,0,0,0
1,1253,1697642955961,1697642986757,1,0,0,1,0,7,7,0,0,0,4,0,0,1275,1697636202822,1697632882,250,0,1,6783935,0.772521973,-0.415344238,0.112976074,0.46685791,-1.308213,-0.565973282,0.729136765,3.14160156,1274,1697638170260,1697633083,249,3,1,4816497,0.0234375,-0.0078125,-0.01953125,1275,1697635174928,1697632880,250,0,1,7811829,0,0,0
1,1254,1697652955961,1697652986055,1,0,0,1,0,7,7,0,0,0,4,0,0,1276,1697646202045,1697642581,251,0,1,6784010,0.772521973,-0.415344238,0.113037109,0.46685791,-1.30819702,-0.565905809,0.729220092,3.14160156,1275,1697648175890,1697642583,250,3,1,4810165,-0.046875,0.01953125,0.01953125,1276,1697645174762,1697642880,251,0,1,7811293,0,0,0
1,1255,1697662955961,1697662985538,1,0,0,1,0,7,7,0,0,0,4,0,0,1277,1697656201565,1697652781,252,0,1,6783973,0.772521973,-0.415344238,0.113037109,0.46685791,-1.30819702,-0.565905809,0.729220092,3.14160156,1276,1697658177781,1697653082,251,3,1,4807757,-0.01171875,0.00390625,-0.01953125,1277,1697655172079,1697652880,252,0,1,7813459,0,0,0
1,1256,1697672955961,1697672986762,1,0,0,1,0,7,7,0,0,0,4,0,0,1278,1697666208382,1697662782,253,0,1,6778380,0.772521973,-0.415344238,0.113037109,0.46685791,-1.30819702,-0.565905809,0.729220092,3.14160156,1277,1697668179024,1697663083,252,3,1,4807738,-0.01171875,0.00390625,0.01953125,1278,1697665178636,1697662879,253,0,1,7808126,0,0,0
1,1257,1697682955961,1697682986357,1,0,0,1,0,7,7,0,0,0,4,0,0,1279,1697676201199,1697672881,254,0,1,6785158,0.772521973,-0.415344238,0.113037109,0.46685791,-1.30819702,-0.565905809,0.729220092,3.14160156,1278,1697678174730,1697672883,253,3,1,4811627,0.01171875,-0.04296875,0.01953125,1279,1697675173305,1697672980,254,0,1,7813052,0,0,0
1,1258,1697692955961,1697692988192,1,0,0,1,0,7,7,0,0,0,4,0,0,1280,1697686207275,1697682881,255,0,1,6780917,0.772521973,-0.415344238,0.113037109,0.46685791,-1.30819702,-0.565905809,0.729220092,3.14160156,1279,1697688178250,1697682883,254,3,1,4809942,0.01171875,-0.04296875,0.01953125,1280,1697685178122,1697682480,255,0,1,7810070,0,0,0
1,1259,1697702955961,1697702986824,1,0,0,1,0,7,7,0,0,0,4,0,0,1281,1697696202795,1697692382,0,0,1,6784029,0.772521973,-0.415344238,0.113037109,0.46685791,-1.30819702,-0.565905809,0.729220092,3.14160156,1280,1697698173123,1697692680,255,3,1,4813701,-0.01171875,0.00390625,-0.01953125,1281,1697695174142,1697692880,0,0,1,7812682,0,0,0
1,1260,1697712955961,1697712986696,1,0,0,1,0,7,7,0,0,0,4,0,0,1282,1697706208575,1697702782,1,0,1,6778121,0.772521973,-0.415344238,0.113037109,0.46685791,-1.30819702,-0.565905809,0.729220092,3.14160156,1281,1697708178291,1697702583,0,3,1,4808405,-0.01171875,0.00390625,-0.01953125,1282,1697705179515,1697702881,1,0,1,7807181,0,0,0
1,1261,1697722955961,1697722987309,1,0,0,1,0,7,7,0,0,0,4,0,0,1283,1697716207929,1697712582,2,0,1,6779380,0.772521973,-0.415344238,0.113037109,0.46685791,-1.30819702,-0.565905809,0.729220092,3.14160156,1282,1697718178571,1697713083,1,3,1,4808738,-0.01171875,0.00390625,-0.01953125,1283,1697715178665,1697712982,2,0,1,7808644,0,0,0
1,1262,1697732955961,1697732986645,1,0,0,1,0,7,7,0,0,0,4,0,0,1284,1697726201709,1697722781,3,0,1,6784936,0.772521973,-0.415344238,0.113037109,0.46685791,-1.30819702,-0.565905809,0.729220092,3.14160156,1283,1697728175666,1697722683,2,3,1,4810979,0.0234375,-0.0078125,0.01953125,1284,1697725175982,1697722680,3,0,1,7810663,0,0,0
1,1263,1697742955961,1697742986350,1,0,0,1,0,7,7,0,0,0,4,0,0,1285,1697736201266,1697732581,4,0,1,6785084,0.772521973,-0.415344238,0.113037109,0.46685791,-1.30819702,-0.565905809,0.729220092,3.14160156,1284,1697738174242,1697732882,3,3,1,4812108,-0.01171875,0.00390625,-0.01953125,1285,1697735176076,1697732883,4,0,1,7810274,0,0,0
1,1264,1697752955961,1697752986519,1,0,0,1,0,7,7,0,0,0,4,0,0,1286,1697746208194,1697742582,5,0,1,6778325,0.772521973,-0.415344238,0.113037109,0.46685791,-1.30819702,-0.565905809,0.729220092,3.14160156,1285,1697748178114,1697742183,4,3,1,4808405,0.0234375,-0.0078125,0.01953125,1286,1697745178023,1697742882,5,0,1,7808496,0,0,0
1,1265,1697762955961,1697762986299,1,0,0,1,0,7,7,0,0,0,4,0,0,1287,1697756202215,1697752781,6,0,1,6784084,0.772521973,-0.415283203,0.113037109,0.46685791,-1.30819273,-0.565793931,0.729169726,3.14160156,1286,1697758178005,1697753083,5,3,1,4808294,-0.0234375,-0.03125,0.01953125,1287,1697755176062,1697752683,6,0,1,7810237,0,0,0
1,1266,1697772955961,1697772986097,1,0,0,1,0,7,7,0,0,0,4,0,0,1288,1697766207716,1697762381,7,0,1,6778381,0.772521973,-0.415283203,0.113037109,0.46685791,-1.30819273,-0.565793931,0.729169726,3.14160156,1287,1697768177544,1697762583,6,3,1,4808553,-0.01171875,0.00390625,-0.01953125,1288,1697765177693,1697762882,7,0,1,7808404,0,0,0
1,1267,1697782955961,1697782986414,1,0,0,1,0,7,7,0,0,0,4,0,0,1289,1697776202071,1697772582,8,0,1,6784343,0.772521973,-0.415283203,0.113037109,0.46685791,-1.30819273,-0.565793931,0.729169726,3.14160156,1288,1697778174953,1697772582,7,3,1,4811461,-0.01171875,0.00390625,-0.01953125,1289,1697775175843,1697772882,8,0,1,7810571,0,0,0
1,1268,1697792955961,1697792987805,1,0,0,1,0,7,7,0,0,0,4,0,0,1290,1697786202332,1697782381,9,0,1,6785473,0.772521973,-0.415283203,0.113037109,0.46685791,-1.30819273,-0.565793931,0.729169726,3.14160156,1289,1697788174770,1697782582,8,3,1,4813035,-0.01171875,0.00390625,0.01953125,1290,1697785175642,1697782882,9,0,1,7812163,0,0,0
1,1269,1697802955961,1697802986899,1,0,0,1,0,7,7,0,0,0,4,0,0,1291,1697796206963,1697792582,10,0,1,6779936,0.772521973,-0.415283203,0.113037109,0.46685791,-1.30819273,-0.565793931,0.729169726,3.14160156,1290,1697798178439,1697792883,9,3,1,4808460,0.0234375,-0.0078125,0.01953125,1291,1697795180236,1697792682,10,0,1,7806663,0,0,0
1,1270,1697812955961,1697812986494,1,0,0,1,0,7,7,0,0,0,4,0,0,1292,1697806202095,1697802582,11,0,1,6784399,0.772521973,-0.415283203,0.113037109,0.46685791,-1.30819273,-0.565793931,0.729169726,3.14160156,1291,1697808175274,1697802883,10,3,1,4811220,-0.01171875,0.00390625,0.01953125,1292,1697805176146,1697802883,11,0,1,7810348,0,0,0
1,1271,1697822955961,1697822986922,1,0,0,1,0,7,7,0,0,0,4,0,0,1293,1697816207634,1697812582,12,0,1,6779288,0.772521973,-0.415283203,0.113037109,0.46685791,-1.30819273,-0.565793931,0.729169726,3.14160156,1292,1697818177998,1697812583,11,3,1,4808924,0.0234375,-0.0078125,-0.01953125,1293,1697815177111,1697812882,12,0,1,7809811,0,0,0
1,1272,1697832955961,1697832986368,1,0,0,1,0,7,7,0,0,0,4,0,0,1294,1697826202914,1697822381,13,0,1,6783454,0.772521973,-0.415283203,0.113037109,0.46685791,-1.30819273,-0.565793931,0.729169726,3.14160156,1293,1697828175185,1697822583,12,3,1,4811183,0.01171875,-0.04296875,-0.01953125,1294,1697825174113,1697822480,13,0,1,7812255,0,0,0
1,1273,1697842955961,1697842986555,1,0,0,1,0,7,7,0,0,0,4,0,0,1295,1697835207262,1697831882,14,0,1,7779293,0.772521973,-0.415283203,0.113037109,0.46685791,-1.30819273,-0.565793931,0.729169726,3.14160156,1294,1697837177089,1697832281,13,3,1,5809466,-0.046875,0.01953125,-0.01953125,1295,1697834177183,1697831682,14,0,1,8809372,0,0,0
1,1274,1697852955961,1697852986594,1,0,0,1,0,7,7,0,0,0,4,0,0,1296,1697846205325,1697842381,15,0,1,6781269,0.772521973,-0.415283203,0.113037109,0.46685791,-1.30819273,-0.565793931,0.729169726,3.14160156,1295,1697848175875,1697842183,14,3,1,4810719,-0.01171875,0.00390625,-0.01953125,1296,1697845177524,1697842882,15,0,1,7809070,0,0,0
1,1275,1697862955961,1697862986522,1,0,0,1,0,7,7,0,0,0,4,0,0,1297,1697856202327,1697852181,16,0,1,6784195,0.772521973,-0.415283203,0.113037109,0.46685791,-1.30819273,-0.565793931,0.729169726,3.14160156,1296,1697858177136,1697852682,15,3,1,4809386,-0.01171875,0.00390625,0.01953125,1297,1697855176026,1697852982,16,0,1,7810496,0,0,0
1,1276,1697872955961,1697872986895,1,0,0,1,0,7,7,0,0,0,4,0,0,1298,1697866208440,1697862382,17,0,1,6778455,0.772521973,-0.415283203,0.113037109,0.46685791,-1.30819273,-0.565793931,0.729169726,3.14160156,1297,1697868178489,1697862583,16,3,1,4808406,0.0234375,-0.0078125,0.01953125,1298,1697865177843,1697862682,17,0,1,7809052,0,0,0
1,1277,1697882955961,1697882983915,1,0,0,1,0,7,7,0,0,0,4,0,0,1299,1697876202220,1697872381,18,0,1,6781695,0.772521973,-0.415283203,0.113037109,0.46685791,-1.30819273,-0.565793931,0.729169726,3.14160156,1298,1697878172918,1697872680,17,3,1,4810997,0.0234375,-0.0078125,-0.01953125,1299,1697875176493,1697871883,18,0,1,7807422,0,0,0
1,1278,1697892955961,1697892987954,1,0,0,1,0,7,7,0,0,0,4,0,0,1300,1697886208055,1697882182,19,0,1,6779899,0.772521973,-0.415283203,0.113037109,0.46685791,-1.30819273,-0.565793931,0.729169726,3.14160156,1299,1697888179790,1697882180,18,3,1,4808164,-0.01171875,0.00390625,0.01953125,1300,1697885177161,1697882882,19,0,1,7810793,0,0,0
1,1279,1697902955961,1697902984345,1,0,0,1,0,7,7,0,0,0,4,0,0,1301,1697896208076,1697892382,20,0,1,6776269,0.772521973,-0.415283203,0.113037109,0.46685791,-1.30819273,-0.565793931,0.729169726,3.14160156,1300,1697898178255,1697892580,19,3,1,4806090,-0.01171875,0.00390625,0.01953125,1301,1697895179460,1697892882,20,0,1,7804885,0,0,0
1,1280,1697912955961,1697912984273,1,0,0,1,0,7,7,0,0,0,4,0,0,1302,1697905208239,1697901882,21,0,1,7776034,0.772521973,-0.415222168,0.113037109,0.46685791,-1.30818856,-0.565682232,0.72911942,3.14160156,1301,1697907177695,1697902283,20,3,1,5806578,-0.01171875,0.00390625,-0.01953125,1302,1697904178086,1697901883,21,0,1,8806187,0,0,0
1,1281,1697922955961,1697922984201,1,0,0,1,0,7,7,0,0,0,4,0,0,1303,1697915207481,1697912281,22,0,1,7776720,0.772521973,-0.415222168,0.113037109,0.46685791,-1.30818856,-0.565682232,0.72911942,3.14160156,1302,1697917178012,1697912683,21,3,1,5806189,-0.01171875,0.00390625,0.01953125,1303,1697914177588,1697911883,22,0,1,8806613,0,0,0
1,1282,1697932955961,1697932984240,1,0,0,1,0,7,7,0,0,0,4,0,0,1304,1697926202989,1697922181,23,0,1,6781251,0.772521973,-0.415222168,0.113037109,0.46685791,-1.30818856,-0.565682232,0.72911942,3.14160156,1303,1697928172594,1697922180,22,3,1,4811646,-0.01171875,0.00390625,-0.01953125,1304,1697925173744,1697922880,23,0,1,7810496,0,0,0
1,1283,1697942955961,1697942983946,1,0,0,1,0,7,7,0,0,0,4,0,0,1305,1697936207102,1697932382,24,0,1,6776844,0.772521973,-0.415222168,0.113037109,0.46685791,-1.30818856,-0.565682232,0.72911942,3.14160156,1304,1697938177874,1697932580,23,3,1,4806072,-0.046875,0.01953125,-0.05859375,1305,1697935177894,1697932883,24,0,1,7806052,0,0,0
1,1284,1697952955961,1697952984040,1,0,0,1,0,7,7,0,0,0,4,0,0,1306,1697945208506,1697942282,25,0,1,7775534,0.772521973,-0.415222168,0.113037109,0.46685791,-1.30818856,-0.565682232,0.72911942,3.14160156,1305,1697947178555,1697942683,24,3,1,5805485,0.01171875,-0.04296875,-0.01953125,1306,1697944177816,1697941882,25,0,1,8806224,0,0,0
1,1285,1697962955961,1697962986524,1,0,0,1,0,7,7,0,0,0,4,0,0,1307,1697955208415,1697952281,26,0,1,7778109,0.772521973,-0.415222168,0.113037109,0.46685791,-1.30818856,-0.565682232,0.72911942,3.14160156,1306,1697957178576,1697952483,25,3,1,5807948,-0.00390625,0.00390625,-0.01953125,1307,1697954177892,1697951982,26,0,1,8808632,0,0,0
1,1286,1697972955961,1697972986100,1,0,0,1,0,7,7,0,0,0,4,0,0,1308,1697966202090,1697962181,27,0,1,6784010,0.772521973,-0.415222168,0.113037109,0.466918945,-1.30821753,-0.56566596,0.72907424,3.14160156,1307,1697968174454,1697962183,26,3,1,4811646,-0.00390625,0.00390625,0.01953125,1308,1697965176029,1697962682,27,0,1,7810071,0,0,0
1,1287,1697982955961,1697982986287,1,0,0,1,0,7,7,0,0,0,4,0,0,1309,1697975208252,1697971781,28,0,1,7778035,0.772521973,-0.415222168,0.113037109,0.466918945,-1.30821753,-0.56566596,0.72907424,3.14160156,1308,1697977178172,1697972083,27,3,1,5808115,-0.0390625,0.01953125,-0.01953125,1309,1697974177785,1697971880,28,0,1,8808502,0,0,0
1,1288,1697992955961,1697992986418,1,0,0,1,0,7,7,0,0,0,4,0,0,1310,1697985207236,1697981881,29,0,1,7779182,0.772521973,-0.415222168,0.113037109,0.466918945,-1.30821753,-0.56566596,0.72907424,3.14160156,1309,1697987177304,1697982283,28,3,1,5809114,0.0078125,0.04296875,-0.01953125,1310,1697984177305,1697981880,29,0,1,8809113,0,0,0
1,1289,1698002955961,1698002985309,1,0,0,1,0,7,7,0,0,0,4,0,0,1311,1697995201294,1697991881,30,0,1,7784015,0.772521973,-0.415222168,0.113037109,0.466918945,-1.30821753,-0.56566596,0.72907424,3.14160156,1310,1697997174639,1697992482,29,3,1,5810670,0.03125,-0.0078125,-0.01953125,1311,1697994176418,1697991982,30,0,1,8808891,0,0,0
1,1290,1698012955961,1698012986700,1,0,0,1,0,7,7,0,0,0,4,0,0,1312,1698006208097,1698001982,31,0,1,6778603,0.772521973,-0.415222168,0.113037109,0.466918945,-1.30821753,-0.56566596,0.72907424,3.14160156,1311,1698008178462,1698001983,30,3,1,4808238,-0.00390625,0.00390625,-0.01171875,1312,1698005179037,1698002482,31,0,1,7807663,0,0,0
1,1291,1698022955961,1698022986239,1,0,0,1,0,7,7,0,0,0,4,0,0,1313,1698015201983,1698012081,32,0,1,7784256,0.772521973,-0.415222168,0.113037109,0.466918945,-1.30821753,-0.56566596,0.72907424,3.14160156,1312,1698017175125,1698012483,31,3,1,5811114,0.01953125,-0.04296875,0.02734375,1313,1698014175663,1698011982,32,0,1,8810576,0,0,0
1,1292,1698032955961,1698032986297,1,0,0,1,0,7,7,0,0,0,4,0,0,1314,1698025211244,1698022081,33,0,1,7775053,0.772521973,-0.415222168,0.113037109,0.466918945,-1.30821753,-0.56566596,0.72907424,3.14160156,1313,1698027179145,1698021683,32,3,1,5807152,0.01953125,-0.04296875,0.02734375,1314,1698024177776,1698021880,33,0,1,8808521,0,0,0
1,1293,1698042955961,1698042984132,1,0,0,1,0,7,7,0,0,0,4,0,0,1315,1698035208375,1698032081,34,0,1,7775757,0.772521973,-0.415222168,0.113037109,0.466918945,-1.30821753,-0.56566596,0.72907424,3.14160156,1314,1698037178777,1698032483,33,3,1,5805355,-0.00390625,0.00390625,0.02734375,1315,1698034179519,1698031880,34,0,1,8804613,0,0,0
1,1294,1698052955961,1698052986653,1,0,0,1,0,7,7,0,0,0,4,0,0,1316,1698045207914,1698041782,35,0,1,7778739,0.772521973,-0.415222168,0.113037109,0.466918945,-1.30821753,-0.56566596,0.72907424,3.14160156,1315,1698047178575,1698041883,34,3,1,5808078,-0.00390625,0.00390625,-0.01171875,1316,1698044179021,1698041882,35,0,1,8807632,0,0,0
1,1295,1698062955961,1698062986321,1,0,0,1,0,7,7,0,0,0,4,0,0,1317,1698055207750,1698051882,36,0,1,7778571,0.772521973,-0.415222168,0.113037109,0.466918945,-1.30821753,-0.56566596,0.72907424,3.14160156,1316,1698057178540,1698052083,35,3,1,5807781,-0.0390625,0.01953125,-0.01171875,1317,1698054177763,1698051883,36,0,1,8808558,0,0,0
1,1296,1698072955961,1698072986434,1,0,0,1,0,7,7,0,0,0,4,0,0,1318,1698065208307,1698061782,37,0,1,7778127,0.772521973,-0.415222168,0.113037109,0.466918945,-1.30821753,-0.56566596,0.72907424,3.14160156,1317,1698067178431,1698061683,36,3,1,5808003,-0.00390625,0.00390625,0.02734375,1318,1698064181950,1698061883,37,0,1,8804484,0,0,0
1,1297,1698082955961,1698082987066,1,0,0,1,0,7,7,0,0,0,4,0,0,1319,1698075207346,1698071881,38,0,1,7779720,0.772521973,-0.415222168,0.113098145,0.466918945,-1.30820143,-0.565598428,0.729157507,3.14160156,1318,1698077178655,1698072283,37,3,1,5808411,0.03125,-0.0078125,-0.05078125,1319,1698074178212,1698071882,38,0,1,8808854,0,0,0
1,1298,1698092955961,1698092987123,1,0,0,1,0,7,7,0,0,0,4,0,0,1320,1698085202348,1698081881,39,0,1,7784775,0.772521973,-0.415222168,0.113098145,0.466918945,-1.30820143,-0.565598428,0.729157507,3.14160156,1319,1698087175416,1698082283,38,3,1,5811707,0.01953125,-0.04296875,0.02734375,1320,1698084176936,1698081882,39,0,1,8810187,0,0,0
1,1299,1698102955961,1698102986033,1,0,0,1,0,7,7,0,0,0,4,0,0,1321,1698095207795,1698091881,40,0,1,7778238,0.772521973,-0.415222168,0.113098145,0.466918945,-1.30820143,-0.565598428,0.729157507,3.14160156,1320,1698097177770,1698092083,39,3,1,5808263,0.03125,-0.0078125,-0.01171875,1321,1698094178734,1698091983,40,0,1,8807299,0,0,0
1,1300,1698112955961,1698112986016,1,0,0,1,0,7,7,0,0,0,4,0,0,1322,1698105207075,1698101881,41,0,1,7778941,0.772521973,-0.415222168,0.113098145,0.466918945,-1.30820143,-0.565598428,0.729157507,3.14160156,1321,1698107177439,1698101883,40,3,1,5808577,-0.0390625,0.01953125,-0.01171875,1322,1698104176792,1698101482,41,0,1,8809224,0,0,0
1,1301,1698122955961,1698122986444,1,0,0,1,0,7,7,0,0,0,4,0,0,1323,1698115254519,1698111593,42,0,1,7731925,0.772521973,-0.415222168,0.113098145,0.466918945,-1.30820143,-0.565598428,0.729157507,3.14160156,1322,1698117181070,1698111683,41,3,1,5805374,0.01953125,-0.04296875,-0.01171875,1323,1698114177109,1698111882,42,0,1,8809335,0,0,0
1,1302,1698132955961,1698132986076,1,0,0,1,0,7,7,0,0,0,4,0,0,1324,1698125202875,1698121581,43,0,1,7783201,0.772521973,-0.415222168,0.113098145,0.466918945,-1.30820143,-0.565598428,0.729157507,3.14160156,1323,1698127168906,1698121582,42,3,1,5817170,0.03125,-0.0078125,-0.01171875,1324,1698124176759,1698121882,43,0,1,8809317,0,0,0
1,1303,1698142955961,1698142985985,1,0,0,1,0,7,7,0,0,0,4,0,0,1325,1698136208568,1698131781,44,0,1,6777417,0.772521973,-0.415222168,0.113098145,0.466918945,-1.30820143,-0.565598428,0.729157507,3.14160156,1324,1698138172654,1698132183,43,3,1,4813331,-0.0390625,0.01953125,-0.01171875,1325,1698135179655,1698131782,44,0,1,7806330,0,0,0
1,1304,1698152955961,1698152993783,1,0,0,1,0,7,7,0,0,0,4,0,0,1326,1698145201823,1698141881,45,0,1,7791960,0.772521973,-0.415222168,0.113098145,0.466918945,-1.30820143,-0.565598428,0.729157507,3.14160156,1325,1698147224334,1698141895,44,3,1,5769449,0.03125,-0.0078125,0.02734375,1326,1698144175467,1698141682,45,0,1,8818316,0,0,0
1,1305,1698162955961,1698162997915,1,0,0,1,0,7,7,0,0,0,4,0,0,1327,1698155277397,1698151837,46,0,1,7720518,0.772521973,-0.415222168,0.113098145,0.466918945,-1.30820143,-0.565598428,0.729157507,3.14160156,1326,1698157242058,1698151899,45,3,1,5755857,-0.00390625,0.00390625,-0.01171875,1327,1698154286298,1698151926,46,0,1,8711617,0,0,0
1,1306,1698172955961,1698173035804,1,0,0,1,0,7,7,0,0,0,4,0,0,1328,1698165272455,1698161827,47,0,1,7763349,0.772521973,-0.415222168,0.113098145,0.466918945,-1.30820143,-0.565598428,0.729157507,3.14160156,1327,1698168229881,1698162384,46,3,1,4805923,-0.00390625,0.00390625,0.02734375,1328,1698164273782,1698161929,47,0,1,8762022,0,0,0
1,1307,1698182955961,1698182983364,1,0,0,1,0,7,7,0,0,0,4,0,0,1329,1698175222310,1698171782,48,0,1,7761054,0.772521973,-0.415222168,0.113098145,0.466918945,-1.30820143,-0.565598428,0.729157507,3.14160156,1328,1698177250710,1698172086,47,3,1,5732654,-0.00390625,0.00390625,0.02734375,1329,1698174241933,1698171889,48,0,1,8741431,0,0,0
1,1308,1698192955961,1698192989940,1,0,0,1,0,7,7,0,0,0,4,0,0,1330,1698185195646,1698181179,49,0,1,7794294,0.772521973,-0.415222168,0.113098145,0.466918945,-1.30820143,-0.565598428,0.729157507,3.14160156,1329,1698187164381,1698181577,48,3,1,5825559,-0.00390625,0.00390625,0.02734375,1330,1698184216955,1698181879,49,0,1,8772985,0,0,0
1,1309,1698202955961,1698202984645,1,0,0,1,0,7,7,0,0,0,4,0,0,1331,1698195203778,1698191782,50,0,1,7780867,0.772521973,-0.415222168,0.113098145,0.466918945,-1.30820143,-0.565598428,0.729157507,3.14160156,1330,1698197154031,1698191678,49,3,1,5830614,0.03125,-0.0078125,-0.01171875,1331,1698194180513,1698191882,50,0,1,8804132,0,0,0
1,1310,1698212955961,1698212984277,1,0,0,1,0,7,7,0,0,0,4,0,0,1332,1698205176688,1698201779,51,0,1,7807589,0.772521973,-0.415222168,0.113098145,0.466918945,-1.30820143,-0.565598428,0.729157507,3.14160156,1331,1698207151534,1698201578,50,3,1,5832743,-0.00390625,0.00390625,0.02734375,1332,1698204156072,1698201880,51,0,1,8828205,0,0,0
1,1311,1698222955961,1698222983798,1,0,0,1,0,7,7,0,0,0,4,0,0,1333,1698215186116,1698211779,52,0,1,7797682,0.772521973,-0.415222168,0.113098145,0.466918945,-1.30820143,-0.565598428,0.729157507,3.14160156,1332,1698217158295,1698212078,51,3,1,5825503,0.01953125,-0.04296875,-0.05078125,1333,1698214162148,1698211880,52,0,1,8821650,0,0,0
1,1312,1698232955961,1698232983670,1,0,0,1,0,7,7,0,0,0,4,0,0,1334,1698225176470,1698221779,53,0,1,7807200,0.772521973,-0.415283203,0.11315918,0.466918945,-1.30818987,-0.565642595,0.729291141,3.14160156,1333,1698227150741,1698222078,52,3,1,5832929,-0.015625,-0.03125,-0.01171875,1334,1698224152872,1698221880,53,0,1,8830798,0,0,0
1,1313,1698242955961,1698242984376,1,0,0,1,0,7,7,0,0,0,4,0,0,1335,1698235187638,1698231379,54,0,1,7796738,0.772521973,-0.415283203,0.11315918,0.466918945,-1.30818987,-0.565642595,0.729291141,3.14160156,1334,1698237159002,1698231878,53,3,1,5825374,0.03125,-0.0078125,0.02734375,1335,1698234159392,1698231880,54,0,1,8824984,0,0,0
1,1314,1698252955961,1698253158131,1,0,0,1,0,7,7,0,0,4,4,0,0,1336,1698245176974,1698241579,55,0,1,7981157,0.772521973,-0.415283203,0.11315918,0.466918945,-1.30818987,-0.565642595,0.729291141,3.14160156,1335,1698247150301,1698241578,54,3,1,6007830,-0.00390625,0.00390625,-0.01171875,1337,1698253153391,1698250880,56,0,1,4740,0,0,0
1,1315,1698262955961,1698262981954,1,0,0,1,0,7,3,4,0,0,4,0,0,1337,1698254177766,1698251079,56,0,1,8804188,0.772521973,-0.415283203,0.11315918,0.466918945,-1.30818987,-0.565642595,0.729291141,3.14160156,1336,1698256152593,1698251480,55,3,1,6829361,-0.00390625,0.00390625,0.02734375,1337,1698253153391,1698250880,56,0,1,9828563,0,0,0
1,1316,1698272955961,1698272981715,1,0,0,1,0,7,7,0,0,0,4,0,0,1338,1698265185014,1698261379,57,0,1,7796701,0.772521973,-0.415283203,0.11315918,0.466918945,-1.30818987,-0.565642595,0.729291141,3.14160156,1337,1698267157934,1698260981,56,3,1,5823781,-0.00390625,0.00390625,-0.01171875,1338,1698264162417,1698261880,57,0,1,8819298,0,0,0
1,1317,1698282955961,1698282981698,1,0,0,1,0,7,7,0,0,0,4,0,0,1339,1698275184757,1698271379,58,0,1,7796941,0.772460938,-0.415283203,0.11315918,0.466918945,-1.30838799,-0.565582573,0.729427814,3.14160156,1338,1698277158214,1698271881,57,3,1,5823484,-0.00390625,0.00390625,0.02734375,1339,1698274158252,1698271880,58,0,1,8823446,0,0,0
1,1318,1698292955961,1698292985978,1,0,0,1,0,7,7,0,0,0,4,0,0,1340,1698285184981,1698281580,59,0,1,7800997,0.772460938,-0.415283203,0.11315918,0.466918945,-1.30838799,-0.565582573,0.729427814,3.14160156,1339,1698287157808,1698281881,58,3,1,5828170,0.01953125,-0.04296875,-0.01171875,1340,1698284158717,1698281880,59,0,1,8827261,0,0,0
1,1319,1698302955961,1698302983924,1,0,0,1,0,7,7,0,0,0,4,0,0,1341,1698295192094,1698291580,60,0,1,7791830,0.772460938,-0.415283203,0.11315918,0.466918945,-1.30838799,-0.565582573,0.729427814,3.14160156,1340,1698297177439,1698291682,59,3,1,5806485,-0.00390625,0.00390625,0.02734375,1341,1698294160886,1698291881,60,0,1,8823038,0,0,0
1,1320,1698312955961,1698312983982,1,0,0,1,0,7,7,0,0,0,4,0,0,1342,1698305208577,1698301182,61,0,1,7775405,0.772460938,-0.415283203,0.11315918,0.466918945,-1.30838799,-0.565582573,0.729427814,3.14160156,1341,1698307178812,1698301183,60,3,1,5805170,-0.00390625,0.00390625,0.02734375,1342,1698304181054,1698301882,61,0,1,8802928,0,0,0
1,1321,1698322955961,1698323178256,1,0,0,1,0,7,7,0,0,4,4,0,0,1343,1698315202153,1698311381,62,0,1,7976103,0.772460938,-0.415283203,0.11315918,0.466918945,-1.30838799,-0.565582573,0.729427814,3.14160156,1342,1698317178999,1698311682,61,3,1,5999257,-0.00390625,0.00390625,-0.01171875,1344,1698323173330,1698320680,63,0,1,4926,0,0,0
1,1322,1698332955961,1698332986541,1,0,0,1,0,7,3,4,0,0,4,0,0,1344,1698324202242,1698320881,63,0,1,8784299,0.772460938,-0.415283203,0.11315918,0.466918945,-1.30838799,-0.565582573,0.729427814,3.14160156,1343,1698326174273,1698321281,62,3,1,6812268,-0.00390625,0.00390625,-0.01171875,1344,1698323173330,1698320680,63,0,1,9813211,0,0,0
1,1323,1698342955961,1698342985803,1,0,0,1,0,7,7,0,0,0,4,0,0,1345,1698335207639,1698331382,64,0,1,7778164,0.772460938,-0.415283203,0.11315918,0.466918945,-1.30838799,-0.565582573,0.729427814,3.14160156,1344,1698337178021,1698331583,63,3,1,5807782,-0.015625,-0.03125,-0.01171875,1345,1698334178375,1698331882,64,0,1,8807428,0,0,0
1,1324,1698352955961,1698352986082,1,0,0,1,0,7,7,0,0,0,4,0,0,1346,1698345208196,1698341382,65,0,1,7777886,0.772460938,-0.415283203,0.11315918,0.466918945,-1.30838799,-0.565582573,0.729427814,3.14160156,1345,1698347179116,1698341383,64,3,1,5806966,0.01953125,-0.03515625,-0.01171875,1346,1698344178191,1698341680,65,0,1,8807891,0,0,0
1,1325,1698362955961,1698362986196,1,0,0,1,0,7,7,0,0,0,4,0,0,1347,1698355201180,1698351381,66,0,1,7785016,0.772460938,-0.415283203,0.11315918,0.466918945,-1.30838799,-0.565582573,0.729427814,3.14160156,1346,1698357174859,1698351683,65,3,1,5811337,-0.015625,-0.0234375,0.02734375,1347,1698354173323,1698351880,66,0,1,8812873,0,0,0
1,1326,1698372955961,1698373180599,1,0,0,1,0,7,7,0,0,4,4,0,0,1348,1698365208293,1698361382,67,0,1,7972306,0.772460938,-0.415283203,0.11315918,0.466918945,-1.30838799,-0.565582573,0.729427814,3.14160156,1347,1698367177990,1698361683,66,3,1,6002609,0.03125,0,0.02734375,1349,1698373175562,1698370982,68,0,1,5037,0,0,0
1,1327,1698382955961,1698382986570,1,0,0,1,0,7,3,4,0,0,4,0,0,1349,1698374202345,1698371482,68,0,1,8784225,0.772460938,-0.415283203,0.11315918,0.466918945,-1.30838799,-0.565582573,0.729427814,3.14160156,1348,1698376178338,1698371482,67,3,1,6808232,-0.00390625,0.01171875,-0.05078125,1349,1698373175562,1698370982,68,0,1,9811008,0,0,0
1,1328,1698392955961,1698392987757,1,0,0,1,0,7,7,0,0,0,4,0,0,1350,1698385201538,1698381381,69,0,1,7786219,0.772460938,-0.415283203,0.11315918,0.466918945,-1.30838799,-0.565582573,0.729427814,3.14160156,1349,1698387177828,1698381383,68,3,1,5809929,-0.0390625,0.02734375,-0.01171875,1350,1698384173644,1698381480,69,0,1,8814113,0,0,0
1,1329,1698402955961,1698402987463,1,0,0,1,0,7,7,0,0,0,4,0,0,1351,1698396202434,1698391681,70,0,1,6785029,0.772460938,-0.415283203,0.11315918,0.466918945,-1.30838799,-0.565582573,0.729427814,3.14160156,1350,1698398178409,1698391982,69,3,1,4809054,-0.015625,-0.0234375,0.02734375,1351,1698395176800,1698392083,70,0,1,7810663,0,0,0
1,1330,1698412955961,1698412986205,1,0,0,1,0,7,7,0,0,0,4,0,0,1352,1698405202486,1698401181,71,0,1,7783719,0.772460938,-0.415283203,0.11315918,0.466918945,-1.30838799,-0.565582573,0.729427814,3.14160156,1351,1698407174498,1698400982,70,3,1,5811707,0.03125,0,0.02734375,1352,1698404176314,1698401881,71,0,1,8809891,0,0,0
1,1331,1698422955961,1698422986337,1,0,0,1,0,7,7,0,0,0,4,0,0,1353,1698415207673,1698411182,72,0,1,7778664,0.772460938,-0.415283203,0.11315918,0.466918945,-1.30838799,-0.565582573,0.729427814,3.14160156,1352,1698417178871,1698411583,71,3,1,5807466,-0.00390625,0.01171875,0.02734375,1353,1698414177724,1698411680,72,0,1,8808613,0,0,0
1,1332,1698432955961,1698433180629,1,0,0,1,0,7,7,0,0,4,4,0,0,1354,1698425201157,1698421181,73,0,1,7979472,0.772460938,-0.415283203,0.11315918,0.466918945,-1.30838799,-0.565582573,0.729427814,3.14160156,1353,1698427179002,1698421583,72,3,1,6001627,-0.00390625,0.01171875,-0.01171875,1355,1698433175592,1698430982,74,0,1,5037,0,0,0
1,1333,1698442955961,1698443182835,1,0,0,1,0,7,7,0,0,0,4,0,0,1355,1698434202245,1698431282,74,0,1,8980590,0.772460938,-0.415283203,0.11315918,0.466918945,-1.30838799,-0.565582573,0.729427814,3.14160156,1354,1698436174443,1698431682,73,3,1,7008392,-0.00390625,0.01171875,-0.01171875,1356,1698443177761,1698440882,75,0,1,5074,0,0,0
1,1334,1698452955961,1698453182948,1,0,0,1,0,7,7,0,0,0,4,0,0,1356,1698444206877,1698441282,75,0,1,8976071,0.772460938,-0.415283203,0.11315918,0.466918945,-1.30838799,-0.565582573,0.729427814,3.14160156,1355,1698446176760,1698440882,74,3,1,7006188,-0.00390625,0.01171875,-0.01171875,1357,1698453177763,1698450882,76,0,1,5185,0,0,0
1,1335,1698462955961,1698462986160,1,0,0,1,0,7,3,4,0,0,4,0,0,1357,1698454208138,1698451282,76,0,1,8778022,0.772460938,-0.415283203,0.11315918,0.466918945,-1.30838799,-0.565582573,0.729427814,3.14160156,1356,1698456178539,1698451482,75,3,1,6807621,-0.0390625,0.02734375,-0.01171875,1357,1698453177763,1698450882,76,0,1,9808397,0,0,0
1,1336,1698472955961,1698473180637,1,0,0,1,0,7,7,0,0,4,4,0,0,1358,1698465202572,1698461382,77,0,1,7978065,0.772460938,-0.415283203,0.11315918,0.466918945,-1.30838799,-0.565582573,0.729427814,3.14160156,1357,1698467178251,1698461683,76,3,1,6002386,0.01953125,-0.03515625,0.02734375,1359,1698473175619,1698470982,78,0,1,5018,0,0,0
1,1337,1698482955961,1698482986256,1,0,0,1,0,7,3,4,0,0,4,0,0,1359,1698474201902,1698471081,78,0,1,8784354,0.772460938,-0.415283203,0.11315918,0.466918945,-1.30838799,-0.565582573,0.729427814,3.14160156,1358,1698476174266,1698471282,77,3,1,6811990,0.03125,0,0.02734375,1359,1698473175619,1698470982,78,0,1,9810637,0,0,0
1,1338,1698492955961,1698493182104,1,0,0,1,0,7,7,0,0,4,4,0,0,1360,1698485207817,1698480982,79,0,1,7974287,0.772460938,-0.415344238,0.11315918,0.466918945,-1.30839229,-0.565694273,0.729478121,3.14160156,1359,1698487178385,1698480783,78,3,1,6003719,-0.00390625,0.01171875,0.02734375,1361,1698493176901,1698490683,80,0,1,5203,0,0,0
1,1339,1698502955961,1698503182662,1,0,0,1,0,7,7,0,0,0,4,0,0,1361,1698494202220,1698491082,80,0,1,8980442,0.772460938,-0.415344238,0.11315918,0.466918945,-1.30839229,-0.565694273,0.729478121,3.14160156,1360,1698496171899,1698491280,79,3,1,7010763,-0.0390625,0.02734375,-0.01171875,1362,1698503177514,1698500882,81,0,1,5148,0,0,0
1,1340,1698512955961,1698513182664,1,0,0,1,0,7,7,0,0,0,4,0,0,1362,1698504206574,1698501082,81,0,1,8976090,0.772460938,-0.415344238,0.11315918,0.466918945,-1.30839229,-0.565694273,0.729478121,3.14160156,1361,1698506177568,1698501480,80,3,1,7005096,-0.00390625,0.01171875,-0.01171875,1363,1698513177516,1698510882,82,0,1,5148,0,0,0
1,1341,1698522955961,1698522986431,1,0,0,1,0,7,3,4,0,0,4,0,0,1363,1698514207632,1698510882,82,0,1,8778799,0.772460938,-0.415344238,0.11315918,0.466918945,-1.30839229,-0.565694273,0.729478121,3.14160156,1362,1698516178088,1698511280,81,3,1,6808343,-0.0390625,0.02734375,-0.01171875,1363,1698513177516,1698510882,82,0,1,9808915,0,0,0
1,1342,1698532955961,1698533181890,1,0,0,1,0,7,7,0,0,4,4,0,0,1364,1698525206917,1698520982,83,0,1,7974973,0.772460938,-0.415344238,0.11315918,0.466918945,-1.30839229,-0.565694273,0.729478121,3.14160156,1363,1698527173670,1698520982,82,3,1,6008220,-0.00390625,0.01171875,-0.01171875,1365,1698533176964,1698530982,84,0,1,4926,0,0,0
1,1343,1698542955961,1698543185540,1,0,0,1,0,7,7,0,0,0,4,0,0,1365,1698534215783,1698531284,84,0,1,8969757,0.772460938,-0.415344238,0.11315918,0.466918945,-1.30839229,-0.565694273,0.729478121,3.14160156,1364,1698536183055,1698531483,83,3,1,7002485,0.01953125,-0.03515625,0.02734375,1366,1698543180447,1698540882,85,0,1,5093,0,0,0
1,1344,1698552955961,1698553183801,1,0,0,1,0,7,7,0,0,0,4,0,0,1366,1698544202897,1698541082,85,0,1,8980904,0.772460938,-0.415344238,0.11315918,0.466918945,-1.30839229,-0.565694273,0.729478121,3.14160156,1365,1698546191909,1698540883,84,3,1,6991892,0.03125,0,0.02734375,1367,1698553178690,1698550682,86,0,1,5111,0,0,0
1,1345,1698562955961,1698563180155,1,0,0,1,0,7,7,0,0,0,4,0,0,1367,1698554208510,1698550882,86,0,1,8971645,0.772460938,-0.415344238,0.11315918,0.466918945,-1.30839229,-0.565694273,0.729478121,3.14160156,1366,1698556172263,1698551281,85,3,1,7007892,0.03125,0,-0.01171875,1368,1698563175229,1698560882,87,0,1,4926,0,0,0
1,1346,1698572955961,1698573175231,1,0,0,1,0,7,7,0,0,0,4,0,0,1368,1698564205012,1698560881,87,0,1,8970219,0.772460938,-0.415344238,0.11315918,0.466918945,-1.30839229,-0.565694273,0.729478121,3.14160156,1367,1698566178432,1698561280,86,3,1,6996799,-0.00390625,0.01171875,-0.01171875,1369,1698573170306,1698570982,88,0,1,4925,0,0,0
1,1347,1698582955961,1698583182511,1,0,0,1,0,7,7,0,0,0,4,0,0,1369,1698574204829,1698570878,88,0,1,8977682,0.772460938,-0.415344238,0.11315918,0.466918945,-1.30839229,-0.565694273,0.729478121,3.14160156,1368,1698576178619,1698571283,87,3,1,7003892,-0.00390625,0.01171875,0.02734375,1370,1698583177400,1698580882,89,0,1,5111,0,0,0
1,1348,1698592955961,1698593186272,1,0,0,1,0,7,7,0,0,0,4,0,0,1370,1698584208220,1698580782,89,0,1,8978052,0.772460938,-0.415344238,0.11315918,0.466918945,-1.30839229,-0.565694273,0.729478121,3.14160156,1369,1698586178547,1698580683,88,3,1,7007725,-0.00390625,0.01171875,0.02734375,1371,1698593181050,1698590883,90,0,1,5222,0,0,0
1,1349,1698602955961,1698603183663,1,0,0,1,0,7,7,0,0,0,4,0,0,1371,1698594208073,1698590882,90,0,1,8975590,0.772460938,-0.415344238,0.11315918,0.466918945,-1.30839229,-0.565694273,0.729478121,3.14160156,1370,1698596178901,1698591283,89,3,1,7004762,-0.00390625,0.00390625,0.01953125,1372,1698603178608,1698600882,91,0,1,5055,0,0,0
1,1350,1698612955961,1698613184017,1,0,0,1,0,7,7,0,0,0,4,0,0,1372,1698604209186,1698600882,91,0,1,8974831,0.772460938,-0.415344238,0.11315918,0.466918945,-1.30839229,-0.565694273,0.729478121,3.14160156,1371,1698606179384,1698601283,90,3,1,7004633,0.04296875,0.02734375,-0.01953125,1373,1698613178961,1698610983,92,0,1,5056,0,0,0
1,1351,1698622955961,1698623183371,1,0,0,1,0,7,7,0,0,0,4,0,0,1373,1698614207540,1698610882,92,0,1,8975831,0.772460938,-0.415344238,0.11315918,0.466918945,-1.30839229,-0.565694273,0.729478121,3.14160156,1372,1698616190534,1698610882,91,3,1,6992837,-0.00390625,0.00390625,0.01953125,1374,1698623177982,1698620482,93,0,1,5389,0,0,0
1,1352,1698632955961,1698633182021,1,0,0,1,0,7,7,0,0,0,4,0,0,1374,1698624204505,1698620882,93,0,1,8977516,0.772460938,-0.415344238,0.11315918,0.466918945,-1.30839229,-0.565694273,0.729478121,3.14160156,1373,1698626181258,1698620881,92,3,1,7000763,-0.00390625,0.00390625,-0.01953125,1375,1698633176947,1698630882,94,0,1,5074,0,0,0
1,1353,1698642955961,1698643181726,1,0,0,1,0,7,7,0,0,0,4,0,0,1375,1698634202748,1698630881,94,0,1,8978978,0.772460938,-0.415344238,0.11315918,0.466918945,-1.30839229,-0.565694273,0.729478121,3.14160156,1374,1698636179557,1698631082,93,3,1,7002169,-0.00390625,0.00390625,0.01953125,1376,1698643176634,1698640882,95,0,1,5092,0,0,0
1,1354,1698652955961,1698652986309,1,0,0,1,0,7,3,4,0,0,4,0,0,1376,1698644202880,1698640781,95,0,1,8783429,0.772460938,-0.415344238,0.11315918,0.466918945,-1.30839229,-0.565694273,0.729478121,3.14160156,1375,1698646176392,1698641083,94,3,1,6809917,-0.00390625,0.00390625,-0.01953125,1376,1698643176634,1698640882,95,0,1,9809675,0,0,0
1,1355,1698662955961,1698663178528,1,0,0,1,0,7,7,0,0,4,4,0,0,1377,1698655197185,1698650682,96,0,1,7981343,0.772460938,-0.415344238,0.11315918,0.466918945,-1.30839229,-0.565694273,0.729478121,3.14160156,1376,1698657177549,1698650983,95,3,1,6000979,0.03125,-0.0078125,0.01953125,1378,1698663173529,1698660480,97,0,1,4999,0,0,0
1,1356,1698672955961,1698673184605,1,0,0,1,0,7,7,0,0,0,4,0,0,1378,1698664214903,1698660781,97,0,1,8969702,0.772460938,-0.415344238,0.113220215,0.466918945,-1.30837619,-0.56562674,0.729561388,3.14160156,1377,1698666179787,1698660683,96,3,1,7004818,0.03125,-0.0078125,-0.01953125,1379,1698673179346,1698670880,98,0,1,5259,0,0,0
1,1357,1698682955961,1698683184960,1,0,0,1,0,7,7,0,0,0,4,0,0,1379,1698674208407,1698670781,98,0,1,8976553,0.772460938,-0.415344238,0.113220215,0.466918945,-1.30837619,-0.56562674,0.729561388,3.14160156,1378,1698676179938,1698671082,97,3,1,7005022,-0.00390625,0.00390625,-0.05859375,1380,1698683179812,1698680879,99,0,1,5148,0,0,0
1,1358,1698692955961,1698693183019,1,0,0,1,0,7,7,0,0,0,4,0,0,1380,1698684207891,1698680782,99,0,1,8975128,0.772460938,-0.415344238,0.113220215,0.466918945,-1.30837619,-0.56562674,0.729561388,3.14160156,1379,1698687179780,1698681182,98,3,1,6003239,-0.00390625,0.00390625,-0.05859375,1381,1698693177815,1698690682,100,0,1,5204,0,0,0
1,1359,1698702955961,1698703184596,1,0,0,1,0,7,7,0,0,0,4,0,0,1381,1698694202172,1698690581,100,0,1,8982424,0.772460938,-0.415283203,0.113220215,0.466918945,-1.30837202,-0.565515041,0.729511082,3.14160156,1380,1698696174463,1698690880,99,3,1,7010133,-0.00390625,0.00390625,-0.01171875,1382,1698703179226,1698700680,101,0,1,5370,0,0,0
1,1360,1698712955961,1698713185377,1,0,0,1,0,7,7,0,0,0,4,0,0,1382,1698704202786,1698700582,101,0,1,8982591,0.772460938,-0.415344238,0.113220215,0.466918945,-1.30837619,-0.56562674,0.729561388,3.14160156,1381,1698706175891,1698700882,100,3,1,7009486,0.03125,-0.0078125,-0.01171875,1383,1698713180358,1698710880,102,0,1,5019,0,0,0
1,1361,1698722955961,1698723185324,1,0,0,1,0,7,7,0,0,0,4,0,0,1383,1698714207659,1698710582,102,0,1,8977665,0.772460938,-0.415344238,0.113220215,0.466918945,-1.30837619,-0.56562674,0.729561388,3.14160156,1382,1698716201727,1698710883,101,3,1,6983597,0.03125,-0.0078125,-0.01171875,1384,1698723180120,1698720880,103,0,1,5204,0,0,0
1,1362,1698732955961,1698733184994,1,0,0,1,0,7,7,0,0,0,4,0,0,1384,1698724207792,1698720381,103,0,1,8977202,0.772460938,-0.415344238,0.113220215,0.466918945,-1.30837619,-0.56562674,0.729561388,3.14160156,1383,1698726180527,1698720380,102,3,1,7004467,-0.00390625,0.00390625,0.02734375,1385,1698733179772,1698730881,104,0,1,5222,0,0,0
1,1363,1698742955961,1698743185293,1,0,0,1,0,7,7,0,0,0,4,0,0,1385,1698734208295,1698730582,104,0,1,8976998,0.772460938,-0.415344238,0.113220215,0.466918945,-1.30837619,-0.56562674,0.729561388,3.14160156,1384,1698736179734,1698730883,103,3,1,7005559,0.03125,-0.0078125,0.02734375,1386,1698743179830,1698740882,105,0,1,5463,0,0,0
1,1364,1698752955961,1698753184463,1,0,0,1,0,7,7,0,0,0,4,0,0,1386,1698744207817,1698740582,105,0,1,8976646,0.772460938,-0.415344238,0.113220215,0.466918945,-1.30837619,-0.56562674,0.729561388,3.14160156,1385,1698746179811,1698740883,104,3,1,7004652,-0.00390625,0.00390625,-0.01171875,1387,1698753179315,1698750882,106,0,1,5148,0,0,0
1,1365,1698762955961,1698763185262,1,0,0,1,0,7,7,0,0,0,4,0,0,1387,1698754207912,1698750582,106,0,1,8977350,0.772460938,-0.415344238,0.113220215,0.466918945,-1.30837619,-0.56562674,0.729561388,3.14160156,1386,1698756179777,1698750583,105,3,1,7005485,-0.00390625,0.00390625,-0.01171875,1388,1698763180040,1698760482,107,0,1,5222,0,0,0
1,1366,1698772955961,1698773185006,1,0,0,1,0,7,7,0,0,0,4,0,0,1388,1698764210767,1698760582,107,0,1,8974239,0.772460938,-0.415344238,0.113220215,0.466918945,-1.30837619,-0.56562674,0.729561388,3.14160156,1387,1698766178743,1698760583,106,3,1,7006263,-0.00390625,0.00390625,-0.01171875,1389,1698773179765,1698770682,108,0,1,5241,0,0,0
1,1367,1698782955961,1698783183509,1,0,0,1,0,7,7,0,0,0,4,0,0,1389,1698774207492,1698770382,108,0,1,8976017,0.772460938,-0.415344238,0.113220215,0.466918945,-1.30837619,-0.56562674,0.729561388,3.14160156,1388,1698776178560,1698770683,107,3,1,7004949,-0.00390625,0.00390625,0.02734375,1390,1698783178287,1698780883,109,0,1,5222,0,0,0
1,1368,1698792955961,1698793187030,1,0,0,1,0,7,7,0,0,0,4,0,0,1390,1698784207366,1698780582,109,0,1,8979664,0.772460938,-0.415344238,0.113220215,0.466918945,-1.30837619,-0.56562674,0.729561388,3.14160156,1389,1698786178989,1698780383,108,3,1,7008041,-0.01171875,0.00390625,0.02734375,1391,1698793181734,1698790983,110,0,1,5296,0,0,0
1,1369,1698802955961,1698803184644,1,0,0,1,0,7,7,0,0,0,4,0,0,1391,1698794208424,1698790382,110,0,1,8976220,0.772460938,-0.415344238,0.113220215,0.466918945,-1.30837619,-0.56562674,0.729561388,3.14160156,1390,1698796179270,1698790883,109,3,1,7005374,0.0234375,-0.0078125,0.02734375,1392,1698803179589,1698800682,111,0,1,5055,0,0,0
1,1370,1698812955961,1698813184351,1,0,0,1,0,7,7,0,0,0,4,0,0,1392,1698804208186,1698800582,111,0,1,8976165,0.772460938,-0.415344238,0.113220215,0.466918945,-1.30837619,-0.56562674,0.729561388,3.14160156,1391,1698806179421,1698800583,110,3,1,7004930,0.0234375,-0.0078125,-0.01171875,1393,1698813179073,1698810982,112,0,1,5278,0,0,0
1,1371,1698822955961,1698823184132,1,0,0,1,0,7,7,0,0,0,4,0,0,1393,1698814207652,1698810582,112,0,1,8976480,0.772460938,-0.415344238,0.113220215,0.466918945,-1.30837619,-0.56562674,0.729561388,3.14160156,1392,1698816179739,1698810683,111,3,1,7004393,-0.01171875,0.00390625,-0.05078125,1394,1698823179058,1698820882,113,0,1,5074,0,0,0
1,1372,1698832955961,1698833183857,1,0,0,1,0,7,7,0,0,0,4,0,0,1394,1698824207396,1698820382,113,0,1,8976461,0.772460938,-0.415283203,0.113220215,0.466918945,-1.30837202,-0.565515041,0.729511082,3.14160156,1393,1698826179427,1698819983,112,3,1,7004430,-0.01171875,0.00390625,-0.01171875,1395,1698833178598,1698830682,114,0,1,5259,0,0,0
1,1373,1698842955961,1698843214581,1,0,0,1,0,7,7,0,0,1,4,0,0,1396,1698843207896,1698840082,115,0,1,6685,0.772460938,-0.415283203,0.113220215,0.466918945,-1.30837202,-0.565515041,0.729511082,3.14160156,1394,1698836175116,1698830682,113,3,1,7039465,0.0234375,-0.0078125,-0.01171875,1396,1698842178225,1698839682,115,0,1,1036356,0,0,0
1,1374,1698852955961,1698853217158,1,0,0,1,0,7,7,0,0,0,4,0,0,1397,1698853210622,1698850281,116,0,1,6536,0.772460938,-0.415283203,0.113220215,0.466918945,-1.30837202,-0.565515041,0.729511082,3.14160156,1395,1698845179705,1698840480,114,3,1,8037453,0.0234375,-0.0078125,-0.01171875,1397,1698852180135,1698849882,116,0,1,1037023,0,0,0
1,1375,1698862955961,1698863180218,1,0,0,1,0,7,6,1,0,0,4,0,0,1397,1698853210622,1698850281,116,0,1,9969596,0.772460938,-0.415283203,0.113220215,0.466918945,-1.30837202,-0.565515041,0.729511082,3.14160156,1396,1698855180190,1698850681,115,3,1,8000028,-0.01171875,0.00390625,-0.01171875,1398,1698863175181,1698860882,117,0,1,5037,0,0,0
1,1376,1698872955961,1698873184017,1,0,0,1,0,7,7,0,0,0,4,0,0,1398,1698864204816,1698860182,117,0,1,8979201,0.772460938,-0.415283203,0.113220215,0.466918945,-1.30837202,-0.565515041,0.729511082,3.14160156,1397,1698866179199,1698860183,116,3,1,7004818,-0.01171875,0.00390625,0.02734375,1399,1698873178795,1698870882,118,0,1,5222,0,0,0
1,1377,1698882955961,1698883184539,1,0,0,1,0,7,7,0,0,0,4,0,0,1399,1698874207226,1698870382,118,0,1,8977313,0.772460938,-0.415283203,0.113220215,0.466918945,-1.30837202,-0.565515041,0.729511082,3.14160156,1398,1698876178961,1698870683,117,3,1,7005578,-0.01171875,0.00390625,-0.01171875,1400,1698883179465,1698880882,119,0,1,5074,0,0,0
1,1378,1698892955961,1698893209263,1,0,0,1,0,7,7,0,0,1,4,0,0,1401,1698893202467,1698890282,120,0,1,6796,0.772460938,-0.415283203,0.113220215,0.466918945,-1.30837202,-0.565515041,0.729511082,3.14160156,1399,1698886179519,1698880583,118,3,1,7029744,-0.01171875,0.00390625,-0.01171875,1401,1698892182388,1698889986,120,0,1,1026875,0,0,0
1,1379,1698902955961,1698903184082,1,0,0,1,0,7,6,1,0,0,4,0,0,1401,1698893202467,1698890282,120,0,1,9981615,0.772460938,-0.415283203,0.113220215,0.466918945,-1.30837202,-0.565515041,0.729511082,3.14160156,1400,1698895173628,1698890481,119,3,1,8010454,-0.0234375,-0.03125,-0.01171875,1402,1698903178952,1698900482,121,0,1,5130,0,0,0
1,1380,1698912955961,1698913185011,1,0,0,1,0,7,7,0,0,0,4,0,0,1402,1698904208846,1698900182,121,0,1,8976165,0.772460938,-0.415283203,0.113220215,0.466918945,-1.30837202,-0.565515041,0.729511082,3.14160156,1401,1698906179433,1698900180,120,3,1,7005578,0.0234375,-0.0078125,0.02734375,1403,1698913179900,1698909882,122,0,1,5111,0,0,0
1,1381,1698922955961,1698923215216,1,0,0,1,0,7,7,0,0,1,4,0,0,1404,1698923208476,1698920082,123,0,1,6740,0.772460938,-0.415283203,0.113220215,0.466918945,-1.30837202,-0.565515041,0.729511082,3.14160156,1402,1698916180269,1698910381,121,3,1,7034947,0.01171875,-0.04296875,-0.01171875,1404,1698922178934,1698919882,123,0,1,1036282,0,0,0
1,1382,1698932955961,1698933214016,1,0,0,1,0,7,7,0,0,0,4,0,0,1405,1698933207442,1698929882,124,0,1,6574,0.772460938,-0.415283203,0.113220215,0.466918945,-1.30837202,-0.565515041,0.729511082,3.14160156,1403,1698925179748,1698920483,122,3,1,8034268,0.01171875,-0.04296875,0.02734375,1405,1698932179011,1698929882,124,0,1,1035005,0,0,0
1,1383,1698942955961,1698943184038,1,0,0,1,0,7,6,1,0,0,4,0,0,1405,1698933207442,1698929882,124,0,1,9976596,0.772460938,-0.415283203,0.113220215,0.466918945,-1.30837202,-0.565515041,0.729511082,3.14160156,1404,1698935179214,1698930483,123,3,1,8004824,-0.046875,0.01953125,-0.01171875,1406,1698943178964,1698940282,125,0,1,5074,0,0,0
1,1384,1698952955961,1698953214096,1,0,0,1,0,7,7,0,0,1,4,0,0,1407,1698953207578,1698950082,126,0,1,6518,0.772460938,-0.415283203,0.113220215,0.466918945,-1.30837202,-0.565515041,0.729511082,3.14160156,1405,1698946178889,1698940180,124,3,1,7035207,-0.01171875,0.00390625,-0.01171875,1407,1698952179017,1698949882,126,0,1,1035079,0,0,0
1,1385,1698962955961,1698963208210,1,0,0,1,0,7,7,0,0,0,4,0,0,1408,1698963201766,1698960081,127,0,1,6444,0.772460938,-0.415283203,0.113220215,0.466918945,-1.30837202,-0.565515041,0.729511082,3.14160156,1406,1698955179368,1698950483,125,3,1,8028842,0.0234375,-0.0078125,0.02734375,1408,1698962175446,1698959882,127,0,1,1032764,0,0,0
1,1386,1698972955961,1698973214306,1,0,0,1,0,7,7,0,0,0,4,0,0,1409,1698973207732,1698970081,128,0,1,6574,0.772460938,-0.415283203,0.113220215,0.466918945,-1.30837202,-0.565515041,0.729511082,3.14160156,1407,1698965176945,1698959682,126,3,1,8037361,-0.01171875,0.00390625,-0.01171875,1409,1698972179986,1698969882,128,0,1,1034320,0,0,0
1,1387,1698982955961,1698983213772,1,0,0,1,0,7,7,0,0,0,4,0,0,1410,1698983207235,1698979782,129,0,1,6537,0.772460938,-0.415283203,0.113220215,0.466918945,-1.30837202,-0.565515041,0.729511082,3.14160156,1408,1698975178911,1698970483,127,3,1,8034861,0.0234375,-0.0078125,-0.01171875,1410,1698982178082,1698979680,129,0,1,1035690,0,0,0
1,1388,1698992955961,1698993209775,1,0,0,1,0,7,7,0,0,0,4,0,0,1411,1698993203479,1698990082,130,0,1,6296,0.772460938,-0.415283203,0.113220215,0.466918945,-1.30837202,-0.565515041,0.729511082,3.14160156,1409,1698985179358,1698980083,128,3,1,8030417,-0.01171875,0.00390625,-0.01171875,1411,1698992182677,1698989886,130,0,1,1027098,0,0,0
1,1389,1699002955961,1699003212907,1,0,0,1,0,7,7,0,0,0,4,0,0,1412,1699003206278,1698999782,131,0,1,6629,0.772460938,-0.415283203,0.113220215,0.466918945,-1.30837202,-0.565515041,0.729511082,3.14160156,1410,1698995176047,1698990284,129,3,1,8036860,0.0234375,-0.0078125,-0.01171875,1412,1699002178810,1698999880,131,0,1,1034097,0,0,0
1,1390,1699012955961,1699013213595,1,0,0,1,0,7,7,0,0,0,4,0,0,1413,1699013206207,1699009881,132,0,1,7388,0.772460938,-0.415283203,0.113220215,0.466918945,-1.30837202,-0.565515041,0.729511082,3.14160156,1411,1699005181475,1698999880,130,3,1,8032120,-0.01171875,0.00390625,-0.01171875,1413,1699012180776,1699009679,132,0,1,1032819,0,0,0
1,1391,1699022955961,1699023214098,1,0,0,1,0,7,7,0,0,0,4,0,0,1414,1699023207136,1699019881,133,0,1,6962,0.772460938,-0.415283203,0.113220215,0.466918945,-1.30837202,-0.565515041,0.729511082,3.14160156,1412,1699015184275,1699010280,131,3,1,8029823,0.0234375,-0.0078125,-0.01171875,1414,1699022179612,1699019880,133,0,1,1034486,0,0,0
1,1392,1699032955961,1699033216435,1,0,0,1,0,7,7,0,0,0,4,0,0,1415,1699033209768,1699030081,134,0,1,6667,0.772460938,-0.415283203,0.113220215,0.466918945,-1.30837202,-0.565515041,0.729511082,3.14160156,1413,1699025179482,1699020283,132,3,1,8036953,-0.01171875,0.00390625,-0.01171875,1415,1699032179671,1699029980,134,0,1,1036764,0,0,0
1,1393,1699042955961,1699043183846,1,0,0,1,0,7,6,1,0,0,4,0,0,1415,1699033209768,1699030081,134,0,1,9974078,0.772460938,-0.415283203,0.113220215,0.466918945,-1.30837202,-0.565515041,0.729511082,3.14160156,1414,1699035178948,1699030083,133,3,1,8004898,0.0234375,-0.0078125,-0.01171875,1416,1699043178680,1699040683,135,0,1,5166,0,0,0
1,1394,1699052955961,1699053208034,1,0,0,1,0,7,7,0,0,1,4,0,0,1417,1699053201515,1699049581,136,0,1,6519,0.772460938,-0.415283203,0.113220215,0.466918945,-1.30837202,-0.565515041,0.729511082,3.14160156,1415,1699046178864,1699039983,134,3,1,7029170,0.01171875,-0.04296875,-0.01171875,1417,1699052172881,1699049880,136,0,1,1035153,0,0,0
1,1395,1699062955961,1699063212388,1,0,0,1,0,7,7,0,0,0,4,0,0,1418,1699063205833,1699059782,137,0,1,6555,0.772460938,-0.415283203,0.113220215,0.466918945,-1.30837202,-0.565515041,0.729511082,3.14160156,1416,1699055174657,1699049882,135,3,1,8037731,-0.01171875,0.00390625,-0.01171875,1418,1699062178513,1699059882,137,0,1,1033875,0,0,0
1,1396,1699072955961,1699073217298,1,0,0,1,0,7,7,0,0,0,4,0,0,1419,1699073208558,1699069782,138,0,1,8740,0.772460938,-0.415283203,0.113220215,0.466918945,-1.30837202,-0.565515041,0.729511082,3.14160156,1417,1699065184216,1699060082,136,3,1,8033082,-0.046875,0.01953125,0.02734375,1419,1699072192182,1699069982,138,0,1,1025116,0,0,0
1,1397,1699082955961,1699083209876,1,0,0,1,0,7,7,0,0,0,4,0,0,1420,1699083202950,1699079882,139,0,1,6926,0.772460938,-0.415283203,0.113220215,0.466918945,-1.30837202,-0.565515041,0.729511082,3.14160156,1418,1699075179793,1699070283,137,3,1,8030083,-0.046875,0.01953125,0.02734375,1420,1699082177926,1699079483,139,0,1,1031950,0,0,0
1,1398,1699092955961,1699093210971,1,0,0,1,0,7,7,0,0,0,4,0,0,1421,1699093204064,1699089882,140,0,1,6907,0.772460938,-0.415283203,0.11315918,0.466918945,-1.30838799,-0.565582573,0.729427814,3.14160156,1419,1699085175722,1699079883,138,3,1,8035249,0.0234375,-0.0078125,-0.01171875,1421,1699092183522,1699089986,140,0,1,1027449,0,0,0
1,1399,1699102955961,1699103208697,1,0,0,1,0,7,7,0,0,0,4,0,0,1422,1699103201938,1699099882,141,0,1,6759,0.772460938,-0.415283203,0.11315918,0.466918945,-1.30838799,-0.565582573,0.729427814,3.14160156,1420,1699095176003,1699090283,139,3,1,8032694,-0.01171875,0.00390625,-0.01171875,1422,1699102178432,1699099882,141,0,1,1030265,0,0,0
1,1400,1699112955961,1699113214459,1,0,0,1,0,7,7,0,0,0,4,0,0,1423,1699113207700,1699109881,142,0,1,6759,0.772460938,-0.415283203,0.11315918,0.466918945,-1.30838799,-0.565582573,0.729427814,3.14160156,1421,1699105177506,1699099583,140,3,1,8036953,0.03515625,0.02734375,-0.01171875,1423,1699112179917,1699109882,142,0,1,1034542,0,0,0
1,1401,1699122955961,1699123212610,1,0,0,1,0,7,7,0,0,0,4,0,0,1424,1699123203295,1699119382,143,0,1,9315,0.772460938,-0.415283203,0.11315918,0.466918945,-1.30838799,-0.565582573,0.729427814,3.14160156,1422,1699115228859,1699110094,141,3,1,7983751,0.0234375,-0.0078125,0.02734375,1424,1699122178587,1699119683,143,0,1,1034023,0,0,0
1,1402,1699132955961,1699133215594,1,0,0,1,0,7,7,0,0,0,4,0,0,1425,1699133208298,1699129782,144,0,1,7296,0.772460938,-0.415283203,0.11315918,0.466918945,-1.30838799,-0.565582573,0.729427814,3.14160156,1423,1699125179641,1699119583,142,3,1,8035953,-0.01171875,0.00390625,-0.01171875,1425,1699132180867,1699129882,144,0,1,1034727,0,0,0
1,1403,1699142955961,1699143209135,1,0,0,1,0,7,7,0,0,0,4,0,0,1426,1699143202709,1699139581,145,0,1,6426,0.772460938,-0.415283203,0.11315918,0.466918945,-1.30838799,-0.565582573,0.729427814,3.14160156,1424,1699135179866,1699129683,143,3,1,8029269,-0.01171875,0.00390625,-0.01171875,1426,1699142175815,1699139882,145,0,1,1033320,0,0,0
1,1404,1699152955961,1699153208304,1,0,0,1,0,7,7,0,0,0,4,0,0,1427,1699153201730,1699149781,146,0,1,6574,0.772460938,-0.415283203,0.11315918,0.466918945,-1.30838799,-0.565582573,0.729427814,3.14160156,1425,1699145179518,1699139682,144,3,1,8028786,-0.01171875,0.00390625,-0.01171875,1427,1699152176670,1699149882,146,0,1,1031634,0,0,0
1,1405,1699162955961,1699163207567,1,0,0,1,0,7,7,0,0,0,4,0,0,1428,1699163201141,1699159781,147,0,1,6426,0.772460938,-0.415283203,0.11315918,0.466918945,-1.30838799,-0.565582573,0.729427814,3.14160156,1426,1699155179206,1699150083,145,3,1,8028361,0,0.04296875,-0.01171875,1428,1699162175006,1699159881,147,0,1,1032561,0,0,0
1,1406,1699172955961,1699173185607,1,0,0,1,0,7,6,1,0,0,4,0,0,1428,1699163201141,1699159781,147,0,1,9984466,0.772460938,-0.415283203,0.11315918,0.466918945,-1.30838799,-0.565582573,0.729427814,3.14160156,1427,1699165178487,1699160082,146,3,1,8007120,-0.01171875,0.00390625,-0.01171875,1429,1699173180348,1699169881,148,0,1,5259,0,0,0
1,1407,1699182955961,1699183266849,1,0,0,1,0,7,7,0,0,1,4,0,0,1430,1699183252386,1699179800,149,0,1,14463,0.772460938,-0.415283203,0.11315918,0.466918945,-1.30838799,-0.565582573,0.729427814,3.14160156,1428,1699176180810,1699169980,147,3,1,7086039,-0.0234375,-0.03125,0.02734375,1430,1699182246862,1699179721,149,0,1,1019987,0,0,0
1,1408,1699192955961,1699192992693,1,0,0,1,0,7,7,0,0,0,4,0,0,1431,1699192234902,1699189092,150,0,1,757791,0.772460938,-0.415283203,0.11315918,0.466918945,-1.30838799,-0.565582573,0.729427814,3.14160156,1429,1699185238657,1699179700,148,3,1,7754036,0.0234375,-0.0078125,0.02734375,1431,1699191230378,1699188889,150,0,1,1762315,0,0,0
1,1409,1699202955961,1699203254188,1,0,0,1,0,7,7,0,0,0,4,0,0,1432,1699203239633,1699199383,151,0,1,14555,0.772460938,-0.415283203,0.11315918,0.466918945,-1.30838799,-0.565582573,0.729427814,3.14160156,1430,1699194225285,1699189485,149,3,1,9028903,0.0234375,-0.0078125,0.02734375,1432,1699202222220,1699199884,151,0,1,1031968,0,0,0
1,1410,1699212955961,1699213242914,1,0,0,1,0,7,7,0,0,0,4,0,0,1433,1699213229285,1699209383,152,0,1,13629,0.772460938,-0.415283203,0.11315918,0.466918945,-1.30838799,-0.565582573,0.729427814,3.14160156,1431,1699205221201,1699199186,150,3,1,8021713,-0.01171875,0.00390625,-0.01171875,1433,1699212253574,1699209990,152,0,1,989340,0,0,0
1,1411,1699222955961,1699223212473,1,0,0,1,0,7,7,0,0,0,4,0,0,1434,1699223203418,1699219581,153,0,1,9055,0.772460938,-0.415283203,0.11315918,0.466918945,-1.30838799,-0.565582573,0.729427814,3.14160156,1432,1699215205519,1699209881,151,3,1,8006954,-0.01171875,0.00390625,-0.01171875,1434,1699222183746,1699219481,153,0,1,1028727,0,0,0
1,1412,1699232955961,1699233212421,1,0,0,1,0,7,7,0,0,0,4,0,0,1435,1699233205569,1699229583,154,0,1,6852,0.772460938,-0.415283203,0.11315918,0.466918945,-1.30838799,-0.565582573,0.729427814,3.14160156,1433,1699225179912,1699219579,152,3,1,8032509,-0.0234375,-0.03125,0.02734375,1435,1699232183268,1699229979,154,0,1,1029153,0,0,0
1,1413,1699242955961,1699243226979,1,0,0,1,0,7,7,0,0,0,4,0,0,1436,1699243219868,1699239578,155,0,1,7111,0.772460938,-0.415283203,0.11315918,0.466918945,-1.30838799,-0.565582573,0.729427814,3.14160156,1434,1699235175248,1699229881,153,3,1,8051731,-0.0234375,-0.03125,-0.01171875,1436,1699242170382,1699239882,155,0,1,1056597,0,0,0
1,1414,1699252955961,1699253215204,1,0,0,1,0,7,7,0,0,0,4,0,0,1437,1699253208649,1699249582,156,0,1,6555,0.772460938,-0.415283203,0.11315918,0.466918945,-1.30838799,-0.565582573,0.729427814,3.14160156,1435,1699245175363,1699239181,154,3,1,8039841,-0.01171875,0.00390625,0.02734375,1437,1699252180292,1699249883,156,0,1,1034912,0,0,0
1,1415,1699262955961,1699262985844,1,0,0,1,0,7,7,0,0,0,4,0,0,1438,1699262202572,1699259081,157,0,1,783272,0.772460938,-0.415283203,0.11315918,0.466918945,-1.30838799,-0.565582573,0.729427814,3.14160156,1436,1699255181069,1699249881,155,3,1,7804775,-0.01171875,0.00390625,-0.01171875,1438,1699261176493,1699258882,157,0,1,1809351,0,0,0
1,1416,1699272955961,1699273215025,1,0,0,1,0,7,7,0,0,0,4,0,0,1439,1699273208414,1699269582,158,0,1,6611,0.772460938,-0.415283203,0.11315918,0.466918945,-1.30838799,-0.565582573,0.729427814,3.14160156,1437,1699264179974,1699259483,156,3,1,9035051,-0.01171875,0.00390625,0.02734375,1439,1699272184613,1699269982,158,0,1,1030412,0,0,0
1,1417,1699282955961,1699283214010,1,0,0,1,0,7,7,0,0,0,4,0,0,1440,1699283207436,1699279382,159,0,1,6574,0.772460938,-0.415283203,0.11315918,0.466918945,-1.30838799,-0.565582573,0.729427814,3.14160156,1438,1699275180427,1699269583,157,3,1,8033583,-0.00390625,0.00390625,-0.01171875,1440,1699282179209,1699279882,159,0,1,1034801,0,0,0
1,1418,1699292955961,1699293214161,1,0,0,1,0,7,7,0,0,0,4,0,0,1441,1699293206920,1699289583,160,0,1,7241,0.772460938,-0.415283203,0.11315918,0.466918945,-1.30838799,-0.565582573,0.729427814,3.14160156,1439,1699285181134,1699279384,158,3,1,8033027,-0.00390625,0.00390625,-0.01171875,1441,1699292186415,1699289887,160,0,1,1027746,0,0,0
1,1419,1699302955961,1699303190887,1,0,0,1,0,7,7,0,0,0,4,0,0,1442,1699303185091,1699299579,161,0,1,5796,0.772460938,-0.415283203,0.11315918,0.466918945,-1.30838799,-0.565582573,0.729427814,3.14160156,1440,1699295174118,1699289683,159,3,1,8016769,-0.00390625,0.00390625,-0.01171875,1442,1699302163308,1699299880,161,0,1,1027579,0,0,0
1,1420,1699312955961,1699313191297,1,0,0,1,0,7,7,0,0,0,4,0,0,1443,1699313185501,1699309179,162,0,1,5796,0.772460938,-0.415283203,0.11315918,0.466918945,-1.30838799,-0.565582573,0.729427814,3.14160156,1441,1699305159529,1699299681,160,3,1,8031768,-0.00390625,0.00390625,0.02734375,1443,1699312160348,1699309980,162,0,1,1030949,0,0,0
1,1421,1699322955961,1699323190671,1,0,0,1,0,7,7,0,0,0,4,0,0,1444,1699323184912,1699319379,163,0,1,5759,0.772460938,-0.415283203,0.113220215,0.466918945,-1.30837202,-0.565515041,0.729511082,3.14160156,1442,1699315159606,1699309680,161,3,1,8031065,-0.00390625,0.00390625,-0.01171875,1444,1699322159610,1699319480,163,0,1,1031061,0,0,0
1,1422,1699332955961,1699332983236,1,0,0,1,0,7,7,0,0,0,4,0,0,1445,1699332186409,1699328879,164,0,1,796827,0.772460938,-0.415283203,0.113220215,0.466918945,-1.30837202,-0.565515041,0.729511082,3.14160156,1443,1699325159665,1699319380,162,3,1,7823571,-0.00390625,0.00390625,-0.01171875,1445,1699331159330,1699328878,164,0,1,1823906,0,0,0
1,1423,1699342955961,1699342982665,1,0,0,1,0,7,7,0,0,0,4,0,0,1446,1699342184967,1699339079,165,0,1,797698,0.772460938,-0.415283203,0.113220215,0.466918945,-1.30837202,-0.565515041,0.729511082,3.14160156,1444,1699334160125,1699329280,163,3,1,8822540,-0.00390625,0.00390625,0.02734375,1446,1699341159870,1699338878,165,0,1,1822795,0,0,0
1,1424,1699352955961,1699352983149,1,0,0,1,0,7,7,0,0,0,4,0,0,1447,1699352185452,1699349079,166,0,1,797697,0.772460938,-0.415283203,0.113220215,0.466918945,-1.30837202,-0.565515041,0.729511082,3.14160156,1445,1699344159517,1699339480,164,3,1,8823632,-0.00390625,0.00390625,-0.01171875,1447,1699351159595,1699348979,166,0,1,1823554,0,0,0
1,1425,1699362955961,1699363181646,1,0,0,1,0,7,7,0,0,0,4,0,0,1448,1699363175979,1699359179,167,0,1,5667,0.772460938,-0.415283203,0.113220215,0.466918945,-1.30837202,-0.565515041,0.729511082,3.14160156,1446,1699354159075,1699349680,165,3,1,9022571,0.0078125,0.04296875,-0.01171875,1448,1699362150623,1699359478,167,0,1,1031023,0,0,0
1,1426,1699372955961,1699372983155,1,0,0,1,0,7,7,0,0,0,4,0,0,1449,1699372188236,1699369279,168,0,1,794919,0.772460938,-0.415283203,0.113220215,0.466918945,-1.30837202,-0.565515041,0.729511082,3.14160156,1447,1699365151751,1699359380,166,3,1,7831404,-0.00390625,0.00390625,-0.01171875,1449,1699371158471,1699368879,168,0,1,1824684,0,0,0
1,1427,1699382955961,1699383191855,1,0,0,1,0,7,7,0,0,0,4,0,0,1450,1699383186059,1699379179,169,0,1,5796,0.772460938,-0.415283203,0.113220215,0.466918945,-1.30837202,-0.565515041,0.729511082,3.14160156,1448,1699374159137,1699369680,167,3,1,9032718,0.01953125,-0.04296875,-0.01171875,1450,1699382159813,1699379878,169,0,1,1032042,0,0,0
1,1428,1699392955961,1699393183377,1,0,0,1,0,7,7,0,0,0,4,0,0,1451,1699393177766,1699389379,170,0,1,5611,0.772460938,-0.415283203,0.113220215,0.466918945,-1.30837202,-0.565515041,0.729511082,3.14160156,1449,1699385159813,1699379180,168,3,1,8023564,0.03125,-0.0078125,0.02734375,1451,1699392162909,1699389880,170,0,1,1020468,0,0,0
1,1429,1699402955961,1699402986775,1,0,0,1,0,7,7,0,0,0,4,0,0,1452,1699402207929,1699398782,171,0,1,778846,0.772460938,-0.415283203,0.113220215,0.466918945,-1.30837202,-0.565515041,0.729511082,3.14160156,1450,1699395159019,1699389580,169,3,1,7827756,0.03125,-0.0078125,0.02734375,1452,1699401181276,1699398682,171,0,1,1805499,0,0,0
1,1430,1699412955961,1699412985926,1,0,0,1,0,7,7,0,0,0,4,0,0,1453,1699412207377,1699409082,172,0,1,778549,0.772460938,-0.415283203,0.113220215,0.466918945,-1.30837202,-0.565515041,0.729511082,3.14160156,1451,1699404176053,1699399082,170,3,1,8809873,-0.00390625,0.00390625,0.02734375,1453,1699411179260,1699408882,172,0,1,1806666,0,0,0
1,1431,1699422955961,1699422986022,1,0,0,1,0,7,7,0,0,0,4,0,0,1454,1699422208435,1699419082,173,0,1,777587,0.772460938,-0.415283203,0.113220215,0.466918945,-1.30837202,-0.565515041,0.729511082,3.14160156,1452,1699414179797,1699409283,171,3,1,8806225,-0.00390625,0.00390625,-0.01171875,1454,1699421179208,1699418882,173,0,1,1806814,0,0,0
1,1432,1699432955961,1699433214851,1,0,0,1,0,7,7,0,0,0,4,0,0,1455,1699433208055,1699429182,174,0,1,6796,0.772460938,-0.415283203,0.113220215,0.466918945,-1.30837202,-0.565515041,0.729511082,3.14160156,1453,1699424177892,1699418879,172,3,1,9036959,-0.00390625,0.00390625,-0.01171875,1455,1699432182772,1699428883,174,0,1,1032079,0,0,0
1,1433,1699442955961,1699442986195,1,0,0,1,0,7,7,0,0,0,4,0,0,1456,1699442208404,1699439081,175,0,1,777791,0.772460938,-0.415283203,0.113220215,0.466918945,-1.30837202,-0.565515041,0.729511082,3.14160156,1454,1699435180642,1699429383,173,3,1,7805553,0.03125,-0.0078125,-0.01171875,1456,1699441180232,1699438882,175,0,1,1805963,0,0,0
1,1434,1699452955961,1699452985735,1,0,0,1,0,7,7,0,0,0,4,0,0,1457,1699452207370,1699449082,176,0,1,778365,0.772460938,-0.415283203,0.113220215,0.466918945,-1.30837202,-0.565515041,0.729511082,3.14160156,1455,1699444175769,1699439482,174,3,1,8809966,0.03125,-0.0078125,-0.01171875,1457,1699451179106,1699448882,176,0,1,1806629,0,0,0
1,1435,1699462955961,1699463208768,1,0,0,1,0,7,7,0,0,0,4,0,0,1458,1699463202509,1699459182,177,0,1,6259,0.772460938,-0.415283203,0.113220215,0.466918945,-1.30837202,-0.565515041,0.729511082,3.14160156,1456,1699454179920,1699449083,175,3,1,9028848,0.03125,-0.0078125,0.02734375,1458,1699462176967,1699459482,177,0,1,1031801,0,0,0
1,1436,1699472955961,1699472986222,1,0,0,1,0,7,7,0,0,0,4,0,0,1459,1699472211746,1699468782,178,0,1,774476,0.772460938,-0.415283203,0.113220215,0.466918945,-1.30837202,-0.565515041,0.729511082,3.14160156,1457,1699465179354,1699459182,176,3,1,7806868,0.03125,-0.0078125,0.02734375,1459,1699471179334,1699468982,178,0,1,1806888,0,0,0
1,1437,1699482955961,1699483023076,1,0,0,1,0,7,7,0,0,0,4,0,0,1460,1699482277988,1699478831,179,0,1,745088,0.772460938,-0.415283203,0.113220215,0.466918945,-1.30837202,-0.565515041,0.729511082,3.14160156,1458,1699474175574,1699468882,177,3,1,8847502,0.171875,0.18359375,-0.16796875,1460,1699481283500,1699479045,179,0,1,1739576,0,0,0
1,1438,1699492955961,1699493021134,1,0,0,1,0,7,7,0,0,0,4,0,0,1461,1699492270880,1699488930,180,0,1,750254,0.772460938,-0.415344238,0.11328125,0.466918945,-1.3083601,-0.565559268,0.729644656,3.14160156,1459,1699484234131,1699478697,178,3,1,8787003,-0.3828125,-0.14453125,0.07421875,1461,1699491269411,1699489029,180,0,1,1751723,-0.00390625,0.01171875,0.009765625
1,1439,1699502955961,1699503024804,1,0,0,1,0,7,7,0,0,0,4,0,0,1462,1699502247773,1699498936,181,0,1,777031,0.772399902,-0.415283203,0.113342285,0.46697998,-1.30856705,-0.565303743,0.729769051,3.14160156,1460,1699494240559,1699489299,179,3,1,8784245,0.1796875,-0.05859375,0.21484375,1462,1699501239026,1699498721,181,0,1,1785778,0.017578125,0.001953125,0.013671875
1,1440,1699512955961,1699512999734,1,0,0,1,0,7,7,0,0,0,4,0,0,1463,1699512328551,1699508899,182,0,1,671183,0.772460938,-0.415283203,0.11328125,0.46697998,-1.3083849,-0.565431178,0.72954917,3.14160156,1461,1699504218304,1699499298,180,3,1,8781430,-0.26953125,0.05859375,-0.0859375,1463,1699511256158,1699508900,182,0,1,1743576,-0.009765625,-0.013671875,-0.025390625
1,1441,1699522955961,1699523039513,1,0,0,1,0,7,7,0,0,0,4,0,0,1464,1699522271296,1699518939,183,0,1,768217,0.772460938,-0.415283203,0.11328125,0.466918945,-1.30835593,-0.565447569,0.72959435,3.14160156,1462,1699514238640,1699509088,181,3,1,8800873,0.33984375,0.05078125,0.17578125,1464,1699521258810,1699518940,183,0,1,1780703,-0.00390625,0.015625,0.01171875
1,1442,1699532955961,1699533048794,1,0,0,1,0,7,7,0,0,0,4,0,0,1465,1699532361223,1699528983,184,0,1,687571,0.772399902,-0.415344238,0.113342285,0.46697998,-1.30857122,-0.565415323,0.729819357,3.14160156,1463,1699524253624,1699518742,182,3,1,8795170,0.015625,-0.28515625,0.01953125,1465,1699531235554,1699528893,184,0,1,1813240,0.00390625,0.001953125,0.0078125
1,1443,1699542955961,1699542987151,1,0,0,1,0,7,7,0,0,0,4,0,0,1466,1699542180861,1699538580,185,0,1,806290,0.772399902,-0.415344238,0.113342285,0.466918945,-1.30854225,-0.565431714,0.729864597,3.14160156,1464,1699534218665,1699529090,183,3,1,8768486,-0.0390625,0.0546875,-0.1328125,1466,1699541195929,1699538883,185,0,1,1791222,-0.017578125,0,-0.009765625
1,1444,1699552955961,1699552999635,1,0,0,1,0,7,7,0,0,0,4,0,0,1467,1699552230733,1699548893,186,0,1,768902,0.772399902,-0.415344238,0.11328125,0.46697998,-1.30858731,-0.565482795,0.729736149,3.14160156,1465,1699544201576,1699538888,184,3,1,8798059,-0.015625,-0.1171875,-0.01171875,1467,1699551241875,1699548988,186,0,1,1757760,0.00390625,0.001953125,0.013671875
1,1445,1699562955961,1699563017767,1,0,0,1,0,7,7,0,0,0,4,0,0,1468,1699562224236,1699558892,187,0,1,793531,0.772399902,-0.415344238,0.11328125,0.46697998,-1.30858731,-0.565482795,0.729736149,3.14160156,1466,1699554206838,1699548893,185,3,1,8810929,0.05859375,-0.01953125,-0.08984375,1468,1699561218841,1699558693,187,0,1,1798926,0.00390625,-0.013671875,-0.009765625
1,1446,1699572955961,1699573019973,1,0,0,1,0,7,7,0,0,0,4,0,0,1469,1699572233146,1699568897,188,0,1,786827,0.772399902,-0.415283203,0.113220215,0.46697998,-1.30859911,-0.565438688,0.729602575,3.14160156,1467,1699564205470,1699558697,186,3,1,8814503,-0.05859375,0.10546875,0.02734375,1469,1699571216659,1699568896,188,0,1,1803314,0.00390625,-0.0078125,-0.00390625
1,1447,1699582955961,1699582992922,1,0,0,1,0,7,7,0,0,0,4,0,0,1470,1699582209205,1699578889,189,0,1,783717,0.772399902,-0.415283203,0.11328125,0.46697998,-1.30858302,-0.565371215,0.729685843,3.14160156,1468,1699574206992,1699569294,187,3,1,8785930,0.0234375,-0.12109375,0.10546875,1470,1699581224014,1699578888,189,0,1,1768908,0.00390625,0.009765625,0.015625
1,1448,1699592955961,1699592993276,1,0,0,1,0,7,7,0,0,0,4,0,0,1471,1699592224912,1699588593,190,0,1,768364,0.772399902,-0.415283203,0.11328125,0.46697998,-1.30858302,-0.565371215,0.729685843,3.14160156,1469,1699584183236,1699579288,188,3,1,8810040,0.05078125,0.07421875,-0.01953125,1471,1699591194481,1699588987,190,0,1,1798795,-0.005859375,-0.001953125,-0.005859375
1,1449,1699602955961,1699602981280,1,0,0,1,0,7,7,0,0,0,4,0,0,1472,1699602090530,1699598878,191,0,1,890750,0.772399902,-0.415344238,0.11328125,0.46697998,-1.30858731,-0.565482795,0.729736149,3.14160156,1470,1699594203331,1699589089,189,3,1,8777949,-0.0703125,0.07421875,-0.01953125,1472,1699601086172,1699598476,191,0,1,1895108,-0.009765625,0.0078125,0
