schema_ver,pub_seq,sched_ns,actual_ns,epoch,deadline,gates_skipped,sample_ready,not_ready,valid_mask,fresh_mask,stale_mask,missing_mask,multi_mask,reader_state,reader_flags,logger_drops,rv_seq,rv_host_ns,rv_sensor_us,rv_report_seq,rv_status,rv_age_valid,rv_age_ns,rv_qw,rv_qx,rv_qy,rv_qz,rv_yaw_rad,rv_pitch_rad,rv_roll_rad,rv_err_rad,acc_seq,acc_host_ns,acc_sensor_us,acc_report_seq,acc_status,acc_age_valid,acc_age_ns,acc_x,acc_y,acc_z,gyr_seq,gyr_host_ns,gyr_sensor_us,gyr_report_seq,gyr_status,gyr_age_valid,gyr_age_ns,gyr_x,gyr_y,gyr_z
1,1,3093511258967,3093511511660,3,0,0,1,0,7,7,0,0,7,4,0,0,34,3093511505834,3093507488,14,0,1,5826,0.874938965,-0.0209960938,-0.0631103516,0.479614258,-0.998463631,-0.0974319279,-0.0908557475,3.14160156,32,3093506980884,3093497386,31,3,1,4530776,0.00390625,0,0,34,3093510476407,3093507986,14,0,1,1035253,-0.00390625,0.00390625,0
1,2,3093521258967,3093521487364,3,0,0,1,0,7,7,0,0,0,4,0,0,35,3093521480780,3093517885,15,0,1,6584,0.874938965,-0.0209960938,-0.0631103516,0.479614258,-0.998463631,-0.0974319279,-0.0908557475,3.14160156,33,3093513482887,3093507090,32,3,1,8004477,0.00390625,0,0,35,3093520472214,3093518185,15,0,1,1015150,0,-0.00390625,-0.001953125
1,3,3093531258967,3093531286041,3,0,0,1,0,7,7,0,0,0,4,0,0,36,3093530486479,3093527382,16,0,1,799562,0.875,-0.0209960938,-0.0631103516,0.479553223,-0.998256981,-0.0974267647,-0.0908572152,3.14160156,34,3093523453579,3093517984,33,3,1,7832462,-0.03515625,0.015625,-0.0390625,36,3093529448656,3093527183,16,0,1,1837385,0,-0.001953125,0
1,4,3093541258967,3093541479607,3,0,0,1,0,7,7,0,0,0,4,0,0,37,3093541474503,3093537684,17,0,1,5104,0.874938965,-0.0209960938,-0.0631103516,0.479614258,-0.998463631,-0.0974319279,-0.0908557475,3.14160156,35,3093532464420,3093527584,34,3,1,9015187,0.00390625,0,0,37,3093540454305,3093538283,17,0,1,1025302,0,0,0.001953125
1,5,3093551258967,3093551484218,3,0,0,1,0,7,7,0,0,0,4,0,0,38,3093551479446,3093547485,18,0,1,4772,0.874938965,-0.0210571289,-0.0631103516,0.479614258,-0.998459458,-0.0975392461,-0.0907971561,3.14160156,36,3093543455902,3093537884,35,3,1,8028316,0.00390625,0.00390625,0.0390625,38,3093550453589,3093548184,18,0,1,1030629,-0.001953125,0.001953125,0
1,6,3093561258967,3093561484704,3,0,0,1,0,7,7,0,0,0,4,0,0,39,3093561479951,3093557685,19,0,1,4753,0.874938965,-0.0210571289,-0.0631103516,0.479614258,-0.998459458,-0.0975392461,-0.0907971561,3.14160156,37,3093553455723,3093547485,36,3,1,8028981,0.00390625,0,0,39,3093560452910,3093557982,19,0,1,1031794,0,-0.00390625,-0.001953125
1,7,3093571258967,3093571485117,3,0,0,1,0,7,7,0,0,0,4,0,0,40,3093571479642,3093567685,20,0,1,5475,0.874938965,-0.0210571289,-0.0631713867,0.479614258,-0.998444974,-0.0975980684,-0.0909040347,3.14160156,38,3093563452732,3093557884,37,3,1,8032385,0,0,-0.078125,40,3093570457854,3093568182,20,0,1,1027263,0.001953125,-0.00390625,0
1,8,3093581258967,3093581486084,3,0,0,1,0,7,7,0,0,0,4,0,0,41,3093581480480,3093577285,21,0,1,5604,0.874938965,-0.0210571289,-0.0631713867,0.479614258,-0.998444974,-0.0975980684,-0.0909040347,3.14160156,39,3093573453163,3093567984,38,3,1,8032921,0.00390625,0,0,41,3093580457101,3093578182,21,0,1,1028983,0.001953125,0.00390625,0.001953125
1,9,3093591258967,3093591484850,3,0,0,1,0,7,7,0,0,0,4,0,0,42,3093591479431,3093587485,22,0,1,5419,0.874938965,-0.0210571289,-0.0631713867,0.479614258,-0.998444974,-0.0975980684,-0.0909040347,3.14160156,40,3093583452873,3093577884,39,3,1,8031977,0.0390625,-0.01171875,0.07421875,42,3093590455867,3093587785,22,0,1,1028983,-0.00390625,0,0.001953125
1,10,3093601258967,3093601290944,3,0,0,1,0,7,7,0,0,0,4,0,0,43,3093600488589,3093597087,23,0,1,802355,0.874938965,-0.0210571289,-0.0631713867,0.479614258,-0.998444974,-0.0975980684,-0.0909040347,3.14160156,41,3093593466583,3093587683,40,3,1,7824361,0.00390625,0,0,43,3093599505380,3093597197,23,0,1,1785564,-0.001953125,-0.00390625,-0.001953125
1,11,3093611258967,3093611287417,3,0,0,1,0,7,7,0,0,0,4,0,0,44,3093610597729,3093607195,24,0,1,689688,0.874938965,-0.0210571289,-0.0631713867,0.479614258,-0.998444974,-0.0975980684,-0.0909040347,3.14160156,42,3093602492996,3093597396,41,3,1,8794421,0,0,-0.0390625,44,3093609501205,3093606998,24,0,1,1786212,-0.001953125,-0.00390625,-0.001953125
1,12,3093621258967,3093621292952,3,0,0,1,0,7,7,0,0,0,4,0,0,45,3093620541180,3093617202,25,0,1,751772,0.874938965,-0.0210571289,-0.0631713867,0.479614258,-0.998444974,-0.0975980684,-0.0909040347,3.14160156,43,3093612468330,3093607384,42,3,1,8824622,0.0390625,-0.01171875,0,45,3093619554881,3093617211,25,0,1,1738071,0.00390625,0.00390625,0
1,13,3093631258967,3093631505642,3,0,0,1,0,7,7,0,0,0,4,0,0,46,3093631496154,3093627483,26,0,1,9488,0.874938965,-0.0210571289,-0.0631713867,0.479614258,-0.998444974,-0.0975980684,-0.0909040347,3.14160156,44,3093622497834,3093617789,43,3,1,9007808,0.00390625,0.00390625,0.0390625,46,3093630480820,3093627782,26,0,1,1024822,0.001953125,0.00390625,0.001953125
1,14,3093641258967,3093641293315,3,0,0,1,0,7,7,0,0,0,4,0,0,47,3093640504165,3093637386,27,0,1,789150,0.874938965,-0.0210571289,-0.0631103516,0.479614258,-0.998459458,-0.0975392461,-0.0907971561,3.14160156,45,3093633468214,3093627483,44,3,1,7825101,0.00390625,0,0,47,3093639482007,3093637187,27,0,1,1811308,0,-0.001953125,0.001953125
1,15,3093651258967,3093651292469,3,0,0,1,0,7,7,0,0,0,4,0,0,48,3093650506408,3093647388,28,0,1,786061,0.874938965,-0.0210571289,-0.0631713867,0.479614258,-0.998444974,-0.0975980684,-0.0909040347,3.14160156,46,3093642477261,3093637787,45,3,1,8815208,0,0,-0.078125,48,3093649479848,3093647187,28,0,1,1812621,0.001953125,-0.00390625,0.001953125
1,16,3093661258967,3093661292493,3,0,0,1,0,7,7,0,0,0,4,0,0,49,3093660504676,3093657187,29,0,1,787817,0.874938965,-0.0210571289,-0.0631713867,0.479614258,-0.998444974,-0.0975980684,-0.0909040347,3.14160156,47,3093652477581,3093646987,46,3,1,8814912,0.00390625,0,0,49,3093659475600,3093656986,29,0,1,1816893,-0.001953125,0,-0.001953125
1,17,3093671258967,3093671290576,3,0,0,1,0,7,7,0,0,0,4,0,0,50,3093670507011,3093666886,30,0,1,783565,0.874938965,-0.0210571289,-0.0631713867,0.479614258,-0.998444974,-0.0975980684,-0.0909040347,3.14160156,48,3093662476440,3093657587,47,3,1,8814136,0.0390625,-0.01171875,0,50,3093669475310,3093666986,30,0,1,1815266,-0.005859375,0.005859375,0
1,18,3093681258967,3093681292708,3,0,0,1,0,7,7,0,0,0,4,0,0,51,3093680503392,3093677184,31,0,1,789316,0.874938965,-0.0211181641,-0.0631713867,0.479614258,-0.998440742,-0.0977053866,-0.0908454508,3.14160156,49,3093672471970,3093667184,48,3,1,8820738,-0.03515625,0.015625,-0.0390625,51,3093679469619,3093676983,31,0,1,1823089,-0.00390625,-0.00390625,0
1,19,3093691258967,3093691291752,3,0,0,1,0,7,7,0,0,0,4,0,0,52,3093690504322,3093687087,32,0,1,787430,0.874938965,-0.0211181641,-0.0631713867,0.479614258,-0.998440742,-0.0977053866,-0.0908454508,3.14160156,50,3093682476395,3093677187,49,3,1,8815357,-0.03515625,0.0234375,-0.0390625,52,3093689475062,3093687186,32,0,1,1816690,0,0,0.001953125
1,20,3093701258967,3093701292756,3,0,0,1,0,7,7,0,0,0,4,0,0,53,3093700505696,3093697188,33,0,1,787060,0.874938965,-0.0211181641,-0.0631713867,0.479614258,-0.998440742,-0.0977053866,-0.0908454508,3.14160156,51,3093692475680,3093686984,50,3,1,8817076,0.00390625,0.0078125,0.0078125,53,3093699476122,3093696986,33,0,1,1816634,0,0.001953125,0
1,21,3093711258967,3093711292595,3,0,0,1,0,7,7,0,0,0,4,0,0,54,3093710506553,3093707188,34,0,1,786042,0.874938965,-0.0211181641,-0.0631713867,0.479614258,-0.998440742,-0.0977053866,-0.0908454508,3.14160156,52,3093702472689,3093697385,51,3,1,8819906,0.00390625,0.01171875,0.046875,54,3093709479678,3093706987,34,0,1,1812917,-0.001953125,0.001953125,0.00390625
1,22,3093721258967,3093721292397,3,0,0,1,0,7,7,0,0,0,4,0,0,55,3093720505319,3093717088,35,0,1,787078,0.874938965,-0.0211791992,-0.0631713867,0.479614258,-0.99843657,-0.0978127047,-0.0907868594,3.14160156,53,3093712473490,3093707384,52,3,1,8818907,0.00390625,0.0078125,0.0078125,55,3093719475985,3093717186,35,0,1,1816412,-0.001953125,0,-0.001953125
1,23,3093731258967,3093731292236,3,0,0,1,0,7,7,0,0,0,4,0,0,56,3093730504345,3093727087,36,0,1,787891,0.874938965,-0.0211791992,-0.0631713867,0.479614258,-0.99843657,-0.0978127047,-0.0907868594,3.14160156,54,3093722475955,3093717187,53,3,1,8816281,0,0.0078125,-0.03125,56,3093729479523,3093726586,36,0,1,1812713,-0.001953125,-0.001953125,-0.001953125
1,24,3093741258967,3093741292649,3,0,0,1,0,7,7,0,0,0,4,0,0,57,3093740505090,3093736688,37,0,1,787559,0.874938965,-0.0211791992,-0.0631713867,0.479614258,-0.99843657,-0.0978127047,-0.0907868594,3.14160156,55,3093732477163,3093726987,54,3,1,8815486,0.00390625,0.0078125,0.0078125,57,3093739475996,3093737186,37,0,1,1816653,-0.001953125,0.00390625,0
1,25,3093751258967,3093751293172,3,0,0,1,0,7,7,0,0,0,4,0,0,58,3093750505373,3093746688,38,0,1,787799,0.874938965,-0.0211791992,-0.0631713867,0.479614258,-0.99843657,-0.0978127047,-0.0907868594,3.14160156,56,3093742476835,3093736987,55,3,1,8816337,0.00390625,0.01171875,0.046875,58,3093749475724,3093746786,38,0,1,1817448,-0.001953125,0.001953125,0
1,26,3093761258967,3093761292660,3,0,0,1,0,7,7,0,0,0,4,0,0,59,3093760505249,3093756888,39,0,1,787411,0.874938965,-0.0212402344,-0.0631713867,0.479614258,-0.998432398,-0.0979200229,-0.0907282755,3.14160156,57,3093752476453,3093746687,56,3,1,8816207,0.00390625,0.01171875,0.046875,59,3093759475915,3093757186,39,0,1,1816745,-0.001953125,-0.001953125,-0.001953125
1,27,3093771258967,3093771292647,3,0,0,1,0,7,7,0,0,0,4,0,0,60,3093770509083,3093766888,40,0,1,783564,0.874938965,-0.0212402344,-0.0631713867,0.479614258,-0.998432398,-0.0979200229,-0.0907282755,3.14160156,58,3093762476440,3093757187,57,3,1,8816207,0.00390625,0.0078125,0.0078125,60,3093769476327,3093766787,40,0,1,1816320,0,-0.001953125,-0.001953125
1,28,3093781258967,3093781292505,3,0,0,1,0,7,7,0,0,0,4,0,0,61,3093780505408,3093776888,41,0,1,787097,0.874938965,-0.0212402344,-0.0631713867,0.479614258,-0.998432398,-0.0979200229,-0.0907282755,3.14160156,59,3093772478665,3093766987,58,3,1,8813840,0.00390625,0.0078125,0,61,3093779476832,3093777187,41,0,1,1815673,0.00390625,0.001953125,-0.001953125
1,29,3093791258967,3093791291585,3,0,0,1,0,7,7,0,0,0,4,0,0,62,3093790502103,3093786688,42,0,1,789482,0.874938965,-0.0212402344,-0.0631713867,0.479614258,-0.998432398,-0.0979200229,-0.0907282755,3.14160156,60,3093782476192,3093776987,59,3,1,8815393,0.00390625,0.0078125,0,62,3093789476042,3093786987,42,0,1,1815543,0,0,0.001953125
1,30,3093801258967,3093801292016,3,0,0,1,0,7,7,0,0,0,4,0,0,63,3093800503995,3093796888,43,0,1,788021,0.874938965,-0.0212402344,-0.0631713867,0.479614258,-0.998432398,-0.0979200229,-0.0907282755,3.14160156,61,3093792477437,3093786687,60,3,1,8814579,-0.03515625,0.0234375,0,63,3093799474402,3093796986,43,0,1,1817614,0,-0.00390625,0.001953125
1,31,3093811258967,3093811479498,3,0,0,1,0,7,7,0,0,2,4,0,0,64,3093809503092,3093806387,44,0,1,1976406,0.874938965,-0.0212402344,-0.0631713867,0.479614258,-0.998432398,-0.0979200229,-0.0907282755,3.14160156,63,3093811474745,3093806586,62,3,1,4753,0.0390625,-0.01171875,-0.0390625,64,3093808474312,3093805986,44,0,1,3005186,0,0,0
1,32,3093821258967,3093821292268,3,0,0,1,0,7,5,2,0,0,4,0,0,65,3093820505948,3093816888,45,0,1,786320,0.874938965,-0.0212402344,-0.0631713867,0.479614258,-0.998432398,-0.0979200229,-0.0907282755,3.14160156,63,3093811474745,3093806586,62,3,1,9817523,0.0390625,-0.01171875,-0.0390625,65,3093819476651,3093817186,45,0,1,1815617,-0.001953125,0.00390625,0
1,33,3093831258967,3093831292329,3,0,0,1,0,7,7,0,0,0,4,0,0,66,3093830504400,3093826688,46,0,1,787929,0.874938965,-0.0212402344,-0.0631713867,0.479614258,-0.998432398,-0.0979200229,-0.0907282755,3.14160156,64,3093822476344,3093816887,63,3,1,8815985,0.0390625,-0.01171875,-0.0390625,66,3093829475510,3093826786,46,0,1,1816819,-0.001953125,0,0
1,34,3093841258967,3093841292408,3,0,0,1,0,7,7,0,0,0,4,0,0,67,3093840505330,3093836688,47,0,1,787078,0.874938965,-0.0212402344,-0.0631713867,0.479614258,-0.998432398,-0.0979200229,-0.0907282755,3.14160156,65,3093832475905,3093826486,64,3,1,8816503,0.0390625,-0.01171875,0,67,3093839475423,3093836986,47,0,1,1816985,0,0.001953125,0
1,35,3093851258967,3093851292340,3,0,0,1,0,7,7,0,0,0,4,0,0,68,3093850504744,3093846488,48,0,1,787596,0.874938965,-0.0212402344,-0.0631713867,0.479614258,-0.998432398,-0.0979200229,-0.0907282755,3.14160156,66,3093842476022,3093836987,65,3,1,8816318,0.00390625,0.00390625,0.0390625,68,3093849475539,3093846987,48,0,1,1816801,0,0.001953125,0
1,36,3093861258967,3093861292678,3,0,0,1,0,7,7,0,0,0,4,0,0,69,3093860505138,3093856488,49,0,1,787540,0.874938965,-0.0212402344,-0.0631713867,0.479614258,-0.998432398,-0.0979200229,-0.0907282755,3.14160156,67,3093852476009,3093846886,66,3,1,8816669,-0.03515625,0.015625,-0.078125,69,3093859474324,3093857184,49,0,1,1818354,0,-0.001953125,-0.001953125
1,37,3093871258967,3093871292425,3,0,0,1,0,7,7,0,0,0,4,0,0,70,3093870504922,3093866688,50,0,1,787503,0.874938965,-0.0212402344,-0.0631713867,0.479614258,-0.998432398,-0.0979200229,-0.0907282755,3.14160156,68,3093862475533,3093856987,67,3,1,8816892,-0.03515625,0.015625,-0.0703125,70,3093869472795,3093866784,50,0,1,1819630,0.00390625,-0.001953125,-0.001953125
1,38,3093881258967,3093881480702,3,0,0,1,0,7,7,0,0,2,4,0,0,71,3093879505054,3093876188,51,0,1,1975648,0.874938965,-0.0212402344,-0.0631713867,0.479614258,-0.998432398,-0.0979200229,-0.0907282755,3.14160156,70,3093881475875,3093876387,69,3,1,4827,0.00390625,0,0.0078125,71,3093878474943,3093875986,51,0,1,3005759,0,-0.001953125,-0.001953125
1,39,3093891258967,3093891480116,3,0,0,1,0,7,7,0,0,0,4,0,0,72,3093889504986,3093886188,52,0,1,1975130,0.874938965,-0.0212402344,-0.0631713867,0.479553223,-0.998374283,-0.0979122743,-0.0907415301,3.14160156,71,3093891475215,3093886186,70,3,1,4901,-0.03515625,0.015625,0.0078125,72,3093888475152,3093885986,52,0,1,3004964,-0.00390625,0.001953125,-0.001953125
1,40,3093901258967,3093901480491,3,0,0,1,0,7,7,0,0,0,4,0,0,73,3093899504788,3093896188,53,0,1,1975703,0.874938965,-0.0212402344,-0.0631713867,0.479553223,-0.998374283,-0.0979122743,-0.0907415301,3.14160156,72,3093901475590,3093896787,71,3,1,4901,0,0,-0.03125,73,3093898474085,3093895986,53,0,1,3006406,-0.001953125,0,0
1,41,3093911258967,3093911292503,3,0,0,1,0,7,5,2,0,0,4,0,0,74,3093910504407,3093906488,54,0,1,788096,0.874938965,-0.0212402344,-0.0631713867,0.479553223,-0.998374283,-0.0979122743,-0.0907415301,3.14160156,72,3093901475590,3093896787,71,3,1,9816913,0,0,-0.03125,74,3093909474777,3093906986,54,0,1,1817726,0.001953125,-0.001953125,0
1,42,3093921258967,3093921479541,3,0,0,1,0,7,7,0,0,2,4,0,0,75,3093919505446,3093916388,55,0,1,1974095,0.874938965,-0.0212402344,-0.0631713867,0.479614258,-0.998432398,-0.0979200229,-0.0907282755,3.14160156,74,3093921474769,3093916586,73,3,1,4772,0.00390625,0,0.0078125,75,3093918475798,3093915986,55,0,1,3003743,0,0.001953125,0.001953125
1,43,3093931258967,3093931480082,3,0,0,1,0,7,7,0,0,0,4,0,0,76,3093929505193,3093926188,56,0,1,1974889,0.874938965,-0.0212402344,-0.0631713867,0.479614258,-0.998432398,-0.0979200229,-0.0907282755,3.14160156,75,3093931475292,3093925986,74,3,1,4790,0.00390625,0.00390625,0.046875,76,3093928474823,3093925986,56,0,1,3005259,0,0,0
1,44,3093941258967,3093941479515,3,0,0,1,0,7,7,0,0,0,4,0,0,77,3093939503663,3093936187,57,0,1,1975852,0.874938965,-0.0212402344,-0.0631713867,0.479614258,-0.998432398,-0.0979200229,-0.0907282755,3.14160156,76,3093941474669,3093936586,75,3,1,4846,0.0390625,-0.01171875,-0.03125,77,3093938475901,3093935986,57,0,1,3003614,-0.001953125,0,0
1,45,3093951258967,3093951479687,3,0,0,1,0,7,7,0,0,0,4,0,0,78,3093949504168,3093945888,58,0,1,1975519,0.874938965,-0.0213012695,-0.0631713867,0.479614258,-0.998428166,-0.0980273411,-0.0906696841,3.14160156,77,3093951474934,3093946186,76,3,1,4753,0.00390625,0,0.0078125,78,3093948475537,3093945986,58,0,1,3004150,-0.001953125,0.00390625,-0.001953125
1,46,3093961258967,3093961479359,3,0,0,1,0,7,7,0,0,0,4,0,0,79,3093959504192,3093956188,59,0,1,1975167,0.874938965,-0.0213012695,-0.0631713867,0.479614258,-0.998428166,-0.0980273411,-0.0906696841,3.14160156,78,3093961474551,3093956386,77,3,1,4808,0.00390625,0,0.0078125,79,3093958474211,3093956186,59,0,1,3005148,-0.001953125,0.001953125,0
1,47,3093971258967,3093971292166,3,0,0,1,0,7,5,2,0,0,4,0,0,80,3093970503941,3093966087,60,0,1,788225,0.874938965,-0.0213012695,-0.0631713867,0.479614258,-0.998428166,-0.0980273411,-0.0906696841,3.14160156,78,3093961474551,3093956386,77,3,1,9817615,0.00390625,0,0.0078125,80,3093969474219,3093966786,60,0,1,1817947,-0.009765625,0,0
1,48,3093981258967,3093981481553,3,0,0,1,0,7,7,0,0,2,4,0,0,81,3093979504777,3093976187,61,0,1,1976776,0.874938965,-0.0213623047,-0.0631713867,0.479614258,-0.998423994,-0.0981346592,-0.0906111002,3.14160156,80,3093981476726,3093976387,79,3,1,4827,-0.03125,0.015625,0.08203125,81,3093978475239,3093975986,61,0,1,3006314,0,-0.005859375,0
1,49,3093991258967,3093991480948,3,0,0,1,0,7,7,0,0,0,4,0,0,82,3093989504856,3093986088,62,0,1,1976092,0.874938965,-0.0213012695,-0.0632324219,0.479553223,-0.998355627,-0.0980784148,-0.0907898322,3.14160156,81,3093991476103,3093986387,80,3,1,4845,0.0390625,-0.01171875,0.12109375,82,3093988477889,3093985986,62,0,1,3003059,0.005859375,-0.00390625,-0.001953125
1,50,3094001258967,3094001480288,3,0,0,1,0,7,7,0,0,0,4,0,0,83,3093999504714,3093996188,63,0,1,1975574,0.874938965,-0.0213012695,-0.0631713867,0.479553223,-0.998370051,-0.0980195925,-0.0906829387,3.14160156,82,3094001475461,3093996387,81,3,1,4827,0.00390625,0.00390625,0.046875,83,3093998475139,3093996186,63,0,1,3005149,0.00390625,0.005859375,0
1,51,3094011258967,3094011292762,3,0,0,1,0,7,5,2,0,0,4,0,0,84,3094010507533,3094006088,64,0,1,785229,0.874938965,-0.0213012695,-0.0631713867,0.479614258,-0.998428166,-0.0980273411,-0.0906696841,3.14160156,82,3094001475461,3093996387,81,3,1,9817301,0.00390625,0.00390625,0.046875,84,3094009494770,3094006386,64,0,1,1797992,-0.001953125,0,0
1,52,3094021258967,3094021478228,3,0,0,1,0,7,7,0,0,2,4,0,0,85,3094019505705,3094015488,65,0,1,1972523,0.874938965,-0.0213012695,-0.0631713867,0.479614258,-0.998428166,-0.0980273411,-0.0906696841,3.14160156,84,3094021473548,3094015884,83,3,1,4680,0,0,-0.0390625,85,3094018479441,3094015986,65,0,1,2998787,-0.001953125,-0.005859375,0
1,53,3094031258967,3094031478400,3,0,0,1,0,7,7,0,0,0,4,0,0,86,3094029505618,3094025888,66,0,1,1972782,0.874938965,-0.0213012695,-0.0631713867,0.479614258,-0.998428166,-0.0980273411,-0.0906696841,3.14160156,85,3094031473720,3094025684,84,3,1,4680,0.00390625,0.00390625,0.07421875,86,3094028478892,3094026187,66,0,1,2999508,0.00390625,0,0
1,54,3094041258967,3094041479348,3,0,0,1,0,7,7,0,0,0,4,0,0,87,3094039504699,3094036088,67,0,1,1974649,0.874938965,-0.0213012695,-0.0631713867,0.479614258,-0.998428166,-0.0980273411,-0.0906696841,3.14160156,86,3094041474484,3094036386,85,3,1,4864,0.00390625,0,0,87,3094038480562,3094035986,67,0,1,2998786,-0.001953125,0.009765625,0
1,55,3094051258967,3094051478596,3,0,0,1,0,7,7,0,0,0,4,0,0,88,3094049503669,3094046087,68,0,1,1974927,0.874938965,-0.0213623047,-0.0631713867,0.479614258,-0.998423994,-0.0981346592,-0.0906111002,3.14160156,87,3094051473676,3094046186,86,3,1,4920,0,0,-0.1171875,88,3094048474316,3094045986,68,0,1,3004280,-0.0078125,0,0
1,56,3094061258967,3094061478786,3,0,0,1,0,7,7,0,0,0,4,0,0,89,3094059504248,3094056087,69,0,1,1974538,0.874938965,-0.0213623047,-0.0631713867,0.479614258,-0.998423994,-0.0981346592,-0.0906111002,3.14160156,88,3094061474089,3094056186,87,3,1,4697,0.0390625,-0.01171875,-0.0390625,89,3094058473878,3094056186,69,0,1,3004908,0,-0.0078125,0
1,57,3094071258967,3094071489500,3,0,0,1,0,7,7,0,0,0,4,0,0,90,3094069506417,3094065688,70,0,1,1983083,0.874938965,-0.0213623047,-0.0631713867,0.479614258,-0.998423994,-0.0981346592,-0.0906111002,3.14160156,89,3094071484488,3094065686,88,3,1,5012,0.0390625,-0.01171875,0.07421875,90,3094068480560,3094065987,70,0,1,3008940,0.005859375,0.001953125,-0.001953125
1,58,3094081258967,3094081484271,3,0,0,1,0,7,7,0,0,0,4,0,0,91,3094079505017,3094075888,71,0,1,1979254,0.874938965,-0.0213623047,-0.0631713867,0.479553223,-0.998365879,-0.0981269106,-0.0906243548,3.14160156,90,3094081478742,3094076188,89,3,1,5529,0.00390625,0.00390625,0.07421875,91,3094078477514,3094075986,71,0,1,3006757,-0.005859375,0.01171875,-0.001953125
1,59,3094091258967,3094091475085,3,0,0,1,0,7,7,0,0,0,4,0,0,92,3094089504856,3094085488,72,0,1,1970229,0.874938965,-0.0213623047,-0.0631103516,0.479553223,-0.998380363,-0.0980680883,-0.0905174613,3.14160156,91,3094091470258,3094085886,90,3,1,4827,-0.03515625,0.015625,-0.0390625,92,3094088475559,3094085986,72,0,1,2999526,-0.005859375,-0.001953125,-0.001953125
1,60,3094101258967,3094101480824,3,0,0,1,0,7,7,0,0,0,4,0,0,93,3094099505102,3094095887,73,0,1,1975722,0.875,-0.0213623047,-0.0631713867,0.479553223,-0.998217285,-0.0981295332,-0.0906126425,3.14160156,92,3094101475979,3094095886,91,3,1,4845,0.00390625,0,0,93,3094098478524,3094096186,73,0,1,3002300,0.00390625,-0.009765625,-0.001953125
1,61,3094111258967,3094111480404,3,0,0,1,0,7,7,0,0,0,4,0,0,94,3094109504701,3094105888,74,0,1,1975703,0.875,-0.0213623047,-0.0631713867,0.479553223,-0.998217285,-0.0981295332,-0.0906126425,3.14160156,93,3094111475651,3094105687,92,3,1,4753,0.0390625,-0.01171875,0.03515625,94,3094108475034,3094105786,74,0,1,3005370,0.00390625,0,0
1,62,3094121258967,3094121480354,3,0,0,1,0,7,7,0,0,0,4,0,0,95,3094119504540,3094115687,75,0,1,1975814,0.874938965,-0.0213623047,-0.0631713867,0.479553223,-0.998365879,-0.0981269106,-0.0906243548,3.14160156,94,3094121475601,3094115986,93,3,1,4753,0,0,-0.0390625,95,3094118476315,3094115987,75,0,1,3004039,-0.001953125,0.009765625,0.001953125
1,63,3094131258967,3094131479787,3,0,0,1,0,7,7,0,0,0,4,0,0,96,3094129505544,3094125688,76,0,1,1974243,0.874938965,-0.0213623047,-0.0631713867,0.479553223,-0.998365879,-0.0981269106,-0.0906243548,3.14160156,95,3094131475015,3094125886,94,3,1,4772,-0.03515625,0.015625,-0.078125,96,3094128474915,3094125986,76,0,1,3004872,-0.00390625,-0.00390625,-0.001953125
1,64,3094141258967,3094141479903,3,0,0,1,0,7,7,0,0,0,4,0,0,97,3094139504607,3094135488,77,0,1,1975296,0.874938965,-0.0213623047,-0.0631713867,0.479553223,-0.998365879,-0.0981269106,-0.0906243548,3.14160156,96,3094141475095,3094135986,95,3,1,4808,0.00390625,0,0,97,3094138475087,3094136186,77,0,1,3004816,0.00390625,-0.009765625,0
1,65,3094151258967,3094151481462,3,0,0,1,0,7,7,0,0,0,4,0,0,98,3094149506332,3094145687,78,0,1,1975130,0.874938965,-0.0213623047,-0.0631713867,0.479553223,-0.998365879,-0.0981269106,-0.0906243548,3.14160156,97,3094151476635,3094145686,96,3,1,4827,0.0390625,-0.01171875,0.03515625,98,3094148487577,3094145786,78,0,1,2993885,0.001953125,0.00390625,0
1,66,3094161258967,3094161480950,3,0,0,1,0,7,7,0,0,0,4,0,0,99,3094159505598,3094155888,79,0,1,1975352,0.874938965,-0.0213623047,-0.0631713867,0.479553223,-0.998365879,-0.0981269106,-0.0906243548,3.14160156,98,3094161476197,3094155987,97,3,1,4753,0,0,-0.0390625,99,3094158478816,3094155988,79,0,1,3002134,-0.001953125,0.005859375,-0.001953125
1,67,3094171258967,3094171485098,3,0,0,1,0,7,7,0,0,0,4,0,0,100,3094169505566,3094165486,80,0,1,1979532,0.875,-0.0213623047,-0.0631713867,0.479553223,-0.998217285,-0.0981295332,-0.0906126425,3.14160156,99,3094171480382,3094165284,98,3,1,4716,0,0,-0.0390625,100,3094168469926,3094165986,80,0,1,3015172,-0.001953125,-0.001953125,0
1,68,3094181258967,3094181479759,3,0,0,1,0,7,7,0,0,0,4,0,0,101,3094179504795,3094175488,81,0,1,1974964,0.875,-0.0213623047,-0.0631713867,0.479553223,-0.998217285,-0.0981295332,-0.0906126425,3.14160156,100,3094181474895,3094175886,99,3,1,4864,0.00390625,0,0,101,3094178474999,3094175984,81,0,1,3004760,-0.005859375,-0.001953125,-0.001953125
1,69,3094191258967,3094191480116,3,0,0,1,0,7,7,0,0,0,4,0,0,102,3094189504542,3094185487,82,0,1,1975574,0.875,-0.0214233398,-0.0631713867,0.479553223,-0.998213053,-0.0982368588,-0.090554066,3.14160156,101,3094191475381,3094185686,100,3,1,4735,0.00390625,0.00390625,0.0390625,102,3094188472674,3094185984,82,0,1,3007442,-0.001953125,0.00390625,-0.001953125
1,70,3094201258967,3094201479474,3,0,0,1,0,7,7,0,0,0,4,0,0,103,3094199504141,3094195288,83,0,1,1975333,0.875,-0.0214233398,-0.0631713867,0.479553223,-0.998213053,-0.0982368588,-0.090554066,3.14160156,102,3094201474740,3094195486,101,3,1,4734,0.00390625,0,0,103,3094198474936,3094195786,83,0,1,3004538,-0.00390625,0.005859375,-0.001953125
1,71,3094211258967,3094211292059,3,0,0,1,0,7,7,0,0,0,4,0,0,104,3094208504421,3094205387,84,0,1,2787638,0.875,-0.021484375,-0.0631103516,0.479553223,-0.998223424,-0.0982853621,-0.090388611,3.14160156,103,3094210474669,3094204986,102,3,1,817390,0.015625,0.0390625,0,104,3094207474754,3094204986,84,0,1,3817305,-0.009765625,0.009765625,0
1,72,3094221258967,3094221292268,3,0,0,1,0,7,7,0,0,0,4,0,0,105,3094218504797,3094215388,85,0,1,2787471,0.875,-0.021484375,-0.0631103516,0.479553223,-0.998223424,-0.0982853621,-0.090388611,3.14160156,104,3094220475081,3094215786,103,3,1,817187,-0.03515625,0.015625,-0.1171875,105,3094217477182,3094214986,85,0,1,3815086,-0.00390625,-0.001953125,0.001953125
1,73,3094231258967,3094231482450,3,0,0,1,0,7,7,0,0,0,4,0,0,106,3094229504361,3094225488,86,0,1,1978089,0.875,-0.021484375,-0.0631713867,0.479553223,-0.99820888,-0.0983441845,-0.0904954895,3.14160156,105,3094231477382,3094225887,104,3,1,5068,0.0390625,-0.01171875,0.07421875,106,3094228474564,3094225986,86,0,1,3007886,0.001953125,-0.0078125,0.001953125
1,74,3094241258967,3094241291687,3,0,0,1,0,7,7,0,0,0,4,0,0,107,3094238502940,3094235187,87,0,1,2788747,0.875,-0.021484375,-0.0631713867,0.479553223,-0.99820888,-0.0983441845,-0.0904954895,3.14160156,106,3094240474537,3094235386,105,3,1,817150,0.07421875,-0.0234375,0.07421875,107,3094237473901,3094234986,87,0,1,3817786,-0.0078125,0.009765625,0.001953125
1,75,3094251258967,3094251478448,3,0,0,1,0,7,7,0,0,0,4,0,0,108,3094249503466,3094245288,88,0,1,1974982,0.874938965,-0.0215454102,-0.0631103516,0.479553223,-0.998367786,-0.0983900502,-0.0903416872,3.14160156,107,3094251473658,3094245086,106,3,1,4790,-0.0078125,0.0078125,-0.0390625,108,3094248474057,3094245786,88,0,1,3004391,-0.005859375,0.0078125,0.001953125
1,76,3094261258967,3094261291976,3,0,0,1,0,7,7,0,0,0,4,0,0,109,3094258504560,3094255187,89,0,1,2787416,0.874938965,-0.0215454102,-0.0631713867,0.479553223,-0.998353243,-0.0984488726,-0.0904485881,3.14160156,108,3094260475695,3094255587,107,3,1,816281,0.03125,-0.00390625,0,109,3094257475762,3094254986,89,0,1,3816214,-0.001953125,-0.009765625,0
1,77,3094271258967,3094271289799,3,0,0,1,0,7,5,2,0,0,4,0,0,110,3094270504515,3094265188,90,0,1,785284,0.874938965,-0.0215454102,-0.0631713867,0.479553223,-0.998353243,-0.0984488726,-0.0904485881,3.14160156,108,3094260475695,3094255587,107,3,1,10814104,0.03125,-0.00390625,0,110,3094269472388,3094265484,90,0,1,1817411,-0.001953125,0.001953125,0
1,78,3094281258967,3094281292375,3,0,0,1,0,7,7,0,0,2,4,0,0,111,3094278505107,3094274888,91,0,1,2787268,0.874938965,-0.0216064453,-0.0631713867,0.479553223,-0.998349071,-0.0985561982,-0.0903899968,3.14160156,110,3094280476058,3094275387,109,3,1,816317,-0.04296875,0.0234375,0.0390625,111,3094277475311,3094275186,91,0,1,3817064,0,0,0
1,79,3094291258967,3094291292029,3,0,0,1,0,7,7,0,0,0,4,0,0,112,3094288504872,3094285088,92,0,1,2787157,0.874938965,-0.0215454102,-0.0631713867,0.479553223,-0.998353243,-0.0984488726,-0.0904485881,3.14160156,111,3094290475268,3094284987,110,3,1,816761,-0.04296875,0.0234375,-0.0390625,112,3094287475057,3094284786,92,0,1,3816972,0,0,0
1,80,3094301258967,3094301291683,3,0,0,1,0,7,7,0,0,0,4,0,0,113,3094298504748,3094295187,93,0,1,2786935,0.874938965,-0.0215454102,-0.0631713867,0.479553223,-0.998353243,-0.0984488726,-0.0904485881,3.14160156,112,3094300474811,3094295586,111,3,1,816872,-0.00390625,0.0078125,0,113,3094297474471,3094295286,93,0,1,3817212,0,0,0
1,81,3094311258967,3094311291929,3,0,0,1,0,7,7,0,0,0,4,0,0,114,3094308504939,3094305088,94,0,1,2786990,0.874938965,-0.0215454102,-0.0631713867,0.479553223,-0.998353243,-0.0984488726,-0.0904485881,3.14160156,113,3094310475205,3094304687,112,3,1,816724,-0.04296875,0.0234375,0.0390625,114,3094307475475,3094305186,94,0,1,3816454,0,0,0
1,82,3094321258967,3094321292101,3,0,0,1,0,7,7,0,0,0,4,0,0,115,3094318504815,3094315088,95,0,1,2787286,0.874938965,-0.0215454102,-0.0631713867,0.479553223,-0.998353243,-0.0984488726,-0.0904485881,3.14160156,114,3094320475802,3094315187,113,3,1,816299,-0.00390625,0.0078125,0,115,3094317476479,3094314986,95,0,1,3815622,0,0,0
1,83,3094331258967,3094331292421,3,0,0,1,0,7,7,0,0,0,4,0,0,116,3094328505080,3094325088,96,0,1,2787341,0.874938965,-0.0215454102,-0.0632324219,0.479553223,-0.998338819,-0.0985077024,-0.0905554816,3.14160156,115,3094330475882,3094325387,114,3,1,816539,-0.00390625,0.0078125,0,116,3094327474506,3094325186,96,0,1,3817915,0,0,0
1,84,3094341258967,3094341292187,3,0,0,1,0,7,7,0,0,0,4,0,0,117,3094338505658,3094334888,97,0,1,2786529,0.874938965,-0.0215454102,-0.0632324219,0.479553223,-0.998338819,-0.0985077024,-0.0905554816,3.14160156,116,3094340473483,3094335184,115,3,1,818704,-0.0078125,0.0078125,-0.0390625,117,3094337477119,3094335186,97,0,1,3815068,0,0,0
1,85,3094351258967,3094351292229,3,0,0,1,0,7,7,0,0,0,4,0,0,118,3094348504702,3094344688,98,0,1,2787527,0.874938965,-0.0215454102,-0.0632324219,0.479553223,-0.998338819,-0.0985077024,-0.0905554816,3.14160156,117,3094350473026,3094344684,116,3,1,819203,-0.00390625,0.0078125,0,118,3094347474702,3094345186,98,0,1,3817527,0,0,0
1,86,3094361258967,3094361292124,3,0,0,1,0,7,7,0,0,0,4,0,0,119,3094358504467,3094354887,99,0,1,2787657,0.874938965,-0.0215454102,-0.0632324219,0.479553223,-0.998338819,-0.0985077024,-0.0905554816,3.14160156,118,3094360476324,3094355187,117,3,1,815800,-0.00390625,0.0078125,0,119,3094357474412,3094355186,99,0,1,3817712,0,0,0
1,87,3094371258967,3094371292129,3,0,0,1,0,7,7,0,0,0,4,0,0,120,3094368505046,3094364888,100,0,1,2787083,0.874938965,-0.0215454102,-0.0632324219,0.479553223,-0.998338819,-0.0985077024,-0.0905554816,3.14160156,119,3094370475664,3094365187,118,3,1,816465,-0.00390625,0.0078125,0,120,3094367476840,3094365187,100,0,1,3815289,0,0,0
1,88,3094381258967,3094381292301,3,0,0,1,0,7,7,0,0,0,4,0,0,121,3094378504830,3094374887,101,0,1,2787471,0.874938965,-0.0215454102,-0.0632324219,0.479553223,-0.998338819,-0.0985077024,-0.0905554816,3.14160156,120,3094380475558,3094374986,119,3,1,816743,0.03125,-0.00390625,0,121,3094377478658,3094375286,101,0,1,3813643,0,0,0
1,89,3094391258967,3094391292029,3,0,0,1,0,7,7,0,0,0,4,0,0,122,3094388504502,3094384685,102,0,1,2787527,0.874938965,-0.0215454102,-0.0632324219,0.479553223,-0.998338819,-0.0985077024,-0.0905554816,3.14160156,121,3094390474787,3094384886,120,3,1,817242,-0.00390625,0.0078125,0,122,3094387476870,3094384586,102,0,1,3815159,0,0,0
1,90,3094401258967,3094401292053,3,0,0,1,0,7,7,0,0,0,4,0,0,123,3094398504545,3094394687,103,0,1,2787508,0.874938965,-0.0215454102,-0.0632324219,0.479553223,-0.998338819,-0.0985077024,-0.0905554816,3.14160156,122,3094400475144,3094394986,121,3,1,816909,-0.00390625,0,0,123,3094397474286,3094395186,103,0,1,3817767,0,0,0
1,91,3094411258967,3094411292077,3,0,0,1,0,7,7,0,0,0,4,0,0,124,3094408503607,3094404687,104,0,1,2788470,0.874938965,-0.0215454102,-0.0632324219,0.479553223,-0.998338819,-0.0985077024,-0.0905554816,3.14160156,123,3094410474188,3094404486,122,3,1,817889,-0.04296875,0.015625,0,124,3094407473996,3094405185,104,0,1,3818081,0,0,0
1,92,3094421258967,3094421292027,3,0,0,1,0,7,7,0,0,0,4,0,0,125,3094418505314,3094414488,105,0,1,2786713,0.874938965,-0.0215454102,-0.0632324219,0.479553223,-0.998338819,-0.0985077024,-0.0905554816,3.14160156,124,3094420475599,3094414987,123,3,1,816428,-0.00390625,0.00390625,0.0390625,125,3094417476091,3094415286,105,0,1,3815936,0,0,0
1,93,3094431258967,3094431293309,3,0,0,1,0,7,7,0,0,0,4,0,0,126,3094428504543,3094424687,106,0,1,2788766,0.874938965,-0.0215454102,-0.0632324219,0.479553223,-0.998338819,-0.0985077024,-0.0905554816,3.14160156,125,3094430469668,3094424686,124,3,1,823641,-0.03515625,0.015625,0,126,3094427476651,3094424786,106,0,1,3816658,0,0,0
1,94,3094441258967,3094441289727,3,0,0,1,0,7,7,0,0,0,4,0,0,127,3094438505825,3094434688,107,0,1,2783902,0.874938965,-0.0215454102,-0.0632324219,0.479553223,-0.998338819,-0.0985077024,-0.0905554816,3.14160156,126,3094440476109,3094434886,125,3,1,813618,-0.046875,-0.01953125,0,127,3094437478211,3094435187,107,0,1,3811516,0,0,0
1,95,3094451258967,3094451291489,3,0,0,1,0,7,7,0,0,0,4,0,0,128,3094448503297,3094444487,108,0,1,2788192,0.874938965,-0.0215454102,-0.0632324219,0.479553223,-0.998338819,-0.0985077024,-0.0905554816,3.14160156,127,3094450474432,3094444086,126,3,1,817057,0.0390625,-0.01171875,0,128,3094447475553,3094445186,108,0,1,3815936,0,0,0
1,96,3094461258967,3094461288887,3,0,0,1,0,7,7,0,0,0,4,0,0,129,3094458501194,3094454484,109,0,1,2787693,0.874938965,-0.0215454102,-0.0632324219,0.479553223,-0.998338819,-0.0985077024,-0.0905554816,3.14160156,128,3094460477082,3094454887,127,3,1,811805,-0.01171875,-0.03515625,0.0390625,129,3094457482623,3094454983,109,0,1,3806264,0,0,0
1,97,3094471258967,3094471290715,3,0,0,1,0,7,7,0,0,0,4,0,0,130,3094467506067,3094464388,110,0,1,3784648,0.874938965,-0.0215454102,-0.0632324219,0.479553223,-0.998338819,-0.0985077024,-0.0905554816,3.14160156,129,3094469476908,3094464786,128,3,1,1813807,0.00390625,0,0,130,3094466478595,3094463985,110,0,1,4812120,0,0,0
1,98,3094481258967,3094481290781,3,0,0,1,0,7,7,0,0,0,4,0,0,131,3094477506170,3094474387,111,0,1,3784611,0.874938965,-0.0215454102,-0.0632324219,0.479553223,-0.998338819,-0.0985077024,-0.0905554816,3.14160156,130,3094479476863,3094474787,129,3,1,1813918,0,0,-0.0390625,131,3094476473390,3094474186,111,0,1,4817391,0,0,0
1,99,3094491258967,3094491290791,3,0,0,1,0,7,7,0,0,0,4,0,0,132,3094487505126,3094484388,112,0,1,3785665,0.874938965,-0.0215454102,-0.0632324219,0.479553223,-0.998338819,-0.0985077024,-0.0905554816,3.14160156,131,3094489475893,3094484187,130,3,1,1814898,0,0,-0.0390625,132,3094486476434,3094484186,112,0,1,4814357,0,0,0
1,100,3094501258967,3094501290839,3,0,0,1,0,7,7,0,0,0,4,0,0,133,3094497505525,3094494388,113,0,1,3785314,0.874938965,-0.0215454102,-0.0632324219,0.479553223,-0.998338819,-0.0985077024,-0.0905554816,3.14160156,132,3094499475904,3094494787,131,3,1,1814935,0.0390625,-0.01171875,0,133,3094496475242,3094494186,113,0,1,4815597,0,0,0
1,101,3094511258967,3094511290886,3,0,0,1,0,7,7,0,0,0,4,0,0,134,3094507504500,3094504386,114,0,1,3786386,0.874938965,-0.0215454102,-0.0632324219,0.479553223,-0.998338819,-0.0985077024,-0.0905554816,3.14160156,133,3094509476968,3094504787,132,3,1,1813918,0,0,-0.0390625,134,3094506494137,3094504186,114,0,1,4796749,0,0,0
1,102,3094521258967,3094521290268,3,0,0,1,0,7,7,0,0,0,4,0,0,135,3094517505380,3094514386,115,0,1,3784888,0.874938965,-0.0215454102,-0.0632324219,0.479553223,-0.998338819,-0.0985077024,-0.0905554816,3.14160156,134,3094519475314,3094514386,133,3,1,1814954,-0.03515625,0.015625,0,135,3094516470861,3094514186,115,0,1,4819407,0,0,0
1,103,3094531258967,3094531480975,3,0,0,1,0,7,7,0,0,0,4,0,0,136,3094529505122,3094524386,116,0,1,1975853,0.874938965,-0.0215454102,-0.0632324219,0.479553223,-0.998338819,-0.0985077024,-0.0905554816,3.14160156,135,3094531476148,3094524387,134,3,1,4827,-0.03515625,0.015625,0,136,3094528476966,3094524888,116,0,1,3004009,0,0,0
1,104,3094541258967,3094541290880,3,0,0,1,0,7,7,0,0,0,4,0,0,137,3094537506381,3094534188,117,0,1,3784499,0.874938965,-0.0215454102,-0.0632324219,0.479553223,-0.998338819,-0.0985077024,-0.0905554816,3.14160156,136,3094539477351,3094534587,135,3,1,1813529,0.00390625,0,0,137,3094536483921,3094534186,117,0,1,4806959,0,0,0
1,105,3094551258967,3094551291723,3,0,0,1,0,7,7,0,0,0,4,0,0,138,3094547505189,3094544388,118,0,1,3786534,0.874938965,-0.0215454102,-0.0632324219,0.479553223,-0.998338819,-0.0985077024,-0.0905554816,3.14160156,137,3094549475234,3094544586,136,3,1,1816489,-0.03515625,0.015625,0,138,3094546475368,3094544186,118,0,1,4816355,0,0,0
1,106,3094561258967,3094561290698,3,0,0,1,0,7,7,0,0,0,4,0,0,139,3094557506198,3094554088,119,0,1,3784500,0.874938965,-0.0215454102,-0.0632324219,0.479553223,-0.998338819,-0.0985077024,-0.0905554816,3.14160156,138,3094559475948,3094554586,137,3,1,1814750,0.00390625,0,0,139,3094556481723,3094554186,119,0,1,4808975,0,0,0
1,107,3094571258967,3094571291263,3,0,0,1,0,7,7,0,0,0,4,0,0,140,3094567505395,3094564188,120,0,1,3785868,0.874938965,-0.021484375,-0.0632324219,0.479553223,-0.99834305,-0.0984003767,-0.090614073,3.14160156,139,3094569475736,3094564187,138,3,1,1815527,0.00390625,0,0,140,3094566478496,3094563987,120,0,1,4812767,0,0,0
1,108,3094581258967,3094581291033,3,0,0,1,0,7,7,0,0,0,4,0,0,141,3094577506497,3094574189,121,0,1,3784536,0.874938965,-0.021484375,-0.0631713867,0.479553223,-0.998357475,-0.0983415544,-0.090507172,3.14160156,140,3094579476154,3094574386,139,3,1,1814879,0,0,-0.0390625,141,3094576479876,3094574187,121,0,1,4811157,0,0,0
1,109,3094591258967,3094591290785,3,0,0,1,0,7,7,0,0,0,4,0,0,142,3094587504972,3094584188,122,0,1,3785813,0.874938965,-0.021484375,-0.0631713867,0.479553223,-0.998357475,-0.0983415544,-0.090507172,3.14160156,141,3094589475794,3094583887,140,3,1,1814991,-0.03515625,0.015625,0,142,3094586476834,3094584186,122,0,1,4813951,0,0,0
1,110,3094601258967,3094601290832,3,0,0,1,0,7,7,0,0,0,4,0,0,143,3094597504335,3094594188,123,0,1,3786497,0.874938965,-0.021484375,-0.0631713867,0.479553223,-0.998357475,-0.0983415544,-0.090507172,3.14160156,142,3094599475878,3094594587,141,3,1,1814954,0.00390625,0,0,143,3094596475050,3094593986,123,0,1,4815782,0,0,0
1,111,3094611258967,3094611290750,3,0,0,1,0,7,7,0,0,0,4,0,0,144,3094607504919,3094603888,124,0,1,3785831,0.874938965,-0.021484375,-0.0631713867,0.479553223,-0.998357475,-0.0983415544,-0.090507172,3.14160156,143,3094609475389,3094604186,142,3,1,1815361,-0.03515625,0.015625,0,144,3094606475653,3094604186,124,0,1,4815097,0,0,0
1,112,3094621258967,3094621290816,3,0,0,1,0,7,7,0,0,0,4,0,0,145,3094617504707,3094614087,125,0,1,3786109,0.874938965,-0.021484375,-0.0631713867,0.479553223,-0.998357475,-0.0983415544,-0.090507172,3.14160156,144,3094619473291,3094614385,143,3,1,1817525,0,0,-0.0390625,145,3094616477106,3094614287,125,0,1,4813710,0,0,0
1,113,3094631258967,3094631292214,3,0,0,1,0,7,7,0,0,0,4,0,0,146,3094627509582,3094623687,126,0,1,3782632,0.875,-0.021484375,-0.0631713867,0.479553223,-0.99820888,-0.0983441845,-0.0904954895,3.14160156,145,3094629522169,3094623896,144,3,1,1770045,0.00390625,0,0,146,3094626511556,3094624187,126,0,1,4780658,0,0,0
1,114,3094641258967,3094641295054,3,0,0,1,0,7,7,0,0,0,4,0,0,147,3094637512256,3094633888,127,0,1,3782798,0.875,-0.021484375,-0.0631713867,0.479553223,-0.99820888,-0.0983441845,-0.0904954895,3.14160156,146,3094639533536,3094634213,145,3,1,1761518,0.00390625,0,0,147,3094636514804,3094633988,127,0,1,4780250,0,0,0
1,115,3094651258967,3094651318869,3,0,0,1,0,7,7,0,0,0,4,0,0,148,3094647552699,3094643904,128,0,1,3766170,0.875,-0.021484375,-0.0631713867,0.479553223,-0.99820888,-0.0983441845,-0.0904954895,3.14160156,147,3094649503971,3094644192,146,3,1,1814898,-0.03515625,0.015625,-0.0390625,148,3094646554415,3094644215,128,0,1,4764454,0,0,0
1,116,3094661258967,3094661288287,3,0,0,1,0,7,7,0,0,0,4,0,0,149,3094657501604,3094653886,129,0,1,3786683,0.875,-0.021484375,-0.0631713867,0.479553223,-0.99820888,-0.0983441845,-0.0904954895,3.14160156,148,3094659508014,3094654006,147,3,1,1780273,0,0,-0.0390625,149,3094656505022,3094654184,129,0,1,4783265,0,0,0
1,117,3094671258967,3094671287798,3,0,0,1,0,7,7,0,0,0,4,0,0,150,3094667508181,3094664087,130,0,1,3779617,0.875,-0.021484375,-0.0631713867,0.479553223,-0.99820888,-0.0983441845,-0.0904954895,3.14160156,149,3094669474731,3094663984,148,3,1,1813067,0.0390625,-0.01171875,0.0078125,150,3094666473699,3094663784,130,0,1,4814099,0,0,0
1,118,3094681258967,3094681291692,3,0,0,1,0,7,7,0,0,0,4,0,0,151,3094677502254,3094673489,131,0,1,3789438,0.875,-0.021484375,-0.0631713867,0.479553223,-0.99820888,-0.0983441845,-0.0904954895,3.14160156,150,3094679481344,3094673888,149,3,1,1810348,0.00390625,0.00390625,0.046875,151,3094676484789,3094674186,131,0,1,4806903,0,0,0
1,119,3094691258967,3094691290778,3,0,0,1,0,7,7,0,0,0,4,0,0,152,3094687506815,3094683888,132,0,1,3783963,0.875,-0.021484375,-0.0631713867,0.479553223,-0.99820888,-0.0983441845,-0.0904954895,3.14160156,151,3094689475140,3094683686,150,3,1,1815638,0,0,-0.03125,152,3094686478252,3094684186,132,0,1,4812526,0,0,0
1,120,3094701258967,3094701290696,3,0,0,1,0,7,7,0,0,0,4,0,0,153,3094697504994,3094693688,133,0,1,3785702,0.875,-0.021484375,-0.0631713867,0.479553223,-0.99820888,-0.0983441845,-0.0904954895,3.14160156,152,3094699474836,3094694186,151,3,1,1815860,-0.03515625,0.015625,0.0078125,153,3094696475007,3094694286,133,0,1,4815689,0,0,0
1,121,3094711258967,3094711290447,3,0,0,1,0,7,7,0,0,0,4,0,0,154,3094707504376,3094703888,134,0,1,3786071,0.875,-0.021484375,-0.0631713867,0.479553223,-0.99820888,-0.0983441845,-0.0904954895,3.14160156,153,3094709474606,3094703886,152,3,1,1815841,0.00390625,0.00390625,0.046875,154,3094706475054,3094703986,134,0,1,4815393,0,0,0
1,122,3094721258967,3094721287572,3,0,0,1,0,7,7,0,0,0,4,0,0,155,3094717481247,3094713886,135,0,1,3806325,0.875,-0.021484375,-0.0631713867,0.479553223,-0.99820888,-0.0983441845,-0.0904954895,3.14160156,154,3094719452791,3094714183,153,3,1,1834781,-0.03515625,0.015625,-0.03125,155,3094716461951,3094714285,135,0,1,4825621,0,0,0
1,123,3094731258967,3094731287786,3,0,0,1,0,7,7,0,0,0,4,0,0,156,3094727478298,3094723885,136,0,1,3809488,0.875,-0.021484375,-0.0631713867,0.479553223,-0.99820888,-0.0983441845,-0.0904954895,3.14160156,155,3094729452302,3094723483,154,3,1,1835484,0.01171875,0,0.0078125,156,3094726452140,3094724183,136,0,1,4835646,0,0,0
1,124,3094741258967,3094741287982,3,0,0,1,0,7,7,0,0,0,4,0,0,157,3094737485985,3094733687,137,0,1,3801997,0.875,-0.021484375,-0.0631713867,0.479553223,-0.99820888,-0.0983441845,-0.0904954895,3.14160156,156,3094739454680,3094733984,155,3,1,1833302,0.01171875,0.00390625,0.046875,157,3094736454203,3094733984,137,0,1,4833779,0,0,0
1,125,3094751258967,3094751290138,3,0,0,1,0,7,7,0,0,0,4,0,0,158,3094746474190,3094743185,138,0,1,4815948,0.875,-0.021484375,-0.0631713867,0.479553223,-0.99820888,-0.0983441845,-0.0904954895,3.14160156,157,3094748453964,3094743584,156,3,1,2836174,0.01171875,0,0.0078125,158,3094745453672,3094742984,138,0,1,5836466,0,0,0
1,126,3094761258967,3094761288132,3,0,0,1,0,7,7,0,0,0,4,0,0,159,3094756480063,3094753785,139,0,1,4808069,0.875,-0.021484375,-0.0631713867,0.479553223,-0.99820888,-0.0983441845,-0.0904954895,3.14160156,158,3094758455399,3094753984,157,3,1,2832733,0.0078125,0,-0.03125,159,3094755455348,3094753284,139,0,1,5832784,0,0,0
1,127,3094771258967,3094771287347,3,0,0,1,0,7,7,0,0,0,4,0,0,160,3094766478742,3094763385,140,0,1,4808605,0.875,-0.021484375,-0.0631713867,0.479553223,-0.99820888,-0.0983441845,-0.0904954895,3.14160156,159,3094768451987,3094763384,158,3,1,2835360,-0.02734375,0.015625,0.0078125,160,3094765452713,3094763183,140,0,1,5834634,0,0,0
1,128,3094781258967,3094781288042,3,0,0,1,0,7,7,0,0,0,4,0,0,161,3094777479756,3094773685,141,0,1,3808286,0.875,-0.021484375,-0.0631713867,0.479553223,-0.99820888,-0.0983441845,-0.0904954895,3.14160156,160,3094779453464,3094773884,159,3,1,1834578,-0.02734375,0.015625,0.046875,161,3094776456335,3094774184,141,0,1,4831707,0,0,0
1,129,3094791258967,3094791287923,3,0,0,1,0,7,7,0,0,0,4,0,0,162,3094787479064,3094783685,142,0,1,3808859,0.875,-0.021484375,-0.0631103516,0.479553223,-0.998223424,-0.0982853621,-0.090388611,3.14160156,161,3094789460836,3094783884,160,3,1,1827087,0.01171875,0,0.0078125,162,3094786453959,3094783184,142,0,1,4833964,0,0,0
1,130,3094801258967,3094801287434,3,0,0,1,0,7,7,0,0,0,4,0,0,163,3094796479661,3094793585,143,0,1,4807773,0.875,-0.021484375,-0.0631103516,0.479553223,-0.998223424,-0.0982853621,-0.090388611,3.14160156,162,3094798452407,3094793584,161,3,1,2835027,0.01171875,0,0.0078125,163,3094795453114,3094793283,143,0,1,5834320,0,0,0
1,131,3094811258967,3094811286002,3,0,0,1,0,7,7,0,0,0,4,0,0,164,3094807480176,3094803485,144,0,1,3805826,0.875,-0.021484375,-0.0631103516,0.479553223,-0.998223424,-0.0982853621,-0.090388611,3.14160156,163,3094809453181,3094803484,162,3,1,1832821,0.01171875,0,0.0078125,164,3094806452131,3094803781,144,0,1,4833871,0,0,0
1,132,3094821258967,3094821288361,3,0,0,1,0,7,7,0,0,0,4,0,0,165,3094816478313,3094813083,145,0,1,4810048,0.875,-0.021484375,-0.0631103516,0.479553223,-0.998223424,-0.0982853621,-0.090388611,3.14160156,164,3094818482170,3094813390,163,3,1,2806191,0.01171875,0,0,165,3094815456723,3094813184,145,0,1,5831638,0,0,0
1,133,3094831258967,3094831290869,3,0,0,1,0,7,7,0,0,0,4,0,0,166,3094826503183,3094823385,146,0,1,4787686,0.875,-0.021484375,-0.0631103516,0.479553223,-0.998223424,-0.0982853621,-0.090388611,3.14160156,165,3094828475873,3094823786,164,3,1,2814996,0.01171875,0.00390625,0.0390625,166,3094825476562,3094823186,146,0,1,5814307,0,0,0
1,134,3094841258967,3094841290805,3,0,0,1,0,7,7,0,0,0,4,0,0,167,3094836505024,3094833088,147,0,1,4785781,0.875,-0.021484375,-0.0631103516,0.479553223,-0.998223424,-0.0982853621,-0.090388611,3.14160156,166,3094838476032,3094833586,165,3,1,2814773,0.0078125,0,-0.0390625,167,3094835475943,3094833186,147,0,1,5814862,0,0,0
1,135,3094851258967,3094851290723,3,0,0,1,0,7,7,0,0,0,4,0,0,168,3094847505465,3094843288,148,0,1,3785258,0.875,-0.021484375,-0.0631103516,0.479553223,-0.998223424,-0.0982853621,-0.090388611,3.14160156,167,3094849475677,3094843286,166,3,1,1815046,0.01171875,0,0,168,3094846475533,3094843786,148,0,1,4815190,0,0,0
1,136,3094861258967,3094861290752,3,0,0,1,0,7,7,0,0,0,4,0,0,169,3094856504657,3094853388,149,0,1,4786095,0.875,-0.021484375,-0.0631103516,0.479553223,-0.998223424,-0.0982853621,-0.090388611,3.14160156,168,3094858475794,3094853586,167,3,1,2814958,0.01171875,0,0,169,3094855475021,3094853286,149,0,1,5815731,0,0,0
1,137,3094871258967,3094871290300,3,0,0,1,0,7,7,0,0,0,4,0,0,170,3094866503817,3094863188,150,0,1,4786483,0.875,-0.021484375,-0.0631103516,0.479553223,-0.998223424,-0.0982853621,-0.090388611,3.14160156,169,3094868474805,3094862886,168,3,1,2815495,0.01171875,0,0,170,3094865477584,3094863187,150,0,1,5812716,0,0,0
1,138,3094881258967,3094881290366,3,0,0,1,0,7,7,0,0,0,4,0,0,171,3094876504511,3094873188,151,0,1,4785855,0.875,-0.021484375,-0.0631103516,0.479553223,-0.998223424,-0.0982853621,-0.090388611,3.14160156,170,3094878474871,3094873586,169,3,1,2815495,0.0078125,0,-0.0390625,171,3094875481608,3094873187,151,0,1,5808758,0,0,0
1,139,3094891258967,3094891290672,3,0,0,1,0,7,7,0,0,0,4,0,0,172,3094886499324,3094882688,152,0,1,4791348,0.875,-0.021484375,-0.0631103516,0.479553223,-0.998223424,-0.0982853621,-0.090388611,3.14160156,171,3094888478710,3094882988,170,3,1,2811962,0.01171875,0,0,172,3094885477383,3094882986,152,0,1,5813289,0,0,0
1,140,3094901258967,3094901290905,3,0,0,1,0,7,7,0,0,0,4,0,0,173,3094896505180,3094893188,153,0,1,4785725,0.875,-0.021484375,-0.0631103516,0.479553223,-0.998223424,-0.0982853621,-0.090388611,3.14160156,172,3094898476483,3094893187,171,3,1,2814422,0.0078125,0,-0.0390625,173,3094895476542,3094893286,153,0,1,5814363,0,0,0
1,141,3094911258967,3094911290601,3,0,0,1,0,7,7,0,0,0,4,0,0,174,3094906504728,3094903088,154,0,1,4785873,0.875,-0.021484375,-0.0630493164,0.479553223,-0.998237789,-0.0982265398,-0.0902817249,3.14160156,173,3094908476216,3094902987,172,3,1,2814385,0.046875,-0.01171875,0,174,3094905475906,3094903186,154,0,1,5814695,0,0,0
1,142,3094921258967,3094921290722,3,0,0,1,0,7,7,0,0,0,4,0,0,175,3094916505737,3094913188,155,0,1,4784985,0.875,-0.021484375,-0.0630493164,0.479553223,-0.998237789,-0.0982265398,-0.0902817249,3.14160156,174,3094918475930,3094913387,173,3,1,2814792,0.0078125,0,-0.0390625,175,3094915477470,3094913187,155,0,1,5813252,0,0,0
1,143,3094931258967,3094931290733,3,0,0,1,0,7,7,0,0,0,4,0,0,176,3094926504989,3094923088,156,0,1,4785744,0.875,-0.021484375,-0.0630493164,0.479553223,-0.998237789,-0.0982265398,-0.0902817249,3.14160156,175,3094928476033,3094923387,174,3,1,2814700,0.01171875,0,0.0078125,176,3094925475612,3094923186,156,0,1,5815121,0,0,0
1,144,3094941258967,3094941290632,3,0,0,1,0,7,7,0,0,0,4,0,0,177,3094936504611,3094933088,157,0,1,4786021,0.875,-0.021484375,-0.0630493164,0.479553223,-0.998237789,-0.0982265398,-0.0902817249,3.14160156,176,3094938476062,3094932987,175,3,1,2814570,0,0,-0.03125,177,3094935475604,3094933186,157,0,1,5815028,0,0,0
1,145,3094951258967,3094951290457,3,0,0,1,0,7,7,0,0,0,4,0,0,178,3094946504843,3094943087,158,0,1,4785614,0.875,-0.021484375,-0.0630493164,0.479553223,-0.998237789,-0.0982265398,-0.0902817249,3.14160156,177,3094948476073,3094942987,176,3,1,2814384,0.00390625,0,0.0078125,178,3094945474745,3094942986,158,0,1,5815712,0,0,0
1,146,3094961258967,3094961290653,3,0,0,1,0,7,7,0,0,0,4,0,0,179,3094955504627,3094952587,159,0,1,5786026,0.875,-0.021484375,-0.0630493164,0.479553223,-0.998237789,-0.0982265398,-0.0902817249,3.14160156,178,3094957475320,3094952786,177,3,1,3815333,0.00390625,0.00390625,0.046875,179,3094954475250,3094952186,159,0,1,6815403,0,0,0
1,147,3094971258967,3094971290793,3,0,0,1,0,7,7,0,0,0,4,0,0,180,3094966505031,3094962688,160,0,1,4785762,0.875,-0.021484375,-0.0630493164,0.479553223,-0.998237789,-0.0982265398,-0.0902817249,3.14160156,179,3094968475779,3094962687,178,3,1,2815014,0.00390625,0,0.0078125,180,3094965475154,3094963186,160,0,1,5815639,0,0,0
1,148,3094981258967,3094981290452,3,0,0,1,0,7,7,0,0,0,4,0,0,181,3094976505781,3094972688,161,0,1,4784671,0.875,-0.021484375,-0.0630493164,0.479553223,-0.998237789,-0.0982265398,-0.0902817249,3.14160156,180,3094978474254,3094973184,179,3,1,2816198,0,0,-0.03125,181,3094975477199,3094973186,161,0,1,5813253,0,0,0
1,149,3094991258967,3094991290647,3,0,0,1,0,7,7,0,0,0,4,0,0,182,3094986504922,3094982887,162,0,1,4785725,0.875,-0.021484375,-0.0630493164,0.479553223,-0.998237789,-0.0982265398,-0.0902817249,3.14160156,181,3094988473229,3094982884,180,3,1,2817418,0.00390625,0.00390625,0.046875,182,3094985474990,3094982986,162,0,1,5815657,0,0,0
1,150,3095001258967,3095001290269,3,0,0,1,0,7,7,0,0,0,4,0,0,183,3094996505007,3094992888,163,0,1,4785262,0.875,-0.021484375,-0.0630493164,0.479553223,-0.998237789,-0.0982265398,-0.0902817249,3.14160156,182,3094998475422,3094992987,181,3,1,2814847,0.00390625,0.00390625,0.046875,183,3094995475371,3094993186,163,0,1,5814898,0,0,0
1,151,3095011258967,3095011287376,3,0,0,1,0,7,7,0,0,0,4,0,0,184,3095006505775,3095002688,164,0,1,4781601,0.875,-0.021484375,-0.0630493164,0.479553223,-0.998237789,-0.0982265398,-0.0902817249,3.14160156,183,3095008471049,3095002683,182,3,1,2816327,0.00390625,0.00390625,0.046875,184,3095005484722,3095003184,164,0,1,5802654,0,0,0
1,152,3095021258967,3095021290438,3,0,0,1,0,7,7,0,0,0,4,0,0,185,3095016500866,3095012688,165,0,1,4789572,0.875,-0.021484375,-0.0630493164,0.479553223,-0.998237789,-0.0982265398,-0.0902817249,3.14160156,184,3095018479956,3095012987,183,3,1,2810482,0,0,-0.03125,185,3095015479960,3095013186,165,0,1,5810478,0,0,0
1,153,3095031258967,3095031290707,3,0,0,1,0,7,7,0,0,0,4,0,0,186,3095025505532,3095022188,166,0,1,5785175,0.875,-0.021484375,-0.0630493164,0.479553223,-0.998237789,-0.0982265398,-0.0902817249,3.14160156,185,3095027472415,3095022587,184,3,1,3818292,0.00390625,0,0,186,3095024477173,3095022186,166,0,1,6813534,0,0,0
1,154,3095041258967,3095041290033,3,0,0,1,0,7,7,0,0,0,4,0,0,187,3095036505677,3095032688,167,0,1,4784356,0.875,-0.021484375,-0.0630493164,0.479553223,-0.998237789,-0.0982265398,-0.0902817249,3.14160156,186,3095038475168,3095032686,185,3,1,2814865,0.00390625,0.00390625,0.0390625,187,3095035476689,3095033186,167,0,1,5813344,0,0,0
1,155,3095051258967,3095051290432,3,0,0,1,0,7,7,0,0,0,4,0,0,188,3095047503824,3095042787,168,0,1,3786608,0.875,-0.021484375,-0.0630493164,0.479553223,-0.998237789,-0.0982265398,-0.0902817249,3.14160156,187,3095049472057,3095042784,186,3,1,1818375,0.00390625,0,0,188,3095046474281,3095042886,168,0,1,4816151,0,0,0
1,156,3095061258967,3095061290332,3,0,0,1,0,7,7,0,0,0,4,0,0,189,3095056503552,3095052687,169,0,1,4786780,0.875,-0.021484375,-0.0630493164,0.479553223,-0.998237789,-0.0982265398,-0.0902817249,3.14160156,188,3095058475891,3095052987,187,3,1,2814441,0.00390625,0,0,189,3095055474730,3095053186,169,0,1,5815602,0,0,0
1,157,3095071258967,3095071289917,3,0,0,1,0,7,7,0,0,0,4,0,0,190,3095066507410,3095062686,170,0,1,4782507,0.875,-0.021484375,-0.0630493164,0.479553223,-0.998237789,-0.0982265398,-0.0902817249,3.14160156,189,3095068474774,3095062986,188,3,1,2815143,0.0390625,-0.01171875,0.03515625,190,3095065479938,3095063184,170,0,1,5809979,0,0,0
1,158,3095081258967,3095081291462,3,0,0,1,0,7,7,0,0,0,4,0,0,191,3095075496854,3095072583,171,0,1,5794608,0.875,-0.021484375,-0.0630493164,0.479553223,-0.998237789,-0.0982265398,-0.0902817249,3.14160156,190,3095077469360,3095072583,189,3,1,3822102,0.00390625,0,0,191,3095074485881,3095072182,171,0,1,6805581,0,0,0
1,159,3095091258967,3095091292657,3,0,0,1,0,7,7,0,0,0,4,0,0,192,3095086505322,3095082488,172,0,1,4787335,0.875,-0.021484375,-0.0630493164,0.479553223,-0.998237789,-0.0982265398,-0.0902817249,3.14160156,191,3095088474813,3095082686,190,3,1,2817844,0.00390625,0,0,192,3095085481365,3095082986,172,0,1,5811292,0,0,0
1,160,3095101258967,3095101290244,3,0,0,1,0,7,7,0,0,0,4,0,0,193,3095095506808,3095092088,173,0,1,5783436,0.875,-0.021484375,-0.0630493164,0.479553223,-0.998237789,-0.0982265398,-0.0902817249,3.14160156,192,3095097475041,3095092386,191,3,1,3815203,0.00390625,0,0,193,3095094478060,3095092186,173,0,1,6812184,0,0,0
1,161,3095111258967,3095111289959,3,0,0,1,0,7,7,0,0,0,4,0,0,194,3095105504340,3095102188,174,0,1,5785619,0.875,-0.021484375,-0.0630493164,0.479553223,-0.998237789,-0.0982265398,-0.0902817249,3.14160156,193,3095107473756,3095102586,192,3,1,3816203,0.00390625,0.00390625,0.0390625,194,3095104473945,3095102186,174,0,1,6816014,0,0,0
1,162,3095121258967,3095121290135,3,0,0,1,0,7,7,0,0,0,4,0,0,195,3095115504831,3095112188,175,0,1,5785304,0.875,-0.021484375,-0.0630493164,0.479553223,-0.998237789,-0.0982265398,-0.0902817249,3.14160156,194,3095117475931,3095112787,193,3,1,3814204,0.00390625,0,0,195,3095114476545,3095112286,175,0,1,6813590,0,0,0
1,163,3095131258967,3095131290053,3,0,0,1,0,7,7,0,0,0,4,0,0,196,3095126504051,3095122288,176,0,1,4786002,0.875,-0.021484375,-0.0630493164,0.479553223,-0.998237789,-0.0982265398,-0.0902817249,3.14160156,195,3095128474725,3095122286,194,3,1,2815328,-0.03515625,0.015625,0,196,3095125472621,3095122784,176,0,1,5817432,0,0,0
1,164,3095141258967,3095141290582,3,0,0,1,0,7,7,0,0,0,4,0,0,197,3095135500894,3095132385,177,0,1,5789688,0.875,-0.021484375,-0.0630493164,0.479553223,-0.998237789,-0.0982265398,-0.0902817249,3.14160156,196,3095137475212,3095132586,195,3,1,3815370,-0.03515625,0.015625,0.0390625,197,3095134474014,3095132186,177,0,1,6816568,0,0,0
1,165,3095151258967,3095151291203,3,0,0,1,0,7,7,0,0,0,4,0,0,198,3095145500719,3095142085,178,0,1,5790484,0.875,-0.021484375,-0.0630493164,0.479553223,-0.998237789,-0.0982265398,-0.0902817249,3.14160156,197,3095147473835,3095141886,196,3,1,3817368,0.00390625,0.00390625,0.0390625,198,3095144473673,3095142186,178,0,1,6817530,0,0,0
1,166,3095161258967,3095161290769,3,0,0,1,0,7,7,0,0,0,4,0,0,199,3095155503708,3095152186,179,0,1,5787061,0.875,-0.021484375,-0.0630493164,0.479553223,-0.998237789,-0.0982265398,-0.0902817249,3.14160156,198,3095157476361,3095152587,197,3,1,3814408,0.0390625,-0.01171875,0,199,3095154481822,3095152187,179,0,1,6808947,0,0,0
1,167,3095171258967,3095171290780,3,0,0,1,0,7,7,0,0,0,4,0,0,200,3095165504865,3095161888,180,0,1,5785915,0.875,-0.0214233398,-0.0630493164,0.479553223,-0.998242021,-0.0981192142,-0.0903403088,3.14160156,199,3095167475890,3095162187,198,3,1,3814890,-0.01171875,-0.03515625,0.0390625,200,3095164475691,3095162186,180,0,1,6815089,0,0,0
1,168,3095181258967,3095181290753,3,0,0,1,0,7,7,0,0,0,4,0,0,201,3095175507409,3095172188,181,0,1,5783344,0.875,-0.0214233398,-0.0630493164,0.479553223,-0.998242021,-0.0981192142,-0.0903403088,3.14160156,200,3095177475919,3095172187,199,3,1,3814834,0.00390625,0,0,201,3095174483137,3095172186,181,0,1,6807616,0,0,0
1,169,3095191258967,3095191290357,3,0,0,1,0,7,7,0,0,0,4,0,0,202,3095185504331,3095182187,182,0,1,5786026,0.875,-0.0214233398,-0.0630493164,0.479553223,-0.998242021,-0.0981192142,-0.0903403088,3.14160156,201,3095187474672,3095181986,200,3,1,3815685,0.00390625,0,-0.0078125,202,3095184474917,3095182186,182,0,1,6815440,0,0,0
1,170,3095201258967,3095201290367,3,0,0,1,0,7,7,0,0,0,4,0,0,203,3095195504545,3095192188,183,0,1,5785822,0.875,-0.0214233398,-0.0630493164,0.479553223,-0.998242021,-0.0981192142,-0.0903403088,3.14160156,202,3095197475311,3095192386,201,3,1,3815056,0.00390625,0,-0.0078125,203,3095194474557,3095192186,183,0,1,6815810,0,0,0
1,171,3095211258967,3095211290174,3,0,0,1,0,7,7,0,0,0,4,0,0,204,3095205504130,3095202087,184,0,1,5786044,0.875,-0.0214233398,-0.0630493164,0.479553223,-0.998242021,-0.0981192142,-0.0903403088,3.14160156,203,3095207474748,3095202386,202,3,1,3815426,0.00390625,0,-0.0078125,204,3095204474679,3095202186,184,0,1,6815495,0,0,0
1,172,3095221258967,3095221287632,3,0,0,1,0,7,7,0,0,0,4,0,0,205,3095215506064,3095212188,185,0,1,5781568,0.875,-0.0214233398,-0.0630493164,0.479553223,-0.998242021,-0.0981192142,-0.0903403088,3.14160156,204,3095217477626,3095212387,203,3,1,3810006,0.00390625,0.00390625,0.03125,205,3095214477371,3095212287,185,0,1,6810261,0,0,0
1,173,3095231258967,3095231287920,3,0,0,1,0,7,7,0,0,0,4,0,0,206,3095225504391,3095222188,186,0,1,5783529,0.875,-0.0214233398,-0.0630493164,0.479553223,-0.998242021,-0.0981192142,-0.0903403088,3.14160156,205,3095227474732,3095222187,204,3,1,3813188,0,0,-0.046875,206,3095224474607,3095221986,186,0,1,6813313,0,0,0
1,174,3095241258967,3095241290668,3,0,0,1,0,7,7,0,0,0,4,0,0,207,3095234504101,3095231588,187,0,1,6786567,0.875,-0.0214233398,-0.0630493164,0.479553223,-0.998242021,-0.0981192142,-0.0903403088,3.14160156,206,3095236472870,3095231984,205,3,1,4817798,-0.03515625,0.015625,-0.0078125,207,3095233474872,3095231186,187,0,1,7815796,0,0,0
1,175,3095251258967,3095251290123,3,0,0,1,0,7,7,0,0,0,4,0,0,208,3095245504856,3095241688,188,0,1,5785267,0.875,-0.0214233398,-0.0630493164,0.479553223,-0.998242021,-0.0981192142,-0.0903403088,3.14160156,207,3095247475216,3095241687,206,3,1,3814907,0.00390625,0.00390625,0.03125,208,3095244475701,3095242186,188,0,1,6814422,0,0,0
1,176,3095261258967,3095261289986,3,0,0,1,0,7,7,0,0,0,4,0,0,209,3095255503590,3095251887,189,0,1,5786396,0.875,-0.0214233398,-0.0630493164,0.479553223,-0.998242021,-0.0981192142,-0.0903403088,3.14160156,208,3095257474875,3095252186,207,3,1,3815111,0.00390625,0,-0.0078125,209,3095254474047,3095252186,189,0,1,6815939,0,0,0
1,177,3095271258967,3095271290255,3,0,0,1,0,7,7,0,0,0,4,0,0,210,3095265505043,3095261888,190,0,1,5785212,0.875,-0.0214233398,-0.0630493164,0.479553223,-0.998242021,-0.0981192142,-0.0903403088,3.14160156,209,3095267475588,3095262187,208,3,1,3814667,0.00390625,0,-0.0078125,210,3095264474168,3095261986,190,0,1,6816087,0,0,0
1,178,3095281258967,3095281290136,3,0,0,1,0,7,7,0,0,0,4,0,0,211,3095275505238,3095272087,191,0,1,5784898,0.875,-0.0214233398,-0.0630493164,0.479553223,-0.998242021,-0.0981192142,-0.0903403088,3.14160156,210,3095277475913,3095272187,209,3,1,3814223,-0.03515625,0.015625,0.03125,211,3095274478544,3095272286,191,0,1,6811592,0,0,0
1,179,3095291258967,3095291290442,3,0,0,1,0,7,7,0,0,0,4,0,0,212,3095285504158,3095281688,192,0,1,5786284,0.875,-0.0214233398,-0.0630493164,0.479553223,-0.998242021,-0.0981192142,-0.0903403088,3.14160156,211,3095287474591,3095281686,210,3,1,3815851,0.00390625,0,-0.0078125,212,3095284474929,3095282186,192,0,1,6815513,0,0,0
1,180,3095301258967,3095301290453,3,0,0,1,0,7,7,0,0,0,4,0,0,213,3095295505278,3095291888,193,0,1,5785175,0.875,-0.0214233398,-0.0630493164,0.479553223,-0.998242021,-0.0981192142,-0.0903403088,3.14160156,212,3095297473196,3095292184,211,3,1,3817257,-0.03515625,0.015625,-0.0078125,213,3095294476604,3095292186,193,0,1,6813849,0,0,0
1,181,3095311258967,3095311290371,3,0,0,1,0,7,7,0,0,0,4,0,0,214,3095305504678,3095301488,194,0,1,5785693,0.875,-0.0214233398,-0.0630493164,0.479553223,-0.998242021,-0.0981192142,-0.0903403088,3.14160156,213,3095307473299,3095301684,212,3,1,3817072,0.00390625,0,-0.0078125,214,3095304475135,3095301186,194,0,1,6815236,0,0,0
1,182,3095321258967,3095321290363,3,0,0,1,0,7,7,0,0,0,4,0,0,215,3095315504873,3095311887,195,0,1,5785490,0.875,-0.0214233398,-0.0630493164,0.479553223,-0.998242021,-0.0981192142,-0.0903403088,3.14160156,214,3095317474345,3095311985,213,3,1,3816018,0,0,-0.046875,215,3095314475737,3095312286,195,0,1,6814626,0,0,0
1,183,3095331258967,3095331289929,3,0,0,1,0,7,7,0,0,0,4,0,0,216,3095325503792,3095321888,196,0,1,5786137,0.875,-0.0214233398,-0.0630493164,0.479553223,-0.998242021,-0.0981192142,-0.0903403088,3.14160156,215,3095327474596,3095321486,214,3,1,3815333,0.00390625,0,-0.0078125,216,3095324474748,3095321986,196,0,1,6815181,0,0,0
1,184,3095341258967,3095341290143,3,0,0,1,0,7,7,0,0,0,4,0,0,217,3095335504154,3095331888,197,0,1,5785989,0.875,-0.0214233398,-0.0630493164,0.479553223,-0.998242021,-0.0981192142,-0.0903403088,3.14160156,216,3095337474126,3095331986,215,3,1,3816017,0.00390625,0,-0.0078125,217,3095334474703,3095332186,197,0,1,6815440,0,0,0
1,185,3095351258967,3095351290117,3,0,0,1,0,7,7,0,0,0,4,0,0,218,3095345504202,3095341687,198,0,1,5785915,0.875,-0.0214233398,-0.0630493164,0.479553223,-0.998242021,-0.0981192142,-0.0903403088,3.14160156,217,3095347474192,3095341986,216,3,1,3815925,0.00390625,0,-0.0078125,218,3095344473771,3095342186,198,0,1,6816346,0,0,0
1,186,3095361258967,3095361290219,3,0,0,1,0,7,7,0,0,0,4,0,0,219,3095355503898,3095351488,199,0,1,5786321,0.875,-0.0214233398,-0.0630493164,0.479553223,-0.998242021,-0.0981192142,-0.0903403088,3.14160156,218,3095357474332,3095351986,217,3,1,3815887,0.00390625,0,-0.0078125,219,3095354474151,3095352286,199,0,1,6816068,0,0,0
1,187,3095371258967,3095371290026,3,0,0,1,0,7,7,0,0,0,4,0,0,220,3095365503871,3095361688,200,0,1,5786155,0.875,-0.0214233398,-0.0630493164,0.479553223,-0.998242021,-0.0981192142,-0.0903403088,3.14160156,219,3095367474268,3095361686,218,3,1,3815758,0.0390625,-0.01171875,-0.0078125,220,3095364474050,3095361786,200,0,1,6815976,0,0,0
1,188,3095381258967,3095381290333,3,0,0,1,0,7,7,0,0,0,4,0,0,221,3095375505343,3095371888,201,0,1,5784990,0.875,-0.0214233398,-0.0630493164,0.479553223,-0.998242021,-0.0981192142,-0.0903403088,3.14160156,220,3095377475647,3095372186,219,3,1,3814686,0.00390625,0,-0.0078125,221,3095374478777,3095372287,201,0,1,6811556,0,0,0
1,189,3095391258967,3095391290676,3,0,0,1,0,7,7,0,0,0,4,0,0,222,3095385504133,3095381487,202,0,1,5786543,0.875,-0.0214233398,-0.0630493164,0.479553223,-0.998242021,-0.0981192142,-0.0903403088,3.14160156,221,3095387474455,3095381286,220,3,1,3816221,0,0,-0.046875,222,3095384474941,3095382186,202,0,1,6815735,0,0,0
1,190,3095401258967,3095401290224,3,0,0,1,0,7,7,0,0,0,4,0,0,223,3095395504568,3095391485,203,0,1,5785656,0.875,-0.0214233398,-0.0630493164,0.479553223,-0.998242021,-0.0981192142,-0.0903403088,3.14160156,222,3095397475391,3095391886,221,3,1,3814833,0.00390625,0.00390625,0.03125,223,3095394477522,3095391987,203,0,1,6812702,0,0,0
1,191,3095411258967,3095411290438,3,0,0,1,0,7,7,0,0,0,4,0,0,224,3095405503857,3095401487,204,0,1,5786581,0.875,-0.0214233398,-0.0630493164,0.479553223,-0.998242021,-0.0981192142,-0.0903403088,3.14160156,223,3095407475290,3095401886,222,3,1,3815148,0.00390625,0,-0.0078125,224,3095404475220,3095402186,204,0,1,6815218,0,0,0
1,192,3095421258967,3095421290042,3,0,0,1,0,7,7,0,0,0,4,0,0,225,3095414505417,3095411588,205,0,1,6784625,0.875,-0.0214233398,-0.0630493164,0.479553223,-0.998242021,-0.0981192142,-0.0903403088,3.14160156,224,3095416475943,3095411787,223,3,1,4814099,0.00390625,0,-0.0078125,225,3095413479369,3095411289,205,0,1,7810673,0,0,0
1,193,3095431258967,3095431290052,3,0,0,1,0,7,7,0,0,0,4,0,0,226,3095424504096,3095421387,206,0,1,6785956,0.875,-0.0214233398,-0.0630493164,0.479553223,-0.998242021,-0.0981192142,-0.0903403088,3.14160156,225,3095426475732,3095420987,224,3,1,4814320,0.0390625,-0.01171875,0.02734375,226,3095423474922,3095421186,206,0,1,7815130,0,0,0
1,194,3095441258967,3095441290155,3,0,0,1,0,7,7,0,0,0,4,0,0,227,3095434504513,3095431387,207,0,1,6785642,0.875,-0.0214233398,-0.0630493164,0.479553223,-0.998242021,-0.0981192142,-0.0903403088,3.14160156,226,3095436474614,3095431786,225,3,1,4815541,-0.03515625,0.015625,-0.0078125,227,3095433474415,3095431186,207,0,1,7815740,0,0,0
1,195,3095451258967,3095451290036,3,0,0,1,0,7,7,0,0,0,4,0,0,228,3095445503881,3095441687,208,0,1,5786155,0.875,-0.0214233398,-0.0630493164,0.479553223,-0.998242021,-0.0981192142,-0.0903403088,3.14160156,227,3095447474740,3095441986,226,3,1,3815296,0,0,-0.046875,228,3095444474504,3095442186,208,0,1,6815532,0,0,0
1,196,3095461258967,3095461290102,3,0,0,1,0,7,7,0,0,0,4,0,0,229,3095454504182,3095451187,209,0,1,6785920,0.875,-0.0214233398,-0.0630493164,0.479553223,-0.998242021,-0.0981192142,-0.0903403088,3.14160156,228,3095456475060,3095451386,227,3,1,4815042,-0.03515625,0.015625,0.03125,229,3095453473899,3095451186,209,0,1,7816203,0,0,0
1,197,3095471258967,3095471291053,3,0,0,1,0,7,7,0,0,0,4,0,0,230,3095464503934,3095461185,210,0,1,6787119,0.875,-0.0214233398,-0.0630493164,0.479553223,-0.998242021,-0.0981192142,-0.0903403088,3.14160156,229,3095466477146,3095460988,228,3,1,4813907,-0.03515625,0.015625,-0.0078125,230,3095463474279,3095460786,210,0,1,7816774,0,0,0
1,198,3095481258967,3095481290646,3,0,0,1,0,7,7,0,0,0,4,0,0,231,3095474503025,3095471186,211,0,1,6787621,0.875,-0.0214233398,-0.0630493164,0.479553223,-0.998242021,-0.0981192142,-0.0903403088,3.14160156,230,3095476476036,3095471587,229,3,1,4814610,0,0,-0.046875,231,3095473478034,3095471187,211,0,1,7812612,0,0,0
1,199,3095491258967,3095491290608,3,0,0,1,0,7,7,0,0,0,4,0,0,232,3095484502451,3095481186,212,0,1,6788157,0.875,-0.0214233398,-0.0630493164,0.479553223,-0.998242021,-0.0981192142,-0.0903403088,3.14160156,231,3095486475999,3095481587,230,3,1,4814609,-0.03515625,0.015625,-0.0390625,232,3095483475314,3095481186,212,0,1,7815294,0,0,0
1,200,3095501258967,3095501290053,3,0,0,1,0,7,7,0,0,0,4,0,0,233,3095494503209,3095491087,213,0,1,6786844,0.875,-0.0214233398,-0.0630493164,0.479553223,-0.998242021,-0.0981192142,-0.0903403088,3.14160156,232,3095496474352,3095491586,231,3,1,4815701,-0.03515625,0.015625,0.0390625,233,3095493476017,3095491287,213,0,1,7814036,0,0,0
1,201,3095511258967,3095511290164,3,0,0,1,0,7,7,0,0,0,4,0,0,234,3095504505410,3095501088,214,0,1,6784754,0.875,-0.0214233398,-0.0630493164,0.479553223,-0.998242021,-0.0981192142,-0.0903403088,3.14160156,233,3095506481788,3095501189,232,3,1,4808376,-0.01171875,-0.03515625,-0.0390625,234,3095503484137,3095500789,214,0,1,7806027,0,0,0
1,202,3095521258967,3095521290497,3,0,0,1,0,7,7,0,0,0,4,0,0,235,3095514506428,3095511388,215,0,1,6784069,0.875,-0.0214233398,-0.0630493164,0.479553223,-0.998242021,-0.0981192142,-0.0903403088,3.14160156,234,3095516477644,3095511787,233,3,1,4812853,0.00390625,0,0,235,3095513479568,3095511288,215,0,1,7810929,0,0,0
1,203,3095531258967,3095531290552,3,0,0,1,0,7,7,0,0,0,4,0,0,236,3095524504411,3095521087,216,0,1,6786141,0.875,-0.0214233398,-0.0630493164,0.479553223,-0.998242021,-0.0981192142,-0.0903403088,3.14160156,235,3095526470189,3095520687,234,3,1,4820363,0.0390625,-0.01171875,0,236,3095523476349,3095521186,216,0,1,7814203,0,0,0
1,204,3095541258967,3095541290533,3,0,0,1,0,7,7,0,0,0,4,0,0,237,3095534505687,3095531088,217,0,1,6784846,0.875,-0.0214233398,-0.0630493164,0.479553223,-0.998242021,-0.0981192142,-0.0903403088,3.14160156,236,3095536475239,3095531386,235,3,1,4815294,0.00390625,0.00390625,0.0390625,237,3095533477385,3095530986,217,0,1,7813148,0,0,0
1,205,3095551258967,3095551290625,3,0,0,1,0,7,7,0,0,0,4,0,0,238,3095544504780,3095541088,218,0,1,6785845,0.875,-0.0214233398,-0.0630493164,0.479553223,-0.998242021,-0.0981192142,-0.0903403088,3.14160156,237,3095546477107,3095541387,236,3,1,4813518,0.00390625,0,0,238,3095543475553,3095541186,218,0,1,7815072,0,0,0
1,206,3095561258967,3095561292715,3,0,0,1,0,7,7,0,0,0,4,0,0,239,3095554505132,3095551088,219,0,1,6787583,0.875,-0.0214233398,-0.0630493164,0.479553223,-0.998242021,-0.0981192142,-0.0903403088,3.14160156,238,3095556476052,3095551387,237,3,1,4816663,-0.03515625,0.015625,0,239,3095553476422,3095551287,219,0,1,7816293,0,0,0
1,207,3095571258967,3095571291217,3,0,0,1,0,7,7,0,0,0,4,0,0,240,3095565504336,3095560986,220,0,1,5786881,0.875,-0.0214233398,-0.0630493164,0.479553223,-0.998242021,-0.0981192142,-0.0903403088,3.14160156,239,3095567476644,3095560887,238,3,1,3814573,-0.03515625,0.015625,0,240,3095564484302,3095561090,220,0,1,6806915,0,0,0
1,208,3095581258967,3095581290680,3,0,0,1,0,7,7,0,0,0,4,0,0,241,3095574507296,3095570888,221,0,1,6783384,0.875,-0.0214233398,-0.0630493164,0.479553223,-0.998242021,-0.0981192142,-0.0903403088,3.14160156,240,3095576476884,3095571187,239,3,1,4813796,0.01171875,0,0,241,3095573467339,3095571184,221,0,1,7823341,0,0,0
1,209,3095591258967,3095591290661,3,0,0,1,0,7,7,0,0,0,4,0,0,242,3095584499748,3095581088,222,0,1,6790913,0.875,-0.0214233398,-0.0630493164,0.479553223,-0.998242021,-0.0981192142,-0.0903403088,3.14160156,241,3095586478900,3095581387,240,3,1,4811761,0.046875,-0.01171875,0,242,3095583475904,3095581186,222,0,1,7814757,0,0,0
1,210,3095601258967,3095601290939,3,0,0,1,0,7,7,0,0,0,4,0,0,243,3095594505371,3095590888,223,0,1,6785568,0.875,-0.0214233398,-0.0629882812,0.479553223,-0.998256445,-0.0980603918,-0.0902334228,3.14160156,242,3095596475959,3095590987,241,3,1,4814980,0,0,-0.0390625,243,3095593475626,3095591286,223,0,1,7815313,0,0,0
1,211,3095611258967,3095611290790,3,0,0,1,0,7,7,0,0,0,4,0,0,244,3095604505611,3095600888,224,0,1,6785179,0.875,-0.0214233398,-0.0629882812,0.479553223,-0.998256445,-0.0980603918,-0.0902334228,3.14160156,243,3095606476810,3095600887,242,3,1,4813980,0.00390625,0,0,244,3095603475755,3095600786,224,0,1,7815035,0,0,0
1,212,3095621258967,3095621290938,3,0,0,1,0,7,7,0,0,0,4,0,0,245,3095614506166,3095610888,225,0,1,6784772,0.875,-0.0214233398,-0.0629882812,0.479553223,-0.998256445,-0.0980603918,-0.0902334228,3.14160156,244,3095616476032,3095611187,243,3,1,4814906,-0.03515625,0.015625,0,245,3095613478141,3095611188,225,0,1,7812797,0,0,0
1,213,3095631258967,3095631288311,3,0,0,1,0,7,7,0,0,0,4,0,0,246,3095624505537,3095620888,226,0,1,6782774,0.875,-0.0214233398,-0.0629882812,0.479553223,-0.998256445,-0.0980603918,-0.0902334228,3.14160156,245,3095626474090,3095620884,244,3,1,4814221,-0.02734375,0.015625,0.0390625,246,3095623475755,3095621186,226,0,1,7812556,0,0,0
1,214,3095641258967,3095641288052,3,0,0,1,0,7,7,0,0,0,4,0,0,247,3095634505888,3095630488,227,0,1,6782164,0.875,-0.0214233398,-0.0629882812,0.479553223,-0.998256445,-0.0980603918,-0.0902334228,3.14160156,246,3095636473257,3095630984,245,3,1,4814795,0.01171875,0,0,247,3095633475995,3095631186,227,0,1,7812057,0,0,0
1,215,3095651258967,3095651290771,3,0,0,1,0,7,7,0,0,0,4,0,0,248,3095644504778,3095640687,228,0,1,6785993,0.875,-0.0214233398,-0.0629882812,0.479553223,-0.998256445,-0.0980603918,-0.0902334228,3.14160156,247,3095646473368,3095640684,246,3,1,4817403,0.01171875,0,0,248,3095643475736,3095640786,228,0,1,7815035,0,0,0
1,216,3095661258967,3095661299039,3,0,0,1,0,7,7,0,0,0,4,0,0,249,3095654502059,3095651088,229,0,1,6796980,0.875,-0.0214233398,-0.0629882812,0.479553223,-0.998256445,-0.0980603918,-0.0902334228,3.14160156,248,3095656493013,3095651186,247,3,1,4806026,0.01171875,0,0,249,3095653475569,3095651286,229,0,1,7823470,0,0,0
1,217,3095671258967,3095671305458,3,0,0,1,0,7,7,0,0,0,4,0,0,250,3095664540054,3095660498,230,0,1,6765404,0.875,-0.0214233398,-0.0629882812,0.479553223,-0.998256445,-0.0980603918,-0.0902334228,3.14160156,249,3095666534689,3095660312,248,3,1,4770769,-0.02734375,0.015625,0,250,3095663561697,3095661215,230,0,1,7743761,0,0,0
1,218,3095681258967,3095681306956,3,0,0,1,0,7,7,0,0,0,4,0,0,251,3095674554482,3095670504,231,0,1,6752474,0.875,-0.0214233398,-0.0629882812,0.479553223,-0.998256445,-0.0980603918,-0.0902334228,3.14160156,250,3095676527438,3095670905,249,3,1,4779518,0.01171875,0,0,251,3095673537464,3095670990,231,0,1,7769492,0,0,0
1,219,3095691258967,3095691288828,3,0,0,1,0,7,7,0,0,0,4,0,0,252,3095684510179,3095680488,232,0,1,6778649,0.875,-0.0214233398,-0.0629882812,0.479553223,-0.998256445,-0.0980603918,-0.0902334228,3.14160156,251,3095686532931,3095680894,250,3,1,4755897,0.01171875,0,0,252,3095683515229,3095680988,232,0,1,7773599,0,0,0
1,220,3095701258967,3095701288957,3,0,0,1,0,7,7,0,0,0,4,0,0,253,3095693498099,3095690583,233,0,1,7790858,0.875,-0.0214233398,-0.0629882812,0.479553223,-0.998256445,-0.0980603918,-0.0902334228,3.14160156,252,3095695465930,3095690982,251,3,1,5823027,0.01171875,0,0,253,3095692505905,3095690283,233,0,1,8783052,0,0,0
1,221,3095711258967,3095711290714,3,0,0,1,0,7,7,0,0,0,4,0,0,254,3095703503963,3095700385,234,0,1,7786751,0.875,-0.0214233398,-0.0629882812,0.479553223,-0.998256445,-0.0980603918,-0.0902334228,3.14160156,253,3095705472959,3095700184,252,3,1,5817755,0.01171875,0,0,254,3095702483911,3095700184,234,0,1,8806803,0,0,0
1,222,3095721258967,3095721286607,3,0,0,1,0,7,7,0,0,0,4,0,0,255,3095713510696,3095710389,235,0,1,7775911,0.875,-0.0214233398,-0.0629882812,0.479553223,-0.998256445,-0.0980603918,-0.0902334228,3.14160156,254,3095715478416,3095710787,253,3,1,5808191,0.046875,-0.01171875,0,255,3095712478324,3095710191,235,0,1,8808283,0,0,0
1,223,3095731258967,3095731285183,3,0,0,1,0,7,7,0,0,0,4,0,0,256,3095723460991,3095720583,236,0,1,7824192,0.875,-0.0214233398,-0.0629882812,0.479553223,-0.998256445,-0.0980603918,-0.0902334228,3.14160156,255,3095725435463,3095720782,254,3,1,5849720,0.01171875,0,0,256,3095722440421,3095720183,236,0,1,8844762,0,0,0
1,224,3095741258967,3095741285349,3,0,0,1,0,7,7,0,0,0,4,0,0,257,3095733459215,3095730583,237,0,1,7826134,0.875,-0.0214233398,-0.0629882812,0.479553223,-0.998256445,-0.0980603918,-0.0902334228,3.14160156,256,3095735435296,3095730582,255,3,1,5850053,-0.02734375,0.015625,-0.0390625,257,3095732434871,3095730282,237,0,1,8850478,0,0,0
1,225,3095751258967,3095751284738,3,0,0,1,0,7,7,0,0,0,4,0,0,258,3095744458807,3095740483,238,0,1,6825931,0.875,-0.0214233398,-0.0629882812,0.479553223,-0.998256445,-0.0980603918,-0.0902334228,3.14160156,257,3095746434907,3095740482,0,3,1,4849831,0.046875,-0.01171875,0.03515625,258,3095743435259,3095740782,238,0,1,7849479,0,0,0
1,226,3095761258967,3095761285441,3,0,0,1,0,7,7,0,0,0,4,0,0,259,3095753458474,3095750183,239,0,1,7826967,0.875,-0.0214233398,-0.0629882812,0.479553223,-0.998256445,-0.0980603918,-0.0902334228,3.14160156,258,3095755433575,3095750582,1,3,1,5851866,0.01171875,0,0,259,3095752435037,3095750182,239,0,1,8850404,0,0,0
1,227,3095771258967,3095771285385,3,0,0,1,0,7,7,0,0,0,4,0,0,260,3095763458326,3095760381,240,0,1,7827059,0.875,-0.0214233398,-0.0629882812,0.479553223,-0.998256445,-0.0980603918,-0.0902334228,3.14160156,259,3095765435739,3095760582,2,3,1,5849646,0.0390625,-0.01171875,0,260,3095762435592,3095760182,240,0,1,8849793,0,0,0
1,228,3095781258967,3095781283054,3,0,0,1,0,7,7,0,0,0,4,0,0,261,3095773463653,3095770181,241,0,1,7819401,0.875,-0.0214233398,-0.0629882812,0.479553223,-0.998256445,-0.0980603918,-0.0902334228,3.14160156,260,3095775436794,3095770782,3,3,1,5846260,0.00390625,0,0,261,3095772434685,3095770282,241,0,1,8848369,0,0,0
1,229,3095791258967,3095791285089,3,0,0,1,0,7,7,0,0,0,4,0,0,262,3095784460527,3095780283,242,0,1,6824562,0.875,-0.0214233398,-0.0629882812,0.479553223,-0.998256445,-0.0980603918,-0.0902334228,3.14160156,261,3095786435017,3095780482,4,3,1,4850072,0.00390625,0,0,262,3095783439087,3095780780,242,0,1,7846002,0,0,0
1,230,3095801258967,3095801285014,3,0,0,1,0,7,7,0,0,0,4,0,0,263,3095793456605,3095790181,243,0,1,7828409,0.875,-0.0214233398,-0.0629882812,0.479553223,-0.998256445,-0.0980603918,-0.0902334228,3.14160156,262,3095795434721,3095790582,5,3,1,5850293,-0.03515625,0.015625,0,263,3095792434518,3095790282,243,0,1,8850496,0,0,0
1,231,3095811258967,3095811285107,3,0,0,1,0,7,7,0,0,0,4,0,0,264,3095803459139,3095800383,244,0,1,7825968,0.875,-0.0214233398,-0.0629882812,0.479553223,-0.998256445,-0.0980603918,-0.0902334228,3.14160156,263,3095805434629,3095799982,6,3,1,5850478,0.00390625,0,0,264,3095802434518,3095800181,244,0,1,8850589,0,0,0
1,232,3095821258967,3095821289916,3,0,0,1,0,7,7,0,0,0,4,0,0,265,3095813461340,3095810184,245,0,1,7828576,0.875,-0.0214233398,-0.0629882812,0.479553223,-0.998256445,-0.0980603918,-0.0902334228,3.14160156,264,3095815477415,3095810587,7,3,1,5812501,0.00390625,0,0,265,3095812440788,3095809985,245,0,1,8849128,0,0,0
1,233,3095831258967,3095831289842,3,0,0,1,0,7,7,0,0,0,4,0,0,266,3095824506087,3095819988,246,0,1,6783755,0.875,-0.0214233398,-0.0629882812,0.479553223,-0.998256445,-0.0980603918,-0.0902334228,3.14160156,265,3095826475324,3095820286,8,3,1,4814518,-0.03515625,0.015625,0,266,3095823477211,3095820186,246,0,1,7812631,0,0,0
1,234,3095841258967,3095841289934,3,0,0,1,0,7,7,0,0,0,4,0,0,267,3095833505069,3095830088,247,0,1,7784865,0.875,-0.0214233398,-0.0629882812,0.479553223,-0.998256445,-0.0980603918,-0.0902334228,3.14160156,266,3095835474473,3095830386,9,3,1,5815461,0.00390625,0,0,267,3095832474362,3095830186,247,0,1,8815572,0,0,0
1,235,3095851258967,3095851289601,3,0,0,1,0,7,7,0,0,0,4,0,0,268,3095843503867,3095840088,248,0,1,7785734,0.875,-0.0214233398,-0.0629882812,0.479553223,-0.998256445,-0.0980603918,-0.0902334228,3.14160156,267,3095845475046,3095839886,10,3,1,5814555,0.00390625,0,0,268,3095842474473,3095840186,248,0,1,8815128,0,0,0
1,236,3095861258967,3095861289859,3,0,0,1,0,7,7,0,0,0,4,0,0,269,3095853504218,3095850088,249,0,1,7785641,0.875,-0.0214233398,-0.0629882812,0.479553223,-0.998256445,-0.0980603918,-0.0902334228,3.14160156,268,3095855473955,3095850386,11,3,1,5815904,0.00390625,0,0,269,3095852474695,3095850186,249,0,1,8815164,0,0,0
1,237,3095871258967,3095871289878,3,0,0,1,0,7,7,0,0,0,4,0,0,270,3095863504606,3095860088,250,0,1,7785272,0.875,-0.0214233398,-0.0629882812,0.479553223,-0.998256445,-0.0980603918,-0.0902334228,3.14160156,269,3095865477784,3095860386,12,3,1,5812094,-0.03515625,0.015625,0.0390625,270,3095862474731,3095860186,250,0,1,8815147,0,0,0
1,238,3095881258967,3095881289988,3,0,0,1,0,7,7,0,0,0,4,0,0,271,3095873504458,3095870088,251,0,1,7785530,0.875,-0.0214233398,-0.0629882812,0.479553223,-0.998256445,-0.0980603918,-0.0902334228,3.14160156,270,3095875482667,3095870187,13,3,1,5807321,0,0,-0.0390625,271,3095872474953,3095870286,251,0,1,8815035,0,0,0
1,239,3095891258967,3095891289970,3,0,0,1,0,7,7,0,0,0,4,0,0,272,3095883505216,3095880088,252,0,1,7784754,0.875,-0.0214233398,-0.0629882812,0.479553223,-0.998256445,-0.0980603918,-0.0902334228,3.14160156,271,3095885475563,3095879986,14,3,1,5814407,0.00390625,0.00390625,0.0390625,272,3095882476451,3095879786,252,0,1,8813519,0,0,0
1,240,3095901258967,3095901290043,3,0,0,1,0,7,7,0,0,0,4,0,0,273,3095893503292,3095889687,253,0,1,7786751,0.875,-0.0214233398,-0.0629882812,0.479553223,-0.998256445,-0.0980603918,-0.0902334228,3.14160156,272,3095895474361,3095889986,15,3,1,5815682,0.00390625,0,0,273,3095892474268,3095890186,253,0,1,8815775,0,0,0
1,241,3095911258967,3095911289636,3,0,0,1,0,7,7,0,0,0,4,0,0,274,3095903504568,3095899888,254,0,1,7785068,0.875,-0.0214233398,-0.0629882812,0.479553223,-0.998256445,-0.0980603918,-0.0902334228,3.14160156,273,3095905474305,3095899886,16,3,1,5815331,0.00390625,0,0,274,3095902473972,3095900186,254,0,1,8815664,0,0,0
1,242,3095921258967,3095921290783,3,0,0,1,0,7,7,0,0,0,4,0,0,275,3095913506085,3095909689,255,0,1,7784698,0.875,-0.0214233398,-0.0629882812,0.479553223,-0.998256445,-0.0980603918,-0.0902334228,3.14160156,274,3095915476895,3095910187,17,3,1,5813888,0.00390625,0,0,275,3095912481038,3095910190,255,0,1,8809745,0,0,0
1,243,3095931258967,3095931289969,3,0,0,1,0,7,7,0,0,0,4,0,0,276,3095923504605,3095919888,0,0,1,7785364,0.875,-0.0214233398,-0.0629882812,0.479553223,-0.998256445,-0.0980603918,-0.0902334228,3.14160156,275,3095925474341,3095919886,18,3,1,5815628,0.00390625,0.00390625,0.0390625,276,3095922475821,3095919986,0,0,1,8814148,0,0,0
1,244,3095941258967,3095941289857,3,0,0,1,0,7,7,0,0,0,4,0,0,277,3095933503976,3095929887,1,0,1,7785881,0.875,-0.0214233398,-0.0629882812,0.479553223,-0.998256445,-0.0980603918,-0.0902334228,3.14160156,276,3095935473934,3095929986,19,3,1,5815923,-0.03515625,0.015625,-0.0390625,277,3095932474064,3095930186,1,0,1,8815793,0,0,0
1,245,3095951258967,3095951289857,3,0,0,1,0,7,7,0,0,0,4,0,0,278,3095943503476,3095939687,2,0,1,7786381,0.875,-0.0214233398,-0.0629882812,0.479553223,-0.998256445,-0.0980603918,-0.0902334228,3.14160156,277,3095945473731,3095939284,20,3,1,5816126,0.00390625,0,0,278,3095942474582,3095940186,2,0,1,8815275,0,0,0
1,246,3095961258967,3095961478836,3,0,0,1,0,7,7,0,0,4,4,0,0,279,3095953503568,3095949687,3,0,1,7975268,0.875,-0.0214233398,-0.0629882812,0.479553223,-0.998256445,-0.0980603918,-0.0902334228,3.14160156,278,3095955470900,3095949983,21,3,1,6007936,0.00390625,0,0,280,3095961474119,3095958986,4,0,1,4717,0,0,0
1,247,3095971258967,3095971290338,3,0,0,1,0,7,3,4,0,0,4,0,0,280,3095962503734,3095959387,4,0,1,8786604,0.875,-0.0214233398,-0.0629882812,0.479553223,-0.998256445,-0.0980603918,-0.0902334228,3.14160156,279,3095964473601,3095959786,22,3,1,6816737,0,0,-0.0390625,280,3095961474119,3095958986,4,0,1,9816219,0,0,0
1,248,3095981258967,3095981290430,3,0,0,1,0,7,7,0,0,0,4,0,0,281,3095973504123,3095969688,5,0,1,7786307,0.875,-0.0214233398,-0.0629882812,0.479553223,-0.998256445,-0.0980603918,-0.0902334228,3.14160156,280,3095975478336,3095969686,23,3,1,5812094,0.00390625,0,0,281,3095972473841,3095970186,5,0,1,8816589,0,0,0
1,249,3095991258967,3095991292964,3,0,0,1,0,7,7,0,0,0,4,0,0,282,3095983505047,3095979488,6,0,1,7787917,0.875,-0.0214233398,-0.0629882812,0.479553223,-0.998256445,-0.0980603918,-0.0902334228,3.14160156,281,3095985475727,3095979484,24,3,1,5817237,-0.03515625,0.015625,0,282,3095982475783,3095980186,6,0,1,8817181,0,0,0
1,250,3096001258967,3096001292242,3,0,0,1,0,7,7,0,0,0,4,0,0,283,3095993509820,3095989489,7,0,1,7782422,0.875,-0.0214233398,-0.0629882812,0.479553223,-0.998256445,-0.0980603918,-0.0902334228,3.14160156,282,3095995477928,3095989887,25,3,1,5814314,0.00390625,0,0,283,3095992501107,3095989988,7,0,1,8791135,0,0,0
1,251,3096011258967,3096011482035,3,0,0,1,0,7,7,0,0,4,4,0,0,284,3096003519475,3095999492,8,0,1,7962560,0.875,-0.0214233398,-0.0629882812,0.479553223,-0.998256445,-0.0980603918,-0.0902334228,3.14160156,283,3096005477225,3095999887,26,3,1,6004810,-0.03515625,0.015625,0,285,3096011477262,3096009287,9,0,1,4773,0,0,0
1,252,3096021258967,3096021290429,3,0,0,1,0,7,3,4,0,0,4,0,0,285,3096012513778,3096009593,9,0,1,8776651,0.875,-0.0214233398,-0.0629882812,0.479553223,-0.998256445,-0.0980603918,-0.0902334228,3.14160156,284,3096014478797,3096009788,27,3,1,6811632,-0.02734375,0.015625,0,285,3096011477262,3096009287,9,0,1,9813167,0,0,0
1,253,3096031258967,3096031479000,3,0,0,1,0,7,7,0,0,4,4,0,0,286,3096023505287,3096019488,10,0,1,7973713,0.875,-0.0214233398,-0.0629882812,0.479553223,-0.998256445,-0.0980603918,-0.0902334228,3.14160156,285,3096025478483,3096019488,28,3,1,6000517,0.01171875,0.00390625,0.0390625,287,3096031474228,3096029184,11,0,1,4772,0,0,0
1,254,3096041258967,3096041477317,3,0,0,1,0,7,7,0,0,0,4,0,0,287,3096032504843,3096029188,11,0,1,8972474,0.875,-0.0214233398,-0.0629882812,0.479553223,-0.998256445,-0.0980603918,-0.0902334228,3.14160156,286,3096034475264,3096029586,29,3,1,7002053,0.01171875,0,0,288,3096041472637,3096039184,12,0,1,4680,0,0,0
1,255,3096051258967,3096051479481,3,0,0,1,0,7,7,0,0,0,4,0,0,288,3096042505249,3096039388,12,0,1,8974232,0.875,-0.0214233398,-0.0629882812,0.479553223,-0.998256445,-0.0980603918,-0.0902334228,3.14160156,287,3096044475874,3096039786,30,3,1,7003607,0.01171875,0,0,289,3096051474671,3096049286,13,0,1,4810,0,0,0
1,256,3096061258967,3096061290021,3,0,0,1,0,7,3,4,0,0,4,0,0,289,3096052504491,3096049188,13,0,1,8785530,0.875,-0.0214233398,-0.0629882812,0.479553223,-0.998256445,-0.0980603918,-0.0902334228,3.14160156,288,3096054475263,3096049786,31,3,1,6814758,0.01171875,0,0,289,3096051474671,3096049286,13,0,1,9815350,0,0,0
1,257,3096071258967,3096071484161,3,0,0,1,0,7,7,0,0,4,4,0,0,290,3096063503972,3096059487,14,0,1,7980189,0.875,-0.0214233398,-0.0629272461,0.479553223,-0.99827081,-0.0980015695,-0.0901265368,3.14160156,289,3096065478278,3096059487,32,3,1,6005883,0.01171875,0.00390625,0.0390625,291,3096071479499,3096069286,15,0,1,4662,0,0,0
1,258,3096081258967,3096081290483,3,0,0,1,0,7,3,4,0,0,4,0,0,291,3096072506155,3096069388,15,0,1,8784328,0.875,-0.0214233398,-0.0629272461,0.479553223,-0.99827081,-0.0980015695,-0.0901265368,3.14160156,290,3096074483939,3096069787,33,3,1,6806544,-0.02734375,0.015625,-0.0390625,291,3096071479499,3096069286,15,0,1,9810984,0,0,0
1,259,3096091258967,3096091488563,3,0,0,1,0,7,7,0,0,4,4,0,0,292,3096083505766,3096079088,16,0,1,7982797,0.875,-0.0214233398,-0.0629272461,0.479553223,-0.99827081,-0.0980015695,-0.0901265368,3.14160156,291,3096085476002,3096079286,34,3,1,6012561,-0.02734375,0.015625,0,293,3096091483920,3096088986,17,0,1,4643,0,0,0
1,260,3096101258967,3096101479720,3,0,0,1,0,7,7,0,0,0,4,0,0,293,3096092506229,3096089188,17,0,1,8973491,0.875,-0.0214233398,-0.0629272461,0.479553223,-0.99827081,-0.0980015695,-0.0901265368,3.14160156,292,3096094475651,3096089586,35,3,1,7004069,0.01171875,0,0,294,3096101475059,3096098986,18,0,1,4661,0,0,0
1,261,3096111258967,3096111479258,3,0,0,1,0,7,7,0,0,0,4,0,0,294,3096102503010,3096098885,18,0,1,8976248,0.875,-0.0214233398,-0.0629272461,0.479553223,-0.99827081,-0.0980015695,-0.0901265368,3.14160156,293,3096104475170,3096099186,36,3,1,7004088,0.01171875,0,0,295,3096111474559,3096109286,19,0,1,4699,0,0,0
1,262,3096121258967,3096121479886,3,0,0,1,0,7,7,0,0,0,4,0,0,295,3096112501807,3096109185,19,0,1,8978079,0.875,-0.0214233398,-0.0629272461,0.479553223,-0.99827081,-0.0980015695,-0.0901265368,3.14160156,294,3096114474966,3096109586,37,3,1,7004920,0.01171875,0,0,296,3096121475077,3096119186,20,0,1,4809,0,0,0
1,263,3096131258967,3096131479202,3,0,0,1,0,7,7,0,0,0,4,0,0,296,3096122501973,3096119085,20,0,1,8977229,0.875,-0.0214233398,-0.0629272461,0.479553223,-0.99827081,-0.0980015695,-0.0901265368,3.14160156,295,3096124474355,3096118986,38,3,1,7004847,0.01171875,0.00390625,0.0390625,297,3096131474410,3096129186,21,0,1,4792,0,0,0
1,264,3096141258967,3096141500104,3,0,0,1,0,7,7,0,0,0,4,0,0,297,3096132504489,3096129188,21,0,1,8995615,0.875,-0.0214233398,-0.0629272461,0.479553223,-0.99827081,-0.0980015695,-0.0901265368,3.14160156,296,3096134474410,3096129586,39,3,1,7025694,0.0078125,0,-0.0390625,298,3096141493944,3096139197,22,0,1,6160,0,0,0
1,265,3096151258967,3096151479959,3,0,0,1,0,7,7,0,0,0,4,0,0,298,3096142507633,3096139189,22,0,1,8972326,0.875,-0.0214233398,-0.0629272461,0.479553223,-0.99827081,-0.0980015695,-0.0901265368,3.14160156,297,3096144476519,3096139587,40,3,1,7003440,-0.02734375,0.015625,0,299,3096151475261,3096149186,23,0,1,4698,0,0,0
1,266,3096161258967,3096161482716,3,0,0,1,0,7,7,0,0,0,4,0,0,299,3096152505302,3096149088,23,0,1,8977414,0.875,-0.0214233398,-0.0629272461,0.479553223,-0.99827081,-0.0980015695,-0.0901265368,3.14160156,298,3096154475464,3096149186,41,3,1,7007252,-0.02734375,0.015625,0,300,3096161477980,3096158787,24,0,1,4736,0,0,0
1,267,3096171258967,3096171480310,3,0,0,1,0,7,7,0,0,0,4,0,0,300,3096162505986,3096159088,24,0,1,8974324,0.875,-0.0214233398,-0.0629272461,0.479553223,-0.99827081,-0.0980015695,-0.0901265368,3.14160156,299,3096164476056,3096158986,42,3,1,7004254,0.01171875,0,0,301,3096171475538,3096169186,25,0,1,4772,0,0,0
1,268,3096181258967,3096181481920,3,0,0,1,0,7,7,0,0,0,4,0,0,301,3096172504747,3096168688,25,0,1,8977173,0.875,-0.0214233398,-0.0629272461,0.479553223,-0.99827081,-0.0980015695,-0.0901265368,3.14160156,300,3096174479663,3096168884,43,3,1,7002257,0.01171875,0,0,302,3096181477166,3096179186,26,0,1,4754,0,0,0
1,269,3096191258967,3096191480772,3,0,0,1,0,7,7,0,0,0,4,0,0,302,3096182505930,3096178888,26,0,1,8974842,0.875,-0.0214233398,-0.0629272461,0.479553223,-0.99827081,-0.0980015695,-0.0901265368,3.14160156,301,3096184477572,3096178887,44,3,1,7003200,0.046875,-0.01171875,0,303,3096191476018,3096189186,27,0,1,4754,0,0,0
1,270,3096201258967,3096201479718,3,0,0,1,0,7,7,0,0,0,4,0,0,303,3096192504876,3096188688,27,0,1,8974842,0.875,-0.0214233398,-0.0629272461,0.479553223,-0.99827081,-0.0980015695,-0.0901265368,3.14160156,302,3096194476351,3096189187,45,3,1,7003367,-0.02734375,0.015625,0,304,3096201475001,3096198786,28,0,1,4717,0,0,0
1,271,3096211258967,3096211479459,3,0,0,1,0,7,7,0,0,0,4,0,0,304,3096202504653,3096198888,28,0,1,8974806,0.875,-0.0214233398,-0.0629272461,0.479553223,-0.99827081,-0.0980015695,-0.0901265368,3.14160156,303,3096204475667,3096198987,46,3,1,7003792,0.01171875,0.00390625,0.0390625,305,3096211474723,3096209186,29,0,1,4736,0,0,0
1,272,3096221258967,3096221480291,3,0,0,1,0,7,7,0,0,0,4,0,0,305,3096212511165,3096208892,29,0,1,8969126,0.875,-0.0214233398,-0.0629272461,0.479553223,-0.99827081,-0.0980015695,-0.0901265368,3.14160156,304,3096214476591,3096209187,47,3,1,7003700,-0.02734375,0.015625,0,306,3096221475592,3096219186,30,0,1,4699,0,0,0
1,273,3096231258967,3096231479791,3,0,0,1,0,7,7,0,0,0,4,0,0,306,3096222505430,3096218888,30,0,1,8974361,0.875,-0.0214233398,-0.0629272461,0.479553223,-0.99827081,-0.0980015695,-0.0901265368,3.14160156,305,3096224476166,3096218487,48,3,1,7003625,0.01171875,0,0,307,3096231475056,3096229186,31,0,1,4735,0,0,0
1,274,3096241258967,3096241511016,3,0,0,1,0,7,7,0,0,1,4,0,0,308,3096241504745,3096238388,32,0,1,6271,0.875,-0.0214233398,-0.0629272461,0.479553223,-0.99827081,-0.0980015695,-0.0901265368,3.14160156,306,3096234476313,3096229187,49,3,1,7034703,0.01171875,0.00390625,0.0390625,308,3096240477756,3096238187,32,0,1,1033260,0,0,0
1,275,3096251258967,3096251479957,3,0,0,1,0,7,6,1,0,0,4,0,0,308,3096241504745,3096238388,32,0,1,9975212,0.875,-0.0214233398,-0.0629272461,0.479553223,-0.99827081,-0.0980015695,-0.0901265368,3.14160156,307,3096243474796,3096238786,50,3,1,8005161,0.01171875,0,0,309,3096251475258,3096249187,33,0,1,4699,0,0,0
1,276,3096261258967,3096261479143,3,0,0,1,0,7,7,0,0,0,4,0,0,309,3096252504430,3096248888,33,0,1,8974713,0.875,-0.0214233398,-0.0628662109,0.479553223,-0.998285234,-0.0979427472,-0.0900196433,3.14160156,308,3096254474833,3096248886,51,3,1,7004310,0.01171875,0,0,310,3096261474426,3096259186,34,0,1,4717,0,0,0
1,277,3096271258967,3096271480955,3,0,0,1,0,7,7,0,0,0,4,0,0,310,3096262504911,3096258488,34,0,1,8976044,0.875,-0.0214233398,-0.0628662109,0.479553223,-0.998285234,-0.0979427472,-0.0900196433,3.14160156,309,3096264474740,3096258684,52,3,1,7006215,0.01171875,0,0,311,3096271476164,3096269187,35,0,1,4791,0,0,0
1,278,3096281258967,3096281480937,3,0,0,1,0,7,7,0,0,0,4,0,0,311,3096272505817,3096268688,35,0,1,8975120,0.875,-0.0214233398,-0.0628662109,0.479553223,-0.998285234,-0.0979427472,-0.0900196433,3.14160156,310,3096274476701,3096268984,53,3,1,7004236,0.01171875,0,0,312,3096281476220,3096279186,36,0,1,4717,0,0,0
1,279,3096291258967,3096291480363,3,0,0,1,0,7,7,0,0,0,4,0,0,312,3096282505521,3096278688,36,0,1,8974842,0.875,-0.0214233398,-0.0628662109,0.479553223,-0.998285234,-0.0979427472,-0.0900196433,3.14160156,311,3096284473537,3096278985,54,3,1,7006826,0.01171875,0,0,313,3096291475535,3096289186,37,0,1,4828,0,0,0
1,280,3096301258967,3096301489963,3,0,0,1,0,7,7,0,0,0,4,0,0,313,3096292507315,3096288490,37,0,1,8982648,0.875,-0.0214233398,-0.0628662109,0.479553223,-0.998285234,-0.0979427472,-0.0900196433,3.14160156,312,3096294479179,3096288987,55,3,1,7010784,0.01171875,0,0,314,3096301484728,3096298987,38,0,1,5235,0,0,0
1,281,3096311258967,3096311511181,3,0,0,1,0,7,7,0,0,1,4,0,0,315,3096311505058,3096308188,39,0,1,6123,0.875,-0.0214233398,-0.0628662109,0.479553223,-0.998285234,-0.0979427472,-0.0900196433,3.14160156,313,3096304476090,3096298686,56,3,1,7035091,0.01171875,0,0,315,3096310477939,3096308186,39,0,1,1033242,0,0,0
1,282,3096321258967,3096321512235,3,0,0,1,0,7,7,0,0,0,4,0,0,316,3096321506075,3096318188,40,0,1,6160,0.875,-0.0214233398,-0.0628662109,0.479553223,-0.998285234,-0.0979427472,-0.0900196433,3.14160156,314,3096313480307,3096308389,57,3,1,8031928,0.01171875,0,0,316,3096320478882,3096318187,40,0,1,1033353,0,0,0
1,283,3096331258967,3096331511125,3,0,0,1,0,7,7,0,0,0,4,0,0,317,3096331504965,3096328388,41,0,1,6160,0.875,-0.0214233398,-0.0628662109,0.479553223,-0.998285234,-0.0979427472,-0.0900196433,3.14160156,315,3096323476256,3096318587,58,3,1,8034869,0.01171875,0,0,317,3096330476237,3096328287,41,0,1,1034888,0,0,0
1,284,3096341258967,3096341290606,3,0,0,1,0,7,2,5,0,0,4,0,0,317,3096331504965,3096328388,41,0,1,9785641,0.875,-0.0214233398,-0.0628662109,0.479553223,-0.998285234,-0.0979427472,-0.0900196433,3.14160156,316,3096333476274,3096328987,59,3,1,7814332,0.0078125,0,-0.0390625,317,3096330476237,3096328287,41,0,1,10814369,0,0,0
1,285,3096351258967,3096351510662,3,0,0,1,0,7,7,0,0,5,4,0,0,319,3096351504335,3096348388,43,0,1,6327,0.875,-0.0214233398,-0.0628662109,0.479553223,-0.998285234,-0.0979427472,-0.0900196433,3.14160156,317,3096345475830,3096338587,60,3,1,6034832,0.046875,-0.01171875,0,319,3096350476015,3096348186,43,0,1,1034647,0,0,0
1,286,3096361258967,3096361511753,3,0,0,1,0,7,7,0,0,0,4,0,0,320,3096361505519,3096358388,44,0,1,6234,0.875,-0.0214233398,-0.0628662109,0.479553223,-0.998285234,-0.0979427472,-0.0900196433,3.14160156,318,3096353474942,3096348786,61,3,1,8036811,0.0078125,0,-0.0390625,320,3096360475737,3096358184,44,0,1,1036016,0,0,0
1,287,3096371258967,3096371511198,3,0,0,1,0,7,7,0,0,0,4,0,0,321,3096371504964,3096368388,45,0,1,6234,0.875,-0.0214233398,-0.0628662109,0.479553223,-0.998285234,-0.0979427472,-0.0900196433,3.14160156,319,3096364475552,3096358886,62,3,1,7035646,0.01171875,0,0,321,3096370473350,3096368184,45,0,1,1037848,0,0,0
1,288,3096381258967,3096381511937,3,0,0,1,0,7,7,0,0,0,4,0,0,322,3096381505778,3096378088,46,0,1,6159,0.875,-0.0214233398,-0.0628662109,0.479553223,-0.998285234,-0.0979427472,-0.0900196433,3.14160156,320,3096373475367,3096368787,63,3,1,8036570,-0.02734375,0.015625,0,322,3096380482414,3096378186,46,0,1,1029523,0,0,0
1,289,3096391258967,3096391511197,3,0,0,1,0,7,7,0,0,0,4,0,0,323,3096391504945,3096388388,47,0,1,6252,0.875,-0.0214233398,-0.0628662109,0.479553223,-0.998285234,-0.0979427472,-0.0900196433,3.14160156,321,3096383475607,3096378387,64,3,1,8035590,0.046875,-0.01171875,-0.0390625,323,3096390475607,3096388286,47,0,1,1035590,0,0,0
1,290,3096401258967,3096401511197,3,0,0,1,0,7,7,0,0,0,4,0,0,324,3096401505074,3096398185,48,0,1,6123,0.875,-0.0214233398,-0.0628662109,0.479553223,-0.998285234,-0.0979427472,-0.0900196433,3.14160156,322,3096393475829,3096388387,65,3,1,8035368,0.00390625,0,0,324,3096400477216,3096398187,48,0,1,1033981,0,0,0
1,291,3096411258967,3096411511104,3,0,0,1,0,7,7,0,0,0,4,0,0,325,3096411504963,3096408388,49,0,1,6141,0.875,-0.0214233398,-0.0628662109,0.479553223,-0.998285234,-0.0979427472,-0.0900196433,3.14160156,323,3096403474977,3096398186,66,3,1,8036127,0.00390625,0,0,325,3096410474607,3096408186,49,0,1,1036497,0,0,0
1,292,3096421258967,3096421511622,3,0,0,1,0,7,7,0,0,0,4,0,0,326,3096421505407,3096418388,50,0,1,6215,0.875,-0.0214233398,-0.0628662109,0.479553223,-0.998285234,-0.0979427472,-0.0900196433,3.14160156,324,3096413478344,3096408588,67,3,1,8033278,0.0390625,-0.01171875,0,326,3096420476346,3096418186,50,0,1,1035276,0,0,0
1,293,3096431258967,3096431510401,3,0,0,1,0,7,7,0,0,0,4,0,0,327,3096431504148,3096428187,51,0,1,6253,0.875,-0.0214233398,-0.0628662109,0.479553223,-0.998285234,-0.0979427472,-0.0900196433,3.14160156,325,3096423474588,3096418586,68,3,1,8035813,0.00390625,0,0,327,3096430475254,3096428286,51,0,1,1035147,0,0,0
1,294,3096441258967,3096441507385,3,0,0,1,0,7,7,0,0,0,4,0,0,328,3096441501318,3096438185,52,0,1,6067,0.875,-0.0214233398,-0.0628662109,0.479553223,-0.998285234,-0.0979427472,-0.0900196433,3.14160156,326,3096433475495,3096428386,69,3,1,8031890,0,0,-0.0390625,328,3096440475920,3096437786,52,0,1,1031465,0,0,0
1,295,3096451258967,3096451507367,3,0,0,1,0,7,7,0,0,0,4,0,0,329,3096451501244,3096447685,53,0,1,6123,0.875,-0.0214233398,-0.0628662109,0.479553223,-0.998285234,-0.0979427472,-0.0900196433,3.14160156,327,3096443474569,3096438186,70,3,1,8032798,0.00390625,0,0,329,3096450474366,3096448186,53,0,1,1033001,0,0,0
1,296,3096461258967,3096461510215,3,0,0,1,0,7,7,0,0,0,4,0,0,330,3096461504129,3096458087,54,0,1,6086,0.875,-0.0214233398,-0.0628662109,0.479553223,-0.998285234,-0.0979427472,-0.0900196433,3.14160156,328,3096453474976,3096447986,71,3,1,8035239,0.00390625,0,0,330,3096460475383,3096458186,54,0,1,1034832,0,0,0
1,297,3096471258967,3096471511662,3,0,0,1,0,7,7,0,0,0,4,0,0,331,3096471505501,3096468088,55,0,1,6161,0.875,-0.0214233398,-0.0628662109,0.479553223,-0.998285234,-0.0979427472,-0.0900196433,3.14160156,329,3096463474032,3096457886,72,3,1,8037630,0.00390625,0.00390625,0.0390625,331,3096470475506,3096468286,55,0,1,1036156,0,0,0
1,298,3096481258967,3096481511936,3,0,0,1,0,7,7,0,0,0,4,0,0,332,3096481505294,3096478088,56,0,1,6642,0.875,-0.0214233398,-0.0628662109,0.479553223,-0.998285234,-0.0979427472,-0.0900196433,3.14160156,330,3096473476600,3096468387,73,3,1,8035336,0.00390625,0.00390625,0.0390625,332,3096480480405,3096478188,56,0,1,1031531,0,0,0
1,299,3096491258967,3096491511433,3,0,0,1,0,7,7,0,0,0,4,0,0,333,3096491505365,3096488088,57,0,1,6068,0.875,-0.0214233398,-0.0628662109,0.479553223,-0.998285234,-0.0979427472,-0.0900196433,3.14160156,331,3096483476541,3096478387,74,3,1,8034892,-0.03515625,0.015625,0,333,3096490475591,3096488286,57,0,1,1035842,0,0,0
1,300,3096501258967,3096501509875,3,0,0,1,0,7,7,0,0,0,4,0,0,334,3096501503770,3096498088,58,0,1,6105,0.875,-0.0214233398,-0.0628662109,0.479553223,-0.998285234,-0.0979427472,-0.0900196433,3.14160156,332,3096493475039,3096488386,75,3,1,8034836,0,0,-0.0390625,334,3096500474718,3096498186,58,0,1,1035157,0,0,0
1,301,3096511258967,3096511513202,3,0,0,1,0,7,7,0,0,0,4,0,0,335,3096511506301,3096508088,59,0,1,6901,0.875,-0.0214233398,-0.0628662109,0.479553223,-0.998285234,-0.0979427472,-0.0900196433,3.14160156,333,3096503492407,3096497693,76,3,1,8020795,0.00390625,0,0,335,3096510479913,3096508186,59,0,1,1033289,0,0,0
1,302,3096521258967,3096521511219,3,0,0,1,0,7,7,0,0,0,4,0,0,336,3096521504929,3096517488,60,0,1,6290,0.875,-0.0214233398,-0.0628662109,0.479553223,-0.998285234,-0.0979427472,-0.0900196433,3.14160156,334,3096513481377,3096508389,77,3,1,8029842,0.00390625,0,0,336,3096520477486,3096518186,60,0,1,1033733,0,0,0
1,303,3096531258967,3096531511715,3,0,0,1,0,7,7,0,0,0,4,0,0,337,3096531505480,3096528088,61,0,1,6235,0.875,-0.0214233398,-0.0628662109,0.479553223,-0.998285234,-0.0979427472,-0.0900196433,3.14160156,335,3096523474399,3096517886,78,3,1,8037316,-0.03515625,0.015625,0,337,3096530476576,3096528286,61,0,1,1035139,0,0,0
1,304,3096541258967,3096541511730,3,0,0,1,0,7,7,0,0,0,4,0,0,338,3096541505662,3096537888,62,0,1,6068,0.875,-0.0214233398,-0.0628662109,0.479553223,-0.998285234,-0.0979427472,-0.0900196433,3.14160156,336,3096533475987,3096527987,79,3,1,8035743,0.00390625,0,0,338,3096540475610,3096538187,62,0,1,1036120,0,0,0
1,305,3096551258967,3096551511393,3,0,0,1,0,7,7,0,0,0,4,0,0,339,3096551505288,3096547888,63,0,1,6105,0.875,-0.0214233398,-0.0628662109,0.479553223,-0.998285234,-0.0979427472,-0.0900196433,3.14160156,337,3096543476057,3096537887,80,3,1,8035336,0.00390625,0.00390625,0.0390625,339,3096550475144,3096548186,63,0,1,1036249,0,0,0
1,306,3096561258967,3096561511131,3,0,0,1,0,7,7,0,0,0,4,0,0,340,3096561505007,3096557888,64,0,1,6124,0.875,-0.0214233398,-0.0628662109,0.479553223,-0.998285234,-0.0979427472,-0.0900196433,3.14160156,338,3096553476128,3096548187,81,3,1,8035003,0,0,-0.0390625,340,3096560475696,3096558186,64,0,1,1035435,0,0,0
1,307,3096571258967,3096571513236,3,0,0,1,0,7,7,0,0,0,4,0,0,341,3096571506946,3096567688,65,0,1,6290,0.875,-0.0214233398,-0.0628662109,0.479553223,-0.998285234,-0.0979427472,-0.0900196433,3.14160156,339,3096563476087,3096558187,82,3,1,8037149,0,0,-0.0390625,341,3096570481316,3096568286,65,0,1,1031920,0,0,0
1,308,3096581258967,3096581511660,3,0,0,1,0,7,7,0,0,0,4,0,0,342,3096581505259,3096577888,66,0,1,6401,0.875,-0.0214233398,-0.0628662109,0.479553223,-0.998285234,-0.0979427472,-0.0900196433,3.14160156,340,3096573477101,3096568187,83,3,1,8034559,0.0390625,-0.01171875,-0.0390625,342,3096580479148,3096577986,66,0,1,1032512,0,0,0
1,309,3096591258967,3096591292837,3,0,0,1,0,7,7,0,0,0,4,0,0,343,3096590506599,3096587188,67,0,1,786238,0.875,-0.0214233398,-0.0628662109,0.479553223,-0.998285234,-0.0979427472,-0.0900196433,3.14160156,341,3096583475303,3096577887,84,3,1,7817534,0.00390625,0,0,343,3096589480303,3096587188,67,0,1,1812534,0,0,0
1,310,3096601258967,3096601511635,3,0,0,1,0,7,7,0,0,0,4,0,0,344,3096601505382,3096597488,68,0,1,6253,0.875,-0.0214233398,-0.0628662109,0.479553223,-0.998285234,-0.0979427472,-0.0900196433,3.14160156,342,3096592476865,3096587587,85,3,1,9034770,0.00390625,0,0,344,3096600476940,3096597186,68,0,1,1034695,0,0,0
1,311,3096611258967,3096611510595,3,0,0,1,0,7,7,0,0,0,4,0,0,345,3096611504546,3096607688,69,0,1,6049,0.875,-0.0214233398,-0.0628662109,0.479553223,-0.998285234,-0.0979427472,-0.0900196433,3.14160156,343,3096603474408,3096597085,86,3,1,8036187,0.00390625,0,0,345,3096610475734,3096608186,69,0,1,1034861,0,0,0
1,312,3096621258967,3096621510444,3,0,0,1,0,7,7,0,0,0,4,0,0,346,3096621504265,3096617688,70,0,1,6179,0.875,-0.0214233398,-0.0629272461,0.479553223,-0.99827081,-0.0980015695,-0.0901265368,3.14160156,344,3096613480639,3096607991,87,3,1,8029805,0.00390625,0,0,346,3096620475379,3096617986,70,0,1,1035065,0,0,0
1,313,3096631258967,3096631292656,3,0,0,1,0,7,7,0,0,0,4,0,0,347,3096630503995,3096627588,71,0,1,788661,0.875,-0.0214233398,-0.0629272461,0.479553223,-0.99827081,-0.0980015695,-0.0901265368,3.14160156,345,3096623474086,3096617886,88,3,1,7818570,0.00390625,0,0,347,3096629474258,3096627186,71,0,1,1818398,0,0,0
1,314,3096641258967,3096641510936,3,0,0,1,0,7,7,0,0,0,4,0,0,348,3096641504739,3096637488,72,0,1,6197,0.875,-0.0214233398,-0.0629272461,0.479553223,-0.99827081,-0.0980015695,-0.0901265368,3.14160156,346,3096632475482,3096627987,89,3,1,9035454,0,0,-0.0390625,348,3096640474650,3096638186,72,0,1,1036286,0,0,0
1,315,3096651258967,3096651292483,3,0,0,1,0,7,7,0,0,0,4,0,0,349,3096650504154,3096647188,73,0,1,788329,0.875,-0.0214233398,-0.0629272461,0.479553223,-0.99827081,-0.0980015695,-0.0901265368,3.14160156,347,3096643474782,3096637486,90,3,1,7817701,0.00390625,0,0,349,3096649474714,3096647186,73,0,1,1817769,0,0,0
1,316,3096661258967,3096661292461,3,0,0,1,0,7,7,0,0,0,4,0,0,350,3096660503984,3096657088,74,0,1,788477,0.875,-0.0214233398,-0.0629272461,0.479553223,-0.99827081,-0.0980015695,-0.0901265368,3.14160156,348,3096652475808,3096647587,91,3,1,8816653,0.00390625,0,0,350,3096659474525,3096656786,74,0,1,1817936,0,0,0
1,317,3096671258967,3096671292402,3,0,0,1,0,7,7,0,0,0,4,0,0,351,3096670504887,3096667588,75,0,1,787515,0.875,-0.0214233398,-0.0629272461,0.479553223,-0.99827081,-0.0980015695,-0.0901265368,3.14160156,349,3096662468848,3096657386,92,3,1,8823554,0.00390625,0,0.0078125,351,3096669477297,3096667286,75,0,1,1815105,0,0,0
1,318,3096681258967,3096681511218,3,0,0,1,0,7,7,0,0,0,4,0,0,352,3096681505057,3096677488,76,0,1,6161,0.875,-0.0214233398,-0.0629272461,0.479553223,-0.99827081,-0.0980015695,-0.0901265368,3.14160156,350,3096672475172,3096667587,93,3,1,9036046,0.00390625,0.00390625,0.046875,352,3096680478114,3096677986,76,0,1,1033104,0,0,0
1,319,3096691258967,3096691298666,3,0,0,1,0,7,7,0,0,0,4,0,0,353,3096690530577,3096687405,77,0,1,768089,0.875,-0.0214233398,-0.0629272461,0.479553223,-0.99827081,-0.0980015695,-0.0901265368,3.14160156,351,3096683475101,3096677286,94,3,1,7823565,0.00390625,0,0,353,3096689471351,3096687183,77,0,1,1827315,0,0,0
1,320,3096701258967,3096701306007,3,0,0,1,0,7,7,0,0,0,4,0,0,354,3096700551497,3096697408,78,0,1,754510,0.875,-0.0214233398,-0.0629272461,0.479553223,-0.99827081,-0.0980015695,-0.0901265368,3.14160156,352,3096692495478,3096687788,95,3,1,8810529,-0.03515625,0.015625,0,354,3096699540686,3096697202,78,0,1,1765321,0,0,0
1,321,3096711258967,3096711303691,3,0,0,1,0,7,7,0,0,0,4,0,0,355,3096710567515,3096707225,79,0,1,736176,0.875,-0.0214233398,-0.0629272461,0.479553223,-0.99827081,-0.0980015695,-0.0901265368,3.14160156,353,3096702525537,3096697802,96,3,1,8778154,-0.03515625,0.015625,-0.0390625,355,3096709540257,3096707202,79,0,1,1763434,0,0,0
1,322,3096721258967,3096721524302,3,0,0,1,0,7,7,0,0,0,4,0,0,356,3096721511315,3096717296,80,0,1,12987,0.875,-0.0214233398,-0.0629272461,0.479553223,-0.99827081,-0.0980015695,-0.0901265368,3.14160156,354,3096712511584,3096707604,97,3,1,9012718,0.00390625,0,0,356,3096720526607,3096717816,80,0,1,997695,0,0,0
1,323,3096731258967,3096731284944,3,0,0,1,0,7,7,0,0,0,4,0,0,357,3096730473175,3096727581,81,0,1,811769,0.875,-0.0214233398,-0.0629272461,0.479553223,-0.99827081,-0.0980015695,-0.0901265368,3.14160156,355,3096723469519,3096717286,98,3,1,7815425,0.00390625,0,0,357,3096729456851,3096727180,81,0,1,1828093,0,0,0
1,324,3096741258967,3096741290065,3,0,0,1,0,7,7,0,0,0,4,0,0,358,3096740479518,3096737383,82,0,1,810547,0.875,-0.0214233398,-0.0629272461,0.479553223,-0.99827081,-0.0980015695,-0.0901265368,3.14160156,356,3096732445162,3096727780,99,3,1,8844903,0,0,-0.03125,358,3096739461177,3096737184,82,0,1,1828888,0,0,0
1,325,3096751258967,3096751289987,3,0,0,1,0,7,7,0,0,0,4,0,0,359,3096750478219,3096747383,83,0,1,811768,0.875,-0.0214233398,-0.0629272461,0.479553223,-0.99827081,-0.0980015695,-0.0901265368,3.14160156,357,3096742454649,3096737185,100,3,1,8835338,0.00390625,0,0.0078125,359,3096749457362,3096746984,83,0,1,1832625,0,0,0
1,326,3096761258967,3096761289447,3,0,0,1,0,7,7,0,0,0,4,0,0,360,3096760480084,3096757185,84,0,1,809363,0.875,-0.0214233398,-0.0629272461,0.479553223,-0.99827081,-0.0980015695,-0.0901265368,3.14160156,358,3096752454386,3096747585,101,3,1,8835061,0.00390625,0,0.0078125,360,3096759453344,3096757184,84,0,1,1836103,0,0,0
1,327,3096771258967,3096771289443,3,0,0,1,0,7,7,0,0,0,4,0,0,361,3096770479932,3096767185,85,0,1,809511,0.875,-0.0214233398,-0.0629272461,0.479553223,-0.99827081,-0.0980015695,-0.0901265368,3.14160156,359,3096762453791,3096757584,102,3,1,8835652,-0.01171875,-0.03515625,0.0078125,361,3096769453063,3096767284,85,0,1,1836380,0,0,0
1,328,3096781258967,3096781289754,3,0,0,1,0,7,7,0,0,0,4,0,0,362,3096780480613,3096776885,86,0,1,809141,0.875,-0.0214233398,-0.0629272461,0.479553223,-0.99827081,-0.0980015695,-0.0901265368,3.14160156,360,3096772453343,3096767584,103,3,1,8836411,0.00390625,0.00390625,0.046875,362,3096779456945,3096777184,86,0,1,1832809,0,0,0
1,329,3096791258967,3096791289640,3,0,0,1,0,7,7,0,0,0,4,0,0,363,3096790479463,3096787185,87,0,1,810177,0.875,-0.0214233398,-0.0629272461,0.479553223,-0.99827081,-0.0980015695,-0.0901265368,3.14160156,361,3096782454394,3096776985,104,3,1,8835246,0.00390625,0,0.0078125,363,3096789453556,3096787184,87,0,1,1836084,0,0,0
1,330,3096801258967,3096801289155,3,0,0,1,0,7,7,0,0,0,4,0,0,364,3096800481346,3096797186,88,0,1,807809,0.875,-0.0214233398,-0.0629272461,0.479553223,-0.99827081,-0.0980015695,-0.0901265368,3.14160156,362,3096792453373,3096787584,105,3,1,8835782,0.00390625,0,0,364,3096799462266,3096797186,88,0,1,1826889,0,0,0
1,331,3096811258967,3096811289688,3,0,0,1,0,7,7,0,0,0,4,0,0,365,3096810480214,3096807085,89,0,1,809474,0.875,-0.0214233398,-0.0629272461,0.479553223,-0.99827081,-0.0980015695,-0.0901265368,3.14160156,363,3096802453222,3096797584,106,3,1,8836466,0.00390625,0,0,365,3096809454418,3096807184,89,0,1,1835270,0,0,0
1,332,3096821258967,3096821289907,3,0,0,1,0,7,7,0,0,0,4,0,0,366,3096820506944,3096817089,90,0,1,782963,0.875,-0.0214233398,-0.0629272461,0.479553223,-0.99827081,-0.0980015695,-0.0901265368,3.14160156,364,3096812462727,3096807189,107,3,1,8827180,0.00390625,0,0,366,3096819480981,3096816787,90,0,1,1808926,0,0,0
1,333,3096831258967,3096831289903,3,0,0,1,0,7,7,0,0,0,4,0,0,367,3096830504646,3096827088,91,0,1,785257,0.875,-0.0214233398,-0.0629272461,0.479553223,-0.99827081,-0.0980015695,-0.0901265368,3.14160156,365,3096822476636,3096816987,108,3,1,8813267,-0.01171875,-0.03515625,0,367,3096829474928,3096827186,91,0,1,1814975,0,0,0
1,334,3096841258967,3096841289863,3,0,0,1,0,7,7,0,0,0,4,0,0,368,3096840504605,3096837087,92,0,1,785258,0.875,-0.0214233398,-0.0629272461,0.479553223,-0.99827081,-0.0980015695,-0.0901265368,3.14160156,366,3096832475189,3096827186,109,3,1,8814674,0.00390625,0,0,368,3096839474813,3096837186,92,0,1,1815050,0,0,0
1,335,3096851258967,3096851292468,3,0,0,1,0,7,7,0,0,0,4,0,0,369,3096850504731,3096846688,93,0,1,787737,0.875,-0.0214233398,-0.0629272461,0.479553223,-0.99827081,-0.0980015695,-0.0901265368,3.14160156,367,3096842475741,3096837387,110,3,1,8816727,0.00390625,0,0,369,3096849475735,3096847186,93,0,1,1816733,0,0,0
1,336,3096861258967,3096861510526,3,0,0,1,0,7,7,0,0,0,4,0,0,370,3096861504513,3096856988,94,0,1,6013,0.875,-0.0214233398,-0.0629272461,0.479553223,-0.99827081,-0.0980015695,-0.0901265368,3.14160156,368,3096852475682,3096847187,111,3,1,9034844,0.00390625,0.00390625,0.0390625,370,3096860474721,3096856886,94,0,1,1035805,0,0,0
1,337,3096871258967,3096871292479,3,0,0,1,0,7,7,0,0,0,4,0,0,371,3096870503910,3096866888,95,0,1,788569,0.875,-0.0214233398,-0.0629272461,0.479553223,-0.99827081,-0.0980015695,-0.0901265368,3.14160156,369,3096863474964,3096856886,112,3,1,7817515,0.00390625,0,0,371,3096869474470,3096867186,95,0,1,1818009,0,0,0
1,338,3096881258967,3096881292809,3,0,0,1,0,7,7,0,0,0,4,0,0,372,3096880506996,3096876888,96,0,1,785813,0.875,-0.0213623047,-0.0629272461,0.479553223,-0.998275042,-0.0978942439,-0.0901851133,3.14160156,370,3096872475934,3096867187,113,3,1,8816875,0,0,-0.0390625,372,3096879481237,3096877186,96,0,1,1811572,0,0,0
1,339,3096891258967,3096891292657,3,0,0,1,0,7,7,0,0,0,4,0,0,373,3096890505698,3096886888,97,0,1,786959,0.875,-0.0213623047,-0.0629272461,0.479553223,-0.998275042,-0.0978942439,-0.0901851133,3.14160156,371,3096883477621,3096877287,114,3,1,7815036,-0.03515625,0.015625,0,373,3096889476590,3096886987,97,0,1,1816067,0,0,0
1,340,3096901258967,3096901292857,3,0,0,1,0,7,7,0,0,0,4,0,0,374,3096900505713,3096896888,98,0,1,787144,0.875,-0.0213623047,-0.0629272461,0.479553223,-0.998275042,-0.0978942439,-0.0901851133,3.14160156,372,3096892476519,3096886987,115,3,1,8816338,0.00390625,0,0,374,3096899476272,3096897187,98,0,1,1816585,0,0,0
1,341,3096911258967,3096911292946,3,0,0,1,0,7,7,0,0,0,4,0,0,375,3096910505561,3096906688,99,0,1,787385,0.875,-0.0213623047,-0.0629272461,0.479553223,-0.998275042,-0.0978942439,-0.0901851133,3.14160156,373,3096902476071,3096897185,116,3,1,8816875,0.00390625,0,0,375,3096909476047,3096907186,99,0,1,1816899,0,0,0
1,342,3096921258967,3096921292702,3,0,0,1,0,7,7,0,0,0,4,0,0,376,3096920505354,3096916488,100,0,1,787348,0.875,-0.0213623047,-0.0629272461,0.479553223,-0.998275042,-0.0978942439,-0.0901851133,3.14160156,374,3096912474181,3096906885,117,3,1,8818521,0,0,-0.0390625,376,3096919475654,3096917186,100,0,1,1817048,0,0,0
1,343,3096931258967,3096931292680,3,0,0,1,0,7,7,0,0,0,4,0,0,377,3096930505462,3096926688,101,0,1,787218,0.875,-0.0213623047,-0.0629272461,0.479553223,-0.998275042,-0.0978942439,-0.0901851133,3.14160156,375,3096922473844,3096916485,118,3,1,8818836,0.00390625,0,0,377,3096929475762,3096927187,101,0,1,1816918,0,0,0
1,344,3096941258967,3096941293250,3,0,0,1,0,7,7,0,0,0,4,0,0,378,3096940505107,3096936688,102,0,1,788143,0.875,-0.0213623047,-0.0629272461,0.479553223,-0.998275042,-0.0978942439,-0.0901851133,3.14160156,376,3096932476135,3096926987,119,3,1,8817115,0.00390625,0.00390625,0.0390625,378,3096939475333,3096937187,102,0,1,1817917,0,0,0
1,345,3096951258967,3096951479562,3,0,0,1,0,7,7,0,0,2,4,0,0,379,3096949503690,3096946588,103,0,1,1975872,0.875,-0.0213623047,-0.0629272461,0.479553223,-0.998275042,-0.0978942439,-0.0901851133,3.14160156,378,3096951474752,3096946787,121,3,1,4810,0,0,-0.0390625,379,3096948475896,3096946187,103,0,1,3003666,0,0,0
1,346,3096961258967,3096961292614,3,0,0,1,0,7,5,2,0,0,4,0,0,380,3096960503712,3096956487,104,0,1,788902,0.875,-0.0213623047,-0.0629272461,0.479553223,-0.998275042,-0.0978942439,-0.0901851133,3.14160156,378,3096951474752,3096946787,121,3,1,9817862,0,0,-0.0390625,380,3096959474456,3096956786,104,0,1,1818158,0,0,0
1,347,3096971258967,3096971479407,3,0,0,1,0,7,7,0,0,2,4,0,0,381,3096969504090,3096966387,105,0,1,1975317,0.875,-0.0213623047,-0.0629272461,0.479553223,-0.998275042,-0.0978942439,-0.0901851133,3.14160156,380,3096971474633,3096966786,123,3,1,4774,0.00390625,0.00390625,0.0390625,381,3096968474723,3096966186,105,0,1,3004684,0,0,0
1,348,3096981258967,3096981481364,3,0,0,1,0,7,7,0,0,0,4,0,0,382,3096979505752,3096976588,106,0,1,1975612,0.875,-0.0213623047,-0.0629272461,0.479553223,-0.998275042,-0.0978942439,-0.0901851133,3.14160156,381,3096981476443,3096976787,124,3,1,4921,0.00390625,0,0,382,3096978479456,3096976187,106,0,1,3001908,0,0,0
1,349,3096991258967,3096991479122,3,0,0,1,0,7,7,0,0,0,4,0,0,383,3096989503454,3096986587,107,0,1,1975668,0.875,-0.0213623047,-0.0629272461,0.479553223,-0.998275042,-0.0978942439,-0.0901851133,3.14160156,382,3096991474182,3096986786,125,3,1,4940,0,0,-0.0390625,383,3096988474846,3096986284,107,0,1,3004276,0,0,0
1,350,3097001258967,3097001289806,3,0,0,1,0,7,5,2,0,0,4,0,0,384,3097000504013,3096996488,108,0,1,785793,0.875,-0.0213623047,-0.0629272461,0.479553223,-0.998275042,-0.0978942439,-0.0901851133,3.14160156,382,3096991474182,3096986786,125,3,1,9815624,0,0,-0.0390625,384,3096999474609,3096996986,108,0,1,1815197,0,0,0
1,351,3097011258967,3097011482186,3,0,0,1,0,7,7,0,0,2,4,0,0,385,3097009507573,3097006389,109,0,1,1974613,0.875,-0.0213623047,-0.0629272461,0.479553223,-0.998275042,-0.0978942439,-0.0901851133,3.14160156,384,3097011477265,3097006787,127,3,1,4921,-0.03515625,0.015625,0,385,3097008493154,3097006287,109,0,1,2989032,0,0,0
1,352,3097021258967,3097021480961,3,0,0,1,0,7,7,0,0,0,4,0,0,386,3097019507014,3097016389,110,0,1,1973947,0.875,-0.0213623047,-0.0629272461,0.479553223,-0.998275042,-0.0978942439,-0.0901851133,3.14160156,385,3097021476077,3097016386,128,3,1,4884,0.00390625,0,0,386,3097018481051,3097016188,110,0,1,2999910,0,0,0
1,353,3097031258967,3097031481013,3,0,0,1,0,7,7,0,0,0,4,0,0,387,3097029507695,3097026389,111,0,1,1973318,0.875,-0.0213623047,-0.0629272461,0.479553223,-0.998275042,-0.0978942439,-0.0901851133,3.14160156,386,3097031476166,3097026787,129,3,1,4847,0.00390625,0,0,387,3097028481048,3097025988,111,0,1,2999965,0,0,0
1,354,3097041258967,3097041479770,3,0,0,1,0,7,7,0,0,0,4,0,0,388,3097039504768,3097036188,112,0,1,1975002,0.875,-0.0213623047,-0.0629272461,0.479553223,-0.998275042,-0.0978942439,-0.0901851133,3.14160156,387,3097041474831,3097036587,130,3,1,4939,0.00390625,0,0,388,3097038474976,3097036186,112,0,1,3004794,0,0,0
1,355,3097051258967,3097051479360,3,0,0,1,0,7,7,0,0,0,4,0,0,389,3097049505005,3097046388,113,0,1,1974355,0.875,-0.0213623047,-0.0629272461,0.479553223,-0.998275042,-0.0978942439,-0.0901851133,3.14160156,388,3097051474550,3097046786,131,3,1,4810,0.00390625,0,0,389,3097048474011,3097046286,113,0,1,3005349,0,0,0
1,356,3097061258967,3097061484222,3,0,0,1,0,7,7,0,0,0,4,0,0,390,3097059513789,3097056187,114,0,1,1970433,0.875,-0.0213623047,-0.0629272461,0.479553223,-0.998275042,-0.0978942439,-0.0901851133,3.14160156,389,3097061479116,3097056187,132,3,1,5106,0.00390625,0,0,390,3097058486014,3097056187,114,0,1,2998208,0,0,0
1,357,3097071258967,3097071481406,3,0,0,1,0,7,7,0,0,0,4,0,0,391,3097069508865,3097066387,115,0,1,1972541,0.875,-0.0213623047,-0.0629272461,0.479553223,-0.998275042,-0.0978942439,-0.0901851133,3.14160156,390,3097071476393,3097066587,133,3,1,5013,0.00390625,0,0,391,3097068474429,3097066186,115,0,1,3006977,0,0,0
1,358,3097081258967,3097081484677,3,0,0,1,0,7,7,0,0,0,4,0,0,392,3097079501794,3097076188,116,0,1,1982883,0.875,-0.0213623047,-0.0629272461,0.479553223,-0.998275042,-0.0978942439,-0.0901851133,3.14160156,391,3097081479812,3097076587,134,3,1,4865,0.00390625,0,0,392,3097078485341,3097076186,116,0,1,2999336,0,0,0
1,359,3097091258967,3097091481473,3,0,0,1,0,7,7,0,0,0,4,0,0,393,3097089505657,3097086188,117,0,1,1975816,0.875,-0.0213623047,-0.0629272461,0.479553223,-0.998275042,-0.0978942439,-0.0901851133,3.14160156,392,3097091476626,3097086187,135,3,1,4847,0.00390625,0,0,393,3097088476790,3097086187,117,0,1,3004683,0,0,0
1,360,3097101258967,3097101292676,3,0,0,1,0,7,5,2,0,0,4,0,0,394,3097100505772,3097096288,118,0,1,786904,0.875,-0.0213623047,-0.0629272461,0.479553223,-0.998275042,-0.0978942439,-0.0901851133,3.14160156,392,3097091476626,3097086187,135,3,1,9816050,0.00390625,0,0,394,3097099476461,3097096787,118,0,1,1816215,0,0,0
1,361,3097111258967,3097111480726,3,0,0,1,0,7,7,0,0,2,4,0,0,395,3097109505003,3097106088,119,0,1,1975723,0.875,-0.0213623047,-0.0629272461,0.479553223,-0.998275042,-0.0978942439,-0.0901851133,3.14160156,394,3097111475861,3097106387,137,3,1,4865,0.00390625,0,0,395,3097108475969,3097106186,119,0,1,3004757,0,0,0
1,362,3097121258967,3097121292484,3,0,0,1,0,7,5,2,0,0,4,0,0,396,3097120505709,3097116088,120,0,1,786775,0.875,-0.0213623047,-0.0629272461,0.479553223,-0.998275042,-0.0978942439,-0.0901851133,3.14160156,394,3097111475861,3097106387,137,3,1,9816623,0.00390625,0,0,396,3097119477064,3097116186,120,0,1,1815420,0,0,0
1,363,3097131258967,3097131481940,3,0,0,1,0,7,7,0,0,2,4,0,0,397,3097129505107,3097125888,121,0,1,1976833,0.875,-0.0213623047,-0.0629272461,0.479553223,-0.998275042,-0.0978942439,-0.0901851133,3.14160156,396,3097131476964,3097126387,139,3,1,4976,0.00390625,0,0,397,3097128476054,3097126186,121,0,1,3005886,0,0,0
1,364,3097141258967,3097141481234,3,0,0,1,0,7,7,0,0,0,4,0,0,398,3097139505621,3097136088,122,0,1,1975613,0.875,-0.0213623047,-0.0629272461,0.479553223,-0.998275042,-0.0978942439,-0.0901851133,3.14160156,397,3097141476350,3097135987,140,3,1,4884,0.00390625,0,0,398,3097138476088,3097135586,122,0,1,3005146,0,0,0
1,365,3097151258967,3097151481341,3,0,0,1,0,7,7,0,0,0,4,0,0,399,3097149504952,3097146088,123,0,1,1976389,0.875,-0.0213623047,-0.0629272461,0.479553223,-0.998275042,-0.0978942439,-0.0901851133,3.14160156,398,3097151476513,3097146387,141,3,1,4828,0.00390625,0,0,399,3097148475585,3097146286,123,0,1,3005756,0,0,0
1,366,3097161258967,3097161481097,3,0,0,1,0,7,7,0,0,0,4,0,0,400,3097159505133,3097156088,124,0,1,1975964,0.875,-0.0213623047,-0.0629882812,0.479553223,-0.998260617,-0.0979530662,-0.0902919993,3.14160156,399,3097161476213,3097155687,142,3,1,4884,0.00390625,0,0,400,3097158475711,3097156187,124,0,1,3005386,0,0,0
1,367,3097171258967,3097171480983,3,0,0,1,0,7,7,0,0,0,4,0,0,401,3097169506110,3097166088,125,0,1,1974873,0.875,-0.0213623047,-0.0629882812,0.479553223,-0.998260617,-0.0979530662,-0.0902919993,3.14160156,400,3097171476080,3097166387,143,3,1,4903,0.00390625,0,0,401,3097168479000,3097165987,125,0,1,3001983,0,0,0
1,368,3097181258967,3097181481072,3,0,0,1,0,7,7,0,0,0,4,0,0,402,3097179506107,3097175688,126,0,1,1974965,0.875,-0.0213623047,-0.0629882812,0.479553223,-0.998260617,-0.0979530662,-0.0902919993,3.14160156,401,3097181476317,3097175987,144,3,1,4755,0.00390625,0,0,402,3097178478997,3097176187,126,0,1,3002075,0,0,0
1,369,3097191258967,3097191481345,3,0,0,1,0,7,7,0,0,0,4,0,0,403,3097189504734,3097186088,127,0,1,1976611,0.875,-0.0213623047,-0.0629882812,0.479553223,-0.998260617,-0.0979530662,-0.0902919993,3.14160156,402,3097191476424,3097185987,145,3,1,4921,0.00390625,0,0,403,3097188475700,3097186286,127,0,1,3005645,0,0,0
1,370,3097201258967,3097201481231,3,0,0,1,0,7,7,0,0,0,4,0,0,404,3097199504805,3097195688,128,0,1,1976426,0.875,-0.0213623047,-0.0629882812,0.479553223,-0.998260617,-0.0979530662,-0.0902919993,3.14160156,403,3097201476384,3097195887,146,3,1,4847,0.00390625,0,0,404,3097198475789,3097196187,128,0,1,3005442,0,0,0
1,371,3097211258967,3097211481227,3,0,0,1,0,7,7,0,0,0,4,0,0,405,3097209504912,3097205888,129,0,1,1976315,0.875,-0.0213623047,-0.0629882812,0.479553223,-0.998260617,-0.0979530662,-0.0902919993,3.14160156,404,3097211476380,3097206187,147,3,1,4847,0.00390625,0,0,405,3097208475453,3097205986,129,0,1,3005774,0,0,0
1,372,3097221258967,3097221475859,3,0,0,1,0,7,7,0,0,0,4,0,0,406,3097219499747,3097215885,130,0,1,1976112,0.875,-0.0213623047,-0.0629882812,0.479553223,-0.998260617,-0.0979530662,-0.0902919993,3.14160156,405,3097221470975,3097216183,148,3,1,4884,0.00390625,0,0,406,3097218481369,3097216183,130,0,1,2994490,0,0,0
1,373,3097231258967,3097231479259,3,0,0,1,0,7,7,0,0,0,4,0,0,407,3097229506662,3097225688,131,0,1,1972597,0.875,-0.0213623047,-0.0629882812,0.479553223,-0.998260617,-0.0979530662,-0.0902919993,3.14160156,406,3097231474523,3097225885,149,3,1,4736,0.00390625,0,0,407,3097228480182,3097226187,131,0,1,2999077,0,0,0
1,374,3097241258967,3097241482068,3,0,0,1,0,7,7,0,0,0,4,0,0,408,3097239505956,3097235687,132,0,1,1976112,0.875,-0.0213623047,-0.0629882812,0.479553223,-0.998260617,-0.0979530662,-0.0902919993,3.14160156,407,3097241477258,3097235687,150,3,1,4810,0.00390625,0.00390625,0.0390625,408,3097238470503,3097235786,132,0,1,3011565,0,0,0
1,375,3097251258967,3097251292327,3,0,0,1,0,7,7,0,0,0,4,0,0,409,3097248505335,3097245388,133,0,1,2786992,0.875,-0.0213623047,-0.0629882812,0.479553223,-0.998260617,-0.0979530662,-0.0902919993,3.14160156,408,3097250476637,3097245587,151,3,1,815690,0.00390625,0,0,409,3097247476597,3097245187,133,0,1,3815730,0,0,0
1,376,3097261258967,3097261480599,3,0,0,1,0,7,7,0,0,0,4,0,0,410,3097259505634,3097255688,134,0,1,1974965,0.875,-0.0213623047,-0.0629882812,0.479553223,-0.998260617,-0.0979530662,-0.0902919993,3.14160156,409,3097261475808,3097255687,152,3,1,4791,0.00390625,0,0,410,3097258475583,3097256186,134,0,1,3005016,0,0,0
1,377,3097271258967,3097271480707,3,0,0,1,0,7,7,0,0,0,4,0,0,411,3097269505612,3097265488,135,0,1,1975095,0.875,-0.0213623047,-0.0629882812,0.479553223,-0.998260617,-0.0979530662,-0.0902919993,3.14160156,410,3097271475823,3097265987,153,3,1,4884,0.0390625,-0.01171875,0,411,3097268477078,3097266186,135,0,1,3003629,0,0,0
1,378,3097281258967,3097281481221,3,0,0,1,0,7,7,0,0,0,4,0,0,412,3097279505479,3097275688,136,0,1,1975742,0.875,-0.0213623047,-0.0629882812,0.479553223,-0.998260617,-0.0979530662,-0.0902919993,3.14160156,411,3097281476300,3097275686,154,3,1,4921,0.00390625,0,0,412,3097278478758,3097275787,136,0,1,3002463,0,0,0
1,379,3097291258967,3097291292387,3,0,0,1,0,7,7,0,0,0,4,0,0,413,3097288506357,3097285588,137,0,1,2786030,0.875,-0.0213623047,-0.0629882812,0.479553223,-0.998260617,-0.0979530662,-0.0902919993,3.14160156,412,3097290476771,3097285987,155,3,1,815616,0.00390625,0,0,413,3097287475455,3097285187,137,0,1,3816932,0,0,0
1,380,3097301258967,3097301479679,3,0,0,1,0,7,7,0,0,0,4,0,0,414,3097299504085,3097295288,138,0,1,1975594,0.875,-0.0213623047,-0.0629882812,0.479553223,-0.998260617,-0.0979530662,-0.0902919993,3.14160156,413,3097301474924,3097295286,156,3,1,4755,0.00390625,0,0,414,3097298475588,3097296186,138,0,1,3004091,0,0,0
1,381,3097311258967,3097311480286,3,0,0,1,0,7,7,0,0,0,4,0,0,415,3097309503952,3097305488,139,0,1,1976334,0.875,-0.0213623047,-0.0629882812,0.479553223,-0.998260617,-0.0979530662,-0.0902919993,3.14160156,414,3097311475420,3097305886,157,3,1,4866,0.00390625,0.00390625,0.0390625,415,3097308474566,3097305986,139,0,1,3005720,0,0,0
1,382,3097321258967,3097321292302,3,0,0,1,0,7,7,0,0,0,4,0,0,416,3097318505976,3097315088,140,0,1,2786326,0.875,-0.0213623047,-0.0629882812,0.479553223,-0.998260617,-0.0979530662,-0.0902919993,3.14160156,415,3097320474892,3097315386,158,3,1,817410,-0.03515625,0.015625,0,416,3097317475943,3097314987,140,0,1,3816359,0,0,0
1,383,3097331258967,3097331292021,3,0,0,1,0,7,7,0,0,0,4,0,0,417,3097328504178,3097325588,141,0,1,2787843,0.875,-0.0213623047,-0.0629882812,0.479553223,-0.998260617,-0.0979530662,-0.0902919993,3.14160156,416,3097330474518,3097325786,159,3,1,817503,-0.03515625,0.015625,0,417,3097327474811,3097325286,141,0,1,3817210,0,0,0
1,384,3097341258967,3097341291944,3,0,0,1,0,7,7,0,0,0,4,0,0,418,3097338504637,3097335188,142,0,1,2787307,0.875,-0.0213623047,-0.0629882812,0.479553223,-0.998260617,-0.0979530662,-0.0902919993,3.14160156,417,3097340475181,3097335386,160,3,1,816763,0.00390625,0,0,418,3097337474493,3097335186,142,0,1,3817451,0,0,0
1,385,3097351258967,3097351292033,3,0,0,1,0,7,7,0,0,0,4,0,0,419,3097348504190,3097345388,143,0,1,2787843,0.875,-0.0213623047,-0.0629882812,0.479553223,-0.998260617,-0.0979530662,-0.0902919993,3.14160156,418,3097350474733,3097345786,161,3,1,817300,-0.03515625,0.015625,0,419,3097347474231,3097345186,143,0,1,3817802,0,0,0
1,386,3097361258967,3097361292140,3,0,0,1,0,7,7,0,0,0,4,0,0,420,3097358504168,3097355388,144,0,1,2787972,0.875,-0.0213623047,-0.0629882812,0.479553223,-0.998260617,-0.0979530662,-0.0902919993,3.14160156,419,3097360474359,3097355786,162,3,1,817781,0.00390625,0,0,420,3097357474653,3097355186,144,0,1,3817487,0,0,0
1,387,3097371258967,3097371292007,3,0,0,1,0,7,7,0,0,0,4,0,0,421,3097368504405,3097365388,145,0,1,2787602,0.875,-0.0213623047,-0.0629882812,0.479553223,-0.998260617,-0.0979530662,-0.0902919993,3.14160156,420,3097370474282,3097365387,163,3,1,817725,0.00390625,0,0,421,3097367473854,3097365186,145,0,1,3818153,0,0,0
1,388,3097381258967,3097381481538,3,0,0,1,0,7,7,0,0,0,4,0,0,422,3097379506092,3097375288,146,0,1,1975446,0.875,-0.0213623047,-0.0629882812,0.479553223,-0.998260617,-0.0979530662,-0.0902919993,3.14160156,421,3097381476672,3097375487,164,3,1,4866,0.00390625,0,0,422,3097378474967,3097375084,146,0,1,3006571,0,0,0
1,389,3097391258967,3097391292481,3,0,0,1,0,7,7,0,0,0,4,0,0,423,3097388502548,3097384885,147,0,1,2789933,0.875,-0.0213623047,-0.0629882812,0.479553223,-0.998260617,-0.0979530662,-0.0902919993,3.14160156,422,3097390475755,3097385187,165,3,1,816726,0.00390625,0,0,423,3097387475530,3097384986,147,0,1,3816951,0,0,0
1,390,3097401258967,3097401292422,3,0,0,1,0,7,7,0,0,0,4,0,0,424,3097398502766,3097395185,148,0,1,2789656,0.875,-0.0213623047,-0.0629882812,0.479553223,-0.998260617,-0.0979530662,-0.0902919993,3.14160156,423,3097400475751,3097395587,166,3,1,816671,0.00390625,0,0,424,3097397475601,3097395186,148,0,1,3816821,0,0,0
1,391,3097411258967,3097411292344,3,0,0,1,0,7,7,0,0,0,4,0,0,425,3097408504557,3097405085,149,0,1,2787787,0.875,-0.0213623047,-0.0629882812,0.479553223,-0.998260617,-0.0979530662,-0.0902919993,3.14160156,424,3097410476821,3097405587,167,3,1,815523,0.00390625,0,0,425,3097407476966,3097405286,149,0,1,3815378,0,0,0
1,392,3097421258967,3097421292600,3,0,0,1,0,7,7,0,0,0,4,0,0,426,3097418511232,3097415188,150,0,1,2781368,0.875,-0.0213623047,-0.0629882812,0.479553223,-0.998260617,-0.0979530662,-0.0902919993,3.14160156,425,3097420476281,3097415187,168,3,1,816319,0.00390625,0,0,426,3097417477647,3097414787,150,0,1,3814953,0,0,0
1,393,3097431258967,3097431292485,3,0,0,1,0,7,7,0,0,0,4,0,0,427,3097428505364,3097425188,151,0,1,2787121,0.875,-0.0213623047,-0.0629882812,0.479553223,-0.998260617,-0.0979530662,-0.0902919993,3.14160156,426,3097430476425,3097425587,169,3,1,816060,0.00390625,0,0,427,3097427476016,3097425286,151,0,1,3816469,0,0,0
1,394,3097441258967,3097441292537,3,0,0,1,0,7,7,0,0,0,4,0,0,428,3097438500051,3097435188,152,0,1,2792486,0.875,-0.0213623047,-0.0629882812,0.479553223,-0.998260617,-0.0979530662,-0.0902919993,3.14160156,427,3097440477569,3097434887,170,3,1,814968,0.00390625,0,0,428,3097437475735,3097435186,152,0,1,3816802,0,0,0
1,395,3097451258967,3097451292127,3,0,0,1,0,7,7,0,0,0,4,0,0,429,3097448505449,3097445188,153,0,1,2786678,0.875,-0.0213623047,-0.0629882812,0.479553223,-0.998260617,-0.0979530662,-0.0902919993,3.14160156,428,3097450475974,3097445587,171,3,1,816153,-0.03515625,0.015625,0,429,3097447476360,3097445186,153,0,1,3815767,0,0,0
1,396,3097461258967,3097461292586,3,0,0,1,0,7,7,0,0,0,4,0,0,430,3097458504817,3097454688,154,0,1,2787769,0.875,-0.0213623047,-0.0629882812,0.479553223,-0.998260617,-0.0979530662,-0.0902919993,3.14160156,429,3097460476248,3097454887,172,3,1,816338,0.00390625,0,0,430,3097457475765,3097454986,154,0,1,3816821,0,0,0
1,397,3097471258967,3097471291978,3,0,0,1,0,7,7,0,0,0,4,0,0,431,3097468504874,3097465088,155,0,1,2787104,0.875,-0.0213623047,-0.0629882812,0.479553223,-0.998260617,-0.0979530662,-0.0902919993,3.14160156,430,3097470475250,3097464987,173,3,1,816728,0.00390625,0,0,431,3097467476262,3097465186,155,0,1,3815716,0,0,0
1,398,3097481258967,3097481292668,3,0,0,1,0,7,7,0,0,0,4,0,0,432,3097478505082,3097474888,156,0,1,2787586,0.875,-0.0213623047,-0.0629882812,0.479553223,-0.998260617,-0.0979530662,-0.0902919993,3.14160156,431,3097480476106,3097474987,174,3,1,816562,0,0,-0.0390625,432,3097477479024,3097475187,156,0,1,3813644,0,0,0
1,399,3097491258967,3097491292469,3,0,0,1,0,7,7,0,0,0,4,0,0,433,3097488505198,3097485088,157,0,1,2787271,0.875,-0.0213623047,-0.0629882812,0.479553223,-0.998260617,-0.0979530662,-0.0902919993,3.14160156,432,3097490476277,3097485187,175,3,1,816192,0.00390625,0,0,433,3097487475643,3097484986,157,0,1,3816826,0,0,0
1,400,3097501258967,3097501292196,3,0,0,1,0,7,7,0,0,0,4,0,0,434,3097498505036,3097495088,158,0,1,2787160,0.875,-0.0213623047,-0.0629882812,0.479553223,-0.998260617,-0.0979530662,-0.0902919993,3.14160156,433,3097500476171,3097495387,176,3,1,816025,0.00390625,0.00390625,0.0390625,434,3097497475685,3097495187,158,0,1,3816511,0,0,0
1,401,3097511258967,3097511292922,3,0,0,1,0,7,7,0,0,0,4,0,0,435,3097508506262,3097504888,159,0,1,2786660,0.875,-0.0213623047,-0.0629882812,0.479553223,-0.998260617,-0.0979530662,-0.0902919993,3.14160156,434,3097510477138,3097504987,177,3,1,815784,-0.03515625,0.015625,0,435,3097507488585,3097505187,159,0,1,3804337,0,0,0
1,402,3097521258967,3097521291614,3,0,0,1,0,7,7,0,0,0,4,0,0,436,3097518506452,3097514888,160,0,1,2785162,0.875,-0.0213623047,-0.0629882812,0.479553223,-0.998260617,-0.0979530662,-0.0902919993,3.14160156,435,3097520476865,3097514887,178,3,1,814749,0.0390625,-0.01171875,0,436,3097517480153,3097514787,160,0,1,3811461,0,0,0
1,403,3097531258967,3097531291285,3,0,0,1,0,7,7,0,0,0,4,0,0,437,3097527508410,3097524389,161,0,1,3782875,0.875,-0.0213623047,-0.0629882812,0.479553223,-0.998260617,-0.0979530662,-0.0902919993,3.14160156,436,3097529477676,3097524787,179,3,1,1813609,0.00390625,0,0,437,3097526502574,3097524187,161,0,1,4788711,0,0,0
1,404,3097541258967,3097541292863,3,0,0,1,0,7,7,0,0,0,4,0,0,438,3097538506610,3097534688,162,0,1,2786253,0.875,-0.0213623047,-0.0629882812,0.479553223,-0.998260617,-0.0979530662,-0.0902919993,3.14160156,437,3097540476653,3097534485,180,3,1,816210,0.00390625,0,0,438,3097537480255,3097535187,162,0,1,3812608,0,0,0
1,405,3097551258967,3097551292590,3,0,0,1,0,7,7,0,0,0,4,0,0,439,3097548506837,3097544688,163,0,1,2785753,0.875,-0.0213623047,-0.0629882812,0.479553223,-0.998260617,-0.0979530662,-0.0902919993,3.14160156,438,3097550474437,3097545185,181,3,1,818153,0.00390625,0,0,439,3097547479353,3097545287,163,0,1,3813237,0,0,0
1,406,3097561258967,3097561292817,3,0,0,1,0,7,7,0,0,0,4,0,0,440,3097558505842,3097554888,164,0,1,2786975,0.875,-0.0213623047,-0.0629882812,0.479553223,-0.998260617,-0.0979530662,-0.0902919993,3.14160156,439,3097560476792,3097554887,182,3,1,816025,-0.03515625,0.015625,-0.0390625,440,3097557477749,3097554787,164,0,1,3815068,0,0,0
1,407,3097571258967,3097571293099,3,0,0,1,0,7,7,0,0,0,4,0,0,441,3097568517670,3097564886,165,0,1,2775429,0.875,-0.0213623047,-0.0629882812,0.479553223,-0.998260617,-0.0979530662,-0.0902919993,3.14160156,440,3097570479572,3097565187,183,3,1,813527,0.00390625,0,0,441,3097567482434,3097565289,165,0,1,3810665,0,0,0
1,408,3097581258967,3097581292660,3,0,0,1,0,7,7,0,0,0,4,0,0,442,3097578506795,3097574688,166,0,1,2785865,0.875,-0.0213623047,-0.0629882812,0.479553223,-0.998260617,-0.0979530662,-0.0902919993,3.14160156,441,3097580477005,3097574687,184,3,1,815655,0.00390625,0,0,442,3097577482199,3097575187,166,0,1,3810461,0,0,0
1,409,3097591258967,3097591292831,3,0,0,1,0,7,7,0,0,0,4,0,0,443,3097588506412,3097584888,167,0,1,2786419,0.875,-0.0213623047,-0.0629882812,0.479553223,-0.998260617,-0.0979530662,-0.0902919993,3.14160156,442,3097590476177,3097584987,185,3,1,816654,0.00390625,0,0,443,3097587477855,3097585187,167,0,1,3814976,0,0,0
1,410,3097601258967,3097601291633,3,0,0,1,0,7,7,0,0,0,4,0,0,444,3097597506575,3097594188,168,0,1,3785058,0.875,-0.0213623047,-0.0629882812,0.479553223,-0.998260617,-0.0979530662,-0.0902919993,3.14160156,443,3097599476840,3097594587,186,3,1,1814793,0,0,-0.0390625,444,3097596479240,3097594187,168,0,1,4812393,0,0,0
1,411,3097611258967,3097611291490,3,0,0,1,0,7,7,0,0,0,4,0,0,445,3097607505710,3097604788,169,0,1,3785780,0.875,-0.0213623047,-0.0629882812,0.479553223,-0.998260617,-0.0979530662,-0.0902919993,3.14160156,444,3097609475975,3097605087,187,3,1,1815515,-0.03515625,0.015625,0,445,3097606476451,3097604287,169,0,1,4815039,0,0,0
1,412,3097621258967,3097621289737,3,0,0,1,0,7,7,0,0,0,4,0,0,446,3097618505482,3097614688,170,0,1,2784255,0.875,-0.0213623047,-0.0629882812,0.479553223,-0.998260617,-0.0979530662,-0.0902919993,3.14160156,445,3097620475951,3097614487,188,3,1,813786,0.00390625,0,0,446,3097617477574,3097615186,170,0,1,3812163,0,0,0
1,413,3097631258967,3097631289797,3,0,0,1,0,7,7,0,0,0,4,0,0,447,3097628505191,3097624488,171,0,1,2784606,0.875,-0.0213623047,-0.0629882812,0.479553223,-0.998260617,-0.0979530662,-0.0902919993,3.14160156,446,3097630475918,3097624887,189,3,1,813879,0.00390625,0,0,447,3097627476894,3097625187,171,0,1,3812903,0,0,0
1,414,3097641258967,3097641289710,3,0,0,1,0,7,7,0,0,0,4,0,0,448,3097638504955,3097634488,172,0,1,2784755,0.875,-0.0213623047,-0.0629882812,0.479553223,-0.998260617,-0.0979530662,-0.0902919993,3.14160156,447,3097640475849,3097634887,190,3,1,813861,-0.03515625,0.015625,0,448,3097637475900,3097634187,172,0,1,3813810,0,0,0
1,415,3097651258967,3097651291269,3,0,0,1,0,7,7,0,0,0,4,0,0,449,3097647505248,3097644588,173,0,1,3786021,0.875,-0.0213623047,-0.0629882812,0.479553223,-0.998260617,-0.0979530662,-0.0902919993,3.14160156,448,3097649475828,3097644787,191,3,1,1815441,0.00390625,0,0,449,3097646473029,3097644284,173,0,1,4818240,0,0,0
1,416,3097661258967,3097661292125,3,0,0,1,0,7,7,0,0,0,4,0,0,450,3097658505095,3097654488,174,0,1,2787030,0.875,-0.0213623047,-0.0629882812,0.479553223,-0.998260617,-0.0979530662,-0.0902919993,3.14160156,449,3097660476136,3097654487,192,3,1,815989,0.0390625,-0.01171875,0,450,3097657475872,3097654587,174,0,1,3816253,0,0,0
1,417,3097671258967,3097671292573,3,0,0,1,0,7,7,0,0,0,4,0,0,451,3097667505017,3097664088,175,0,1,3787556,0.875,-0.0213623047,-0.0629882812,0.479553223,-0.998260617,-0.0979530662,-0.0902919993,3.14160156,450,3097669476281,3097664387,193,3,1,1816292,-0.03515625,0.015625,0,451,3097666475333,3097664186,175,0,1,4817240,0,0,0
1,418,3097681258967,3097681290709,3,0,0,1,0,7,7,0,0,0,4,0,0,452,3097677506484,3097674188,176,0,1,3784225,0.875,-0.0213623047,-0.0629882812,0.479553223,-0.998260617,-0.0979530662,-0.0902919993,3.14160156,451,3097679475749,3097674187,194,3,1,1814960,0.00390625,0.00390625,0.0390625,452,3097676477021,3097674184,176,0,1,4813688,0,0,0
1,419,3097691258967,3097691290677,3,0,0,1,0,7,7,0,0,0,4,0,0,453,3097687505064,3097684188,177,0,1,3785613,0.875,-0.0213623047,-0.0629882812,0.479553223,-0.998260617,-0.0979530662,-0.0902919993,3.14160156,452,3097689475495,3097684786,195,3,1,1815182,0.00390625,0,0,453,3097686475860,3097684186,177,0,1,4814817,0,0,0
1,420,3097701258967,3097701290312,3,0,0,1,0,7,7,0,0,0,4,0,0,454,3097697503848,3097694388,178,0,1,3786464,0.875,-0.0213623047,-0.0629882812,0.479553223,-0.998260617,-0.0979530662,-0.0902919993,3.14160156,453,3097699474353,3097694786,196,3,1,1815959,0.00390625,0.00390625,0.0390625,454,3097696474459,3097694186,178,0,1,4815853,0,0,0
1,421,3097711258967,3097711290798,3,0,0,1,0,7,7,0,0,0,4,0,0,455,3097707501688,3097704385,179,0,1,3789110,0.875,-0.0213623047,-0.0629882812,0.479553223,-0.998260617,-0.0979530662,-0.0902919993,3.14160156,454,3097709475079,3097704786,197,3,1,1815719,0.0390625,-0.01171875,0.03515625,455,3097706476147,3097704286,179,0,1,4814651,0,0,0
1,422,3097721258967,3097721290618,3,0,0,1,0,7,7,0,0,0,4,0,0,456,3097717501396,3097714385,180,0,1,3789222,0.875,-0.0213623047,-0.0629882812,0.479553223,-0.998260617,-0.0979530662,-0.0902919993,3.14160156,455,3097719474788,3097713986,198,3,1,1815830,0.00390625,0,0,456,3097716474875,3097714186,180,0,1,4815743,0,0,0
1,423,3097731258967,3097731326757,3,0,0,1,0,7,7,0,0,0,4,0,0,457,3097727514723,3097724389,181,0,1,3812034,0.875,-0.0213623047,-0.0629882812,0.479553223,-0.998260617,-0.0979530662,-0.0902919993,3.14160156,456,3097729549411,3097724800,199,3,1,1777346,0.00390625,0,0,457,3097726515621,3097724188,181,0,1,4811136,0,0,0
1,424,3097741258967,3097741295771,3,0,0,1,0,7,7,0,0,0,4,0,0,458,3097737514931,3097733893,182,0,1,3780840,0.875,-0.0213623047,-0.0629882812,0.479553223,-0.998260617,-0.0979530662,-0.0902919993,3.14160156,457,3097739546344,3097734191,200,3,1,1749427,0.00390625,0.00390625,0.0390625,458,3097736514349,3097734187,182,0,1,4781422,0,0,0
1,425,3097751258967,3097751326581,3,0,0,1,0,7,7,0,0,0,4,0,0,459,3097747557768,3097744203,183,0,1,3768813,0.875,-0.0213623047,-0.0629882812,0.479553223,-0.998260617,-0.0979530662,-0.0902919993,3.14160156,458,3097749522093,3097744200,201,3,1,1804488,0,0,-0.0390625,459,3097746568639,3097744221,183,0,1,4757942,0,0,0
1,426,3097761258967,3097761285919,3,0,0,1,0,7,7,0,0,0,4,0,0,460,3097757491739,3097754183,184,0,1,3794180,0.875,-0.0213623047,-0.0629882812,0.479553223,-0.998260617,-0.0979530662,-0.0902919993,3.14160156,459,3097759469497,3097754183,202,3,1,1816422,0.00390625,0.00390625,0.0390625,460,3097756505071,3097754186,184,0,1,4780848,0,0,0
1,427,3097771258967,3097771292732,3,0,0,1,0,7,7,0,0,0,4,0,0,461,3097767500070,3097764185,185,0,1,3792662,0.875,-0.0213623047,-0.0629882812,0.479553223,-0.998260617,-0.0979530662,-0.0902919993,3.14160156,460,3097769474978,3097764388,203,3,1,1817754,0.00390625,0,0,461,3097766479876,3097764183,185,0,1,4812856,0,0,0
1,428,3097781258967,3097781292052,3,0,0,1,0,7,7,0,0,0,4,0,0,462,3097777509011,3097774188,186,0,1,3783041,0.875,-0.0213623047,-0.0629882812,0.479553223,-0.998260617,-0.0979530662,-0.0902919993,3.14160156,461,3097779478221,3097774587,204,3,1,1813831,0.00390625,0.00390625,0.0390625,462,3097776485598,3097774186,186,0,1,4806454,0,0,0
1,429,3097791258967,3097791291632,3,0,0,1,0,7,7,0,0,0,4,0,0,463,3097787507776,3097784089,187,0,1,3783856,0.875,-0.0213623047,-0.0629882812,0.479553223,-0.998260617,-0.0979530662,-0.0902919993,3.14160156,462,3097789478263,3097784388,205,3,1,1813369,0.00390625,0,0,463,3097786480718,3097784187,187,0,1,4810914,0,0,0
1,430,3097801258967,3097801291174,3,0,0,1,0,7,7,0,0,0,4,0,0,464,3097797506097,3097794088,188,0,1,3785077,0.875,-0.0213623047,-0.0629882812,0.479553223,-0.998260617,-0.0979530662,-0.0902919993,3.14160156,463,3097799476750,3097793987,206,3,1,1814424,-0.03515625,0.015625,0.0390625,464,3097796476690,3097793787,188,0,1,4814484,0,0,0
1,431,3097811258967,3097811291678,3,0,0,1,0,7,7,0,0,0,4,0,0,465,3097807504992,3097803688,189,0,1,3786686,0.875,-0.0213623047,-0.0629882812,0.479553223,-0.998260617,-0.0979530662,-0.0902919993,3.14160156,464,3097809476626,3097803887,207,3,1,1815052,0.00390625,0,-0.0078125,465,3097806476251,3097804187,189,0,1,4815427,0,0,0
1,432,3097821258967,3097821287927,3,0,0,1,0,7,7,0,0,0,4,0,0,466,3097817482017,3097813886,190,0,1,3805910,0.875,-0.0213623047,-0.0629882812,0.479553223,-0.998260617,-0.0979530662,-0.0902919993,3.14160156,465,3097819454169,3097813885,208,3,1,1833758,0.00390625,0,-0.0078125,466,3097816462046,3097814185,190,0,1,4825881,0,0,0
1,433,3097831258967,3097831288468,3,0,0,1,0,7,7,0,0,0,4,0,0,467,3097827481930,3097824085,191,0,1,3806538,0.875,-0.0213623047,-0.0629882812,0.479553223,-0.998260617,-0.0979530662,-0.0902919993,3.14160156,466,3097829455229,3097824385,209,3,1,1833239,0.00390625,0,-0.0078125,467,3097826465196,3097824182,191,0,1,4823272,0,0,0
1,434,3097841258967,3097841286309,3,0,0,1,0,7,7,0,0,0,4,0,0,468,3097837481435,3097834085,192,0,1,3804874,0.875,-0.0213623047,-0.0629882812,0.479553223,-0.998260617,-0.0979530662,-0.0902919993,3.14160156,467,3097839459563,3097834385,210,3,1,1826746,0.00390625,0,-0.0078125,468,3097836468790,3097834184,192,0,1,4817519,0,0,0
1,435,3097851258967,3097851288330,3,0,0,1,0,7,7,0,0,0,4,0,0,469,3097847480422,3097844085,193,0,1,3807908,0.875,-0.0213623047,-0.0629882812,0.479553223,-0.998260617,-0.0979530662,-0.0902919993,3.14160156,468,3097849452204,3097844383,211,3,1,1836126,0.00390625,0,-0.0078125,469,3097846459377,3097844284,193,0,1,4828953,0,0,0
1,436,3097861258967,3097861287928,3,0,0,1,0,7,7,0,0,0,4,0,0,470,3097857480797,3097853886,194,0,1,3807131,0.875,-0.0213623047,-0.0629882812,0.479553223,-0.998260617,-0.0979530662,-0.0902919993,3.14160156,469,3097859453837,3097853884,212,3,1,1834091,0.00390625,0,-0.0078125,470,3097856455108,3097854184,194,0,1,4832820,0,0,0
1,437,3097871258967,3097871288395,3,0,0,1,0,7,7,0,0,0,4,0,0,471,3097867480506,3097864086,195,0,1,3807889,0.875,-0.0213623047,-0.0629882812,0.479553223,-0.998260617,-0.0979530662,-0.0902919993,3.14160156,470,3097869453361,3097864184,213,3,1,1835034,0.00390625,0,-0.0078125,471,3097866456242,3097864184,195,0,1,4832153,0,0,0
1,438,3097881258967,3097881288418,3,0,0,1,0,7,7,0,0,0,4,0,0,472,3097877482805,3097874185,196,0,1,3805613,0.875,-0.0213623047,-0.0629882812,0.479553223,-0.998260617,-0.0979530662,-0.0902919993,3.14160156,471,3097879453772,3097874384,214,3,1,1834646,-0.03515625,0.015625,-0.0078125,472,3097876453249,3097874184,196,0,1,4835169,0,0,0
1,439,3097891258967,3097891288220,3,0,0,1,0,7,7,0,0,0,4,0,0,473,3097887479627,3097883885,197,0,1,3808593,0.875,-0.0213623047,-0.0629882812,0.479553223,-0.998260617,-0.0979530662,-0.0902919993,3.14160156,472,3097889453111,3097883984,215,3,1,1835109,0,0,-0.046875,473,3097886453735,3097884284,197,0,1,4834485,0,0,0
1,440,3097901258967,3097901289224,3,0,0,1,0,7,7,0,0,0,4,0,0,474,3097898479492,3097893785,198,0,1,2809732,0.875,-0.0213623047,-0.0629882812,0.479553223,-0.998260617,-0.0979530662,-0.0902919993,3.14160156,473,3097900452846,3097893784,216,3,1,836378,0.00390625,0.00390625,0.03125,474,3097897453248,3097893684,198,0,1,3835976,0,0,0
1,441,3097911258967,3097911287896,3,0,0,1,0,7,7,0,0,0,4,0,0,475,3097907479507,3097903885,199,0,1,3808389,0.875,-0.0213623047,-0.0629882812,0.479553223,-0.998260617,-0.0979530662,-0.0902919993,3.14160156,474,3097909453324,3097903984,217,3,1,1834572,0.00390625,0,-0.0078125,475,3097906453393,3097904184,199,0,1,4834503,0,0,0
1,442,3097921258967,3097921290140,3,0,0,1,0,7,7,0,0,0,4,0,0,476,3097917506136,3097913688,200,0,1,3784004,0.875,-0.0213623047,-0.0629882812,0.479553223,-0.998260617,-0.0979530662,-0.0902919993,3.14160156,475,3097919475568,3097913986,218,3,1,1814572,0.00390625,0,-0.0078125,476,3097916483186,3097914188,200,0,1,4806954,0,0,0
1,443,3097931258967,3097931290922,3,0,0,1,0,7,7,0,0,0,4,0,0,477,3097927504439,3097923487,201,0,1,3786483,0.875,-0.0213623047,-0.0629882812,0.479553223,-0.998260617,-0.0979530662,-0.0902919993,3.14160156,476,3097929475166,3097923986,219,3,1,1815756,0,0,-0.046875,477,3097926476937,3097924186,201,0,1,4813985,0,0,0
1,444,3097941258967,3097941291167,3,0,0,1,0,7,7,0,0,0,4,0,0,478,3097937504795,3097933687,202,0,1,3786372,0.875,-0.0213623047,-0.0629882812,0.479553223,-0.998260617,-0.0979530662,-0.0902919993,3.14160156,477,3097939475060,3097933686,220,3,1,1816107,0.00390625,0,-0.0078125,478,3097936474999,3097933786,202,0,1,4816168,0,0,0
1,445,3097951258967,3097951290635,3,0,0,1,0,7,7,0,0,0,4,0,0,479,3097947504707,3097943887,203,0,1,3785928,0.875,-0.0213623047,-0.0629882812,0.479553223,-0.998260617,-0.0979530662,-0.0902919993,3.14160156,478,3097949475028,3097944186,221,3,1,1815607,-0.03515625,0.015625,-0.0078125,479,3097946477576,3097944186,203,0,1,4813059,0,0,0
1,446,3097961258967,3097961290362,3,0,0,1,0,7,7,0,0,0,4,0,0,480,3097957504805,3097953687,204,0,1,3785557,0.875,-0.0213623047,-0.0629882812,0.479553223,-0.998260617,-0.0979530662,-0.0902919993,3.14160156,479,3097959474755,3097953286,222,3,1,1815607,0.00390625,0,0,480,3097956475286,3097954186,204,0,1,4815076,0,0,0
1,447,3097971258967,3097971290515,3,0,0,1,0,7,7,0,0,0,4,0,0,481,3097967503274,3097963487,205,0,1,3787241,0.875,-0.0213623047,-0.0629882812,0.479553223,-0.998260617,-0.0979530662,-0.0902919993,3.14160156,480,3097969474538,3097963886,223,3,1,1815977,-0.01171875,-0.03515625,0,481,3097966473330,3097963986,205,0,1,4817185,0,0,0
1,448,3097981258967,3097981290816,3,0,0,1,0,7,7,0,0,0,4,0,0,482,3097977504185,3097973485,206,0,1,3786631,0.875,-0.0213623047,-0.0629882812,0.479553223,-0.998260617,-0.0979530662,-0.0902919993,3.14160156,481,3097979475560,3097973886,224,3,1,1815256,0.00390625,0,0,482,3097976474759,3097973986,206,0,1,4816057,0,0,0
1,449,3097991258967,3097991291265,3,0,0,1,0,7,7,0,0,0,4,0,0,483,3097986505773,3097983588,207,0,1,4785492,0.875,-0.0213623047,-0.0629882812,0.479553223,-0.998260617,-0.0979530662,-0.0902919993,3.14160156,482,3097988476482,3097983987,225,3,1,2814783,0.00390625,0,0,483,3097985475922,3097983287,207,0,1,5815343,0,0,0
1,450,3098001258967,3098001288735,3,0,0,1,0,7,7,0,0,0,4,0,0,484,3097996505167,3097993588,208,0,1,4783568,0.875,-0.0213623047,-0.0629882812,0.479553223,-0.998260617,-0.0979530662,-0.0902919993,3.14160156,483,3097998476246,3097993187,226,3,1,2812489,0.00390625,0,0,484,3097995475723,3097993187,208,0,1,5813012,0,0,0
1,451,3098011258967,3098011317973,3,0,0,1,0,7,7,0,0,0,4,0,0,485,3098006508206,3098003586,209,0,1,4809767,0.875,-0.0213623047,-0.0629882812,0.479553223,-0.998260617,-0.0979530662,-0.0902919993,3.14160156,484,3098008479396,3098003785,227,3,1,2838577,0.00390625,0,0,485,3098005491380,3098003187,209,0,1,5826593,0,0,0
1,452,3098021258967,3098021291649,3,0,0,1,0,7,7,0,0,0,4,0,0,486,3098017509459,3098013489,210,0,1,3782190,0.875,-0.0213623047,-0.0629882812,0.479553223,-0.998260617,-0.0979530662,-0.0902919993,3.14160156,485,3098019477633,3098013887,228,3,1,1814016,0.00390625,0,0,486,3098016507804,3098014185,210,0,1,4783845,0,0,0
1,453,3098031258967,3098031291025,3,0,0,1,0,7,7,0,0,0,4,0,0,487,3098026507513,3098023389,211,0,1,4783512,0.875,-0.0213623047,-0.0629882812,0.479553223,-0.998260617,-0.0979530662,-0.0902919993,3.14160156,486,3098028476557,3098023587,229,3,1,2814468,0.00390625,0,0,487,3098025478753,3098023287,211,0,1,5812272,0,0,0
1,454,3098041258967,3098041291400,3,0,0,1,0,7,7,0,0,0,4,0,0,488,3098037506841,3098033289,212,0,1,3784559,0.875,-0.0213623047,-0.0629882812,0.479553223,-0.998260617,-0.0979530662,-0.0902919993,3.14160156,487,3098039477161,3098033287,230,3,1,1814239,-0.03515625,0.015625,0,488,3098036479802,3098033588,212,0,1,4811598,0,0,0
1,455,3098051258967,3098051291330,3,0,0,1,0,7,7,0,0,0,4,0,0,489,3098046506153,3098043388,213,0,1,4785177,0.875,-0.0213623047,-0.0629882812,0.479553223,-0.998260617,-0.0979530662,-0.0902919993,3.14160156,488,3098048476936,3098043588,231,3,1,2814394,0.00390625,0,0,489,3098045476709,3098043187,213,0,1,5814621,0,0,0
1,456,3098061258967,3098061290780,3,0,0,1,0,7,7,0,0,0,4,0,0,490,3098056505048,3098053188,214,0,1,4785732,0.875,-0.0213623047,-0.0629882812,0.479553223,-0.998260617,-0.0979530662,-0.0902919993,3.14160156,489,3098058475202,3098053587,232,3,1,2815578,0.00390625,0,0,490,3098055477935,3098053187,214,0,1,5812845,0,0,0
1,457,3098071258967,3098071291229,3,0,0,1,0,7,7,0,0,0,4,0,0,491,3098066503684,3098063386,215,0,1,4787545,0.875,-0.0213623047,-0.0629882812,0.479553223,-0.998260617,-0.0979530662,-0.0902919993,3.14160156,490,3098068477667,3098063587,233,3,1,2813562,0.00390625,0,0,491,3098065478291,3098063287,215,0,1,5812938,0,0,0
1,458,3098081258967,3098081290771,3,0,0,1,0,7,7,0,0,0,4,0,0,492,3098076505890,3098073388,216,0,1,4784881,0.875,-0.0213623047,-0.0629882812,0.479553223,-0.998260617,-0.0979530662,-0.0902919993,3.14160156,491,3098078476654,3098073385,234,3,1,2814117,0.00390625,0,0,492,3098075478796,3098072986,216,0,1,5811975,0,0,0
1,459,3098091258967,3098091291035,3,0,0,1,0,7,7,0,0,0,4,0,0,493,3098086504618,3098083388,217,0,1,4786417,0.875,-0.0213623047,-0.0629882812,0.479553223,-0.998260617,-0.0979530662,-0.0902919993,3.14160156,492,3098088470128,3098083587,235,3,1,2820907,0.00390625,0,0,493,3098085475174,3098083186,217,0,1,5815861,0,0,0
1,460,3098101258967,3098101291243,3,0,0,1,0,7,7,0,0,0,4,0,0,494,3098096506159,3098093188,218,0,1,4785084,0.875,-0.0213623047,-0.0629882812,0.479553223,-0.998260617,-0.0979530662,-0.0902919993,3.14160156,493,3098098476720,3098093187,236,3,1,2814523,0.00390625,0,0,494,3098095478620,3098093186,218,0,1,5812623,0,0,0
1,461,3098111258967,3098111290804,3,0,0,1,0,7,7,0,0,0,4,0,0,495,3098106505627,3098103188,219,0,1,4785177,0.875,-0.0213623047,-0.0629882812,0.479553223,-0.998260617,-0.0979530662,-0.0902919993,3.14160156,494,3098108476317,3098103387,237,3,1,2814487,-0.03515625,0.015625,-0.0390625,495,3098105476183,3098102987,219,0,1,5814621,0,0,0
1,462,3098121258967,3098121291068,3,0,0,1,0,7,7,0,0,0,4,0,0,496,3098116505780,3098113188,220,0,1,4785288,0.875,-0.0213623047,-0.0629882812,0.479553223,-0.998260617,-0.0979530662,-0.0902919993,3.14160156,495,3098118475804,3098113587,238,3,1,2815264,0.00390625,0,0,496,3098115477908,3098113187,220,0,1,5813160,0,0,0
1,463,3098131258967,3098131290684,3,0,0,1,0,7,7,0,0,0,4,0,0,497,3098126504841,3098123088,221,0,1,4785843,0.875,-0.0213623047,-0.0629882812,0.479553223,-0.998260617,-0.0979530662,-0.0902919993,3.14160156,496,3098128476105,3098123387,239,3,1,2814579,0.00390625,0,0,497,3098125475434,3098123186,221,0,1,5815250,0,0,0
1,464,3098141258967,3098141290985,3,0,0,1,0,7,7,0,0,0,4,0,0,498,3098136505475,3098132888,222,0,1,4785510,0.875,-0.0213623047,-0.0629882812,0.479553223,-0.998260617,-0.0979530662,-0.0902919993,3.14160156,497,3098138476461,3098132887,240,3,1,2814524,0.00390625,0,0,498,3098135475623,3098133186,222,0,1,5815362,0,0,0
1,465,3098151258967,3098151290897,3,0,0,1,0,7,7,0,0,0,4,0,0,499,3098146504740,3098143088,223,0,1,4786157,0.875,-0.0213623047,-0.0629882812,0.479553223,-0.998260617,-0.0979530662,-0.0902919993,3.14160156,498,3098148475966,3098143387,241,3,1,2814931,0.00390625,0,0,499,3098145475869,3098143187,223,0,1,5815028,0,0,0
1,466,3098161258967,3098161291050,3,0,0,1,0,7,7,0,0,0,4,0,0,500,3098157505437,3098153088,224,0,1,3785613,0.875,-0.0213623047,-0.0629882812,0.479553223,-0.998260617,-0.0979530662,-0.0902919993,3.14160156,499,3098159476349,3098153287,242,3,1,1814701,0,0,-0.0390625,500,3098156476492,3098153187,224,0,1,4814558,0,0,0
1,467,3098171258967,3098171290870,3,0,0,1,0,7,7,0,0,0,4,0,0,501,3098166504897,3098163088,225,0,1,4785973,0.875,-0.0213623047,-0.0629882812,0.479553223,-0.998260617,-0.0979530662,-0.0902919993,3.14160156,500,3098168473793,3098163185,243,3,1,2817077,0.00390625,0,0,501,3098165475249,3098163287,225,0,1,5815621,0,0,0
1,468,3098181258967,3098181290949,3,0,0,1,0,7,7,0,0,0,4,0,0,502,3098176505845,3098173088,226,0,1,4785104,0.875,-0.0213623047,-0.0629882812,0.479553223,-0.998260617,-0.0979530662,-0.0902919993,3.14160156,501,3098178480033,3098172987,244,3,1,2810916,0,0,-0.0390625,502,3098175477012,3098172587,226,0,1,5813937,0,0,0
1,469,3098191258967,3098191290787,3,0,0,1,0,7,7,0,0,0,4,0,0,503,3098186505943,3098182888,227,0,1,4784844,0.875,-0.0213623047,-0.0629882812,0.479553223,-0.998260617,-0.0979530662,-0.0902919993,3.14160156,502,3098188476485,3098183187,245,3,1,2814302,0.00390625,0,0,503,3098185476184,3098183186,227,0,1,5814603,0,0,0
1,470,3098201258967,3098201290977,3,0,0,1,0,7,7,0,0,0,4,0,0,504,3098196505207,3098192888,228,0,1,4785770,0.875,-0.0213623047,-0.0629882812,0.479553223,-0.998260617,-0.0979530662,-0.0902919993,3.14160156,503,3098198476064,3098193187,246,3,1,2814913,0.00390625,0.00390625,0.0390625,504,3098195475578,3098193186,228,0,1,5815399,0,0,0
1,471,3098211258967,3098211291000,3,0,0,1,0,7,7,0,0,0,4,0,0,505,3098206505379,3098202688,229,0,1,4785621,0.875,-0.0213623047,-0.0629882812,0.479553223,-0.998260617,-0.0979530662,-0.0902919993,3.14160156,504,3098208476606,3098203187,247,3,1,2814394,0,0,-0.0390625,505,3098205476378,3098203187,229,0,1,5814622,0,0,0
1,472,3098221258967,3098221291042,3,0,0,1,0,7,7,0,0,0,4,0,0,506,3098216505421,3098212888,230,0,1,4785621,0.875,-0.0213623047,-0.0629882812,0.479553223,-0.998260617,-0.0979530662,-0.0902919993,3.14160156,505,3098218476092,3098212987,248,3,1,2814950,-0.01171875,-0.03515625,-0.0390625,506,3098215476975,3098212987,230,0,1,5814067,0,0,0
1,473,3098231258967,3098231290861,3,0,0,1,0,7,7,0,0,0,4,0,0,507,3098226505129,3098222888,231,0,1,4785732,0.875,-0.0213623047,-0.0629882812,0.479553223,-0.998260617,-0.0979530662,-0.0902919993,3.14160156,506,3098228475690,3098223187,249,3,1,2815171,0.00390625,0,0,507,3098225475722,3098223286,231,0,1,5815139,0,0,0
1,474,3098241258967,3098241291014,3,0,0,1,0,7,7,0,0,0,4,0,0,508,3098236505190,3098232888,232,0,1,4785824,0.875,-0.0213623047,-0.0629882812,0.479553223,-0.998260617,-0.0979530662,-0.0902919993,3.14160156,507,3098238475436,3098232487,250,3,1,2815578,0.00390625,0,0,508,3098235477725,3098233187,232,0,1,5813289,0,0,0
1,475,3098251258967,3098251290742,3,0,0,1,0,7,7,0,0,0,4,0,0,509,3098246505250,3098242888,233,0,1,4785492,0.875,-0.0213623047,-0.0629882812,0.479553223,-0.998260617,-0.0979530662,-0.0902919993,3.14160156,508,3098248476329,3098243187,251,3,1,2814413,0.00390625,0,0,509,3098245475547,3098243187,233,0,1,5815195,0,0,0
1,476,3098261258967,3098261290709,3,0,0,1,0,7,7,0,0,0,4,0,0,510,3098256505181,3098252688,234,0,1,4785528,0.875,-0.0213623047,-0.0629882812,0.479553223,-0.998260617,-0.0979530662,-0.0902919993,3.14160156,509,3098258475297,3098252987,252,3,1,2815412,0.00390625,0,0,510,3098255472128,3098253183,234,0,1,5818581,0,0,0
1,477,3098271258967,3098271290548,3,0,0,1,0,7,7,0,0,0,4,0,0,511,3098266504057,3098262887,235,0,1,4786491,0.875,-0.0213623047,-0.0629882812,0.479553223,-0.998260617,-0.0979530662,-0.0902919993,3.14160156,510,3098268474433,3098262886,253,3,1,2816115,0.0390625,-0.01171875,0,511,3098265475001,3098263286,235,0,1,5815547,0,0,0
1,478,3098281258967,3098281290830,3,0,0,1,0,7,7,0,0,0,4,0,0,512,3098276504302,3098272488,236,0,1,4786528,0.875,-0.0213623047,-0.0629882812,0.479553223,-0.998260617,-0.0979530662,-0.0902919993,3.14160156,511,3098278478804,3098272487,254,3,1,2812026,0,0,-0.0390625,512,3098275474506,3098273186,236,0,1,5816324,0,0,0
1,479,3098291258967,3098291290983,3,0,0,1,0,7,7,0,0,0,4,0,0,513,3098286504862,3098282688,237,0,1,4786121,0.875,-0.0213623047,-0.0629882812,0.479553223,-0.998260617,-0.0979530662,-0.0902919993,3.14160156,512,3098288475700,3098282987,255,3,1,2815283,0.00390625,0,0.0078125,513,3098285475899,3098283187,237,0,1,5815084,0,0,0
1,480,3098301258967,3098301291172,3,0,0,1,0,7,7,0,0,0,4,0,0,514,3098296505274,3098292688,238,0,1,4785898,0.875,-0.0213623047,-0.0629882812,0.479553223,-0.998260617,-0.0979530662,-0.0902919993,3.14160156,513,3098298475964,3098292987,0,3,1,2815208,0.00390625,0.00390625,0.046875,514,3098295476051,3098293187,238,0,1,5815121,0,0,0
1,481,3098311258967,3098311290752,3,0,0,1,0,7,7,0,0,0,4,0,0,515,3098305505585,3098302588,239,0,1,5785167,0.875,-0.0213623047,-0.0629882812,0.479553223,-0.998260617,-0.0979530662,-0.0902919993,3.14160156,514,3098307475850,3098302787,1,3,1,3814902,0.00390625,0,0.0078125,515,3098304475919,3098302287,239,0,1,6814833,0,0,0
1,482,3098321258967,3098321290812,3,0,0,1,0,7,7,0,0,0,4,0,0,516,3098316505265,3098312488,240,0,1,4785547,0.875,-0.0213623047,-0.0629882812,0.479553223,-0.998260617,-0.0979530662,-0.0902919993,3.14160156,515,3098318475271,3098312486,2,3,1,2815541,0.00390625,0,0.0078125,516,3098315474396,3098312585,240,0,1,5816416,0,0,0
1,483,3098331258967,3098331290687,3,0,0,1,0,7,7,0,0,0,4,0,0,517,3098325502024,3098322386,241,0,1,5788663,0.875,-0.0213623047,-0.0629882812,0.479553223,-0.998260617,-0.0979530662,-0.0902919993,3.14160156,516,3098327474916,3098322586,3,3,1,3815771,0.00390625,0.00390625,0.0390625,517,3098324477279,3098322186,241,0,1,6813408,0,0,0
1,484,3098341258967,3098341290785,3,0,0,1,0,7,7,0,0,0,4,0,0,518,3098335502158,3098332586,242,0,1,5788627,0.875,-0.0213623047,-0.0629882812,0.479553223,-0.998260617,-0.0979530662,-0.0902919993,3.14160156,517,3098337474532,3098332986,4,3,1,3816253,0.00390625,0,0,518,3098334475082,3098332186,242,0,1,6815703,0,0,0
1,485,3098351258967,3098351290771,3,0,0,1,0,7,7,0,0,0,4,0,0,519,3098345504235,3098342188,243,0,1,5786536,0.875,-0.0213623047,-0.0629882812,0.479553223,-0.998260617,-0.0979530662,-0.0902919993,3.14160156,518,3098347475074,3098342786,5,3,1,3815697,0.00390625,0,0,519,3098344474957,3098342186,243,0,1,6815814,0,0,0
1,486,3098361258967,3098361290498,3,0,0,1,0,7,7,0,0,0,4,0,0,520,3098356503563,3098352487,244,0,1,4786935,0.875,-0.0213623047,-0.0629882812,0.479553223,-0.998260617,-0.0979530662,-0.0902919993,3.14160156,519,3098358474920,3098352486,6,3,1,2815578,0.0390625,-0.01171875,0,520,3098355474563,3098352786,244,0,1,5815935,0,0,0
1,487,3098371258967,3098371290817,3,0,0,1,0,7,7,0,0,0,4,0,0,521,3098365504189,3098362388,245,0,1,5786628,0.875,-0.0213623047,-0.0629882812,0.479553223,-0.998260617,-0.0979530662,-0.0902919993,3.14160156,520,3098367475768,3098362786,7,3,1,3815049,0.00390625,0,0,521,3098364474967,3098362286,245,0,1,6815850,0,0,0
1,488,3098381258967,3098381291303,3,0,0,1,0,7,7,0,0,0,4,0,0,522,3098375504527,3098372388,246,0,1,5786776,0.875,-0.0213623047,-0.0629882812,0.479553223,-0.998260617,-0.0979530662,-0.0902919993,3.14160156,521,3098377475791,3098371984,8,3,1,3815512,0.0390625,-0.01171875,0.03515625,522,3098374474602,3098372186,246,0,1,6816701,0,0,0
1,489,3098391258967,3098391290475,3,0,0,1,0,7,7,0,0,0,4,0,0,523,3098385506012,3098382388,247,0,1,5784463,0.875,-0.0213623047,-0.0629882812,0.479553223,-0.998260617,-0.0979530662,-0.0902919993,3.14160156,522,3098387476351,3098382586,9,3,1,3814124,0,0,-0.0390625,523,3098384476642,3098381987,247,0,1,6813833,0,0,0
1,490,3098401258967,3098401290684,3,0,0,1,0,7,7,0,0,0,4,0,0,524,3098395504759,3098392188,248,0,1,5785925,0.875,-0.0213623047,-0.0629882812,0.479553223,-0.998260617,-0.0979530662,-0.0902919993,3.14160156,523,3098397474635,3098392586,10,3,1,3816049,0.00390625,0,0,524,3098394474944,3098392186,248,0,1,6815740,0,0,0
1,491,3098411258967,3098411288542,3,0,0,1,0,7,7,0,0,0,4,0,0,525,3098405503968,3098402188,249,0,1,5784574,0.875,-0.0213623047,-0.0629882812,0.479553223,-0.998260617,-0.0979530662,-0.0902919993,3.14160156,524,3098407477859,3098402587,11,3,1,3810683,0.00390625,0,0,525,3098404475134,3098402186,249,0,1,6813408,0,0,0
1,492,3098421258967,3098421288399,3,0,0,1,0,7,7,0,0,0,4,0,0,526,3098417505210,3098412185,250,0,1,3783189,0.875,-0.0213623047,-0.0629882812,0.479553223,-0.998260617,-0.0979530662,-0.0902919993,3.14160156,525,3098419475622,3098412186,12,3,1,1812777,0.00390625,0.00390625,0.0390625,526,3098416476376,3098412684,250,0,1,4812023,0,0,0
1,493,3098431258967,3098431290217,3,0,0,1,0,7,7,0,0,0,4,0,0,527,3098425504181,3098422188,251,0,1,5786036,0.875,-0.0213623047,-0.0629882812,0.479553223,-0.998260617,-0.0979530662,-0.0902919993,3.14160156,526,3098427475075,3098422586,13,3,1,3815142,-0.03515625,0.015625,-0.0390625,527,3098424475181,3098422186,251,0,1,6815036,0,0,0
1,494,3098441258967,3098441290370,3,0,0,1,0,7,7,0,0,0,4,0,0,528,3098435504630,3098432188,252,0,1,5785740,0.875,-0.0213623047,-0.0629882812,0.479553223,-0.998260617,-0.0979530662,-0.0902919993,3.14160156,527,3098437475080,3098432587,14,3,1,3815290,0.00390625,0.00390625,0.0390625,528,3098434475352,3098432186,252,0,1,6815018,0,0,0
1,495,3098451258967,3098451290486,3,0,0,1,0,7,7,0,0,0,4,0,0,529,3098445505800,3098442188,253,0,1,5784686,0.875,-0.0213623047,-0.0629882812,0.479553223,-0.998260617,-0.0979530662,-0.0902919993,3.14160156,528,3098447475399,3098442387,15,3,1,3815087,0.00390625,0.00390625,0.0390625,529,3098444483146,3098442285,253,0,1,6807340,0,0,0
1,496,3098461258967,3098461290472,3,0,0,1,0,7,7,0,0,0,4,0,0,530,3098456504888,3098452088,254,0,1,4785584,0.875,-0.0213623047,-0.0629882812,0.479553223,-0.998260617,-0.0979530662,-0.0902919993,3.14160156,529,3098458475023,3098452086,16,3,1,2815449,0.00390625,0.00390625,0.0390625,530,3098455477645,3098452587,254,0,1,5812827,0,0,0
1,497,3098471258967,3098471291046,3,0,0,1,0,7,7,0,0,0,4,0,0,531,3098465507031,3098461887,255,0,1,5784015,0.875,-0.0213623047,-0.0629882812,0.479553223,-0.998260617,-0.0979530662,-0.0902919993,3.14160156,530,3098467475329,3098462186,17,3,1,3815717,0,0,-0.0390625,531,3098464475496,3098462188,255,0,1,6815550,0,0,0
1,498,3098481258967,3098481290371,3,0,0,1,0,7,7,0,0,0,4,0,0,532,3098475505180,3098472088,0,0,1,5785191,0.875,-0.0213623047,-0.0629882812,0.479553223,-0.998260617,-0.0979530662,-0.0902919993,3.14160156,531,3098477479595,3098472387,18,3,1,3810776,0.0390625,-0.01171875,0.03515625,532,3098474475923,3098472186,0,0,1,6814448,0,0,0
1,499,3098491258967,3098491290807,3,0,0,1,0,7,7,0,0,0,4,0,0,533,3098485505449,3098481888,1,0,1,5785358,0.875,-0.0213623047,-0.0629882812,0.479553223,-0.998260617,-0.0979530662,-0.0902919993,3.14160156,532,3098487473610,3098482385,19,3,1,3817197,0.00390625,0,0,533,3098484477469,3098482287,1,0,1,6813338,0,0,0
1,500,3098501258967,3098501290632,3,0,0,1,0,7,7,0,0,0,4,0,0,534,3098495505514,3098492088,2,0,1,5785118,0.875,-0.0213623047,-0.0629882812,0.479553223,-0.998260617,-0.0979530662,-0.0902919993,3.14160156,533,3098497473065,3098491985,20,3,1,3817567,-0.03515625,0.015625,0,534,3098494476109,3098491787,2,0,1,6814523,0,0,0
1,501,3098511258967,3098511290660,3,0,0,1,0,7,7,0,0,0,4,0,0,535,3098505509799,3098502086,3,0,1,5780861,0.875,-0.0213623047,-0.0629882812,0.479553223,-0.998260617,-0.0979530662,-0.0902919993,3.14160156,534,3098507482419,3098502388,21,3,1,3808241,-0.03515625,0.015625,0,535,3098504495012,3098502287,3,0,1,6795648,0,0,0
1,502,3098521258967,3098521290708,3,0,0,1,0,7,7,0,0,0,4,0,0,536,3098515505590,3098512088,4,0,1,5785118,0.875,-0.0213623047,-0.0629882812,0.479553223,-0.998260617,-0.0979530662,-0.0902919993,3.14160156,535,3098517477082,3098511687,22,3,1,3813626,0.02734375,-0.046875,0.0390625,536,3098514480182,3098512187,4,0,1,6810526,0,0,0
1,503,3098531258967,3098531290237,3,0,0,1,0,7,7,0,0,0,4,0,0,537,3098525504582,3098522088,5,0,1,5785655,0.875,-0.0213623047,-0.0629882812,0.479553223,-0.998260617,-0.0979530662,-0.0902919993,3.14160156,536,3098527479164,3098522388,23,3,1,3811073,-0.03515625,0.015625,0.0390625,537,3098524474937,3098521986,5,0,1,6815300,0,0,0
1,504,3098541258967,3098541290561,3,0,0,1,0,7,7,0,0,0,4,0,0,538,3098535505000,3098531688,6,0,1,5785561,0.875,-0.0213623047,-0.0629882812,0.479553223,-0.998260617,-0.0979530662,-0.0902919993,3.14160156,537,3098537475936,3098531987,24,3,1,3814625,-0.03515625,0.015625,0.0390625,538,3098534476964,3098532186,6,0,1,6813597,0,0,0
1,505,3098551258967,3098551290830,3,0,0,1,0,7,7,0,0,0,4,0,0,539,3098545504177,3098542088,7,0,1,5786653,0.875,-0.0213623047,-0.0629882812,0.479553223,-0.998260617,-0.0979530662,-0.0902919993,3.14160156,538,3098547479869,3098541990,25,3,1,3810961,0.00390625,0,-0.0078125,539,3098544475364,3098542286,7,0,1,6815466,0,0,0
1,506,3098561258967,3098561290767,3,0,0,1,0,7,7,0,0,0,4,0,0,540,3098555506000,3098551688,8,0,1,5784767,0.875,-0.0213623047,-0.0629882812,0.479553223,-0.998260617,-0.0979530662,-0.0902919993,3.14160156,539,3098557476160,3098551686,26,3,1,3814607,0.00390625,0.00390625,0.03125,540,3098554478594,3098552187,8,0,1,6812173,0,0,0
1,507,3098571258967,3098571290943,3,0,0,1,0,7,7,0,0,0,4,0,0,541,3098565504752,3098561888,9,0,1,5786191,0.875,-0.0213623047,-0.0629882812,0.479553223,-0.998260617,-0.0979530662,-0.0902919993,3.14160156,540,3098567477539,3098562187,27,3,1,3813404,0.00390625,0,-0.0078125,541,3098564476032,3098562186,9,0,1,6814911,0,0,0
1,508,3098581258967,3098581291268,3,0,0,1,0,7,7,0,0,0,4,0,0,542,3098575505373,3098571888,10,0,1,5785895,0.875,-0.0213623047,-0.0629882812,0.479553223,-0.998260617,-0.0979530662,-0.0902919993,3.14160156,541,3098577470204,3098571987,28,3,1,3821064,0,0,-0.046875,542,3098574476338,3098572187,10,0,1,6814930,0,0,0
1,509,3098591258967,3098591292851,3,0,0,1,0,7,7,0,0,0,4,0,0,543,3098585506456,3098581888,11,0,1,5786395,0.875,-0.0213623047,-0.0629882812,0.479553223,-0.998260617,-0.0979530662,-0.0902919993,3.14160156,542,3098587476116,3098581987,29,3,1,3816735,0.00390625,0,-0.0078125,543,3098584479161,3098582287,11,0,1,6813690,0,0,0
1,510,3098601258967,3098601290992,3,0,0,1,0,7,7,0,0,0,4,0,0,544,3098595506337,3098591888,12,0,1,5784655,0.875,-0.0213623047,-0.0629882812,0.479553223,-0.998260617,-0.0979530662,-0.0902919993,3.14160156,543,3098597481196,3098591888,30,3,1,3809796,0.00390625,0,-0.0078125,544,3098594478061,3098591785,12,0,1,6812931,0,0,0
1,511,3098611258967,3098611290947,3,0,0,1,0,7,7,0,0,0,4,0,0,545,3098604506418,3098601388,13,0,1,6784529,0.875,-0.0213623047,-0.0629882812,0.479553223,-0.998260617,-0.0979530662,-0.0902919993,3.14160156,544,3098606471341,3098601787,31,3,1,4819606,0.0390625,-0.01171875,-0.0078125,545,3098603476551,3098601187,13,0,1,7814396,0,0,0
1,512,3098621258967,3098621290920,3,0,0,1,0,7,7,0,0,0,4,0,0,546,3098615505691,3098611688,14,0,1,5785229,0.875,-0.0213623047,-0.0629882812,0.479553223,-0.998260617,-0.0979530662,-0.0902919993,3.14160156,545,3098617470281,3098611487,32,3,1,3820639,0.0390625,-0.01171875,-0.0078125,546,3098614478488,3098612187,14,0,1,6812432,0,0,0
1,513,3098631258967,3098631291152,3,0,0,1,0,7,7,0,0,0,4,0,0,547,3098625506515,3098621489,15,0,1,5784637,0.875,-0.0213623047,-0.0629882812,0.479553223,-0.998260617,-0.0979530662,-0.0902919993,3.14160156,546,3098627476101,3098621987,33,3,1,3815051,0.00390625,0,-0.0078125,547,3098624479238,3098622287,15,0,1,6811914,0,0,0
1,514,3098641258967,3098641290699,3,0,0,1,0,7,7,0,0,0,4,0,0,548,3098635505175,3098631688,16,0,1,5785524,0.875,-0.0213623047,-0.0629882812,0.479553223,-0.998260617,-0.0979530662,-0.0902919993,3.14160156,547,3098637476130,3098631687,34,3,1,3814569,0.00390625,0,-0.0078125,548,3098634476140,3098631787,16,0,1,6814559,0,0,0
1,515,3098651258967,3098651290506,3,0,0,1,0,7,7,0,0,0,4,0,0,549,3098644502258,3098641586,17,0,1,6788248,0.875,-0.0213623047,-0.0629882812,0.479553223,-0.998260617,-0.0979530662,-0.0902919993,3.14160156,548,3098646474971,3098641986,35,3,1,4815535,-0.03515625,0.015625,-0.046875,549,3098643475703,3098641287,17,0,1,7814803,0,0,0
1,516,3098661258967,3098661290664,3,0,0,1,0,7,7,0,0,0,4,0,0,550,3098655504399,3098651488,18,0,1,5786265,0.875,-0.0213623047,-0.0629882812,0.479553223,-0.998260617,-0.0979530662,-0.0902919993,3.14160156,549,3098657475151,3098651487,36,3,1,3815513,0.00390625,0,-0.0078125,550,3098654471756,3098652184,18,0,1,6818908,0,0,0
1,517,3098671258967,3098671290822,3,0,0,1,0,7,7,0,0,0,4,0,0,551,3098665504761,3098661688,19,0,1,5786061,0.875,-0.0213623047,-0.0629882812,0.479553223,-0.998260617,-0.0979530662,-0.0902919993,3.14160156,550,3098667475013,3098661887,37,3,1,3815809,0.00390625,0.00390625,0.03125,551,3098664471748,3098662184,19,0,1,6819074,0,0,0
1,518,3098681258967,3098681291350,3,0,0,1,0,7,7,0,0,0,4,0,0,552,3098675504438,3098671088,20,0,1,5786912,0.875,-0.0213623047,-0.0629882812,0.479553223,-0.998260617,-0.0979530662,-0.0902919993,3.14160156,551,3098677474357,3098671486,38,3,1,3816993,0.0390625,-0.01171875,-0.0078125,552,3098674474922,3098671186,20,0,1,6816428,0,0,0
1,519,3098691258967,3098691290694,3,0,0,1,0,7,7,0,0,0,4,0,0,553,3098684506518,3098681388,21,0,1,6784176,0.875,-0.0213623047,-0.0629882812,0.479553223,-0.998260617,-0.0979530662,-0.0902919993,3.14160156,552,3098686476844,3098681787,39,3,1,4813850,0.0390625,-0.01171875,-0.0078125,553,3098683482183,3098681187,21,0,1,7808511,0,0,0
1,520,3098701258967,3098701290926,3,0,0,1,0,7,7,0,0,0,4,0,0,554,3098694506047,3098691188,22,0,1,6784879,0.875,-0.0213623047,-0.0629882812,0.479553223,-0.998260617,-0.0979530662,-0.0902919993,3.14160156,553,3098696476317,3098691187,40,3,1,4814609,0.00390625,0,-0.0078125,554,3098693475494,3098691186,22,0,1,7815432,0,0,0
1,521,3098711258967,3098711290862,3,0,0,1,0,7,7,0,0,0,4,0,0,555,3098704505335,3098701388,23,0,1,6785527,0.875,-0.0213623047,-0.0629882812,0.479553223,-0.998260617,-0.0979530662,-0.0902919993,3.14160156,554,3098706476864,3098701787,41,3,1,4813998,0.0390625,-0.01171875,-0.0078125,555,3098703475579,3098700987,23,0,1,7815283,0,0,0
1,522,3098721258967,3098721290947,3,0,0,1,0,7,7,0,0,0,4,0,0,556,3098714506196,3098711389,24,0,1,6784751,0.875,-0.0213623047,-0.0629882812,0.479553223,-0.998260617,-0.0979530662,-0.0902919993,3.14160156,555,3098716477170,3098711787,42,3,1,4813777,-0.03515625,0.015625,-0.046875,556,3098713479419,3098711189,24,0,1,7811528,0,0,0
1,523,3098731258967,3098731291179,3,0,0,1,0,7,7,0,0,0,4,0,0,557,3098724505115,3098721388,25,0,1,6786064,0.875,-0.0213623047,-0.0629882812,0.479553223,-0.998260617,-0.0979530662,-0.0902919993,3.14160156,556,3098726476033,3098721387,43,3,1,4815146,-0.01171875,-0.03515625,-0.0078125,557,3098723476043,3098721187,25,0,1,7815136,0,0,0
1,524,3098741258967,3098741291059,3,0,0,1,0,7,7,0,0,0,4,0,0,558,3098735503018,3098731485,26,0,1,5788041,0.875,-0.0213012695,-0.0629882812,0.479553223,-0.99826479,-0.0978457406,-0.0903505757,3.14160156,557,3098737476101,3098731487,44,3,1,3814958,-0.03515625,0.015625,0.03125,558,3098734475575,3098731987,26,0,1,6815484,0,0,0
1,525,3098751258967,3098751288682,3,0,0,1,0,7,7,0,0,0,4,0,0,559,3098744505505,3098740888,27,0,1,6783177,0.875,-0.0213012695,-0.0629882812,0.479553223,-0.99826479,-0.0978457406,-0.0903505757,3.14160156,558,3098746476719,3098741187,45,3,1,4811963,0,0,-0.0390625,559,3098743476341,3098741187,27,0,1,7812341,0,0,0
1,526,3098761258967,3098761311045,3,0,0,1,0,7,7,0,0,0,4,0,0,560,3098754506829,3098751189,28,0,1,6804216,0.875,-0.0213012695,-0.0629882812,0.479553223,-0.99826479,-0.0978457406,-0.0903505757,3.14160156,559,3098756493475,3098751388,46,3,1,4817570,0.0390625,-0.01171875,-0.0390625,560,3098753486787,3098751184,28,0,1,7824258,0,0,0
1,527,3098771258967,3098771316458,3,0,0,1,0,7,7,0,0,0,4,0,0,561,3098764571583,3098761119,29,0,1,6744875,0.875,-0.0213012695,-0.0629882812,0.479553223,-0.99826479,-0.0978457406,-0.0903505757,3.14160156,560,3098766521388,3098761403,47,3,1,4795070,-0.03515625,0.015625,-0.0390625,561,3098763539328,3098761202,29,0,1,7777130,0,0,0
1,528,3098781258967,3098781309511,3,0,0,1,0,7,7,0,0,0,4,0,0,562,3098774547113,3098771206,30,0,1,6762398,0.875,-0.0213012695,-0.0629882812,0.479553223,-0.99826479,-0.0978457406,-0.0903505757,3.14160156,561,3098776555241,3098771225,48,3,1,4754270,0.0390625,-0.01171875,0,562,3098773576493,3098770824,30,0,1,7733018,0,0,0
1,529,3098791258967,3098791286762,3,0,0,1,0,7,7,0,0,0,4,0,0,563,3098784517073,3098781189,31,0,1,6769689,0.875,-0.0213012695,-0.0629882812,0.479553223,-0.99826479,-0.0978457406,-0.0903505757,3.14160156,562,3098786538820,3098781607,49,3,1,4747942,0.0390625,-0.01171875,0.03515625,563,3098783518661,3098781285,31,0,1,7768101,0,0,0
1,530,3098801258967,3098801288326,3,0,0,1,0,7,7,0,0,0,4,0,0,564,3098794494916,3098791183,32,0,1,6793410,0.875,-0.0213012695,-0.0629882812,0.479553223,-0.99826479,-0.0978457406,-0.0903505757,3.14160156,563,3098796476807,3098790883,50,3,1,4811519,0.00390625,0,0,564,3098793498577,3098791182,32,0,1,7789749,0,0,0
1,531,3098811258967,3098811291186,3,0,0,1,0,7,7,0,0,0,4,0,0,565,3098804507786,3098801087,33,0,1,6783400,0.875,-0.0213012695,-0.0629882812,0.479553223,-0.99826479,-0.0978457406,-0.0903505757,3.14160156,564,3098806471266,3098801387,51,3,1,4819920,0.00390625,0,0,565,3098803472997,3098801183,33,0,1,7818189,0,0,0
1,532,3098821258967,3098821285885,3,0,0,1,0,7,7,0,0,0,4,0,0,566,3098814509369,3098810889,34,0,1,6776516,0.875,-0.0213012695,-0.0629882812,0.479553223,-0.99826479,-0.0978457406,-0.0903505757,3.14160156,565,3098816439783,3098810983,52,3,1,4846102,0.00390625,0,0,566,3098813486440,3098811191,34,0,1,7799445,0,0,0
1,533,3098831258967,3098831285340,3,0,0,1,0,7,7,0,0,0,4,0,0,567,3098824459975,3098821084,35,0,1,6825365,0.875,-0.0213012695,-0.0629882812,0.479553223,-0.99826479,-0.0978457406,-0.0903505757,3.14160156,566,3098826436111,3098821183,53,3,1,4849229,0.00390625,0,0,567,3098823437897,3098821182,35,0,1,7847443,0,0,0
1,534,3098841258967,3098841286183,3,0,0,1,0,7,7,0,0,0,4,0,0,568,3098834459282,3098830883,36,0,1,6826901,0.875,-0.0213012695,-0.0629882812,0.479553223,-0.99826479,-0.0978457406,-0.0903505757,3.14160156,567,3098836434974,3098830882,54,3,1,4851209,-0.03515625,0.015625,0,568,3098833435169,3098831182,36,0,1,7851014,0,0,0
1,535,3098851258967,3098851287100,3,0,0,1,0,7,7,0,0,0,4,0,0,569,3098844459273,3098841083,37,0,1,6827827,0.875,-0.0213012695,-0.0629882812,0.479553223,-0.99826479,-0.0978457406,-0.0903505757,3.14160156,568,3098846430672,3098841382,55,3,1,4856428,-0.03515625,0.015625,0,569,3098843437603,3098840982,37,0,1,7849497,0,0,0
1,536,3098861258967,3098861285852,3,0,0,1,0,7,7,0,0,0,4,0,0,570,3098854460208,3098851083,38,0,1,6825644,0.875,-0.0213012695,-0.0629882812,0.479553223,-0.99826479,-0.0978457406,-0.0903505757,3.14160156,569,3098856435642,3098851382,56,3,1,4850210,0.00390625,0,0,570,3098853442072,3098851182,38,0,1,7843780,0,0,0
1,537,3098871258967,3098871285362,3,0,0,1,0,7,7,0,0,0,4,0,0,571,3098864458609,3098861083,39,0,1,6826753,0.875,-0.0213012695,-0.0629882812,0.479553223,-0.99826479,-0.0978457406,-0.0903505757,3.14160156,570,3098866434856,3098861182,57,3,1,4850506,0.0390625,-0.01171875,0.03515625,571,3098863436901,3098861282,39,0,1,7848461,0,0,0
1,538,3098881258967,3098881285243,3,0,0,1,0,7,7,0,0,0,4,0,0,572,3098874458582,3098871083,40,0,1,6826661,0.875,-0.0213012695,-0.0629882812,0.479553223,-0.99826479,-0.0978457406,-0.0903505757,3.14160156,571,3098876434681,3098870982,58,3,1,4850562,-0.01171875,-0.03515625,0,572,3098873435246,3098870782,40,0,1,7849997,0,0,0
1,539,3098891258967,3098891285216,3,0,0,1,0,7,7,0,0,0,4,0,0,573,3098883459570,3098880583,41,0,1,7825646,0.875,-0.0213012695,-0.0629882812,0.479553223,-0.99826479,-0.0978457406,-0.0903505757,3.14160156,572,3098885435095,3098880982,59,3,1,5850121,0.00390625,0,0,573,3098882437899,3098880280,41,0,1,8847317,0,0,0
1,540,3098901258967,3098901285392,3,0,0,1,0,7,7,0,0,0,4,0,0,574,3098894458398,3098890883,42,0,1,6826994,0.875,-0.0213012695,-0.0629882812,0.479553223,-0.99826479,-0.0978457406,-0.0903505757,3.14160156,573,3098896434535,3098890682,60,3,1,4850857,0.00390625,0,0,574,3098893435081,3098891182,42,0,1,7850311,0,0,0
1,541,3098911258967,3098911285069,3,0,0,1,0,7,7,0,0,0,4,0,0,575,3098904458723,3098900683,43,0,1,6826346,0.875,-0.0213012695,-0.0629882812,0.479553223,-0.99826479,-0.0978457406,-0.0903505757,3.14160156,574,3098906434767,3098901182,61,3,1,4850302,0.00390625,0,0,575,3098903434666,3098901282,43,0,1,7850403,0,0,0
1,542,3098921258967,3098921290890,3,0,0,1,0,7,7,0,0,0,4,0,0,576,3098914459917,3098910883,44,0,1,6830973,0.875,-0.0213012695,-0.0629882812,0.479553223,-0.99826479,-0.0978457406,-0.0903505757,3.14160156,575,3098916481350,3098910889,62,3,1,4809540,0.00390625,0.00390625,0.0390625,576,3098913440190,3098910785,44,0,1,7850700,0,0,0
1,543,3098931258967,3098931290548,3,0,0,1,0,7,7,0,0,0,4,0,0,577,3098924505613,3098920888,45,0,1,6784935,0.875,-0.0213012695,-0.0629882812,0.479553223,-0.99826479,-0.0978457406,-0.0903505757,3.14160156,576,3098926476013,3098921187,63,3,1,4814535,-0.03515625,0.015625,-0.0390625,577,3098923476948,3098921287,45,0,1,7813600,0,0,0
1,544,3098941258967,3098941290614,3,0,0,1,0,7,7,0,0,0,4,0,0,578,3098935505607,3098930588,46,0,1,5785007,0.875,-0.0213012695,-0.0629882812,0.479553223,-0.99826479,-0.0978457406,-0.0903505757,3.14160156,577,3098937475896,3098930787,64,3,1,3814718,0.00390625,0,0,578,3098934475555,3098931186,46,0,1,6815059,0,0,0
1,545,3098951258967,3098951290402,3,0,0,1,0,7,7,0,0,0,4,0,0,579,3098944504541,3098940688,47,0,1,6785861,0.875,-0.0213012695,-0.0629882812,0.479553223,-0.99826479,-0.0978457406,-0.0903505757,3.14160156,578,3098946476625,3098940987,65,3,1,4813777,-0.03515625,0.015625,0,579,3098943475469,3098941187,47,0,1,7814933,0,0,0
1,546,3098961258967,3098961292262,3,0,0,1,0,7,7,0,0,0,4,0,0,580,3098953509470,3098950188,48,0,1,7782792,0.875,-0.0213012695,-0.0629882812,0.479553223,-0.99826479,-0.0978457406,-0.0903505757,3.14160156,579,3098955490566,3098950593,66,3,1,5801696,-0.01171875,-0.03515625,0,580,3098952505193,3098950201,48,0,1,8787069,0,0,0
1,547,3098971258967,3098971291144,3,0,0,1,0,7,7,0,0,0,4,0,0,581,3098964509465,3098960689,49,0,1,6781679,0.875,-0.0213012695,-0.0629882812,0.479553223,-0.99826479,-0.0978457406,-0.0903505757,3.14160156,580,3098966480864,3098960889,67,3,1,4810280,0.00390625,0.00390625,0.0390625,581,3098963521212,3098961291,49,0,1,7769932,0,0,0
1,548,3098981258967,3098981291783,3,0,0,1,0,7,7,0,0,0,4,0,0,582,3098974507255,3098970488,50,0,1,6784528,0.875,-0.0213012695,-0.0629882812,0.479553223,-0.99826479,-0.0978457406,-0.0903505757,3.14160156,581,3098976470938,3098970487,68,3,1,4820845,0.0390625,-0.01171875,0,582,3098973476906,3098971187,50,0,1,7814877,0,0,0
1,549,3098991258967,3098991291016,3,0,0,1,0,7,7,0,0,0,4,0,0,583,3098984507635,3098980688,51,0,1,6783381,0.875,-0.0213012695,-0.0629882812,0.479553223,-0.99826479,-0.0978457406,-0.0903505757,3.14160156,582,3098986477276,3098980987,69,3,1,4813740,-0.03515625,0.015625,0,583,3098983483226,3098981187,51,0,1,7807790,0,0,0
1,550,3099001258967,3099001291248,3,0,0,1,0,7,7,0,0,0,4,0,0,584,3098994505887,3098990688,52,0,1,6785361,0.875,-0.0213012695,-0.0629882812,0.479553223,-0.99826479,-0.0978457406,-0.0903505757,3.14160156,583,3098996476528,3098990987,70,3,1,4814720,0.00390625,0,0,584,3098993476778,3098991187,52,0,1,7814470,0,0,0
1,551,3099011258967,3099011287631,3,0,0,1,0,7,7,0,0,0,4,0,0,585,3099003532262,3099000599,53,0,1,7755369,0.875,-0.0213012695,-0.0629882812,0.479553223,-0.99826479,-0.0978457406,-0.0903505757,3.14160156,584,3099005478071,3099000586,71,3,1,5809560,0.00390625,0,0,585,3099002476193,3099000187,53,0,1,8811438,0,0,0
1,552,3099021258967,3099021291268,3,0,0,1,0,7,7,0,0,0,4,0,0,586,3099014504945,3099010685,54,0,1,6786323,0.875,-0.0213012695,-0.0629882812,0.479553223,-0.99826479,-0.0978457406,-0.0903505757,3.14160156,585,3099016470701,3099010687,72,3,1,4820567,0.00390625,0,0,586,3099013478038,3099010987,54,0,1,7813230,0,0,0
1,553,3099031258967,3099031291796,3,0,0,1,0,7,7,0,0,0,4,0,0,587,3099023507339,3099020088,55,0,1,7784457,0.875,-0.0213012695,-0.0629882812,0.479553223,-0.99826479,-0.0978457406,-0.0903505757,3.14160156,586,3099025478905,3099020387,73,3,1,5812891,0.0390625,-0.01171875,0,587,3099022480858,3099020187,55,0,1,8810938,0,0,0
1,554,3099041258967,3099041291048,3,0,0,1,0,7,7,0,0,0,4,0,0,588,3099033506480,3099030188,56,0,1,7784568,0.875,-0.0213012695,-0.0629882812,0.479553223,-0.99826479,-0.0978457406,-0.0903505757,3.14160156,587,3099035477398,3099030587,74,3,1,5813650,-0.01171875,-0.03515625,0,588,3099032479721,3099030187,56,0,1,8811327,0,0,0
1,555,3099051258967,3099051291113,3,0,0,1,0,7,7,0,0,0,4,0,0,589,3099043506545,3099040388,57,0,1,7784568,0.875,-0.0213012695,-0.0629882812,0.479553223,-0.99826479,-0.0978457406,-0.0903505757,3.14160156,588,3099045477389,3099040788,75,3,1,5813724,0.00390625,0,0,589,3099042476752,3099040287,57,0,1,8814361,0,0,0
1,556,3099061258967,3099061291068,3,0,0,1,0,7,7,0,0,0,4,0,0,590,3099054504393,3099050488,58,0,1,6786675,0.875,-0.0213012695,-0.0629882812,0.479553223,-0.99826479,-0.0978457406,-0.0903505757,3.14160156,589,3099056479012,3099050487,76,3,1,4812056,0.00390625,0,0,590,3099053476561,3099050987,58,0,1,7814507,0,0,0
1,557,3099071258967,3099071291522,3,0,0,1,0,7,7,0,0,0,4,0,0,591,3099063507121,3099060389,59,0,1,7784401,0.875,-0.0213012695,-0.0629882812,0.479553223,-0.99826479,-0.0978457406,-0.0903505757,3.14160156,590,3099065478131,3099060788,77,3,1,5813391,0.00390625,0,0,591,3099062485117,3099060287,59,0,1,8806405,0,0,0
1,558,3099081258967,3099081292531,3,0,0,1,0,7,7,0,0,0,4,0,0,592,3099073507001,3099070389,60,0,1,7785530,0.875,-0.0213012695,-0.0629882812,0.479553223,-0.99826479,-0.0978457406,-0.0903505757,3.14160156,591,3099075477198,3099069988,78,3,1,5815333,0.00390625,0,0,592,3099072478743,3099070187,60,0,1,8813788,0,0,0
1,559,3099091258967,3099091291302,3,0,0,1,0,7,7,0,0,0,4,0,0,593,3099083505864,3099080388,61,0,1,7785438,0.875,-0.0213012695,-0.0629882812,0.479553223,-0.99826479,-0.0978457406,-0.0903505757,3.14160156,592,3099085476338,3099080787,79,3,1,5814964,0,0,-0.0390625,593,3099082480271,3099080188,61,0,1,8811031,0,0,0
1,560,3099101258967,3099101290923,3,0,0,1,0,7,7,0,0,0,4,0,0,594,3099093505504,3099089888,62,0,1,7785419,0.875,-0.0213012695,-0.0629882812,0.479553223,-0.99826479,-0.0978457406,-0.0903505757,3.14160156,593,3099095477810,3099090188,80,3,1,5813113,0,0,-0.0390625,594,3099092477080,3099090187,62,0,1,8813843,0,0,0
1,561,3099111258967,3099111290841,3,0,0,1,0,7,7,0,0,0,4,0,0,595,3099103505348,3099100388,63,0,1,7785493,0.875,-0.0213012695,-0.0629882812,0.479553223,-0.99826479,-0.0978457406,-0.0903505757,3.14160156,594,3099105475341,3099100385,81,3,1,5815500,0.00390625,0,0,595,3099102476072,3099100287,63,0,1,8814769,0,0,0
1,562,3099121258967,3099121291055,3,0,0,1,0,7,7,0,0,0,4,0,0,596,3099113507023,3099110189,64,0,1,7784032,0.875,-0.0213012695,-0.0629882812,0.479553223,-0.99826479,-0.0978457406,-0.0903505757,3.14160156,595,3099115473963,3099110185,82,3,1,5817092,-0.03515625,0.015625,0,596,3099112483447,3099110191,64,0,1,8807608,0,0,0
1,563,3099131258967,3099131291009,3,0,0,1,0,7,7,0,0,0,4,0,0,597,3099123505053,3099120188,65,0,1,7785956,0.875,-0.0213012695,-0.0629882812,0.479553223,-0.99826479,-0.0978457406,-0.0903505757,3.14160156,596,3099125473103,3099120585,83,3,1,5817906,0.00390625,0,0,597,3099122475796,3099119987,65,0,1,8815213,0,0,0
1,564,3099141258967,3099141290816,3,0,0,1,0,7,7,0,0,0,4,0,0,598,3099133504934,3099130188,66,0,1,7785882,0.875,-0.0213012695,-0.0629882812,0.479553223,-0.99826479,-0.0978457406,-0.0903505757,3.14160156,597,3099135476518,3099130587,84,3,1,5814298,0,0,-0.0390625,598,3099132475270,3099130187,66,0,1,8815546,0,0,0
1,565,3099151258967,3099151290752,3,0,0,1,0,7,7,0,0,0,4,0,0,599,3099143504185,3099140188,67,0,1,7786567,0.875,-0.0213012695,-0.0629882812,0.479553223,-0.99826479,-0.0978457406,-0.0903505757,3.14160156,598,3099145475344,3099140187,85,3,1,5815408,0,0,-0.0390625,599,3099142474632,3099140187,67,0,1,8816120,0,0,0
1,566,3099161258967,3099161290706,3,0,0,1,0,7,7,0,0,0,4,0,0,600,3099153503844,3099150088,68,0,1,7786862,0.875,-0.0213012695,-0.0629882812,0.479553223,-0.99826479,-0.0978457406,-0.0903505757,3.14160156,599,3099155475206,3099150187,86,3,1,5815500,0.00390625,0,0,600,3099152476049,3099149787,68,0,1,8814657,0,0,0
1,567,3099171258967,3099171290661,3,0,0,1,0,7,7,0,0,0,4,0,0,601,3099163503669,3099159688,69,0,1,7786992,0.875,-0.0213012695,-0.0629882812,0.479553223,-0.99826479,-0.0978457406,-0.0903505757,3.14160156,600,3099165474846,3099159986,87,3,1,5815815,0.00390625,0.00390625,0.0390625,601,3099162474615,3099160286,69,0,1,8816046,0,0,0
1,568,3099181258967,3099181291189,3,0,0,1,0,7,7,0,0,0,4,0,0,602,3099173504031,3099169888,70,0,1,7787158,0.875,-0.0213012695,-0.0629882812,0.479553223,-0.99826479,-0.0978457406,-0.0903505757,3.14160156,601,3099175474708,3099169686,88,3,1,5816481,0.00390625,0,0,602,3099172475107,3099170187,70,0,1,8816082,0,0,0
1,569,3099191258967,3099191288479,3,0,0,1,0,7,7,0,0,0,4,0,0,603,3099183506057,3099180087,71,0,1,7782422,0.875,-0.0213012695,-0.0629882812,0.479553223,-0.99826479,-0.0978457406,-0.0903505757,3.14160156,602,3099185478604,3099180388,89,3,1,5809875,0,0,-0.0390625,603,3099182474691,3099180287,71,0,1,8813788,0,0,0
1,570,3099201258967,3099201288526,3,0,0,1,0,7,7,0,0,0,4,0,0,604,3099194505978,3099189988,72,0,1,6782548,0.875,-0.0213012695,-0.0629882812,0.479553223,-0.99826479,-0.0978457406,-0.0903505757,3.14160156,603,3099196473991,3099190285,90,3,1,4814535,0.00390625,0,0,604,3099193478534,3099190087,72,0,1,7809992,0,0,0
1,571,3099211258967,3099211291368,3,0,0,1,0,7,7,0,0,0,4,0,0,605,3099203505893,3099200088,73,0,1,7785475,0.875,-0.0213012695,-0.0629882812,0.479553223,-0.99826479,-0.0978457406,-0.0903505757,3.14160156,604,3099205476163,3099200187,91,3,1,5815205,-0.03515625,0.015625,-0.0390625,605,3099202477246,3099200187,73,0,1,8814122,0,0,0
1,572,3099221258967,3099221290971,3,0,0,1,0,7,7,0,0,0,4,0,0,606,3099213506236,3099209688,74,0,1,7784735,0.875,-0.0213012695,-0.0629882812,0.479553223,-0.99826479,-0.0978457406,-0.0903505757,3.14160156,605,3099215476395,3099209687,92,3,1,5814576,0,0,-0.0390625,606,3099212485435,3099210191,74,0,1,8805536,0,0,0
1,573,3099231258967,3099231480271,3,0,0,1,0,7,7,0,0,4,4,0,0,607,3099223505543,3099219888,75,0,1,7974728,0.875,-0.0213012695,-0.0629882812,0.479553223,-0.99826479,-0.0978457406,-0.0903505757,3.14160156,606,3099225476887,3099220187,93,3,1,6003384,-0.03515625,0.015625,0.0078125,608,3099231475479,3099229186,76,0,1,4792,0,0,0
1,574,3099241258967,3099241291009,3,0,0,1,0,7,3,4,0,0,4,0,0,608,3099232505698,3099229388,76,0,1,8785311,0.875,-0.0213012695,-0.0629882812,0.479553223,-0.99826479,-0.0978457406,-0.0903505757,3.14160156,607,3099234476191,3099229787,94,3,1,6814818,0.00390625,0,0.0078125,608,3099231475479,3099229186,76,0,1,9815530,0,0,0
1,575,3099251258967,3099251290520,3,0,0,1,0,7,7,0,0,0,4,0,0,609,3099243505267,3099239888,77,0,1,7785253,0.875,-0.0213012695,-0.0629882812,0.479553223,-0.99826479,-0.0978457406,-0.0903505757,3.14160156,608,3099245476037,3099239987,95,3,1,5814483,0.00390625,0,0.0078125,609,3099242477250,3099240287,77,0,1,8813270,0,0,0
1,576,3099261258967,3099261290826,3,0,0,1,0,7,7,0,0,0,4,0,0,610,3099253503242,3099249886,78,0,1,7787584,0.875,-0.0213012695,-0.0629882812,0.479553223,-0.99826479,-0.0978457406,-0.0903505757,3.14160156,609,3099255476565,3099249687,96,3,1,5814261,0.00390625,0,0.0078125,610,3099252475447,3099250187,78,0,1,8815379,0,0,0
1,577,3099271258967,3099271290873,3,0,0,1,0,7,7,0,0,0,4,0,0,611,3099263505528,3099259888,79,0,1,7785345,0.875,-0.0213012695,-0.0629882812,0.479553223,-0.99826479,-0.0978457406,-0.0903505757,3.14160156,610,3099265476224,3099260187,97,3,1,5814649,0.00390625,0,0.0078125,611,3099262475771,3099260185,79,0,1,8815102,0,0,0
1,578,3099281258967,3099281291031,3,0,0,1,0,7,7,0,0,0,4,0,0,612,3099273505575,3099269888,80,0,1,7785456,0.875,-0.0213012695,-0.0629882812,0.479553223,-0.99826479,-0.0978457406,-0.0903505757,3.14160156,611,3099275476623,3099269987,98,3,1,5814408,0.00390625,0,0.0078125,612,3099272473894,3099270185,80,0,1,8817137,0,0,0
1,579,3099291258967,3099291290690,3,0,0,1,0,7,7,0,0,0,4,0,0,613,3099283506214,3099279688,81,0,1,7784476,0.875,-0.0213623047,-0.0629882812,0.479553223,-0.998260617,-0.0979530662,-0.0902919993,3.14160156,612,3099285477040,3099280187,99,3,1,5813650,0.00390625,0,0.0078125,613,3099282477845,3099280285,81,0,1,8812845,0,0,0
1,580,3099301258967,3099301480527,3,0,0,1,0,7,7,0,0,4,4,0,0,614,3099293505706,3099289888,82,0,1,7974821,0.875,-0.0213623047,-0.0629882812,0.479553223,-0.998260617,-0.0979530662,-0.0902919993,3.14160156,613,3099295476569,3099289887,100,3,1,6003958,0.00390625,0.00390625,0.046875,615,3099301475698,3099299187,83,0,1,4829,0,0,0
1,581,3099311258967,3099311480278,3,0,0,1,0,7,7,0,0,0,4,0,0,615,3099302505325,3099299188,83,0,1,8974953,0.875,-0.0213623047,-0.0629882812,0.479553223,-0.998260617,-0.0979530662,-0.0902919993,3.14160156,614,3099304476243,3099299587,101,3,1,7004035,0,0,-0.03125,616,3099311475523,3099309187,84,0,1,4755,0,0,0
1,582,3099321258967,3099321290887,3,0,0,1,0,7,3,4,0,0,4,0,0,616,3099312511792,3099309392,84,0,1,8779095,0.875,-0.0213623047,-0.0629882812,0.479553223,-0.998260617,-0.0979530662,-0.0902919993,3.14160156,615,3099314477234,3099309787,102,3,1,6813653,-0.03515625,0.015625,0.0078125,616,3099311475523,3099309187,84,0,1,9815364,0,0,0
1,583,3099331258967,3099331290952,3,0,0,1,0,7,7,0,0,0,4,0,0,617,3099323505440,3099319488,85,0,1,7785512,0.875,-0.0213623047,-0.0629882812,0.479553223,-0.998260617,-0.0979530662,-0.0902919993,3.14160156,616,3099325476081,3099319887,103,3,1,5814871,-0.03515625,0.015625,0.046875,617,3099322476276,3099320187,85,0,1,8814676,0,0,0
1,584,3099341258967,3099341480105,3,0,0,1,0,7,7,0,0,4,4,0,0,618,3099333505691,3099329688,86,0,1,7974414,0.875,-0.0213623047,-0.0629882812,0.479553223,-0.998260617,-0.0979530662,-0.0902919993,3.14160156,617,3099335476591,3099329987,104,3,1,6003514,0.00390625,0,0.0078125,619,3099341475387,3099339186,87,0,1,4718,0,0,0
1,585,3099351258967,3099351479874,3,0,0,1,0,7,7,0,0,0,4,0,0,619,3099342505439,3099339588,87,0,1,8974435,0.875,-0.0213623047,-0.0629882812,0.479553223,-0.998260617,-0.0979530662,-0.0902919993,3.14160156,618,3099344476431,3099339987,105,3,1,7003443,0.00390625,0,0.0078125,620,3099351475138,3099349186,88,0,1,4736,0,0,0
1,586,3099361258967,3099361291019,3,0,0,1,0,7,3,4,0,0,4,0,0,620,3099352505486,3099349588,88,0,1,8785533,0.875,-0.0213623047,-0.0629882812,0.479553223,-0.998260617,-0.0979530662,-0.0902919993,3.14160156,619,3099354478107,3099349187,106,3,1,6812912,0.0390625,-0.01171875,0.04296875,620,3099351475138,3099349186,88,0,1,9815881,0,0,0
1,587,3099371258967,3099371291363,3,0,0,1,0,7,7,0,0,0,4,0,0,621,3099363504074,3099359486,89,0,1,7787289,0.875,-0.0213623047,-0.0629882812,0.479553223,-0.998260617,-0.0979530662,-0.0902919993,3.14160156,620,3099365476325,3099359887,107,3,1,5815038,0.0390625,-0.01171875,0,621,3099362475891,3099360187,89,0,1,8815472,0,0,0
1,588,3099381258967,3099381486326,3,0,0,1,0,7,7,0,0,4,4,0,0,622,3099373502512,3099369886,90,0,1,7983814,0.875,-0.0213623047,-0.0629882812,0.479553223,-0.998260617,-0.0979530662,-0.0902919993,3.14160156,621,3099375471487,3099370187,108,3,1,6014839,-0.03515625,0.015625,0,623,3099381481533,3099379287,91,0,1,4793,0,0,0
1,589,3099391258967,3099391290976,3,0,0,1,0,7,3,4,0,0,4,0,0,623,3099382506701,3099379588,91,0,1,8784275,0.875,-0.0213623047,-0.0629882812,0.479553223,-0.998260617,-0.0979530662,-0.0902919993,3.14160156,622,3099384476583,3099379587,109,3,1,6814393,-0.03515625,0.015625,0,623,3099381481533,3099379287,91,0,1,9809443,0,0,0
1,590,3099401258967,3099401480998,3,0,0,1,0,7,7,0,0,4,4,0,0,624,3099393505900,3099389488,92,0,1,7975098,0.875,-0.0213623047,-0.0629882812,0.479553223,-0.998260617,-0.0979530662,-0.0902919993,3.14160156,623,3099395476448,3099389287,110,3,1,6004550,0.0390625,-0.01171875,0,625,3099401476169,3099399187,93,0,1,4829,0,0,0
1,591,3099411258967,3099411480361,3,0,0,1,0,7,7,0,0,0,4,0,0,625,3099402505333,3099399388,93,0,1,8975028,0.875,-0.0213623047,-0.0629882812,0.479553223,-0.998260617,-0.0979530662,-0.0902919993,3.14160156,624,3099404476677,3099399787,111,3,1,7003684,-0.03515625,0.015625,0,626,3099411475587,3099409187,94,0,1,4774,0,0,0
1,592,3099421258967,3099421481833,3,0,0,1,0,7,7,0,0,0,4,0,0,626,3099412512319,3099409392,94,0,1,8969514,0.875,-0.0213623047,-0.0629882812,0.479553223,-0.998260617,-0.0979530662,-0.0902919993,3.14160156,625,3099414476465,3099409787,112,3,1,7005368,0,0,-0.0390625,627,3099421477059,3099419287,95,0,1,4774,0,0,0
1,593,3099431258967,3099431290461,3,0,0,1,0,7,3,4,0,0,4,0,0,627,3099422505261,3099419385,95,0,1,8785200,0.875,-0.0213623047,-0.0629882812,0.479553223,-0.998260617,-0.0979530662,-0.0902919993,3.14160156,626,3099424475735,3099419587,113,3,1,6814726,0.00390625,0,0,627,3099421477059,3099419287,95,0,1,9813402,0,0,0
1,594,3099441258967,3099441481335,3,0,0,1,0,7,7,0,0,4,4,0,0,628,3099433504589,3099429288,96,0,1,7976746,0.875,-0.0213623047,-0.0629882812,0.479553223,-0.998260617,-0.0979530662,-0.0902919993,3.14160156,627,3099435477728,3099429287,114,3,1,6003607,-0.03515625,0.015625,-0.0390625,629,3099441476505,3099439187,97,0,1,4830,0,0,0
1,595,3099451258967,3099451290796,3,0,0,1,0,7,3,4,0,0,4,0,0,629,3099442505818,3099439588,97,0,1,8784978,0.875,-0.0213623047,-0.0629882812,0.479553223,-0.998260617,-0.0979530662,-0.0902919993,3.14160156,628,3099444473849,3099439785,115,3,1,6816947,0.00390625,0.00390625,0.0390625,629,3099441476505,3099439187,97,0,1,9814291,0,0,0
1,596,3099461258967,3099461479838,3,0,0,1,0,7,7,0,0,4,4,0,0,630,3099453505201,3099449288,98,0,1,7974637,0.875,-0.0213623047,-0.0629882812,0.479553223,-0.998260617,-0.0979530662,-0.0902919993,3.14160156,629,3099455475953,3099448887,116,3,1,6003885,-0.03515625,0.015625,0,631,3099461475064,3099458987,99,0,1,4774,0,0,0
1,597,3099471258967,3099471483577,3,0,0,1,0,7,7,0,0,0,4,0,0,631,3099462505708,3099459188,99,0,1,8977869,0.875,-0.0213623047,-0.0629882812,0.479553223,-0.998260617,-0.0979530662,-0.0902919993,3.14160156,630,3099464478088,3099459587,117,3,1,7005489,0.00390625,0,0,632,3099471478747,3099469187,100,0,1,4830,0,0,0
1,598,3099481258967,3099481485740,3,0,0,1,0,7,7,0,0,0,4,0,0,632,3099472506590,3099469188,100,0,1,8979150,0.875,-0.0213623047,-0.0629882812,0.479553223,-0.998260617,-0.0979530662,-0.0902919993,3.14160156,631,3099474472599,3099469587,118,3,1,7013141,0.00390625,0,0,633,3099481481039,3099479287,101,0,1,4701,0,0,0
1,599,3099491258967,3099491483998,3,0,0,1,0,7,7,0,0,0,4,0,0,633,3099482506772,3099479188,101,0,1,8977226,0.875,-0.0213623047,-0.0629882812,0.479553223,-0.998260617,-0.0979530662,-0.0902919993,3.14160156,632,3099484477001,3099479587,119,3,1,7006997,0.00390625,0.00390625,0.0390625,634,3099491479316,3099489187,102,0,1,4682,0,0,0
1,600,3099501258967,3099501481146,3,0,0,1,0,7,7,0,0,0,4,0,0,634,3099492506455,3099489088,102,0,1,8974691,0.875,-0.0213623047,-0.0629882812,0.479553223,-0.998260617,-0.0979530662,-0.0902919993,3.14160156,633,3099494476055,3099488987,120,3,1,7005091,-0.02734375,0.015625,0.0390625,635,3099501476334,3099499186,103,0,1,4812,0,0,0
1,601,3099511258967,3099511483808,3,0,0,1,0,7,7,0,0,0,4,0,0,635,3099502505898,3099499188,103,0,1,8977910,0.875,-0.0213623047,-0.0629882812,0.479553223,-0.998260617,-0.0979530662,-0.0902919993,3.14160156,634,3099504493854,3099499592,121,3,1,6989954,-0.02734375,0.015625,0,636,3099511478941,3099509187,104,0,1,4867,0,0,0
1,602,3099521258967,3099521483991,3,0,0,1,0,7,7,0,0,0,4,0,0,636,3099512513649,3099509193,104,0,1,8970342,0.875,-0.0213623047,-0.0629882812,0.479553223,-0.998260617,-0.0979530662,-0.0902919993,3.14160156,635,3099514476901,3099509587,122,3,1,7007090,0.01171875,0.00390625,0.0390625,637,3099521479179,3099519187,105,0,1,4812,0,0,0
1,603,3099531258967,3099531484488,3,0,0,1,0,7,7,0,0,0,4,0,0,637,3099522505708,3099519088,105,0,1,8978780,0.875,-0.0213623047,-0.0629882812,0.479553223,-0.998260617,-0.0979530662,-0.0902919993,3.14160156,636,3099524476288,3099519187,123,3,1,7008200,0.01171875,0.00390625,0.0390625,638,3099531479640,3099528987,106,0,1,4848,0,0,0
1,604,3099541258967,3099541481636,3,0,0,1,0,7,7,0,0,0,4,0,0,638,3099532506520,3099529089,106,0,1,8975116,0.875,-0.0213623047,-0.0629882812,0.479553223,-0.998260617,-0.0979530662,-0.0902919993,3.14160156,637,3099534476452,3099528987,124,3,1,7005184,0.01171875,0,0,639,3099541476676,3099539187,107,0,1,4960,0,0,0
1,605,3099551258967,3099551480727,3,0,0,1,0,7,7,0,0,0,4,0,0,639,3099542505018,3099539088,107,0,1,8975709,0.875,-0.0213623047,-0.0629882812,0.479553223,-0.998260617,-0.0979530662,-0.0902919993,3.14160156,638,3099544476135,3099539387,125,3,1,7004592,0.01171875,0,0,640,3099551475952,3099549187,108,0,1,4775,0,0,0
1,606,3099561258967,3099561480835,3,0,0,1,0,7,7,0,0,0,4,0,0,640,3099552505997,3099549088,108,0,1,8974838,0.875,-0.0213623047,-0.0629882812,0.479553223,-0.998260617,-0.0979530662,-0.0902919993,3.14160156,639,3099554475763,3099549387,126,3,1,7005072,0.046875,-0.01171875,0.03515625,641,3099561475987,3099559187,109,0,1,4848,0,0,0
1,607,3099571258967,3099571480870,3,0,0,1,0,7,7,0,0,0,4,0,0,641,3099562505606,3099558688,109,0,1,8975264,0.875,-0.0213623047,-0.0629882812,0.479553223,-0.998260617,-0.0979530662,-0.0902919993,3.14160156,640,3099564476612,3099559187,127,3,1,7004258,0.01171875,0,0,642,3099571476040,3099568787,110,0,1,4830,0,0,0
1,608,3099581258967,3099581483902,3,0,0,1,0,7,7,0,0,0,4,0,0,642,3099572505159,3099568888,110,0,1,8978743,0.875,-0.0213623047,-0.0629882812,0.479553223,-0.998260617,-0.0979530662,-0.0902919993,3.14160156,641,3099574475517,3099568887,128,3,1,7008385,-0.02734375,0.015625,0,643,3099581479091,3099579287,111,0,1,4811,0,0,0
1,609,3099591258967,3099591480236,3,0,0,1,0,7,7,0,0,0,4,0,0,643,3099582504916,3099579088,111,0,1,8975320,0.875,-0.0213623047,-0.0629882812,0.479553223,-0.998260617,-0.0979530662,-0.0902919993,3.14160156,642,3099584475015,3099579387,129,3,1,7005221,-0.02734375,0.015625,-0.0390625,644,3099591475443,3099589187,112,0,1,4793,0,0,0
1,610,3099601258967,3099601479308,3,0,0,1,0,7,7,0,0,0,4,0,0,644,3099592504581,3099588888,112,0,1,8974727,0.875,-0.0213623047,-0.0629882812,0.479553223,-0.998260617,-0.0979530662,-0.0902919993,3.14160156,643,3099594474569,3099588486,130,3,1,7004739,0.01171875,0.00390625,0.0390625,645,3099601474608,3099598984,113,0,1,4700,0,0,0
1,611,3099611258967,3099611478158,3,0,0,1,0,7,7,0,0,0,4,0,0,645,3099602505411,3099598888,113,0,1,8972747,0.875,-0.0213623047,-0.0629882812,0.479553223,-0.998260617,-0.0979530662,-0.0902919993,3.14160156,644,3099604476139,3099599187,131,3,1,7002019,0.01171875,0.00390625,0.03125,646,3099611473440,3099608985,114,0,1,4718,0,0,0
1,612,3099621258967,3099621481931,3,0,0,1,0,7,7,0,0,0,4,0,0,646,3099612512070,3099608892,114,0,1,8969861,0.875,-0.0213623047,-0.0629882812,0.479553223,-0.998260617,-0.0979530662,-0.0902919993,3.14160156,645,3099614471511,3099608987,132,3,1,7010420,0.01171875,0.00390625,0.03125,647,3099621477194,3099619286,115,0,1,4737,0,0,0
1,613,3099631258967,3099631482909,3,0,0,1,0,7,7,0,0,0,4,0,0,647,3099622505813,3099618888,115,0,1,8977096,0.875,-0.0213623047,-0.0629882812,0.479553223,-0.998260617,-0.0979530662,-0.0902919993,3.14160156,646,3099624475598,3099619186,133,3,1,7007311,0.0078125,0,-0.046875,648,3099631478154,3099629186,116,0,1,4755,0,0,0
1,614,3099641258967,3099641481501,3,0,0,1,0,7,7,0,0,0,4,0,0,648,3099632504941,3099628488,116,0,1,8976560,0.875,-0.0213623047,-0.0629272461,0.479553223,-0.998275042,-0.0978942439,-0.0901851133,3.14160156,647,3099634477335,3099628687,134,3,1,7004166,0.01171875,0,-0.0078125,649,3099641476745,3099639186,117,0,1,4756,0,0,0
1,615,3099651258967,3099651481757,3,0,0,1,0,7,7,0,0,0,4,0,0,649,3099642506530,3099638888,117,0,1,8975227,0.875,-0.0213623047,-0.0629272461,0.479553223,-0.998275042,-0.0978942439,-0.0901851133,3.14160156,648,3099644476148,3099638987,135,3,1,7005609,0.01171875,0,-0.0078125,650,3099651476909,3099649187,118,0,1,4848,0,0,0
1,616,3099661258967,3099661484938,3,0,0,1,0,7,7,0,0,0,4,0,0,650,3099652506213,3099648888,118,0,1,8978725,0.875,-0.0213623047,-0.0629272461,0.479553223,-0.998275042,-0.0978942439,-0.0901851133,3.14160156,649,3099654476331,3099648987,136,3,1,7008607,0.0078125,0,-0.046875,651,3099661480238,3099659287,119,0,1,4700,0,0,0
1,617,3099671258967,3099671480531,3,0,0,1,0,7,7,0,0,0,4,0,0,651,3099662506229,3099658688,119,0,1,8974302,0.875,-0.0213623047,-0.0629272461,0.479553223,-0.998275042,-0.0978942439,-0.0901851133,3.14160156,650,3099664476162,3099658887,137,3,1,7004369,0.01171875,0,-0.0078125,652,3099671475683,3099668787,120,0,1,4848,0,0,0
1,618,3099681258967,3099681483638,3,0,0,1,0,7,7,0,0,0,4,0,0,652,3099672504284,3099668686,120,0,1,8979354,0.875,-0.0213623047,-0.0629272461,0.479553223,-0.998275042,-0.0978942439,-0.0901851133,3.14160156,651,3099674476049,3099668687,138,3,1,7007589,0.08203125,-0.0234375,0.02734375,653,3099681478808,3099679187,121,0,1,4830,0,0,0
1,619,3099691258967,3099691484079,3,0,0,1,0,7,7,0,0,0,4,0,0,653,3099682503745,3099678686,121,0,1,8980334,0.875,-0.0213623047,-0.0629272461,0.479553223,-0.998275042,-0.0978942439,-0.0901851133,3.14160156,652,3099684476453,3099678987,139,3,1,7007626,0.00390625,0,-0.0078125,654,3099691479250,3099689187,122,0,1,4829,0,0,0
1,620,3099701258967,3099701512094,3,0,0,1,0,7,7,0,0,1,4,0,0,655,3099701505987,3099698588,123,0,1,6107,0.875,-0.0213623047,-0.0629272461,0.479553223,-0.998275042,-0.0978942439,-0.0901851133,3.14160156,653,3099694476765,3099688487,140,3,1,7035329,0.00390625,0,-0.0078125,655,3099700476146,3099698187,123,0,1,1035948,0,0,0
1,621,3099711258967,3099711290827,3,0,0,1,0,7,2,5,0,0,4,0,0,655,3099701505987,3099698588,123,0,1,9784840,0.875,-0.0213623047,-0.0629272461,0.479553223,-0.998275042,-0.0978942439,-0.0901851133,3.14160156,654,3099703476900,3099698587,141,3,1,7813927,-0.03515625,0.015625,-0.0078125,655,3099700476146,3099698187,123,0,1,10814681,0,0,0
1,622,3099721258967,3099721511423,3,0,0,1,0,7,7,0,0,5,4,0,0,657,3099721505371,3099718588,125,0,1,6052,0.875,-0.0213623047,-0.0629272461,0.479553223,-0.998275042,-0.0978942439,-0.0901851133,3.14160156,655,3099715476068,3099708587,142,3,1,6035355,-0.03515625,0.015625,-0.0078125,657,3099720475586,3099718287,125,0,1,1035837,0,0,0
1,623,3099731258967,3099731511402,3,0,0,1,0,7,7,0,0,0,4,0,0,658,3099731505295,3099728388,126,0,1,6107,0.875,-0.0213623047,-0.0629272461,0.479553223,-0.998275042,-0.0978942439,-0.0901851133,3.14160156,656,3099723476322,3099718987,143,3,1,8035080,0.00390625,0.00390625,0.03125,658,3099730475695,3099728187,126,0,1,1035707,0,0,0
1,624,3099741258967,3099741480588,3,0,0,1,0,7,6,1,0,0,4,0,0,658,3099731505295,3099728388,126,0,1,9975293,0.875,-0.0213623047,-0.0629272461,0.479553223,-0.998275042,-0.0978942439,-0.0901851133,3.14160156,657,3099733476652,3099728187,144,3,1,8003936,-0.01171875,-0.03515625,-0.0078125,659,3099741475925,3099738987,127,0,1,4663,0,0,0
1,625,3099751258967,3099751511286,3,0,0,1,0,7,7,0,0,1,4,0,0,660,3099751505087,3099748388,128,0,1,6199,0.875,-0.0213623047,-0.0629272461,0.479553223,-0.998275042,-0.0978942439,-0.0901851133,3.14160156,658,3099744476328,3099738687,145,3,1,7034958,0.00390625,0,-0.0078125,660,3099750476208,3099748187,128,0,1,1035078,0,0,0
1,626,3099761258967,3099761511654,3,0,0,1,0,7,7,0,0,0,4,0,0,661,3099761505528,3099758388,129,0,1,6126,0.875,-0.0213623047,-0.0629272461,0.479553223,-0.998275042,-0.0978942439,-0.0901851133,3.14160156,659,3099753475574,3099748785,146,3,1,8036080,0.0390625,-0.01171875,-0.0078125,661,3099760475373,3099758186,129,0,1,1036281,0,0,0
1,627,3099771258967,3099771513224,3,0,0,1,0,7,7,0,0,0,4,0,0,662,3099771506803,3099768388,130,0,1,6421,0.875,-0.0213623047,-0.0629272461,0.479553223,-0.998275042,-0.0978942439,-0.0901851133,3.14160156,660,3099763472741,3099758784,147,3,1,8040483,0.00390625,0,-0.0078125,662,3099770481422,3099768186,130,0,1,1031802,0,0,0
1,628,3099781258967,3099781513758,3,0,0,1,0,7,7,0,0,0,4,0,0,663,3099781507004,3099778389,131,0,1,6754,0.875,-0.0213623047,-0.0629272461,0.479553223,-0.998275042,-0.0978942439,-0.0901851133,3.14160156,661,3099773474681,3099768185,148,3,1,8039077,0.00390625,0,-0.0078125,663,3099780482585,3099778187,131,0,1,1031173,0,0,0
1,629,3099791258967,3099791551136,3,0,0,1,0,7,7,0,0,0,4,0,0,664,3099791537424,3099788399,132,0,1,13712,0.875,-0.0213623047,-0.0629272461,0.479553223,-0.998275042,-0.0978942439,-0.0901851133,3.14160156,662,3099783477066,3099778587,149,3,1,8074070,0.0390625,-0.01171875,-0.0078125,664,3099790511043,3099788199,132,0,1,1040093,0,0,0
1,630,3099801258967,3099801561293,3,0,0,1,0,7,7,0,0,0,4,0,0,665,3099801546637,3099798402,133,0,1,14656,0.875,-0.0213623047,-0.0629272461,0.479553223,-0.998275042,-0.0978942439,-0.0901851133,3.14160156,663,3099793488407,3099788785,150,3,1,8072886,-0.03515625,0.015625,0.03125,665,3099800517721,3099798284,133,0,1,1043572,0,0,0
1,631,3099811258967,3099811526945,3,0,0,1,0,7,6,1,0,0,4,0,0,665,3099801546637,3099798402,133,0,1,9980308,0.875,-0.0213623047,-0.0629272461,0.479553223,-0.998275042,-0.0978942439,-0.0901851133,3.14160156,664,3099803507224,3099798393,151,3,1,8019721,0,0,-0.046875,666,3099811517119,3099808784,134,0,1,9826,0,0,0
1,632,3099821258967,3099821587639,3,0,0,1,0,7,7,0,0,1,4,0,0,667,3099821568061,3099818216,135,0,1,19578,0.875,-0.0213623047,-0.0629272461,0.479553223,-0.998275042,-0.0978942439,-0.0901851133,3.14160156,665,3099814531012,3099808301,152,3,1,7056627,-0.03515625,0.015625,0.03125,667,3099820534574,3099818203,135,0,1,1053065,0,0,0
1,633,3099831258967,3099831510156,3,0,0,1,0,7,7,0,0,0,4,0,0,668,3099831500330,3099828184,136,0,1,9826,0.875,-0.0213623047,-0.0629272461,0.479553223,-0.998275042,-0.0978942439,-0.0901851133,3.14160156,666,3099823499188,3099818389,153,3,1,8010968,-0.03515625,0.015625,-0.0078125,668,3099830482443,3099828183,136,0,1,1027713,0,0,0
1,634,3099841258967,3099841508729,3,0,0,1,0,7,7,0,0,0,4,0,0,669,3099841502141,3099838089,137,0,1,6588,0.875,-0.0213623047,-0.0629272461,0.479553223,-0.998275042,-0.0978942439,-0.0901851133,3.14160156,667,3099833470059,3099828584,154,3,1,8038670,0.00390625,0.00390625,0.03125,669,3099840480054,3099838287,137,0,1,1028675,0,0,0
1,635,3099851258967,3099851512909,3,0,0,1,0,7,7,0,0,0,4,0,0,670,3099851506580,3099848188,138,0,1,6329,0.875,-0.0213623047,-0.0629272461,0.479553223,-0.998275042,-0.0978942439,-0.0901851133,3.14160156,668,3099843482788,3099838588,155,3,1,8030121,0.00390625,0,-0.0078125,670,3099850478257,3099847787,138,0,1,1034652,0,0,0
1,636,3099861258967,3099861511111,3,0,0,1,0,7,7,0,0,0,4,0,0,671,3099861504838,3099858188,139,0,1,6273,0.875,-0.0213623047,-0.0629272461,0.479553223,-0.998275042,-0.0978942439,-0.0901851133,3.14160156,669,3099853478567,3099848188,156,3,1,8032544,0.00390625,0,-0.0078125,671,3099860476219,3099858187,139,0,1,1034892,0,0,0
1,637,3099871258967,3099871518844,3,0,0,1,0,7,7,0,0,0,4,0,0,672,3099871511535,3099868090,140,0,1,7309,0.875,-0.0213623047,-0.0629272461,0.479553223,-0.998275042,-0.0978942439,-0.0901851133,3.14160156,670,3099863475215,3099858386,157,3,1,8043629,0.00390625,0,-0.0078125,672,3099870474958,3099868185,140,0,1,1043886,0,0,0
1,638,3099881258967,3099881507813,3,0,0,1,0,7,7,0,0,0,4,0,0,673,3099881500818,3099878085,141,0,1,6995,0.875,-0.0213623047,-0.0629272461,0.479553223,-0.998275042,-0.0978942439,-0.0901851133,3.14160156,671,3099873477137,3099867685,158,3,1,8030676,0.00390625,0.00390625,0.03125,673,3099880474752,3099877984,141,0,1,1033061,0,0,0
1,639,3099891258967,3099891515268,3,0,0,1,0,7,7,0,0,0,4,0,0,674,3099891508624,3099887889,142,0,1,6644,0.875,-0.0213623047,-0.0629272461,0.479553223,-0.998275042,-0.0978942439,-0.0901851133,3.14160156,672,3099883467586,3099878384,159,3,1,8047682,0.0390625,-0.01171875,-0.0078125,674,3099890480282,3099887985,142,0,1,1034986,0,0,0
1,640,3099901258967,3099901513581,3,0,0,1,0,7,7,0,0,0,4,0,0,675,3099901506994,3099898089,143,0,1,6587,0.875,-0.0213623047,-0.0629272461,0.479553223,-0.998275042,-0.0978942439,-0.0901851133,3.14160156,673,3099893471766,3099888187,160,3,1,8041815,0.00390625,0,-0.0078125,675,3099900478652,3099898185,143,0,1,1034929,0,0,0
1,641,3099911258967,3099911513764,3,0,0,1,0,7,7,0,0,0,4,0,0,676,3099911507102,3099907688,144,0,1,6662,0.875,-0.0213623047,-0.0629272461,0.479553223,-0.998275042,-0.0978942439,-0.0901851133,3.14160156,674,3099903477574,3099898187,161,3,1,8036190,-0.03515625,0.015625,0.03125,676,3099910479574,3099908187,144,0,1,1034190,0,0,0
1,642,3099921258967,3099921511911,3,0,0,1,0,7,7,0,0,0,4,0,0,677,3099921505564,3099917888,145,0,1,6347,0.875,-0.0213623047,-0.0629272461,0.479553223,-0.998275042,-0.0978942439,-0.0901851133,3.14160156,675,3099913479922,3099907887,162,3,1,8031989,0.00390625,0,-0.0078125,677,3099920478036,3099917987,145,0,1,1033875,0,0,0
1,643,3099931258967,3099931512242,3,0,0,1,0,7,7,0,0,0,4,0,0,678,3099931505987,3099927888,146,0,1,6255,0.875,-0.0213623047,-0.0629272461,0.479553223,-0.998275042,-0.0978942439,-0.0901851133,3.14160156,676,3099923478975,3099918187,163,3,1,8033267,0.00390625,0,-0.0078125,678,3099930481550,3099928191,146,0,1,1030692,0,0,0
1,644,3099941258967,3099941512406,3,0,0,1,0,7,7,0,0,0,4,0,0,679,3099941505781,3099938087,147,0,1,6625,0.875,-0.0213623047,-0.0629272461,0.479553223,-0.998275042,-0.0978942439,-0.0901851133,3.14160156,677,3099933477049,3099928187,164,3,1,8035357,0.00390625,0.00390625,0.03125,679,3099940471407,3099938287,147,0,1,1040999,0,0,0
1,645,3099951258967,3099951506612,3,0,0,1,0,7,7,0,0,0,4,0,0,680,3099951500394,3099948088,148,0,1,6218,0.875,-0.0213623047,-0.0629272461,0.479553223,-0.998275042,-0.0978942439,-0.0901851133,3.14160156,678,3099943477453,3099937987,165,3,1,8029159,0.00390625,0,-0.0078125,680,3099950476530,3099947787,148,0,1,1030082,0,0,0
1,646,3099961258967,3099961511476,3,0,0,1,0,7,7,0,0,0,4,0,0,681,3099961505277,3099957688,149,0,1,6199,0.875,-0.0213623047,-0.0629272461,0.479553223,-0.998275042,-0.0978942439,-0.0901851133,3.14160156,679,3099953478247,3099947987,166,3,1,8033229,0.00390625,0,-0.0078125,681,3099960475362,3099958186,149,0,1,1036114,0,0,0
1,647,3099971258967,3099971479552,3,0,0,1,0,7,6,1,0,0,4,0,0,681,3099961505277,3099957688,149,0,1,9974275,0.875,-0.0213623047,-0.0629272461,0.479553223,-0.998275042,-0.0978942439,-0.0901851133,3.14160156,680,3099963476005,3099957987,167,3,1,8003547,0.0390625,-0.01171875,-0.0078125,682,3099971474797,3099968184,150,0,1,4755,0,0,0
1,648,3099981258967,3099981508788,3,0,0,1,0,7,7,0,0,1,4,0,0,683,3099981502663,3099977685,151,0,1,6125,0.875,-0.0213623047,-0.0629272461,0.479553223,-0.998275042,-0.0978942439,-0.0901851133,3.14160156,681,3099974475421,3099967386,168,3,1,7033367,0.0390625,-0.01171875,-0.0078125,683,3099980479262,3099978187,151,0,1,1029526,0,0,0
1,649,3099991258967,3099991511413,3,0,0,1,0,7,7,0,0,0,4,0,0,684,3099991505288,3099987888,152,0,1,6125,0.875,-0.0213623047,-0.0629272461,0.479553223,-0.998275042,-0.0978942439,-0.0901851133,3.14160156,682,3099983476093,3099977986,169,3,1,8035320,0.0390625,-0.01171875,-0.046875,684,3099990475466,3099987787,152,0,1,1035947,0,0,0
1,650,3100001258967,3100001511707,3,0,0,1,0,7,7,0,0,0,4,0,0,685,3100001505471,3099997888,153,0,1,6236,0.875,-0.0213623047,-0.0629272461,0.479553223,-0.998275042,-0.0978942439,-0.0901851133,3.14160156,683,3099993475276,3099987887,170,3,1,8036431,0.00390625,0,-0.0078125,685,3100000475500,3099998286,153,0,1,1036207,0,0,0
1,651,3100011258967,3100011515517,3,0,0,1,0,7,7,0,0,0,4,0,0,686,3100011506801,3100007888,154,0,1,8716,0.875,-0.0213623047,-0.0629272461,0.479553223,-0.998275042,-0.0978942439,-0.0901851133,3.14160156,684,3100003508046,3099998201,171,3,1,8007471,0.00390625,0,-0.0078125,686,3100010479069,3100008186,154,0,1,1036448,0,0,0
1,652,3100021258967,3100021512646,3,0,0,1,0,7,7,0,0,0,4,0,0,687,3100021506206,3100017889,155,0,1,6440,0.875,-0.0213623047,-0.0629272461,0.479553223,-0.998275042,-0.0978942439,-0.0901851133,3.14160156,685,3100013481156,3100007490,172,3,1,8031490,0.00390625,0,-0.0078125,687,3100020478086,3100017987,155,0,1,1034560,0,0,0
1,653,3100031258967,3100031293322,3,0,0,1,0,7,7,0,0,0,4,0,0,688,3100030506655,3100027389,156,0,1,786667,0.875,-0.0213623047,-0.0629272461,0.479553223,-0.998275042,-0.0978942439,-0.0901851133,3.14160156,686,3100023477360,3100017987,173,3,1,7815962,0,0,-0.046875,688,3100029479923,3100026988,156,0,1,1813399,0,0,0
1,654,3100041258967,3100041511031,3,0,0,1,0,7,7,0,0,0,4,0,0,689,3100041504776,3100037688,157,0,1,6255,0.875,-0.0213623047,-0.0629272461,0.479553223,-0.998275042,-0.0978942439,-0.0901851133,3.14160156,687,3100032477365,3100027788,174,3,1,9033666,0.00390625,0,-0.0078125,689,3100040477619,3100038187,157,0,1,1033412,0,0,0
1,655,3100051258967,3100051510252,3,0,0,1,0,7,7,0,0,0,4,0,0,690,3100051504126,3100047488,158,0,1,6126,0.875,-0.0213623047,-0.0629272461,0.479553223,-0.998275042,-0.0978942439,-0.0901851133,3.14160156,688,3100043477725,3100037687,175,3,1,8032527,0.0390625,-0.01171875,-0.0078125,690,3100050474804,3100048186,158,0,1,1035448,0,0,0
1,656,3100061258967,3100061509953,3,0,0,1,0,7,7,0,0,0,4,0,0,691,3100061503957,3100057488,159,0,1,5996,0.875,-0.0213623047,-0.0629272461,0.479553223,-0.998275042,-0.0978942439,-0.0901851133,3.14160156,689,3100053475299,3100047487,176,3,1,8034654,0.00390625,0,-0.0078125,691,3100060474505,3100058186,159,0,1,1035448,0,0,0
1,657,3100071258967,3100071293072,3,0,0,1,0,7,7,0,0,0,4,0,0,692,3100070504185,3100067588,160,0,1,788887,0.875,-0.0213623047,-0.0629272461,0.479553223,-0.998275042,-0.0978942439,-0.0901851133,3.14160156,690,3100063475315,3100057887,177,3,1,7817757,0.00390625,0,-0.0078125,692,3100069474251,3100067186,160,0,1,1818821,0,0,0
1,658,3100081258967,3100081290423,3,0,0,1,0,7,7,0,0,0,4,0,0,693,3100080508716,3100077588,161,0,1,781707,0.875,-0.0213623047,-0.0629272461,0.479553223,-0.998275042,-0.0978942439,-0.0901851133,3.14160156,691,3100072475043,3100067987,178,3,1,8815380,0.00390625,0,-0.0078125,693,3100079477857,3100077287,161,0,1,1812566,0,0,0
1,659,3100091258967,3100091506670,3,0,0,1,0,7,7,0,0,0,4,0,0,694,3100091500379,3100087488,162,0,1,6291,0.875,-0.0213623047,-0.0629272461,0.479553223,-0.998275042,-0.0978942439,-0.0901851133,3.14160156,692,3100082477705,3100077787,179,3,1,9028965,0,0,-0.0390625,694,3100090476330,3100087787,162,0,1,1030340,0,0,0
1,660,3100101258967,3100101293287,3,0,0,1,0,7,7,0,0,0,4,0,0,695,3100100505843,3100097188,163,0,1,787444,0.875,-0.0213623047,-0.0629272461,0.479553223,-0.998275042,-0.0978942439,-0.0901851133,3.14160156,693,3100093479286,3100087488,180,3,1,7814001,0.00390625,0,0,695,3100099476372,3100097187,163,0,1,1816915,0,0,0
1,661,3100111258967,3100111292951,3,0,0,1,0,7,7,0,0,0,4,0,0,696,3100110505952,3100107588,164,0,1,786999,0.875,-0.0213623047,-0.0629272461,0.479553223,-0.998275042,-0.0978942439,-0.0901851133,3.14160156,694,3100102470132,3100097587,181,3,1,8822819,0.00390625,0,0,696,3100109478424,3100107187,164,0,1,1814527,0,0,0
1,662,3100121258967,3100121292782,3,0,0,1,0,7,7,0,0,0,4,0,0,697,3100120504931,3100117188,165,0,1,787851,0.875,-0.0213623047,-0.0629272461,0.479553223,-0.998275042,-0.0978942439,-0.0901851133,3.14160156,695,3100112482657,3100107791,182,3,1,8810125,0.00390625,0.00390625,0.0390625,697,3100119475868,3100117287,165,0,1,1816914,0,0,0
1,663,3100131258967,3100131512397,3,0,0,1,0,7,7,0,0,0,4,0,0,698,3100131505939,3100127288,166,0,1,6458,0.875,-0.0213623047,-0.0629272461,0.479553223,-0.998275042,-0.0978942439,-0.0901851133,3.14160156,696,3100122476122,3100117787,183,3,1,9036275,0.00390625,0,0,698,3100130476949,3100127787,166,0,1,1035448,0,0,0
1,664,3100141258967,3100141292481,3,0,0,1,0,7,7,0,0,0,4,0,0,699,3100140505223,3100137388,167,0,1,787258,0.875,-0.0213623047,-0.0629272461,0.479553223,-0.998275042,-0.0978942439,-0.0901851133,3.14160156,697,3100133473836,3100127485,184,3,1,7818645,0.00390625,0,0,699,3100139476159,3100137187,167,0,1,1816322,0,0,0
1,665,3100151258967,3100151292979,3,0,0,1,0,7,7,0,0,0,4,0,0,700,3100150505368,3100147388,168,0,1,787611,0.875,-0.0213623047,-0.0629272461,0.479553223,-0.998275042,-0.0978942439,-0.0901851133,3.14160156,698,3100142476432,3100137587,185,3,1,8816547,0.00390625,0.00390625,0.0390625,700,3100149475786,3100147186,168,0,1,1817193,0,0,0
1,666,3100161258967,3100161293013,3,0,0,1,0,7,7,0,0,0,4,0,0,701,3100160505033,3100157188,169,0,1,787980,0.875,-0.0213623047,-0.0629272461,0.479553223,-0.998275042,-0.0978942439,-0.0901851133,3.14160156,699,3100152475912,3100146987,186,3,1,8817101,0.00390625,0,0,701,3100159475692,3100156987,169,0,1,1817321,0,0,0
1,667,3100171258967,3100171292955,3,0,0,1,0,7,7,0,0,0,4,0,0,702,3100170504716,3100166888,170,0,1,788239,0.875,-0.0213623047,-0.0629272461,0.479553223,-0.998275042,-0.0978942439,-0.0901851133,3.14160156,700,3100162476261,3100157587,187,3,1,8816694,0.00390625,0,0,702,3100169475819,3100166987,170,0,1,1817136,0,0,0
1,668,3100181258967,3100181293045,3,0,0,1,0,7,7,0,0,0,4,0,0,703,3100180510561,3100177188,171,0,1,782484,0.875,-0.0213623047,-0.0629272461,0.479553223,-0.998275042,-0.0978942439,-0.0901851133,3.14160156,701,3100172476517,3100167187,188,3,1,8816528,0.00390625,0,0,703,3100179475631,3100177187,171,0,1,1817414,0,0,0
1,669,3100191258967,3100191292728,3,0,0,1,0,7,7,0,0,0,4,0,0,704,3100190500251,3100187088,172,0,1,792477,0.875,-0.0213623047,-0.0629272461,0.479553223,-0.998275042,-0.0978942439,-0.0901851133,3.14160156,702,3100182477440,3100177587,189,3,1,8815288,0.0390625,-0.01171875,0,704,3100189476573,3100187187,172,0,1,1816155,0,0,0
1,670,3100201258967,3100201292708,3,0,0,1,0,7,7,0,0,0,4,0,0,705,3100200506152,3100197188,173,0,1,786556,0.875,-0.0213623047,-0.0629272461,0.479553223,-0.998275042,-0.0978942439,-0.0901851133,3.14160156,703,3100192479325,3100186988,190,3,1,8813383,0.00390625,0.00390625,0.0390625,705,3100199476607,3100197187,173,0,1,1816101,0,0,0
1,671,3100211258967,3100211292872,3,0,0,1,0,7,7,0,0,0,4,0,0,706,3100210505743,3100207188,174,0,1,787129,0.875,-0.0213623047,-0.0629272461,0.479553223,-0.998275042,-0.0978942439,-0.0901851133,3.14160156,704,3100202476066,3100197587,191,3,1,8816806,0.00390625,0,0,706,3100209479158,3100207187,174,0,1,1813714,0,0,0
1,672,3100221258967,3100221293091,3,0,0,1,0,7,7,0,0,0,4,0,0,707,3100220506073,3100217188,175,0,1,787018,0.875,-0.0213623047,-0.0629882812,0.479553223,-0.998260617,-0.0979530662,-0.0902919993,3.14160156,705,3100212482485,3100207391,192,3,1,8810606,0.00390625,0,0,707,3100219477176,3100217285,175,0,1,1815915,0,0,0
1,673,3100231258967,3100231512466,3,0,0,1,0,7,7,0,0,0,4,0,0,708,3100231506322,3100227088,176,0,1,6144,0.875,-0.0213623047,-0.0629882812,0.479553223,-0.998260617,-0.0979530662,-0.0902919993,3.14160156,706,3100222476191,3100217387,193,3,1,9036275,0.03125,-0.01171875,-0.0390625,708,3100230480441,3100227088,176,0,1,1032025,0,0,0
1,674,3100241258967,3100241292716,3,0,0,1,0,7,7,0,0,0,4,0,0,709,3100240505883,3100236689,177,0,1,786833,0.875,-0.0213623047,-0.0629882812,0.479553223,-0.998260617,-0.0979530662,-0.0902919993,3.14160156,707,3100233476366,3100227287,194,3,1,7816350,-0.00390625,0,0,709,3100239477819,3100237187,177,0,1,1814897,0,0,0
1,675,3100251258967,3100251292640,3,0,0,1,0,7,7,0,0,0,4,0,0,710,3100250504512,3100247088,178,0,1,788128,0.875,-0.0213623047,-0.0629882812,0.479553223,-0.998260617,-0.0979530662,-0.0902919993,3.14160156,708,3100242475575,3100236987,195,3,1,8817065,-0.00390625,0,0,710,3100249474486,3100247186,178,0,1,1818154,0,0,0
1,676,3100261258967,3100261292638,3,0,0,1,0,7,7,0,0,0,4,0,0,711,3100260504361,3100256888,179,0,1,788277,0.875,-0.0213623047,-0.0629882812,0.479553223,-0.998260617,-0.0979530662,-0.0902919993,3.14160156,709,3100252475628,3100246887,196,3,1,8817010,-0.0546875,-0.01953125,0,711,3100259474520,3100257286,179,0,1,1818118,0,0,0
1,677,3100271258967,3100271292913,3,0,0,1,0,7,7,0,0,0,4,0,0,712,3100270504211,3100267088,180,0,1,788702,0.875,-0.0213623047,-0.0629882812,0.479553223,-0.998260617,-0.0979530662,-0.0902919993,3.14160156,710,3100262475330,3100257387,197,3,1,8817583,-0.03515625,0.015625,0,712,3100269474555,3100266786,180,0,1,1818358,0,0,0
1,678,3100281258967,3100281292929,3,0,0,1,0,7,7,0,0,0,4,0,0,713,3100280505189,3100277085,181,0,1,787740,0.875,-0.0213623047,-0.0629882812,0.479553223,-0.998260617,-0.0979530662,-0.0902919993,3.14160156,711,3100272476105,3100266988,198,3,1,8816824,0.00390625,0,0,713,3100279474497,3100277286,181,0,1,1818432,0,0,0
1,679,3100291258967,3100291292927,3,0,0,1,0,7,7,0,0,0,4,0,0,714,3100290505705,3100287088,182,0,1,787222,0.875,-0.0213623047,-0.0629882812,0.479553223,-0.998260617,-0.0979530662,-0.0902919993,3.14160156,712,3100282476861,3100277387,199,3,1,8816066,0.00390625,0,0,714,3100289476678,3100287187,182,0,1,1816249,0,0,0
1,680,3100301258967,3100301292924,3,0,0,1,0,7,7,0,0,0,4,0,0,715,3100300502779,3100297086,183,0,1,790145,0.875,-0.0213623047,-0.0629882812,0.479553223,-0.998260617,-0.0979530662,-0.0902919993,3.14160156,713,3100292476063,3100286687,200,3,1,8816861,0.00390625,0.00390625,0.0390625,715,3100299476620,3100297186,183,0,1,1816304,0,0,0
1,681,3100311258967,3100311480026,3,0,0,1,0,7,7,0,0,2,4,0,0,716,3100309504819,3100306388,184,0,1,1975207,0.875,-0.0213623047,-0.0629882812,0.479553223,-0.998260617,-0.0979530662,-0.0902919993,3.14160156,715,3100311475085,3100306787,202,3,1,4941,0.00390625,0,0,716,3100308476496,3100306186,184,0,1,3003530,0,0,0
1,682,3100321258967,3100321292420,3,0,0,1,0,7,5,2,0,0,4,0,0,717,3100320504865,3100316888,185,0,1,787555,0.875,-0.0213623047,-0.0629882812,0.479553223,-0.998260617,-0.0979530662,-0.0902919993,3.14160156,715,3100311475085,3100306787,202,3,1,9817335,0.00390625,0,0,717,3100319475727,3100317286,185,0,1,1816693,0,0,0
1,683,3100331258967,3100331291807,3,0,0,1,0,7,7,0,0,0,4,0,0,718,3100330504603,3100326688,186,0,1,787204,0.875,-0.0213623047,-0.0629882812,0.479553223,-0.998260617,-0.0979530662,-0.0902919993,3.14160156,716,3100322475445,3100316986,203,3,1,8816362,0.0390625,-0.01171875,0,718,3100329474818,3100327186,186,0,1,1816989,0,0,0
1,684,3100341258967,3100341292581,3,0,0,1,0,7,7,0,0,0,4,0,0,719,3100340504453,3100336887,187,0,1,788128,0.875,-0.0213623047,-0.0629882812,0.479553223,-0.998260617,-0.0979530662,-0.0902919993,3.14160156,717,3100332475332,3100326686,204,3,1,8817249,0.00390625,0.00390625,0.0390625,719,3100339474982,3100337186,187,0,1,1817599,0,0,0
1,685,3100351258967,3100351292116,3,0,0,1,0,7,7,0,0,0,4,0,0,720,3100350504210,3100346687,188,0,1,787906,0.875,-0.0213623047,-0.0629882812,0.479553223,-0.998260617,-0.0979530662,-0.0902919993,3.14160156,718,3100342475070,3100337187,205,3,1,8817046,0.00390625,0,0,720,3100349474813,3100347186,188,0,1,1817303,0,0,0
1,686,3100361258967,3100361292484,3,0,0,1,0,7,7,0,0,0,4,0,0,721,3100360504596,3100356887,189,0,1,787888,0.875,-0.0213623047,-0.0629882812,0.479553223,-0.998260617,-0.0979530662,-0.0902919993,3.14160156,719,3100352474827,3100346986,206,3,1,8817657,0.00390625,0.00390625,0.0390625,721,3100359474589,3100357286,189,0,1,1817895,0,0,0
1,687,3100371258967,3100371292500,3,0,0,1,0,7,7,0,0,0,4,0,0,722,3100370504372,3100366887,190,0,1,788128,0.875,-0.0213623047,-0.0629882812,0.479553223,-0.998260617,-0.0979530662,-0.0902919993,3.14160156,720,3100362475732,3100356986,207,3,1,8816768,0.00390625,0,0,722,3100369475012,3100366986,190,0,1,1817488,0,0,0
1,688,3100381258967,3100381480916,3,0,0,1,0,7,7,0,0,2,4,0,0,723,3100379504673,3100376187,191,0,1,1976243,0.875,-0.0213623047,-0.0629882812,0.479553223,-0.998260617,-0.0979530662,-0.0902919993,3.14160156,722,3100381476160,3100376584,209,3,1,4756,0.00390625,0,-0.0078125,723,3100378476424,3100376186,191,0,1,3004492,0,0,0
1,689,3100391258967,3100391477768,3,0,0,1,0,7,7,0,0,0,4,0,0,724,3100389504930,3100386388,192,0,1,1972838,0.875,-0.0213623047,-0.0629882812,0.479553223,-0.998260617,-0.0979530662,-0.0902919993,3.14160156,723,3100391472956,3100386784,210,3,1,4812,0.00390625,0,-0.0078125,724,3100388475644,3100386186,192,0,1,3002124,0,0,0
1,690,3100401258967,3100401292530,3,0,0,1,0,7,5,2,0,0,4,0,0,725,3100400504457,3100396487,193,0,1,788073,0.875,-0.0213623047,-0.0629882812,0.479553223,-0.998260617,-0.0979530662,-0.0902919993,3.14160156,723,3100391472956,3100386784,210,3,1,9819574,0.00390625,0,-0.0078125,725,3100399475356,3100397286,193,0,1,1817174,0,0,0
1,691,3100411258967,3100411292028,3,0,0,1,0,7,7,0,0,0,4,0,0,726,3100410505232,3100406688,194,0,1,786796,0.875,-0.0213623047,-0.0629882812,0.479553223,-0.998260617,-0.0979530662,-0.0902919993,3.14160156,724,3100402475370,3100396987,211,3,1,8816658,0,0,-0.046875,726,3100409475613,3100406786,194,0,1,1816415,0,0,0
1,692,3100421258967,3100421481184,3,0,0,1,0,7,7,0,0,2,4,0,0,727,3100419505681,3100416588,195,0,1,1975503,0.875,-0.0213623047,-0.0629882812,0.479553223,-0.998260617,-0.0979530662,-0.0902919993,3.14160156,726,3100421476299,3100416987,213,3,1,4885,-0.03515625,0.015625,-0.0390625,727,3100418476358,3100416186,195,0,1,3004826,0,0,0
1,693,3100431258967,3100431480312,3,0,0,1,0,7,7,0,0,0,4,0,0,728,3100429504180,3100426585,196,0,1,1976132,0.875,-0.0213623047,-0.0629882812,0.479553223,-0.998260617,-0.0979530662,-0.0902919993,3.14160156,727,3100431475445,3100426187,214,3,1,4867,0.00390625,0.00390625,0.0390625,728,3100428477799,3100426187,196,0,1,3002513,0,0,0
1,694,3100441258967,3100441292409,3,0,0,1,0,7,5,2,0,0,4,0,0,729,3100440505077,3100436688,197,0,1,787332,0.875,-0.0213623047,-0.0629882812,0.479553223,-0.998260617,-0.0979530662,-0.0902919993,3.14160156,727,3100431475445,3100426187,214,3,1,9816964,0.00390625,0.00390625,0.0390625,729,3100439474125,3100437186,197,0,1,1818284,0,0,0
1,695,3100451258967,3100451479955,3,0,0,1,0,7,7,0,0,2,4,0,0,730,3100449504582,3100446188,198,0,1,1975373,0.875,-0.0213623047,-0.0629882812,0.479553223,-0.998260617,-0.0979530662,-0.0902919993,3.14160156,729,3100451475051,3100446587,216,3,1,4904,0.00390625,0,0,730,3100448475259,3100446186,198,0,1,3004696,0,0,0
1,696,3100461258967,3100461479860,3,0,0,1,0,7,7,0,0,0,4,0,0,731,3100459504006,3100456387,199,0,1,1975854,0.875,-0.0213623047,-0.0629882812,0.479553223,-0.998260617,-0.0979530662,-0.0902919993,3.14160156,730,3100461475123,3100456786,217,3,1,4737,0.00390625,0,0,731,3100458475664,3100456186,199,0,1,3004196,0,0,0
1,697,3100471258967,3100471479669,3,0,0,1,0,7,7,0,0,0,4,0,0,732,3100469504829,3100466388,200,0,1,1974840,0.875,-0.0213623047,-0.0629882812,0.479553223,-0.998260617,-0.0979530662,-0.0902919993,3.14160156,731,3100471474839,3100466387,218,3,1,4830,0,0,-0.0390625,732,3100468477315,3100466187,200,0,1,3002354,0,0,0
1,698,3100481258967,3100481484082,3,0,0,1,0,7,7,0,0,0,4,0,0,733,3100479504948,3100476588,201,0,1,1979134,0.875,-0.0213623047,-0.0629882812,0.479553223,-0.998260617,-0.0979530662,-0.0902919993,3.14160156,732,3100481479288,3100476787,219,3,1,4794,0,0,-0.0390625,733,3100478475139,3100476187,201,0,1,3008943,0,0,0
1,699,3100491258967,3100491293158,3,0,0,1,0,7,5,2,0,0,4,0,0,734,3100490506135,3100486288,202,0,1,787023,0.875,-0.0213623047,-0.0629882812,0.479553223,-0.998260617,-0.0979530662,-0.0902919993,3.14160156,732,3100481479288,3100476787,219,3,1,9813870,0,0,-0.0390625,734,3100489476456,3100486187,202,0,1,1816702,0,0,0
1,700,3100501258967,3100501481044,3,0,0,1,0,7,7,0,0,2,4,0,0,735,3100499505315,3100496388,203,0,1,1975729,0.875,-0.0213623047,-0.0629882812,0.479553223,-0.998260617,-0.0979530662,-0.0902919993,3.14160156,734,3100501476084,3100496387,221,3,1,4960,0.00390625,0,0,735,3100498476339,3100496187,203,0,1,3004705,0,0,0
1,701,3100511258967,3100511293711,3,0,0,1,0,7,5,2,0,0,4,0,0,736,3100510500987,3100506489,204,0,1,792724,0.875,-0.0213623047,-0.0629882812,0.479553223,-0.998260617,-0.0979530662,-0.0902919993,3.14160156,734,3100501476084,3100496387,221,3,1,9817627,0.00390625,0,0,736,3100509489333,3100506786,204,0,1,1804378,0,0,0
1,702,3100521258967,3100521480763,3,0,0,1,0,7,7,0,0,2,4,0,0,737,3100519506182,3100515888,205,0,1,1974581,0.875,-0.0213623047,-0.0629882812,0.479553223,-0.998260617,-0.0979530662,-0.0902919993,3.14160156,736,3100521475914,3100516187,223,3,1,4849,0.00390625,0,0,737,3100518478853,3100516188,205,0,1,3001910,0,0,0
1,703,3100531258967,3100531481918,3,0,0,1,0,7,7,0,0,0,4,0,0,738,3100529506319,3100526089,206,0,1,1975599,0.875,-0.0213623047,-0.0629882812,0.479553223,-0.998260617,-0.0979530662,-0.0902919993,3.14160156,737,3100531477014,3100525987,224,3,1,4904,0.00390625,0,0,738,3100528480563,3100526188,206,0,1,3001355,0,0,0
1,704,3100541258967,3100541480260,3,0,0,1,0,7,7,0,0,0,4,0,0,739,3100539505364,3100536088,207,0,1,1974896,0.875,-0.0213623047,-0.0629882812,0.479553223,-0.998260617,-0.0979530662,-0.0902919993,3.14160156,738,3100541475448,3100536587,225,3,1,4812,0.00390625,0,0,739,3100538477665,3100536187,207,0,1,3002595,0,0,0
1,705,3100551258967,3100551481471,3,0,0,1,0,7,7,0,0,0,4,0,0,740,3100549505520,3100546188,208,0,1,1975951,0.875,-0.0213623047,-0.0629882812,0.479553223,-0.998260617,-0.0979530662,-0.0902919993,3.14160156,739,3100551476641,3100546187,226,3,1,4830,0.00390625,0.00390625,0.0390625,740,3100548474582,3100545784,208,0,1,3006889,0,0,0
1,706,3100561258967,3100561480849,3,0,0,1,0,7,7,0,0,0,4,0,0,741,3100559506083,3100556188,209,0,1,1974766,0.875,-0.0213623047,-0.0629882812,0.479553223,-0.998260617,-0.0979530662,-0.0902919993,3.14160156,740,3100561475945,3100556587,227,3,1,4904,0.00390625,0,0,741,3100558473702,3100556285,209,0,1,3007147,0,0,0
1,707,3100571258967,3100571481005,3,0,0,1,0,7,7,0,0,0,4,0,0,742,3100569505073,3100566188,210,0,1,1975932,0.875,-0.0213623047,-0.0629882812,0.479553223,-0.998260617,-0.0979530662,-0.0902919993,3.14160156,741,3100571476212,3100565887,228,3,1,4793,0.00390625,0,0,742,3100568475856,3100566187,210,0,1,3005149,0,0,0
1,708,3100581258967,3100581485103,3,0,0,1,0,7,7,0,0,0,4,0,0,743,3100579506543,3100576189,211,0,1,1978560,0.875,-0.0213623047,-0.0629882812,0.479553223,-0.998260617,-0.0979530662,-0.0902919993,3.14160156,742,3100581480291,3100576587,229,3,1,4812,0.0390625,-0.01171875,0,743,3100578479510,3100576187,211,0,1,3005593,0,0,0
1,709,3100591258967,3100591482945,3,0,0,1,0,7,7,0,0,0,4,0,0,744,3100589521374,3100585686,212,0,1,1961571,0.875,-0.0213623047,-0.0629882812,0.479553223,-0.998260617,-0.0979530662,-0.0902919993,3.14160156,743,3100591478060,3100585987,230,3,1,4885,0.00390625,0,0,744,3100588476445,3100586187,212,0,1,3006500,0,0,0
1,710,3100601258967,3100601481306,3,0,0,1,0,7,7,0,0,0,4,0,0,745,3100599505596,3100596188,213,0,1,1975710,0.875,-0.0213623047,-0.0629882812,0.479553223,-0.998260617,-0.0979530662,-0.0902919993,3.14160156,744,3100601476457,3100596187,231,3,1,4849,-0.03515625,0.015625,-0.0390625,745,3100598477971,3100596287,213,0,1,3003335,0,0,0
1,711,3100611258967,3100611481129,3,0,0,1,0,7,7,0,0,0,4,0,0,746,3100609505641,3100606088,214,0,1,1975488,0.875,-0.0213623047,-0.0629882812,0.479553223,-0.998260617,-0.0979530662,-0.0902919993,3.14160156,745,3100611476261,3100605987,232,3,1,4868,0.00390625,0,0,746,3100608477553,3100606187,214,0,1,3003576,0,0,0
1,712,3100621258967,3100621481932,3,0,0,1,0,7,7,0,0,0,4,0,0,747,3100619506740,3100616089,215,0,1,1975192,0.875,-0.0213623047,-0.0629882812,0.479553223,-0.998260617,-0.0979530662,-0.0902919993,3.14160156,746,3100621477009,3100616387,233,3,1,4923,0.00390625,0,0,747,3100618478356,3100616187,215,0,1,3003576,0,0,0
1,713,3100631258967,3100631480589,3,0,0,1,0,7,7,0,0,0,4,0,0,748,3100629503972,3100626086,216,0,1,1976617,0.875,-0.0213623047,-0.0629882812,0.479553223,-0.998260617,-0.0979530662,-0.0902919993,3.14160156,747,3100631475777,3100626187,234,3,1,4812,0,0,-0.0390625,748,3100628475662,3100626187,216,0,1,3004927,0,0,0
1,714,3100641258967,3100641480171,3,0,0,1,0,7,7,0,0,0,4,0,0,749,3100639501981,3100636085,217,0,1,1978190,0.875,-0.0213623047,-0.0629882812,0.479553223,-0.998260617,-0.0979530662,-0.0902919993,3.14160156,748,3100641475285,3100636187,235,3,1,4886,0.00390625,0.00390625,0.0390625,749,3100638475096,3100636186,217,0,1,3005075,0,0,0
1,715,3100651258967,3100651479679,3,0,0,1,0,7,7,0,0,0,4,0,0,750,3100649504672,3100646088,218,0,1,1975007,0.875,-0.0213623047,-0.0629882812,0.479553223,-0.998260617,-0.0979530662,-0.0902919993,3.14160156,749,3100651474867,3100645987,236,3,1,4812,0.0390625,-0.01171875,0,750,3100648474437,3100645986,218,0,1,3005242,0,0,0
1,716,3100661258967,3100661292402,3,0,0,1,0,7,7,0,0,0,4,0,0,751,3100658504185,3100655388,219,0,1,2788217,0.875,-0.0213623047,-0.0629882812,0.479553223,-0.998260617,-0.0979530662,-0.0902919993,3.14160156,750,3100660475139,3100655787,237,3,1,817263,0.00390625,0,0,751,3100657475061,3100655186,219,0,1,3817341,0,0,0
1,717,3100671258967,3100671479639,3,0,0,1,0,7,7,0,0,0,4,0,0,752,3100669504651,3100665688,220,0,1,1974988,0.875,-0.0213623047,-0.0629882812,0.479553223,-0.998260617,-0.0979530662,-0.0902919993,3.14160156,751,3100671474938,3100665487,238,3,1,4701,0.00390625,0,0,752,3100668475582,3100666187,220,0,1,3004057,0,0,0
1,718,3100681258967,3100681481553,3,0,0,1,0,7,7,0,0,0,4,0,0,753,3100679504270,3100675888,221,0,1,1977283,0.875,-0.0213623047,-0.0629882812,0.479553223,-0.998260617,-0.0979530662,-0.0902919993,3.14160156,752,3100681476760,3100676185,239,3,1,4793,0.0390625,-0.01171875,0,753,3100678474942,3100676286,221,0,1,3006611,0,0,0
1,719,3100691258967,3100691479636,3,0,0,1,0,7,7,0,0,0,4,0,0,754,3100689504166,3100685888,222,0,1,1975470,0.875,-0.0213623047,-0.0629882812,0.479553223,-0.998260617,-0.0979530662,-0.0902919993,3.14160156,753,3100691474769,3100686187,240,3,1,4867,0.00390625,0,0,754,3100688475209,3100685987,222,0,1,3004427,0,0,0
1,720,3100701258967,3100701481476,3,0,0,1,0,7,7,0,0,0,4,0,0,755,3100699506765,3100695889,223,0,1,1974711,0.875,-0.0213623047,-0.0629882812,0.479553223,-0.998260617,-0.0979530662,-0.0902919993,3.14160156,754,3100701476590,3100695987,241,3,1,4886,0.00390625,0,0,755,3100698477992,3100696187,223,0,1,3003484,0,0,0
1,721,3100711258967,3100711481317,3,0,0,1,0,7,7,0,0,0,4,0,0,756,3100709505570,3100705688,224,0,1,1975747,0.875,-0.0213623047,-0.0629882812,0.479553223,-0.998260617,-0.0979530662,-0.0902919993,3.14160156,755,3100711476431,3100705687,242,3,1,4886,0.00390625,0.00390625,0.0390625,756,3100708475391,3100706187,224,0,1,3005926,0,0,0
1,722,3100721258967,3100721481399,3,0,0,1,0,7,7,0,0,0,4,0,0,757,3100719505837,3100715688,225,0,1,1975562,0.875,-0.0213623047,-0.0629882812,0.479553223,-0.998260617,-0.0979530662,-0.0902919993,3.14160156,756,3100721476661,3100715988,243,3,1,4738,0.00390625,0,0,757,3100718478359,3100716187,225,0,1,3003040,0,0,0
1,723,3100731258967,3100731292752,3,0,0,1,0,7,7,0,0,0,4,0,0,758,3100728504554,3100725188,226,0,1,2788198,0.875,-0.0213623047,-0.0629882812,0.479553223,-0.998260617,-0.0979530662,-0.0902919993,3.14160156,757,3100730474268,3100725585,244,3,1,818484,0,0,-0.0390625,758,3100727475689,3100725187,226,0,1,3817063,0,0,0
1,724,3100741258967,3100741481211,3,0,0,1,0,7,7,0,0,0,4,0,0,759,3100739505556,3100735888,227,0,1,1975655,0.875,-0.0213623047,-0.0629882812,0.479553223,-0.998260617,-0.0979530662,-0.0902919993,3.14160156,758,3100741476399,3100735887,245,3,1,4812,-0.03515625,0.015625,0,759,3100738476173,3100736287,227,0,1,3005038,0,0,0
1,725,3100751258967,3100751292712,3,0,0,1,0,7,5,2,0,0,4,0,0,760,3100750505226,3100745788,228,0,1,787486,0.875,-0.0213623047,-0.0629882812,0.479553223,-0.998260617,-0.0979530662,-0.0902919993,3.14160156,758,3100741476399,3100735887,245,3,1,9816313,-0.03515625,0.015625,0,760,3100749476046,3100745887,228,0,1,1816666,0,0,0
1,726,3100761258967,3100761481874,3,0,0,1,0,7,7,0,0,2,4,0,0,761,3100759505072,3100755688,229,0,1,1976802,0.875,-0.0213623047,-0.0629882812,0.479553223,-0.998260617,-0.0979530662,-0.0902919993,3.14160156,760,3100761476988,3100755988,247,3,1,4886,0.00390625,0,0,761,3100758479057,3100756187,229,0,1,3002817,0,0,0
1,727,3100771258967,3100771481900,3,0,0,1,0,7,7,0,0,0,4,0,0,762,3100769506264,3100765688,230,0,1,1975636,0.875,-0.0213623047,-0.0629882812,0.479553223,-0.998260617,-0.0979530662,-0.0902919993,3.14160156,761,3100771477218,3100765888,248,3,1,4682,-0.03515625,0.015625,0,762,3100768478602,3100766187,230,0,1,3003298,0,0,0
1,728,3100781258967,3100781293031,3,0,0,1,0,7,7,0,0,0,4,0,0,763,3100778501835,3100775788,231,0,1,2791196,0.875,-0.0213623047,-0.0629882812,0.479553223,-0.998260617,-0.0979530662,-0.0902919993,3.14160156,762,3100780480543,3100775788,249,3,1,812488,0.00390625,0,0,763,3100777475931,3100775287,231,0,1,3817100,0,0,0
1,729,3100791258967,3100791482822,3,0,0,1,0,7,7,0,0,0,4,0,0,764,3100789500339,3100785488,232,0,1,1982483,0.875,-0.0213623047,-0.0629882812,0.479553223,-0.998260617,-0.0979530662,-0.0902919993,3.14160156,763,3100791477881,3100785687,250,3,1,4941,0.00390625,0,0,764,3100788478932,3100785787,232,0,1,3003890,0,0,0
1,730,3100801258967,3100801289993,3,0,0,1,0,7,7,0,0,0,4,0,0,765,3100798506385,3100795088,233,0,1,2783608,0.875,-0.0213623047,-0.0629882812,0.479553223,-0.998260617,-0.0979530662,-0.0902919993,3.14160156,764,3100800476487,3100795387,251,3,1,813506,0,0,-0.0390625,765,3100797476039,3100795184,233,0,1,3813954,0,0,0
1,731,3100811258967,3100811289686,3,0,0,1,0,7,7,0,0,0,4,0,0,766,3100808504616,3100805388,234,0,1,2785070,0.875,-0.0213623047,-0.0629882812,0.479553223,-0.998260617,-0.0979530662,-0.0902919993,3.14160156,765,3100810474663,3100805187,252,3,1,815023,0.00390625,0,0,766,3100807474899,3100805185,234,0,1,3814787,0,0,0
1,732,3100821258967,3100821293155,3,0,0,1,0,7,7,0,0,0,4,0,0,767,3100818507307,3100815387,235,0,1,2785848,0.875,-0.0213623047,-0.0629882812,0.479553223,-0.998260617,-0.0979530662,-0.0902919993,3.14160156,766,3100820476780,3100815987,253,3,1,816375,0.00390625,0,0,767,3100817474352,3100815287,235,0,1,3818803,0,0,0
1,733,3100831258967,3100831293662,3,0,0,1,0,7,7,0,0,0,4,0,0,768,3100828511812,3100825587,236,0,1,2781850,0.875,-0.0213623047,-0.0629882812,0.479553223,-0.998260617,-0.0979530662,-0.0902919993,3.14160156,767,3100830542227,3100825804,254,3,1,751435,0.00390625,0.00390625,0.0390625,768,3100827521199,3100825189,236,0,1,3772463,0,0,0
1,734,3100841258967,3100841316377,3,0,0,1,0,7,7,0,0,0,4,0,0,769,3100838518204,3100835386,237,0,1,2798173,0.875,-0.0213623047,-0.0629882812,0.479553223,-0.998260617,-0.0979530662,-0.0902919993,3.14160156,768,3100840523728,3100835802,255,3,1,792649,0.00390625,0,0,769,3100837530682,3100835289,237,0,1,3785695,0,0,0
1,735,3100851258967,3100851291457,3,0,0,1,0,7,7,0,0,0,4,0,0,770,3100848541252,3100845200,238,0,1,2750205,0.875,-0.0213623047,-0.0629882812,0.479553223,-0.998260617,-0.0979530662,-0.0902919993,3.14160156,769,3100850492867,3100844988,0,3,1,798590,0,0,-0.0390625,770,3100847572737,3100845210,238,0,1,3718720,0,0,0
1,736,3100861258967,3100861286708,3,0,0,1,0,7,7,0,0,0,4,0,0,771,3100858493810,3100855384,239,0,1,2792898,0.875,-0.0213623047,-0.0629882812,0.479553223,-0.998260617,-0.0979530662,-0.0902919993,3.14160156,770,3100860468465,3100855782,1,3,1,818243,0.00390625,0,0,771,3100857507491,3100855186,239,0,1,3779217,0,0,0
1,737,3100871258967,3100871483088,3,0,0,1,0,7,7,0,0,0,4,0,0,772,3100869509506,3100865687,240,0,1,1973582,0.875,-0.0213623047,-0.0629882812,0.479553223,-0.998260617,-0.0979530662,-0.0902919993,3.14160156,771,3100871478332,3100865987,2,3,1,4756,0.00390625,0,0,772,3100868476606,3100866183,240,0,1,3006482,0,0,0
1,738,3100881258967,3100881293145,3,0,0,1,0,7,7,0,0,0,4,0,0,773,3100878508186,3100875389,241,0,1,2784959,0.875,-0.0213623047,-0.0629882812,0.479553223,-0.998260617,-0.0979530662,-0.0902919993,3.14160156,772,3100880477622,3100875388,3,3,1,815523,0.00390625,0,0,773,3100877497087,3100875288,241,0,1,3796058,0,0,0
1,739,3100891258967,3100891293005,3,0,0,1,0,7,7,0,0,0,4,0,0,774,3100888507694,3100885389,242,0,1,2785311,0.875,-0.0213012695,-0.0629882812,0.479553223,-0.99826479,-0.0978457406,-0.0903505757,3.14160156,773,3100890475465,3100885187,4,3,1,817540,0.00390625,0,0,774,3100887480328,3100884987,242,0,1,3812677,0,0,0
1,740,3100901258967,3100901292606,3,0,0,1,0,7,7,0,0,0,4,0,0,775,3100898507443,3100895389,243,0,1,2785163,0.875,-0.0213012695,-0.0629882812,0.479553223,-0.99826479,-0.0978457406,-0.0903505757,3.14160156,774,3100900476361,3100895587,5,3,1,816245,0.00390625,0,0,775,3100897480650,3100895187,243,0,1,3811956,0,0,0
1,741,3100911258967,3100911292114,3,0,0,1,0,7,7,0,0,0,4,0,0,776,3100908506155,3100905388,244,0,1,2785959,0.875,-0.0213012695,-0.0629882812,0.479553223,-0.99826479,-0.0978457406,-0.0903505757,3.14160156,775,3100910476054,3100905587,6,3,1,816060,-0.03515625,0.015625,0,776,3100907478104,3100905186,244,0,1,3814010,0,0,0
1,742,3100921258967,3100921289586,3,0,0,1,0,7,7,0,0,0,4,0,0,777,3100918481401,3100915186,245,0,1,2808185,0.875,-0.0213012695,-0.0629882812,0.479553223,-0.99826479,-0.0978457406,-0.0903505757,3.14160156,776,3100920454298,3100915385,7,3,1,835288,0.00390625,0,0,777,3100917459050,3100915185,245,0,1,3830536,0,0,0
1,743,3100931258967,3100931289779,3,0,0,1,0,7,7,0,0,0,4,0,0,778,3100928478170,3100925183,246,0,1,2811609,0.875,-0.0213012695,-0.0629882812,0.479553223,-0.99826479,-0.0978457406,-0.0903505757,3.14160156,777,3100930450531,3100925385,8,3,1,839248,0.0390625,-0.01171875,0,778,3100927457929,3100924987,246,0,1,3831850,0,0,0
1,744,3100941258967,3100941288935,3,0,0,1,0,7,7,0,0,0,4,0,0,779,3100938479066,3100935583,247,0,1,2809869,0.875,-0.0213012695,-0.0629882812,0.479553223,-0.99826479,-0.0978457406,-0.0903505757,3.14160156,778,3100940449224,3100935785,9,3,1,839711,0.00390625,0.00390625,0.0390625,779,3100937457826,3100935284,247,0,1,3831109,0,0,0
1,745,3100951258967,3100951289794,3,0,0,1,0,7,7,0,0,0,4,0,0,780,3100948481276,3100945186,248,0,1,2808518,0.875,-0.0213012695,-0.0629882812,0.479553223,-0.99826479,-0.0978457406,-0.0903505757,3.14160156,779,3100950454155,3100945185,10,3,1,835639,0.00390625,0,0,780,3100947457963,3100945184,248,0,1,3831831,0,0,0
1,746,3100961258967,3100961289524,3,0,0,1,0,7,7,0,0,0,4,0,0,781,3100958481025,3100955186,249,0,1,2808499,0.875,-0.0213012695,-0.0629882812,0.479553223,-0.99826479,-0.0978457406,-0.0903505757,3.14160156,780,3100960453441,3100955584,11,3,1,836083,0,0,-0.0390625,781,3100957457767,3100954984,249,0,1,3831757,0,0,0
1,747,3100971258967,3100971289551,3,0,0,1,0,7,7,0,0,0,4,0,0,782,3100968479756,3100965186,250,0,1,2809795,0.875,-0.0213012695,-0.0629882812,0.479553223,-0.99826479,-0.0978457406,-0.0903505757,3.14160156,781,3100970454133,3100965585,12,3,1,835418,0.00390625,0,0,782,3100967455295,3100965184,250,0,1,3834256,0,0,0
1,748,3100981258967,3100981287356,3,0,0,1,0,7,7,0,0,0,4,0,0,783,3100978480448,3100975086,251,0,1,2806908,0.875,-0.0213012695,-0.0629882812,0.479553223,-0.99826479,-0.0978457406,-0.0903505757,3.14160156,782,3100980454419,3100975385,13,3,1,832937,0.00390625,0.00390625,0.0390625,783,3100977455099,3100975184,251,0,1,3832257,0,0,0
1,749,3100991258967,3100991289529,3,0,0,1,0,7,7,0,0,0,4,0,0,784,3100988479938,3100984886,252,0,1,2809591,0.875,-0.0213012695,-0.0629882812,0.479553223,-0.99826479,-0.0978457406,-0.0903505757,3.14160156,783,3100990454297,3100984985,14,3,1,835232,-0.03515625,0.015625,0,784,3100987456846,3100985184,252,0,1,3832683,0,0,0
1,750,3101001258967,3101001289703,3,0,0,1,0,7,7,0,0,0,4,0,0,785,3100998479705,3100995086,253,0,1,2809998,0.875,-0.0213012695,-0.0629882812,0.479553223,-0.99826479,-0.0978457406,-0.0903505757,3.14160156,784,3101000454564,3100995385,15,3,1,835139,-0.03515625,0.015625,0,785,3100997455374,3100995184,253,0,1,3834329,0,0,0
1,751,3101011258967,3101011457490,3,0,0,1,0,7,7,0,0,0,4,0,0,786,3101009481188,3101005086,254,0,1,1976302,0.875,-0.0213012695,-0.0629882812,0.479553223,-0.99826479,-0.0978457406,-0.0903505757,3.14160156,785,3101011453104,3101005484,16,3,1,4386,0.00390625,0,0,786,3101008467350,3101005184,254,0,1,2990140,0,0,0
1,752,3101021258967,3101021292791,3,0,0,1,0,7,7,0,0,0,4,0,0,787,3101018506869,3101015088,255,0,1,2785922,0.875,-0.0213012695,-0.0629882812,0.479553223,-0.99826479,-0.0978457406,-0.0903505757,3.14160156,786,3101020478008,3101015188,17,3,1,814783,0.00390625,0,0,787,3101017484000,3101015288,255,0,1,3808791,0,0,0
1,753,3101031258967,3101031293039,3,0,0,1,0,7,7,0,0,0,4,0,0,788,3101028507839,3101025089,0,0,1,2785200,0.875,-0.0213012695,-0.0629882812,0.479553223,-0.99826479,-0.0978457406,-0.0903505757,3.14160156,787,3101030477461,3101024688,18,3,1,815578,0.00390625,0,0,788,3101027481417,3101024988,0,0,1,3811622,0,0,0
1,754,3101041258967,3101041292381,3,0,0,1,0,7,7,0,0,0,4,0,0,789,3101038507273,3101035088,1,0,1,2785108,0.875,-0.0213012695,-0.0629882812,0.479553223,-0.99826479,-0.0978457406,-0.0903505757,3.14160156,788,3101040476228,3101035187,19,3,1,816153,0.00390625,0,0,789,3101037473874,3101035187,1,0,1,3818507,0,0,0
1,755,3101051258967,3101051292259,3,0,0,1,0,7,7,0,0,0,4,0,0,790,3101048504968,3101044888,2,0,1,2787291,0.875,-0.0213012695,-0.0629882812,0.479553223,-0.99826479,-0.0978457406,-0.0903505757,3.14160156,789,3101050475885,3101045187,20,3,1,816374,0.00390625,0,0,790,3101047478286,3101045186,2,0,1,3813973,0,0,0
1,756,3101061258967,3101061292211,3,0,0,1,0,7,7,0,0,0,4,0,0,791,3101058504365,3101054688,3,0,1,2787846,0.875,-0.0213012695,-0.0629882812,0.479553223,-0.99826479,-0.0978457406,-0.0903505757,3.14160156,790,3101060476281,3101055187,21,3,1,815930,0.00390625,0,0,791,3101057477554,3101055287,3,0,1,3814657,0,0,0
1,757,3101071258967,3101071292459,3,0,0,1,0,7,7,0,0,0,4,0,0,792,3101068504354,3101064888,4,0,1,2788105,0.875,-0.0213012695,-0.0629882812,0.479553223,-0.99826479,-0.0978457406,-0.0903505757,3.14160156,791,3101070476270,3101064887,22,3,1,816189,-0.03515625,0.015625,-0.0390625,792,3101067477932,3101064787,4,0,1,3814527,0,0,0
1,758,3101081258967,3101081290561,3,0,0,1,0,7,7,0,0,0,4,0,0,793,3101078506120,3101075088,5,0,1,2784441,0.875,-0.0213012695,-0.0629882812,0.479553223,-0.99826479,-0.0978457406,-0.0903505757,3.14160156,792,3101080477166,3101075187,23,3,1,813395,0.00390625,0,0,793,3101077479920,3101075187,5,0,1,3810641,0,0,0
1,759,3101091258967,3101091292882,3,0,0,1,0,7,7,0,0,0,4,0,0,794,3101088506202,3101084688,6,0,1,2786680,0.875,-0.0213012695,-0.0629882812,0.479553223,-0.99826479,-0.0978457406,-0.0903505757,3.14160156,793,3101090477155,3101084287,24,3,1,815727,0.00390625,0,0,794,3101087479631,3101085187,6,0,1,3813251,0,0,0
1,760,3101101258967,3101101292742,3,0,0,1,0,7,7,0,0,0,4,0,0,795,3101098506098,3101094688,7,0,1,2786644,0.875,-0.0213012695,-0.0629882812,0.479553223,-0.99826479,-0.0978457406,-0.0903505757,3.14160156,794,3101100474221,3101094985,25,3,1,818521,0.00390625,0,0,795,3101097479324,3101094987,7,0,1,3813418,0,0,0
1,761,3101111258967,3101111292805,3,0,0,1,0,7,7,0,0,0,4,0,0,796,3101108505477,3101104688,8,0,1,2787328,0.875,-0.0213012695,-0.0629882812,0.479553223,-0.99826479,-0.0978457406,-0.0903505757,3.14160156,795,3101110474839,3101104985,26,3,1,817966,0,0,-0.0390625,796,3101107478740,3101104987,8,0,1,3814065,0,0,0
1,762,3101121258967,3101121292665,3,0,0,1,0,7,7,0,0,0,4,0,0,797,3101118506576,3101114688,9,0,1,2786089,0.875,-0.0213012695,-0.0629882812,0.479553223,-0.99826479,-0.0978457406,-0.0903505757,3.14160156,796,3101120477068,3101114887,27,3,1,815597,0.0390625,-0.01171875,0,797,3101117480746,3101115287,9,0,1,3811919,0,0,0
1,763,3101131258967,3101131292839,3,0,0,1,0,7,7,0,0,0,4,0,0,798,3101128506307,3101124488,10,0,1,2786532,0.875,-0.0213012695,-0.0629882812,0.479553223,-0.99826479,-0.0978457406,-0.0903505757,3.14160156,797,3101130476668,3101124487,28,3,1,816171,0.00390625,0,0,798,3101127478811,3101125187,10,0,1,3814028,0,0,0
1,764,3101141258967,3101141292643,3,0,0,1,0,7,7,0,0,0,4,0,0,799,3101138506222,3101134688,11,0,1,2786421,0.875,-0.0213012695,-0.0629882812,0.479553223,-0.99826479,-0.0978457406,-0.0903505757,3.14160156,798,3101140476731,3101134987,29,3,1,815912,0.0390625,-0.01171875,0,799,3101137478374,3101135187,11,0,1,3814269,0,0,0
1,765,3101151258967,3101151293132,3,0,0,1,0,7,7,0,0,0,4,0,0,800,3101148506766,3101144888,12,0,1,2786366,0.875,-0.0213012695,-0.0629882812,0.479553223,-0.99826479,-0.0978457406,-0.0903505757,3.14160156,799,3101150476147,3101144985,30,3,1,816985,0.00390625,0,0,800,3101147479344,3101145187,12,0,1,3813788,0,0,0
1,766,3101161258967,3101161292788,3,0,0,1,0,7,7,0,0,0,4,0,0,801,3101157506298,3101154588,13,0,1,3786490,0.875,-0.0213012695,-0.0629882812,0.479553223,-0.99826479,-0.0978457406,-0.0903505757,3.14160156,800,3101159476770,3101154787,31,3,1,1816018,0.00390625,0,0,801,3101156479672,3101154287,13,0,1,4813116,0,0,0
1,767,3101171258967,3101171292685,3,0,0,1,0,7,7,0,0,0,4,0,0,802,3101168506041,3101164488,14,0,1,2786644,0.875,-0.0213012695,-0.0629882812,0.479553223,-0.99826479,-0.0978457406,-0.0903505757,3.14160156,801,3101170475940,3101164487,32,3,1,816745,0.00390625,0,0,802,3101167481229,3101164787,14,0,1,3811456,0,0,0
1,768,3101181258967,3101181290342,3,0,0,1,0,7,7,0,0,0,4,0,0,803,3101178506660,3101174489,15,0,1,2783682,0.875,-0.0213012695,-0.0629882812,0.479553223,-0.99826479,-0.0978457406,-0.0903505757,3.14160156,802,3101180475689,3101174887,33,3,1,814653,0.00390625,0.00390625,0.0390625,803,3101177481218,3101175187,15,0,1,3809124,0,0,0
1,769,3101191258967,3101191288314,3,0,0,1,0,7,7,0,0,0,4,0,0,804,3101187505044,3101184588,16,0,1,3783270,0.875,-0.0213012695,-0.0629882812,0.479553223,-0.99826479,-0.0978457406,-0.0903505757,3.14160156,803,3101189475868,3101184987,34,3,1,1812446,0.00390625,0,0,804,3101186477918,3101184184,16,0,1,4810396,0,0,0
1,770,3101201258967,3101201289395,3,0,0,1,0,7,7,0,0,0,4,0,0,805,3101197505107,3101194388,17,0,1,3784288,0.875,-0.0213012695,-0.0629882812,0.479553223,-0.99826479,-0.0978457406,-0.0903505757,3.14160156,804,3101199479133,3101194588,35,3,1,1810262,0.00390625,0.00390625,0.0390625,805,3101196476260,3101194184,17,0,1,4813135,0,0,0
1,771,3101211258967,3101211292882,3,0,0,1,0,7,7,0,0,0,4,0,0,806,3101208505813,3101204488,18,0,1,2787069,0.875,-0.0213012695,-0.0629882812,0.479553223,-0.99826479,-0.0978457406,-0.0903505757,3.14160156,805,3101210476452,3101204487,36,3,1,816430,-0.03515625,0.015625,0,806,3101207479280,3101204787,18,0,1,3813602,0,0,0
1,772,3101221258967,3101221291336,3,0,0,1,0,7,7,0,0,0,4,0,0,807,3101217506362,3101214388,19,0,1,3784974,0.875,-0.0213012695,-0.0629882812,0.479553223,-0.99826479,-0.0978457406,-0.0903505757,3.14160156,806,3101219476280,3101214787,37,3,1,1815056,0.00390625,0,0,807,3101216479237,3101214187,19,0,1,4812099,0,0,0
1,773,3101231258967,3101231291103,3,0,0,1,0,7,7,0,0,0,4,0,0,808,3101227506685,3101224388,20,0,1,3784418,0.875,-0.0213012695,-0.0629882812,0.479553223,-0.99826479,-0.0978457406,-0.0903505757,3.14160156,807,3101229475769,3101224387,38,3,1,1815334,0.00390625,0.00390625,0.0390625,808,3101226478430,3101224187,20,0,1,4812673,0,0,0
1,774,3101241258967,3101241291647,3,0,0,1,0,7,7,0,0,0,4,0,0,809,3101237506156,3101234388,21,0,1,3785491,0.875,-0.0213012695,-0.0629882812,0.479553223,-0.99826479,-0.0978457406,-0.0903505757,3.14160156,808,3101239476795,3101234587,39,3,1,1814852,0.00390625,0,0,809,3101236477420,3101233987,21,0,1,4814227,0,0,0
1,775,3101251258967,3101251291211,3,0,0,1,0,7,7,0,0,0,4,0,0,810,3101247505738,3101244388,22,0,1,3785473,0.875,-0.0213012695,-0.0629882812,0.479553223,-0.99826479,-0.0978457406,-0.0903505757,3.14160156,809,3101249476211,3101244787,40,3,1,1815000,0.00390625,0,0,810,3101246477372,3101244187,22,0,1,4813839,0,0,0
1,776,3101261258967,3101261291403,3,0,0,1,0,7,7,0,0,0,4,0,0,811,3101257506319,3101254189,23,0,1,3785084,0.875,-0.0213012695,-0.0629882812,0.479553223,-0.99826479,-0.0978457406,-0.0903505757,3.14160156,810,3101259476052,3101254587,41,3,1,1815351,0.00390625,0,0,811,3101256478028,3101254187,23,0,1,4813375,0,0,0
1,777,3101271258967,3101271482046,3,0,0,1,0,7,7,0,0,0,4,0,0,812,3101269506225,3101264188,24,0,1,1975821,0.875,-0.0213012695,-0.0629882812,0.479553223,-0.99826479,-0.0978457406,-0.0903505757,3.14160156,811,3101271477216,3101264187,42,3,1,4830,-0.03515625,0.015625,0,812,3101268477674,3101264687,24,0,1,3004372,0,0,0
1,778,3101281258967,3101281291567,3,0,0,1,0,7,7,0,0,0,4,0,0,813,3101277503762,3101274186,25,0,1,3787805,0.875,-0.0213012695,-0.0629882812,0.479553223,-0.99826479,-0.0978457406,-0.0903505757,3.14160156,812,3101279476752,3101274587,43,3,1,1814815,0.0390625,-0.01171875,-0.0390625,813,3101276478413,3101274187,25,0,1,4813154,0,0,0
1,779,3101291258967,3101291291242,3,0,0,1,0,7,7,0,0,0,4,0,0,814,3101287505806,3101284188,26,0,1,3785436,0.875,-0.0213012695,-0.0629882812,0.479553223,-0.99826479,-0.0978457406,-0.0903505757,3.14160156,813,3101289475575,3101284587,44,3,1,1815667,0.0390625,-0.01171875,0,814,3101286479717,3101284187,26,0,1,4811525,0,0,0
1,780,3101301258967,3101301291360,3,0,0,1,0,7,7,0,0,0,4,0,0,815,3101297506073,3101294188,27,0,1,3785287,0.875,-0.0213012695,-0.0629882812,0.479553223,-0.99826479,-0.0978457406,-0.0903505757,3.14160156,814,3101299476009,3101294187,45,3,1,1815351,0.0390625,-0.01171875,0.03515625,815,3101296478299,3101294187,27,0,1,4813061,0,0,0
1,781,3101311258967,3101311292608,3,0,0,1,0,7,7,0,0,0,4,0,0,816,3101308505705,3101304288,28,0,1,2786903,0.875,-0.0213012695,-0.0629882812,0.479553223,-0.99826479,-0.0978457406,-0.0903505757,3.14160156,815,3101310476641,3101304287,46,3,1,815967,0.0390625,-0.01171875,0.03515625,816,3101307477729,3101304787,28,0,1,3814879,0,0,0
1,782,3101321258967,3101321291246,3,0,0,1,0,7,7,0,0,0,4,0,0,817,3101317505829,3101314088,29,0,1,3785417,0.875,-0.0213012695,-0.0629882812,0.479553223,-0.99826479,-0.0978457406,-0.0903505757,3.14160156,816,3101319477708,3101314387,47,3,1,1813538,-0.03515625,0.015625,0,817,3101316479388,3101314187,29,0,1,4811858,0,0,0
1,783,3101331258967,3101331291310,3,0,0,1,0,7,7,0,0,0,4,0,0,818,3101327505189,3101324088,30,0,1,3786121,0.875,-0.0213012695,-0.0629882812,0.479553223,-0.99826479,-0.0978457406,-0.0903505757,3.14160156,817,3101329477105,3101324387,48,3,1,1814205,-0.03515625,0.015625,0.0390625,818,3101326478619,3101324187,30,0,1,4812691,0,0,0
1,784,3101341258967,3101341291336,3,0,0,1,0,7,7,0,0,0,4,0,0,819,3101337504808,3101334088,31,0,1,3786528,0.875,-0.0213012695,-0.0629882812,0.479553223,-0.99826479,-0.0978457406,-0.0903505757,3.14160156,818,3101339476909,3101334387,49,3,1,1814427,0,0,-0.0390625,819,3101336478663,3101334287,31,0,1,4812673,0,0,0
1,785,3101351258967,3101351290955,3,0,0,1,0,7,7,0,0,0,4,0,0,820,3101347505186,3101344188,32,0,1,3785769,0.875,-0.0213012695,-0.0629882812,0.479553223,-0.99826479,-0.0978457406,-0.0903505757,3.14160156,819,3101349477824,3101344187,50,3,1,1813131,0.00390625,0,0,820,3101346477394,3101343987,32,0,1,4813561,0,0,0
1,786,3101361258967,3101361290981,3,0,0,1,0,7,7,0,0,0,4,0,0,821,3101357505545,3101354088,33,0,1,3785436,0.875,-0.0213012695,-0.0629882812,0.479553223,-0.99826479,-0.0978457406,-0.0903505757,3.14160156,820,3101359476074,3101354387,51,3,1,1814907,0.00390625,0,0,821,3101356478124,3101354287,33,0,1,4812857,0,0,0
1,787,3101371258967,3101371290989,3,0,0,1,0,7,7,0,0,0,4,0,0,822,3101367504609,3101364088,34,0,1,3786380,0.875,-0.0213012695,-0.0629882812,0.479553223,-0.99826479,-0.0978457406,-0.0903505757,3.14160156,821,3101369476285,3101363687,52,3,1,1814704,0.00390625,0,0,822,3101366478390,3101364187,34,0,1,4812599,0,0,0
1,788,3101381258967,3101381291089,3,0,0,1,0,7,7,0,0,0,4,0,0,823,3101377504210,3101374088,35,0,1,3786879,0.875,-0.0213012695,-0.0629882812,0.479553223,-0.99826479,-0.0978457406,-0.0903505757,3.14160156,822,3101379476015,3101374387,53,3,1,1815074,0.00390625,0.00390625,0.0390625,823,3101376477806,3101373987,35,0,1,4813283,0,0,0
1,789,3101391258967,3101391291393,3,0,0,1,0,7,7,0,0,0,4,0,0,824,3101387506216,3101383888,36,0,1,3785177,0.875,-0.0213012695,-0.0629882812,0.479553223,-0.99826479,-0.0978457406,-0.0903505757,3.14160156,823,3101389477189,3101384187,54,3,1,1814204,-0.03515625,0.015625,-0.0390625,824,3101386478924,3101383987,36,0,1,4812469,0,0,0
1,790,3101401258967,3101401291290,3,0,0,1,0,7,7,0,0,0,4,0,0,825,3101397506020,3101393888,37,0,1,3785270,0.875,-0.0213012695,-0.0629882812,0.479553223,-0.99826479,-0.0978457406,-0.0903505757,3.14160156,824,3101399477307,3101394187,55,3,1,1813983,0.00390625,0,0,825,3101396478543,3101394187,37,0,1,4812747,0,0,0
1,791,3101411258967,3101411291186,3,0,0,1,0,7,7,0,0,0,4,0,0,826,3101407505029,3101403687,38,0,1,3786157,0.875,-0.0213012695,-0.0629882812,0.479553223,-0.99826479,-0.0978457406,-0.0903505757,3.14160156,825,3101409476390,3101403687,56,3,1,1814796,0.00390625,0.00390625,0.0390625,826,3101406473017,3101404187,38,0,1,4818169,0,0,0
1,792,3101421258967,3101421290398,3,0,0,1,0,7,7,0,0,0,4,0,0,827,3101417505555,3101413888,39,0,1,3784843,0.875,-0.0213012695,-0.0629882812,0.479553223,-0.99826479,-0.0978457406,-0.0903505757,3.14160156,826,3101419476712,3101414187,57,3,1,1813686,0.00390625,0,0,827,3101416479058,3101414186,39,0,1,4811340,0,0,0
1,793,3101431258967,3101431291091,3,0,0,1,0,7,7,0,0,0,4,0,0,828,3101427505063,3101423888,40,0,1,3786028,0.875,-0.0213012695,-0.0629882812,0.479553223,-0.99826479,-0.0978457406,-0.0903505757,3.14160156,827,3101429476257,3101424187,58,3,1,1814834,0.00390625,0,0,828,3101426477382,3101424186,40,0,1,4813709,0,0,0
1,794,3101441258967,3101441290229,3,0,0,1,0,7,7,0,0,0,4,0,0,829,3101437504497,3101433886,41,0,1,3785732,0.875,-0.0213012695,-0.0629882812,0.479553223,-0.99826479,-0.0978457406,-0.0903505757,3.14160156,828,3101439472564,3101433984,59,3,1,1817665,0,0,-0.0390625,829,3101436479018,3101434286,41,0,1,4811211,0,0,0
1,795,3101451258967,3101451290366,3,0,0,1,0,7,7,0,0,0,4,0,0,830,3101447504282,3101443887,42,0,1,3786084,0.875,-0.0213012695,-0.0629882812,0.479553223,-0.99826479,-0.0978457406,-0.0903505757,3.14160156,829,3101449472682,3101443884,60,3,1,1817684,0.00390625,0,0,830,3101446476676,3101443786,42,0,1,4813690,0,0,0
1,796,3101461258967,3101461290577,3,0,0,1,0,7,7,0,0,0,4,0,0,831,3101457503328,3101453487,43,0,1,3787249,0.875,-0.0213012695,-0.0629882812,0.479553223,-0.99826479,-0.0978457406,-0.0903505757,3.14160156,830,3101459474818,3101453886,61,3,1,1815759,0.0390625,-0.01171875,0,831,3101456477294,3101454186,43,0,1,4813283,0,0,0
1,797,3101471258967,3101471290891,3,0,0,1,0,7,7,0,0,0,4,0,0,832,3101467505294,3101463688,44,0,1,3785597,0.875,-0.0213012695,-0.0629882812,0.479553223,-0.99826479,-0.0978457406,-0.0903505757,3.14160156,831,3101469489789,3101463687,62,3,1,1801102,-0.03515625,0.015625,0.0390625,832,3101466478668,3101464187,44,0,1,4812223,0,0,0
1,798,3101481258967,3101481290787,3,0,0,1,0,7,7,0,0,0,4,0,0,833,3101477505041,3101473488,45,0,1,3785746,0.875,-0.0213012695,-0.0629882812,0.479553223,-0.99826479,-0.0978457406,-0.0903505757,3.14160156,832,3101479475749,3101473987,63,3,1,1815038,-0.01171875,-0.03515625,0,833,3101476477638,3101474186,45,0,1,4813149,0,0,0
1,799,3101491258967,3101491291182,3,0,0,1,0,7,7,0,0,0,4,0,0,834,3101487505030,3101483688,46,0,1,3786152,0.875,-0.0213012695,-0.0629882812,0.479553223,-0.99826479,-0.0978457406,-0.0903505757,3.14160156,833,3101489475663,3101483687,64,3,1,1815519,0.00390625,0.00390625,0.0390625,834,3101486477960,3101483786,46,0,1,4813222,0,0,0
1,800,3101501258967,3101501291189,3,0,0,1,0,7,7,0,0,0,4,0,0,835,3101497504685,3101493688,47,0,1,3786504,0.875,-0.0213012695,-0.0629882812,0.479553223,-0.99826479,-0.0978457406,-0.0903505757,3.14160156,834,3101499475429,3101493987,65,3,1,1815760,0.0390625,-0.01171875,0,835,3101496477022,3101494286,47,0,1,4814167,0,0,0
1,801,3101511258967,3101511291418,3,0,0,1,0,7,7,0,0,0,4,0,0,836,3101507506875,3101503689,48,0,1,3784543,0.875,-0.0213012695,-0.0629882812,0.479553223,-0.99826479,-0.0978457406,-0.0903505757,3.14160156,835,3101509476046,3101503287,66,3,1,1815372,0.0390625,-0.01171875,0,836,3101506488245,3101504185,48,0,1,4803173,0,0,0
1,802,3101521258967,3101521291813,3,0,0,1,0,7,7,0,0,0,4,0,0,837,3101517507622,3101513689,49,0,1,3784191,0.875,-0.0213012695,-0.0629882812,0.479553223,-0.99826479,-0.0978457406,-0.0903505757,3.14160156,836,3101519477219,3101513987,67,3,1,1814594,0.0390625,-0.01171875,0,837,3101516487789,3101513987,49,0,1,4804024,0,0,0
1,803,3101531258967,3101531291913,3,0,0,1,0,7,7,0,0,0,4,0,0,838,3101527507074,3101523489,50,0,1,3784839,0.875,-0.0213012695,-0.0629882812,0.479553223,-0.99826479,-0.0978457406,-0.0903505757,3.14160156,837,3101529477392,3101523687,68,3,1,1814521,0.00390625,0,0,838,3101526482817,3101523188,50,0,1,4809096,0,0,0
1,804,3101541258967,3101541291716,3,0,0,1,0,7,7,0,0,0,4,0,0,839,3101536508531,3101533588,51,0,1,4783185,0.875,-0.0213012695,-0.0629882812,0.479553223,-0.99826479,-0.0978457406,-0.0903505757,3.14160156,838,3101538477073,3101533987,69,3,1,2814643,0.00390625,0,-0.0078125,839,3101535472836,3101533285,51,0,1,5818880,0,0,0
1,805,3101551258967,3101551291038,3,0,0,1,0,7,7,0,0,0,4,0,0,840,3101546501967,3101543389,52,0,1,4789071,0.875,-0.0213012695,-0.0629882812,0.479553223,-0.99826479,-0.0978457406,-0.0903505757,3.14160156,839,3101548477542,3101543187,70,3,1,2813496,-0.03515625,0.015625,-0.0078125,840,3101545525664,3101543187,52,0,1,5765374,0,0,0
1,806,3101561258967,3101561291248,3,0,0,1,0,7,7,0,0,0,4,0,0,841,3101557505243,3101553488,53,0,1,3786005,0.875,-0.0213012695,-0.0629882812,0.479553223,-0.99826479,-0.0978457406,-0.0903505757,3.14160156,840,3101559476598,3101553888,71,3,1,1814650,-0.03515625,0.015625,0,841,3101556477618,3101554187,53,0,1,4813630,0,0,0
1,807,3101571258967,3101571290903,3,0,0,1,0,7,7,0,0,0,4,0,0,842,3101566506756,3101563388,54,0,1,4784147,0.875,-0.0213012695,-0.0629882812,0.479553223,-0.99826479,-0.0978457406,-0.0903505757,3.14160156,841,3101568475242,3101563787,72,3,1,2815661,0.00390625,0,0,842,3101565475373,3101563187,54,0,1,5815530,0,0,0
1,808,3101581258967,3101581291447,3,0,0,1,0,7,7,0,0,0,4,0,0,843,3101576506818,3101573388,55,0,1,4784629,0.875,-0.0213012695,-0.0629882812,0.479553223,-0.99826479,-0.0978457406,-0.0903505757,3.14160156,842,3101578475119,3101573587,73,3,1,2816328,0.00390625,0,0,843,3101575475028,3101573186,55,0,1,5816419,0,0,0
1,809,3101591258967,3101591291879,3,0,0,1,0,7,7,0,0,0,4,0,0,844,3101587505911,3101583288,56,0,1,3785968,0.875,-0.0213012695,-0.0629882812,0.479553223,-0.99826479,-0.0978457406,-0.0903505757,3.14160156,843,3101589476452,3101583487,74,3,1,1815427,0.00390625,0,0,844,3101586479766,3101583587,56,0,1,4812113,0,0,0
1,810,3101601258967,3101601288758,3,0,0,1,0,7,7,0,0,0,4,0,0,845,3101596505795,3101593086,57,0,1,4782963,0.875,-0.0213012695,-0.0629882812,0.479553223,-0.99826479,-0.0978457406,-0.0903505757,3.14160156,844,3101598476188,3101593387,75,3,1,2812570,0.0390625,-0.01171875,0,845,3101595476208,3101593187,57,0,1,5812550,0,0,0
1,811,3101611258967,3101611289079,3,0,0,1,0,7,7,0,0,0,4,0,0,846,3101606504821,3101603386,58,0,1,4784258,0.875,-0.0213012695,-0.0629882812,0.479553223,-0.99826479,-0.0978457406,-0.0903505757,3.14160156,845,3101608476435,3101603587,76,3,1,2812644,0.00390625,0,0,846,3101605476677,3101603187,58,0,1,5812402,0,0,0
1,812,3101621258967,3101621291381,3,0,0,1,0,7,7,0,0,0,4,0,0,847,3101616505420,3101613186,59,0,1,4785961,0.875,-0.0213012695,-0.0629882812,0.479553223,-0.99826479,-0.0978457406,-0.0903505757,3.14160156,846,3101618477145,3101613787,77,3,1,2814236,0.00390625,0,0,847,3101615478109,3101613287,59,0,1,5813272,0,0,0
1,813,3101631258967,3101631291795,3,0,0,1,0,7,7,0,0,0,4,0,0,848,3101627505642,3101623288,60,0,1,3786153,0.875,-0.0213012695,-0.0629882812,0.479553223,-0.99826479,-0.0978457406,-0.0903505757,3.14160156,847,3101629475979,3101623487,78,3,1,1815816,0.00390625,0,0,848,3101626475037,3101623987,60,0,1,4816758,0,0,0
1,814,3101641258967,3101641291024,3,0,0,1,0,7,7,0,0,0,4,0,0,849,3101636505433,3101633188,61,0,1,4785591,0.875,-0.0213012695,-0.0629882812,0.479553223,-0.99826479,-0.0978457406,-0.0903505757,3.14160156,848,3101638476381,3101633587,79,3,1,2814643,0.00390625,0,0,849,3101635478456,3101633187,61,0,1,5812568,0,0,0
1,815,3101651258967,3101651291049,3,0,0,1,0,7,7,0,0,0,4,0,0,850,3101646505570,3101643388,62,0,1,4785479,0.875,-0.0213012695,-0.0629882812,0.479553223,-0.99826479,-0.0978457406,-0.0903505757,3.14160156,849,3101648477110,3101642987,80,3,1,2813939,0.00390625,0,0,850,3101645478647,3101643187,62,0,1,5812402,0,0,0
1,816,3101661258967,3101661291019,3,0,0,1,0,7,7,0,0,0,4,0,0,851,3101656506020,3101653189,63,0,1,4784999,0.875,-0.0213012695,-0.0629882812,0.479553223,-0.99826479,-0.0978457406,-0.0903505757,3.14160156,850,3101658479967,3101653588,81,3,1,2811052,0.00390625,0,0,851,3101655475027,3101652984,63,0,1,5815992,0,0,0
1,817,3101671258967,3101671291137,3,0,0,1,0,7,7,0,0,0,4,0,0,852,3101666505564,3101662888,64,0,1,4785573,0.875,-0.0213012695,-0.0629882812,0.479553223,-0.99826479,-0.0978457406,-0.0903505757,3.14160156,851,3101668481583,3101663187,82,3,1,2809554,0,0,-0.0390625,852,3101665478809,3101662987,64,0,1,5812328,0,0,0
1,818,3101681258967,3101681291699,3,0,0,1,0,7,7,0,0,0,4,0,0,853,3101676506478,3101673188,65,0,1,4785221,0.875,-0.0213012695,-0.0629882812,0.479553223,-0.99826479,-0.0978457406,-0.0903505757,3.14160156,852,3101678472632,3101673387,83,3,1,2819067,0.00390625,0,0,853,3101675479686,3101673187,65,0,1,5812013,0,0,0
1,819,3101691258967,3101691290910,3,0,0,1,0,7,7,0,0,0,4,0,0,854,3101686507058,3101682888,66,0,1,4783852,0.875,-0.0213012695,-0.0629882812,0.479553223,-0.99826479,-0.0978457406,-0.0903505757,3.14160156,853,3101688477655,3101682988,84,3,1,2813255,0.0390625,-0.01171875,0,854,3101685482857,3101683187,66,0,1,5808053,0,0,0
1,820,3101701258967,3101701291323,3,0,0,1,0,7,7,0,0,0,4,0,0,855,3101696505548,3101693088,67,0,1,4785775,0.875,-0.0213012695,-0.0629882812,0.479553223,-0.99826479,-0.0978457406,-0.0903505757,3.14160156,854,3101698476477,3101693387,85,3,1,2814846,0.00390625,0,0,855,3101695478311,3101693187,67,0,1,5813012,0,0,0
1,821,3101711258967,3101711291256,3,0,0,1,0,7,7,0,0,0,4,0,0,856,3101706505980,3101703088,68,0,1,4785276,0.875,-0.0213012695,-0.0629882812,0.479553223,-0.99826479,-0.0978457406,-0.0903505757,3.14160156,855,3101708477057,3101703387,86,3,1,2814199,0.00390625,0,0,856,3101705480650,3101703187,68,0,1,5810606,0,0,0
1,822,3101721258967,3101721291429,3,0,0,1,0,7,7,0,0,0,4,0,0,857,3101716505505,3101713088,69,0,1,4785924,0.875,-0.0213012695,-0.0629882812,0.479553223,-0.99826479,-0.0978457406,-0.0903505757,3.14160156,856,3101718477675,3101713187,87,3,1,2813754,0.00390625,0,0,857,3101715480527,3101713187,69,0,1,5810902,0,0,0
1,823,3101731258967,3101731291103,3,0,0,1,0,7,7,0,0,0,4,0,0,858,3101726505827,3101723088,70,0,1,4785276,0.875,-0.0213012695,-0.0629882812,0.479553223,-0.99826479,-0.0978457406,-0.0903505757,3.14160156,857,3101728477978,3101722987,88,3,1,2813125,-0.01171875,-0.03515625,0,858,3101725479201,3101722787,70,0,1,5811902,0,0,0
1,824,3101741258967,3101741291239,3,0,0,1,0,7,7,0,0,0,4,0,0,859,3101736505648,3101732688,71,0,1,4785591,0.875,-0.0213012695,-0.0629882812,0.479553223,-0.99826479,-0.0978457406,-0.0903505757,3.14160156,858,3101738476707,3101732987,89,3,1,2814532,-0.03515625,0.015625,0,859,3101735478393,3101733187,71,0,1,5812846,0,0,0
1,825,3101751258967,3101751291228,3,0,0,1,0,7,7,0,0,0,4,0,0,860,3101746505285,3101742888,72,0,1,4785943,0.875,-0.0213012695,-0.0629882812,0.479553223,-0.99826479,-0.0978457406,-0.0903505757,3.14160156,859,3101748476566,3101742887,90,3,1,2814662,0.00390625,0,0,860,3101745478381,3101743187,72,0,1,5812847,0,0,0
1,826,3101761258967,3101761291234,3,0,0,1,0,7,7,0,0,0,4,0,0,861,3101756506032,3101752688,73,0,1,4785202,0.875,-0.0213012695,-0.0629882812,0.479553223,-0.99826479,-0.0978457406,-0.0903505757,3.14160156,860,3101758476980,3101753187,91,3,1,2814254,0.00390625,0,0,861,3101755478370,3101753187,73,0,1,5812864,0,0,0
1,827,3101771258967,3101771291408,3,0,0,1,0,7,7,0,0,0,4,0,0,862,3101766505817,3101762888,74,0,1,4785591,0.875,-0.0213012695,-0.0629882812,0.479553223,-0.99826479,-0.0978457406,-0.0903505757,3.14160156,861,3101768474562,3101762985,92,3,1,2816846,0.00390625,0,0,862,3101765479561,3101762787,74,0,1,5811847,0,0,0
1,828,3101781258967,3101781291340,3,0,0,1,0,7,7,0,0,0,4,0,0,863,3101776506027,3101772888,75,0,1,4785313,0.875,-0.0213012695,-0.0629882812,0.479553223,-0.99826479,-0.0978457406,-0.0903505757,3.14160156,862,3101778474532,3101773185,93,3,1,2816808,0.00390625,0,0,863,3101775478402,3101773187,75,0,1,5812938,0,0,0
1,829,3101791258967,3101791291273,3,0,0,1,0,7,7,0,0,0,4,0,0,864,3101787506175,3101782588,76,0,1,3785098,0.875,-0.0213012695,-0.0629882812,0.479553223,-0.99826479,-0.0978457406,-0.0903505757,3.14160156,863,3101789477289,3101782787,94,3,1,1813984,0.00390625,0,0,864,3101786480197,3101783187,76,0,1,4811076,0,0,0
1,830,3101801258967,3101801290946,3,0,0,1,0,7,7,0,0,0,4,0,0,865,3101796506188,3101792888,77,0,1,4784758,0.875,-0.0213012695,-0.0629882812,0.479553223,-0.99826479,-0.0978457406,-0.0903505757,3.14160156,864,3101798486705,3101793187,95,3,1,2804241,0.00390625,0,0,865,3101795477915,3101793187,77,0,1,5813031,0,0,0
1,831,3101811258967,3101811291175,3,0,0,1,0,7,7,0,0,0,4,0,0,866,3101805506017,3101802388,78,0,1,5785158,0.875,-0.0213012695,-0.0629882812,0.479553223,-0.99826479,-0.0978457406,-0.0903505757,3.14160156,865,3101807476706,3101802787,96,3,1,3814469,0.00390625,0,0,866,3101804476263,3101801987,78,0,1,6814912,0,0,0
1,832,3101821258967,3101821291330,3,0,0,1,0,7,7,0,0,0,4,0,0,867,3101816505924,3101812888,79,0,1,4785406,0.875,-0.0213012695,-0.0629882812,0.479553223,-0.99826479,-0.0978457406,-0.0903505757,3.14160156,866,3101818475984,3101812887,97,3,1,2815346,0.00390625,0,0,867,3101815478651,3101813187,79,0,1,5812679,0,0,0
1,833,3101831258967,3101831291115,3,0,0,1,0,7,7,0,0,0,4,0,0,868,3101826506190,3101822689,80,0,1,4784925,0.875,-0.0213012695,-0.0629882812,0.479553223,-0.99826479,-0.0978457406,-0.0903505757,3.14160156,867,3101828476583,3101822687,98,3,1,2814532,0.00390625,0,0,868,3101825475640,3101823187,80,0,1,5815475,0,0,0
1,834,3101841258967,3101841291232,3,0,0,1,0,7,7,0,0,0,4,0,0,869,3101836505493,3101832888,81,0,1,4785739,0.875,-0.0213012695,-0.0629882812,0.479553223,-0.99826479,-0.0978457406,-0.0903505757,3.14160156,868,3101838476145,3101833187,99,3,1,2815087,0.00390625,0,0,869,3101835476350,3101833187,81,0,1,5814882,0,0,0
1,835,3101851258967,3101851291091,3,0,0,1,0,7,7,0,0,0,4,0,0,870,3101846505759,3101842888,82,0,1,4785332,0.875,-0.0213012695,-0.0629882812,0.479553223,-0.99826479,-0.0978457406,-0.0903505757,3.14160156,869,3101848476430,3101842987,100,3,1,2814661,0.00390625,0,0,870,3101845477579,3101843187,82,0,1,5813512,0,0,0
1,836,3101861258967,3101861312567,3,0,0,1,0,7,7,0,0,0,4,0,0,871,3101856505211,3101852688,83,0,1,4807356,0.875,-0.0213012695,-0.0629882812,0.479553223,-0.99826479,-0.0978457406,-0.0903505757,3.14160156,870,3101858529628,3101853010,101,3,1,2782939,0.00390625,0,0,871,3101855476512,3101853287,83,0,1,5836055,0,0,0
1,837,3101871258967,3101871291438,3,0,0,1,0,7,7,0,0,0,4,0,0,872,3101866545824,3101862686,84,0,1,4745614,0.875,-0.0213012695,-0.0629882812,0.479553223,-0.99826479,-0.0978457406,-0.0903505757,3.14160156,871,3101868522601,3101862700,102,3,1,2768837,0.00390625,0.00390625,0.0390625,872,3101865522492,3101862794,84,0,1,5768946,0,0,0
1,838,3101881258967,3101881294702,3,0,0,1,0,7,7,0,0,0,4,0,0,873,3101875535732,3101872190,85,0,1,5758970,0.875,-0.0213012695,-0.0629882812,0.479553223,-0.99826479,-0.0978457406,-0.0903505757,3.14160156,872,3101877499017,3101872589,103,3,1,3795685,0.00390625,0,0,873,3101874553302,3101872205,85,0,1,6741400,0,0,0
1,839,3101891258967,3101891287916,3,0,0,1,0,7,7,0,0,0,4,0,0,874,3101885512789,3101882388,86,0,1,5775127,0.875,-0.0213012695,-0.0629882812,0.479553223,-0.99826479,-0.0978457406,-0.0903505757,3.14160156,873,3101887503836,3101882788,104,3,1,3784080,0.00390625,0,0,874,3101884517274,3101882192,86,0,1,6770642,0,0,0
1,840,3101901258967,3101901291754,3,0,0,1,0,7,7,0,0,0,4,0,0,875,3101895500321,3101892386,87,0,1,5791433,0.875,-0.0213012695,-0.0629882812,0.479553223,-0.99826479,-0.0978457406,-0.0903505757,3.14160156,874,3101897477488,3101892986,105,3,1,3814266,0.00390625,0,0,875,3101894495035,3101892284,87,0,1,6796719,0,0,0
1,841,3101911258967,3101911291316,3,0,0,1,0,7,7,0,0,0,4,0,0,876,3101906506410,3101902488,88,0,1,4784906,0.875,-0.0213012695,-0.0629882812,0.479553223,-0.99826479,-0.0978457406,-0.0903505757,3.14160156,875,3101908478561,3101902687,106,3,1,2812755,0.00390625,0,0,876,3101905477267,3101902785,88,0,1,5814049,0,0,0
1,842,3101921258967,3101921288880,3,0,0,1,0,7,7,0,0,0,4,0,0,877,3101915504277,3101912586,89,0,1,5784603,0.875,-0.0213012695,-0.0629882812,0.479553223,-0.99826479,-0.0978457406,-0.0903505757,3.14160156,876,3101917457790,3101912785,107,3,1,3831090,0.00390625,0.00390625,0.0390625,877,3101914481278,3101912188,89,0,1,6807602,0,0,0
1,843,3101931258967,3101931288258,3,0,0,1,0,7,7,0,0,0,4,0,0,878,3101925480723,3101922586,90,0,1,5807535,0.875,-0.0213012695,-0.0629882812,0.479553223,-0.99826479,-0.0978457406,-0.0903505757,3.14160156,877,3101927454188,3101922185,108,3,1,3834070,0.00390625,0,0,878,3101924456318,3101922184,90,0,1,6831940,0,0,0
1,844,3101941258967,3101941289467,3,0,0,1,0,7,7,0,0,0,4,0,0,879,3101935479916,3101932585,91,0,1,5809551,0.875,-0.0213012695,-0.0629882812,0.479553223,-0.99826479,-0.0978457406,-0.0903505757,3.14160156,878,3101937456009,3101932984,109,3,1,3833458,0,0,-0.0390625,879,3101934453160,3101932184,91,0,1,6836307,0,0,0
1,845,3101951258967,3101951288271,3,0,0,1,0,7,7,0,0,0,4,0,0,880,3101945481366,3101942086,92,0,1,5806905,0.875,-0.0213012695,-0.0629882812,0.479553223,-0.99826479,-0.0978457406,-0.0903505757,3.14160156,879,3101947454035,3101942385,110,3,1,3834236,0.00390625,0,0,880,3101944459774,3101942185,92,0,1,6828497,0,0,0
1,846,3101961258967,3101961288315,3,0,0,1,0,7,7,0,0,0,4,0,0,881,3101955479855,3101952585,93,0,1,5808460,0.875,-0.0213012695,-0.0629882812,0.479553223,-0.99826479,-0.0978457406,-0.0903505757,3.14160156,880,3101957453523,3101952784,111,3,1,3834792,0,0,-0.0390625,881,3101954455728,3101952285,93,0,1,6832587,0,0,0
1,847,3101971258967,3101971288192,3,0,0,1,0,7,7,0,0,0,4,0,0,882,3101965480454,3101962186,94,0,1,5807738,0.875,-0.0213012695,-0.0629882812,0.479553223,-0.99826479,-0.0978457406,-0.0903505757,3.14160156,881,3101967453456,3101962184,112,3,1,3834736,0,0,-0.0390625,882,3101964455512,3101962184,94,0,1,6832680,0,0,0
1,848,3101981258967,3101981286570,3,0,0,1,0,7,7,0,0,0,4,0,0,883,3101975479702,3101972385,95,0,1,5806868,0.875,-0.0213012695,-0.0629882812,0.479553223,-0.99826479,-0.0978457406,-0.0903505757,3.14160156,882,3101977453148,3101972784,113,3,1,3833422,-0.03515625,0.015625,0.0390625,883,3101974453039,3101971984,95,0,1,6833531,0,0,0
1,849,3101991258967,3101991285910,3,0,0,1,0,7,7,0,0,0,4,0,0,884,3101985480227,3101982385,96,0,1,5805683,0.875,-0.0213012695,-0.0629882812,0.479553223,-0.99826479,-0.0978457406,-0.0903505757,3.14160156,883,3101987453636,3101982784,114,3,1,3832274,0.00390625,0,0,884,3101984454804,3101982182,96,0,1,6831106,0,0,0
1,850,3102001258967,3102001286139,3,0,0,1,0,7,7,0,0,0,4,0,0,885,3101995479123,3101992385,97,0,1,5807016,0.875,-0.0213012695,-0.0629882812,0.479553223,-0.99826479,-0.0978457406,-0.0903505757,3.14160156,884,3101997453236,3101992584,115,3,1,3832903,0,0,-0.0390625,885,3101994452756,3101992284,97,0,1,6833383,0,0,0
1,851,3102011258967,3102011288459,3,0,0,1,0,7,7,0,0,0,4,0,0,886,3102006484268,3102002286,98,0,1,4804191,0.875,-0.0213012695,-0.0629882812,0.479553223,-0.99826479,-0.0978457406,-0.0903505757,3.14160156,885,3102008455494,3102002285,116,3,1,2832965,0.00390625,0,0,886,3102005463750,3102002785,98,0,1,5824709,0,0,0
1,852,3102021258967,3102021290576,3,0,0,1,0,7,7,0,0,0,4,0,0,887,3102015481598,3102012084,99,0,1,5808978,0.875,-0.0213012695,-0.0629882812,0.479553223,-0.99826479,-0.0978457406,-0.0903505757,3.14160156,886,3102017480585,3102012188,117,3,1,3809991,0.0390625,-0.01171875,0,887,3102014457822,3102012285,99,0,1,6832754,0,0,0
1,853,3102031258967,3102031291249,3,0,0,1,0,7,7,0,0,0,4,0,0,888,3102025505147,3102022088,100,0,1,5786102,0.875,-0.0213012695,-0.0629882812,0.479553223,-0.99826479,-0.0978457406,-0.0903505757,3.14160156,887,3102027479518,3102021888,118,3,1,3811731,0.00390625,0,0,888,3102024475615,3102022186,100,0,1,6815634,0,0,0
1,854,3102041258967,3102041291219,3,0,0,1,0,7,7,0,0,0,4,0,0,889,3102035506097,3102032088,101,0,1,5785122,0.875,-0.0213012695,-0.0629882812,0.479553223,-0.99826479,-0.0978457406,-0.0903505757,3.14160156,888,3102037476897,3102032588,119,3,1,3814322,0.00390625,0,0,889,3102034476269,3102032287,101,0,1,6814950,0,0,0
1,855,3102051258967,3102051290837,3,0,0,1,0,7,7,0,0,0,4,0,0,890,3102046505431,3102042088,102,0,1,4785406,0.875,-0.0213012695,-0.0629882812,0.479553223,-0.99826479,-0.0978457406,-0.0903505757,3.14160156,889,3102048476564,3102042287,120,3,1,2814273,0.00390625,0,0,890,3102045474178,3102041884,102,0,1,5816659,0,0,0
1,856,3102061258967,3102061290880,3,0,0,1,0,7,7,0,0,0,4,0,0,891,3102055505352,3102052188,103,0,1,5785528,0.875,-0.0213012695,-0.0629882812,0.479553223,-0.99826479,-0.0978457406,-0.0903505757,3.14160156,890,3102057476577,3102052387,121,3,1,3814303,0.00390625,0,0,891,3102054476597,3102052187,103,0,1,6814283,0,0,0
1,857,3102071258967,3102071292016,3,0,0,1,0,7,7,0,0,0,4,0,0,892,3102065505969,3102062188,104,0,1,5786047,0.875,-0.0213012695,-0.0629882812,0.479553223,-0.99826479,-0.0978457406,-0.0903505757,3.14160156,891,3102068476337,3102062687,122,3,1,2815679,0.00390625,0,0,892,3102064477344,3102062187,104,0,1,6814672,0,0,0
1,858,3102081258967,3102081290968,3,0,0,1,0,7,7,0,0,0,4,0,0,893,3102075505402,3102072188,105,0,1,5785566,0.875,-0.0213012695,-0.0629882812,0.479553223,-0.99826479,-0.0978457406,-0.0903505757,3.14160156,892,3102077474481,3102072585,123,3,1,3816487,0.00390625,0,0,893,3102074476574,3102072187,105,0,1,6814394,0,0,0
1,859,3102091258967,3102091291160,3,0,0,1,0,7,7,0,0,0,4,0,0,894,3102085506723,3102081688,106,0,1,5784437,0.875,-0.0213012695,-0.0629882812,0.479553223,-0.99826479,-0.0978457406,-0.0903505757,3.14160156,893,3102087476616,3102081987,124,3,1,3814544,0.00390625,0.00390625,0.0390625,894,3102084479024,3102082187,106,0,1,6812136,0,0,0
1,860,3102101258967,3102101290833,3,0,0,1,0,7,7,0,0,0,4,0,0,895,3102095505342,3102092188,107,0,1,5785491,0.875,-0.0213012695,-0.0629882812,0.479553223,-0.99826479,-0.0978457406,-0.0903505757,3.14160156,894,3102097476530,3102092187,125,3,1,3814303,0.00390625,0,0,895,3102094475717,3102092287,107,0,1,6815116,0,0,0
1,861,3102111258967,3102111290988,3,0,0,1,0,7,7,0,0,0,4,0,0,896,3102105505848,3102102088,108,0,1,5785140,0.875,-0.0213012695,-0.0629882812,0.479553223,-0.99826479,-0.0978457406,-0.0903505757,3.14160156,895,3102107476592,3102101987,126,3,1,3814396,0.00390625,0,0,896,3102104476094,3102102187,108,0,1,6814894,0,0,0
1,862,3102121258967,3102121290791,3,0,0,1,0,7,7,0,0,0,4,0,0,897,3102115506577,3102112089,109,0,1,5784214,0.875,-0.0213012695,-0.0629882812,0.479553223,-0.99826479,-0.0978457406,-0.0903505757,3.14160156,896,3102117476136,3102112387,127,3,1,3814655,0.00390625,0,0,897,3102114478618,3102112188,109,0,1,6812173,0,0,0
1,863,3102131258967,3102131288373,3,0,0,1,0,7,7,0,0,0,4,0,0,898,3102125508749,3102122089,110,0,1,5779624,0.875,-0.0213012695,-0.0629882812,0.479553223,-0.99826479,-0.0978457406,-0.0903505757,3.14160156,897,3102127475329,3102122387,128,3,1,3813044,0.00390625,0,0,898,3102124479976,3102122187,110,0,1,6808397,0,0,0
1,864,3102141258967,3102141292045,3,0,0,1,0,7,7,0,0,0,4,0,0,899,3102135495448,3102131883,111,0,1,5796597,0.875,-0.0213012695,-0.0629882812,0.479553223,-0.99826479,-0.0978457406,-0.0903505757,3.14160156,898,3102137467192,3102132183,129,3,1,3824853,0.00390625,0,0,899,3102134481796,3102132182,111,0,1,6810249,0,0,0
1,865,3102151258967,3102151292125,3,0,0,1,0,7,7,0,0,0,4,0,0,900,3102145505986,3102141888,112,0,1,5786139,0.875,-0.0213012695,-0.0629882812,0.479553223,-0.99826479,-0.0978457406,-0.0903505757,3.14160156,899,3102147475453,3102141987,130,3,1,3816672,0.00390625,0,0,900,3102144481026,3102141787,112,0,1,6811099,0,0,0
1,866,3102161258967,3102161291336,3,0,0,1,0,7,7,0,0,0,4,0,0,901,3102154506647,3102151588,113,0,1,6784689,0.875,-0.0213012695,-0.0629882812,0.479553223,-0.99826479,-0.0978457406,-0.0903505757,3.14160156,900,3102156477280,3102151787,131,3,1,4814056,0.00390625,0,0,901,3102153476560,3102151285,113,0,1,7814776,0,0,0
1,867,3102171258967,3102171291435,3,0,0,1,0,7,7,0,0,0,4,0,0,902,3102165505703,3102161688,114,0,1,5785732,0.875,-0.0213012695,-0.0629882812,0.479553223,-0.99826479,-0.0978457406,-0.0903505757,3.14160156,901,3102167476096,3102161687,132,3,1,3815339,0.0390625,-0.01171875,0.03515625,902,3102164476616,3102162187,114,0,1,6814819,0,0,0
1,868,3102181258967,3102181290868,3,0,0,1,0,7,7,0,0,0,4,0,0,903,3102175505747,3102171687,115,0,1,5785121,0.875,-0.0213012695,-0.0629882812,0.479553223,-0.99826479,-0.0978457406,-0.0903505757,3.14160156,902,3102177477065,3102172188,133,3,1,3813803,0.00390625,0,0,903,3102174472865,3102172187,115,0,1,6818003,0,0,0
1,869,3102191258967,3102191291227,3,0,0,1,0,7,7,0,0,0,4,0,0,904,3102185506401,3102181885,116,0,1,5784826,0.875,-0.0213012695,-0.0629882812,0.479553223,-0.99826479,-0.0978457406,-0.0903505757,3.14160156,903,3102187477442,3102182187,134,3,1,3813785,-0.03515625,0.015625,0.0390625,904,3102184475704,3102182187,116,0,1,6815523,0,0,0
1,870,3102201258967,3102201291326,3,0,0,1,0,7,7,0,0,0,4,0,0,905,3102195506279,3102191889,117,0,1,5785047,0.875,-0.0213012695,-0.0629882812,0.479553223,-0.99826479,-0.0978457406,-0.0903505757,3.14160156,904,3102197476394,3102191987,135,3,1,3814932,-0.03515625,0.015625,-0.0390625,905,3102194476951,3102192187,117,0,1,6814375,0,0,0
1,871,3102211258967,3102211291166,3,0,0,1,0,7,7,0,0,0,4,0,0,906,3102205506285,3102201489,118,0,1,5784881,0.875,-0.0213012695,-0.0629882812,0.479553223,-0.99826479,-0.0978457406,-0.0903505757,3.14160156,905,3102207479713,3102201688,136,3,1,3811453,0.00390625,0,0,906,3102204476402,3102202187,118,0,1,6814764,0,0,0
1,872,3102221258967,3102221290673,3,0,0,1,0,7,7,0,0,0,4,0,0,907,3102215505700,3102211688,119,0,1,5784973,0.875,-0.0213012695,-0.0629882812,0.479553223,-0.99826479,-0.0978457406,-0.0903505757,3.14160156,906,3102217476092,3102211987,137,3,1,3814581,0.00390625,0,0,907,3102214478408,3102212187,119,0,1,6812265,0,0,0
1,873,3102231258967,3102231294881,3,0,0,1,0,7,7,0,0,0,4,0,0,908,3102224501901,3102221185,120,0,1,6792980,0.875,-0.0213012695,-0.0629882812,0.479553223,-0.99826479,-0.0978457406,-0.0903505757,3.14160156,907,3102226474348,3102221586,138,3,1,4820533,0.00390625,0,0,908,3102223475312,3102220986,120,0,1,7819569,0,0,0
1,874,3102241258967,3102241290872,3,0,0,1,0,7,7,0,0,0,4,0,0,909,3102235506213,3102231888,121,0,1,5784659,0.875,-0.0213012695,-0.0629882812,0.479553223,-0.99826479,-0.0978457406,-0.0903505757,3.14160156,908,3102237475606,3102231887,139,3,1,3815266,0,0,-0.0390625,909,3102234480179,3102232284,121,0,1,6810693,0,0,0
1,875,3102251258967,3102251290693,3,0,0,1,0,7,7,0,0,0,4,0,0,910,3102245505387,3102241688,122,0,1,5785306,0.875,-0.0213012695,-0.0629882812,0.479553223,-0.99826479,-0.0978457406,-0.0903505757,3.14160156,909,3102247475594,3102241487,140,3,1,3815099,-0.01171875,-0.03515625,0,910,3102244472875,3102242184,122,0,1,6817818,0,0,0
1,876,3102261258967,3102261290848,3,0,0,1,0,7,7,0,0,0,4,0,0,911,3102255505116,3102251688,123,0,1,5785732,0.875,-0.0213012695,-0.0629882812,0.479553223,-0.99826479,-0.0978457406,-0.0903505757,3.14160156,910,3102257475786,3102251987,141,3,1,3815062,0.00390625,0,0,911,3102254473160,3102252184,123,0,1,6817688,0,0,0
1,877,3102271258967,3102271290614,3,0,0,1,0,7,7,0,0,0,4,0,0,912,3102265504382,3102261688,124,0,1,5786232,0.875,-0.0213012695,-0.0629882812,0.479553223,-0.99826479,-0.0978457406,-0.0903505757,3.14160156,911,3102267476237,3102261887,142,3,1,3814377,0.00390625,0.00390625,0.0390625,912,3102264476664,3102262186,124,0,1,6813950,0,0,0
1,878,3102281258967,3102281290528,3,0,0,1,0,7,7,0,0,0,4,0,0,913,3102274506783,3102271586,125,0,1,6783745,0.875,-0.0213012695,-0.0629882812,0.479553223,-0.99826479,-0.0978457406,-0.0903505757,3.14160156,912,3102276479823,3102271787,143,3,1,4810705,0.00390625,0.00390625,0.0390625,913,3102273475827,3102271186,125,0,1,7814701,0,0,0
1,879,3102291258967,3102291292053,3,0,0,1,0,7,7,0,0,0,4,0,0,914,3102285520757,3102281491,126,0,1,5771296,0.875,-0.0213012695,-0.0629882812,0.479553223,-0.99826479,-0.0978457406,-0.0903505757,3.14160156,913,3102287483135,3102281684,144,3,1,3808918,0.00390625,0.00390625,0.0390625,914,3102284540807,3102281798,126,0,1,6751246,0,0,0
1,880,3102301258967,3102301291634,3,0,0,1,0,7,7,0,0,0,4,0,0,915,3102295508752,3102291889,127,0,1,5782882,0.875,-0.0213012695,-0.0629882812,0.479553223,-0.99826479,-0.0978457406,-0.0903505757,3.14160156,914,3102297477072,3102292187,145,3,1,3814562,0.00390625,0,0,915,3102294486142,3102292287,127,0,1,6805492,0,0,0
1,881,3102311258967,3102311291141,3,0,0,1,0,7,7,0,0,0,4,0,0,916,3102305505705,3102301486,128,0,1,5785436,0.875,-0.0213012695,-0.0629882812,0.479553223,-0.99826479,-0.0978457406,-0.0903505757,3.14160156,915,3102307476671,3102301287,146,3,1,3814470,0.00390625,0,0,916,3102304478894,3102301187,128,0,1,6812247,0,0,0
1,882,3102321258967,3102321291147,3,0,0,1,0,7,7,0,0,0,4,0,0,917,3102314505441,3102311588,129,0,1,6785706,0.875,-0.0213012695,-0.0629882812,0.479553223,-0.99826479,-0.0978457406,-0.0903505757,3.14160156,916,3102316476722,3102311787,147,3,1,4814425,0.0390625,-0.01171875,0,917,3102313479240,3102311188,129,0,1,7811907,0,0,0
1,883,3102331258967,3102331292098,3,0,0,1,0,7,7,0,0,0,4,0,0,918,3102325502683,3102321486,130,0,1,5789415,0.875,-0.0213012695,-0.0629882812,0.479553223,-0.99826479,-0.0978457406,-0.0903505757,3.14160156,917,3102327475019,3102321887,148,3,1,3817079,0.00390625,0.00390625,0.0390625,918,3102324475335,3102321987,130,0,1,6816763,0,0,0
1,884,3102341258967,3102341291309,3,0,0,1,0,7,7,0,0,0,4,0,0,919,3102334507379,3102331589,131,0,1,6783930,0.875,-0.0213012695,-0.0629882812,0.479553223,-0.99826479,-0.0978457406,-0.0903505757,3.14160156,918,3102336478345,3102331788,149,3,1,4812964,0.00390625,0,0,919,3102333484602,3102331287,131,0,1,7806707,0,0,0
1,885,3102351258967,3102351291889,3,0,0,1,0,7,7,0,0,0,4,0,0,920,3102344506331,3102341589,132,0,1,6785558,0.875,-0.0213012695,-0.0629882812,0.479553223,-0.99826479,-0.0978457406,-0.0903505757,3.14160156,919,3102346476557,3102341187,150,3,1,4815332,0.00390625,0,0,920,3102343477373,3102341187,132,0,1,7814516,0,0,0
1,886,3102361258967,3102361291859,3,0,0,1,0,7,7,0,0,0,4,0,0,921,3102354506189,3102351389,133,0,1,6785670,0.875,-0.0213012695,-0.0629882812,0.479553223,-0.99826479,-0.0978457406,-0.0903505757,3.14160156,920,3102356476748,3102351788,151,3,1,4815111,0,0,-0.0390625,921,3102353476028,3102351187,133,0,1,7815831,0,0,0
1,887,3102371258967,3102371291755,3,0,0,1,0,7,7,0,0,0,4,0,0,922,3102365506171,3102361688,134,0,1,5785584,0.875,-0.0213012695,-0.0629882812,0.479553223,-0.99826479,-0.0978457406,-0.0903505757,3.14160156,921,3102367476970,3102361987,152,3,1,3814785,0.00390625,0.00390625,0.0390625,922,3102364476158,3102362187,134,0,1,6815597,0,0,0
1,888,3102381258967,3102381291780,3,0,0,1,0,7,7,0,0,0,4,0,0,923,3102374506314,3102371388,135,0,1,6785466,0.875,-0.0213012695,-0.0629882812,0.479553223,-0.99826479,-0.0978457406,-0.0903505757,3.14160156,922,3102376477613,3102371588,153,3,1,4814167,-0.03515625,0.015625,0,923,3102373477226,3102371287,135,0,1,7814554,0,0,0
1,889,3102391258967,3102391289418,3,0,0,1,0,7,7,0,0,0,4,0,0,924,3102385508905,3102381289,136,0,1,5780513,0.875,-0.0213012695,-0.0629882812,0.479553223,-0.99826479,-0.0978457406,-0.0903505757,3.14160156,923,3102387479168,3102381088,154,3,1,3810250,0.00390625,0,-0.0078125,924,3102384477522,3102381988,136,0,1,6811896,0,0,0
1,890,3102401258967,3102401289184,3,0,0,1,0,7,7,0,0,0,4,0,0,925,3102394506605,3102391388,137,0,1,6782579,0.875,-0.0213012695,-0.0629882812,0.479553223,-0.99826479,-0.0978457406,-0.0903505757,3.14160156,924,3102396474314,3102391785,155,3,1,4814870,0.00390625,0,-0.0078125,925,3102393477795,3102391187,137,0,1,7811389,0,0,0
1,891,3102411258967,3102411291282,3,0,0,1,0,7,7,0,0,0,4,0,0,926,3102404506186,3102401388,138,0,1,6785096,0.875,-0.0213012695,-0.0629882812,0.479553223,-0.99826479,-0.0978457406,-0.0903505757,3.14160156,925,3102406473987,3102401585,156,3,1,4817295,0.0390625,-0.01171875,-0.0078125,926,3102403476247,3102401187,138,0,1,7815035,0,0,0
1,892,3102421258967,3102421291159,3,0,0,1,0,7,7,0,0,0,4,0,0,927,3102414505970,3102411388,139,0,1,6785189,0.875,-0.0213012695,-0.0629882812,0.479553223,-0.99826479,-0.0978457406,-0.0903505757,3.14160156,926,3102416476678,3102411587,157,3,1,4814481,0.00390625,0,-0.0078125,927,3102413480140,3102411289,139,0,1,7811019,0,0,0
1,893,3102431258967,3102431291110,3,0,0,1,0,7,7,0,0,0,4,0,0,928,3102424505366,3102421189,140,0,1,6785744,0.875,-0.0213012695,-0.0629882812,0.479553223,-0.99826479,-0.0978457406,-0.0903505757,3.14160156,927,3102426475833,3102421387,158,3,1,4815277,0.00390625,0,-0.0078125,928,3102423475557,3102420986,140,0,1,7815553,0,0,0
1,894,3102441258967,3102441291413,3,0,0,1,0,7,7,0,0,0,4,0,0,929,3102434508297,3102431389,141,0,1,6783116,0.875,-0.0213012695,-0.0629882812,0.479553223,-0.99826479,-0.0978457406,-0.0903505757,3.14160156,928,3102436475044,3102431786,159,3,1,4816369,0.00390625,0,-0.0078125,929,3102433476563,3102431287,141,0,1,7814850,0,0,0
1,895,3102451258967,3102451290902,3,0,0,1,0,7,7,0,0,0,4,0,0,930,3102444506416,3102441186,142,0,1,6784486,0.875,-0.0213012695,-0.0629882812,0.479553223,-0.99826479,-0.0978457406,-0.0903505757,3.14160156,929,3102446471830,3102441187,160,3,1,4819072,0.00390625,0,-0.0078125,930,3102443492949,3102441187,142,0,1,7797953,0,0,0
1,896,3102461258967,3102461291427,3,0,0,1,0,7,7,0,0,0,4,0,0,931,3102454505923,3102451189,143,0,1,6785504,0.875,-0.0213012695,-0.0629882812,0.479553223,-0.99826479,-0.0978457406,-0.0903505757,3.14160156,930,3102456475779,3102451387,161,3,1,4815648,0.00390625,0,-0.0078125,931,3102453478131,3102450986,143,0,1,7813296,0,0,0
1,897,3102471258967,3102471290785,3,0,0,1,0,7,7,0,0,0,4,0,0,932,3102464507096,3102461089,144,0,1,6783689,0.875,-0.0213012695,-0.0629882812,0.479553223,-0.99826479,-0.0978457406,-0.0903505757,3.14160156,931,3102466477515,3102461388,162,3,1,4813270,0.00390625,0,0,932,3102463479841,3102460987,144,0,1,7810944,0,0,0
1,898,3102481258967,3102481291134,3,0,0,1,0,7,7,0,0,0,4,0,0,933,3102474505265,3102471188,145,0,1,6785869,0.875,-0.0213012695,-0.0629882812,0.479553223,-0.99826479,-0.0978457406,-0.0903505757,3.14160156,932,3102476476346,3102471387,163,3,1,4814788,0.00390625,0,0,933,3102473476941,3102471287,145,0,1,7814193,0,0,0
1,899,3102491258967,3102491291336,3,0,0,1,0,7,7,0,0,0,4,0,0,934,3102484505614,3102480888,146,0,1,6785722,0.875,-0.0213012695,-0.0629882812,0.479553223,-0.99826479,-0.0978457406,-0.0903505757,3.14160156,933,3102486480508,3102480987,164,3,1,4810828,0.00390625,0,0,934,3102483476402,3102481187,146,0,1,7814934,0,0,0
1,900,3102501258967,3102501291204,3,0,0,1,0,7,7,0,0,0,4,0,0,935,3102494506056,3102491088,147,0,1,6785148,0.875,-0.0213012695,-0.0629882812,0.479553223,-0.99826479,-0.0978457406,-0.0903505757,3.14160156,934,3102496476064,3102491387,165,3,1,4815140,0.00390625,0,0,935,3102493478380,3102491187,147,0,1,7812824,0,0,0
1,901,3102511258967,3102511291368,3,0,0,1,0,7,7,0,0,0,4,0,0,936,3102504507386,3102501190,148,0,1,6783982,0.875,-0.0213012695,-0.0629882812,0.479553223,-0.99826479,-0.0978457406,-0.0903505757,3.14160156,935,3102506481133,3102501589,166,3,1,4810235,0.00390625,0,0,936,3102503503013,3102501198,148,0,1,7788355,0,0,0
1,902,3102521258967,3102521291217,3,0,0,1,0,7,7,0,0,0,4,0,0,937,3102514506755,3102511088,149,0,1,6784462,0.875,-0.0213012695,-0.0629882812,0.479553223,-0.99826479,-0.0978457406,-0.0903505757,3.14160156,936,3102516471006,3102510987,167,3,1,4820211,0.00390625,0,0,937,3102513483206,3102511190,149,0,1,7808011,0,0,0
1,903,3102531258967,3102531291141,3,0,0,1,0,7,7,0,0,0,4,0,0,938,3102524506308,3102521088,150,0,1,6784833,0.875,-0.0213012695,-0.0629882812,0.479553223,-0.99826479,-0.0978457406,-0.0903505757,3.14160156,937,3102526476797,3102520987,168,3,1,4814344,0.00390625,0,0,938,3102523478484,3102520787,150,0,1,7812657,0,0,0
1,904,3102541258967,3102541291083,3,0,0,1,0,7,7,0,0,0,4,0,0,939,3102534506083,3102531088,151,0,1,6785000,0.875,-0.0213012695,-0.0629882812,0.479553223,-0.99826479,-0.0978457406,-0.0903505757,3.14160156,938,3102536476443,3102531387,169,3,1,4814640,0.00390625,0,0,939,3102533478167,3102531187,151,0,1,7812916,0,0,0
1,905,3102551258967,3102551290821,3,0,0,1,0,7,7,0,0,0,4,0,0,940,3102544504508,3102541088,152,0,1,6786313,0.875,-0.0213012695,-0.0629882812,0.479553223,-0.99826479,-0.0978457406,-0.0903505757,3.14160156,939,3102546475311,3102541386,170,3,1,4815510,0.00390625,0.00390625,0.0390625,940,3102543473278,3102541185,152,0,1,7817543,0,0,0
1,906,3102561258967,3102561297242,3,0,0,1,0,7,7,0,0,0,4,0,0,941,3102554505375,3102550688,153,0,1,6791867,0.875,-0.0213012695,-0.0629882812,0.479553223,-0.99826479,-0.0978457406,-0.0903505757,3.14160156,940,3102556475401,3102551187,171,3,1,4821841,0.00390625,0,0,941,3102553475533,3102551185,153,0,1,7821709,0,0,0
1,907,3102571258967,3102571292149,3,0,0,1,0,7,7,0,0,0,4,0,0,942,3102565506729,3102560789,154,0,1,5785420,0.875,-0.0213012695,-0.0629882812,0.479553223,-0.99826479,-0.0978457406,-0.0903505757,3.14160156,941,3102567476163,3102560887,172,3,1,3815986,0.00390625,0,0,942,3102564485031,3102560887,154,0,1,6807118,0,0,0
1,908,3102581258967,3102581290888,3,0,0,1,0,7,7,0,0,0,4,0,0,943,3102574504556,3102571088,155,0,1,6786332,0.875,-0.0213012695,-0.0629882812,0.479553223,-0.99826479,-0.0978457406,-0.0903505757,3.14160156,942,3102576475378,3102571387,173,3,1,4815510,0.00390625,0,0,943,3102573476861,3102571287,155,0,1,7814027,0,0,0
1,909,3102591258967,3102591291219,3,0,0,1,0,7,7,0,0,0,4,0,0,944,3102584507200,3102580888,156,0,1,6784019,0.875,-0.0213012695,-0.0629882812,0.479553223,-0.99826479,-0.0978457406,-0.0903505757,3.14160156,943,3102587479545,3102581287,174,3,1,3811674,0.00390625,0.00390625,0.0390625,944,3102583480098,3102581188,156,0,1,7811121,0,0,0
1,910,3102601258967,3102601291494,3,0,0,1,0,7,7,0,0,0,4,0,0,945,3102594506347,3102590888,157,0,1,6785147,0.875,-0.0213012695,-0.0629882812,0.479553223,-0.99826479,-0.0978457406,-0.0903505757,3.14160156,944,3102596476891,3102591188,175,3,1,4814603,0.0390625,-0.01171875,0,945,3102593476264,3102590987,157,0,1,7815230,0,0,0
1,911,3102611258967,3102611291121,3,0,0,1,0,7,7,0,0,0,4,0,0,946,3102604505345,3102600888,158,0,1,6785776,0.875,-0.0213012695,-0.0629882812,0.479553223,-0.99826479,-0.0978457406,-0.0903505757,3.14160156,945,3102606476574,3102601187,176,3,1,4814547,0.00390625,0,0,946,3102603476317,3102601187,158,0,1,7814804,0,0,0
1,912,3102621258967,3102621291119,3,0,0,1,0,7,7,0,0,0,4,0,0,947,3102614506064,3102610689,159,0,1,6785055,0.875,-0.0213012695,-0.0629882812,0.479553223,-0.99826479,-0.0978457406,-0.0903505757,3.14160156,946,3102616476294,3102610887,177,3,1,4814825,0.00390625,0,-0.0078125,947,3102613479369,3102611188,159,0,1,7811750,0,0,0
1,913,3102631258967,3102631291154,3,0,0,1,0,7,7,0,0,0,4,0,0,948,3102624507431,3102620489,160,0,1,6783723,0.875,-0.0213012695,-0.0629882812,0.479553223,-0.99826479,-0.0978457406,-0.0903505757,3.14160156,947,3102626476476,3102620487,178,3,1,4814678,0.0390625,-0.01171875,-0.0078125,948,3102623481828,3102621189,160,0,1,7809326,0,0,0
1,914,3102641258967,3102641291040,3,0,0,1,0,7,7,0,0,0,4,0,0,949,3102634502820,3102630686,161,0,1,6788220,0.875,-0.0213012695,-0.0629882812,0.479553223,-0.99826479,-0.0978457406,-0.0903505757,3.14160156,948,3102636476233,3102630987,179,3,1,4814807,0.00390625,0,-0.0078125,949,3102633476810,3102631187,161,0,1,7814230,0,0,0
1,915,3102651258967,3102651291297,3,0,0,1,0,7,7,0,0,0,4,0,0,950,3102644503243,3102640686,162,0,1,6788054,0.875,-0.0213012695,-0.0629882812,0.479553223,-0.99826479,-0.0978457406,-0.0903505757,3.14160156,949,3102646476249,3102640987,180,3,1,4815048,0.0390625,-0.01171875,-0.0078125,950,3102643475493,3102641187,162,0,1,7815804,0,0,0
1,916,3102661258967,3102661291109,3,0,0,1,0,7,7,0,0,0,4,0,0,951,3102653505734,3102650588,163,0,1,7785375,0.875,-0.0213012695,-0.0629882812,0.479553223,-0.99826479,-0.0978457406,-0.0903505757,3.14160156,950,3102655476445,3102650787,181,3,1,5814664,0.00390625,0,-0.0078125,951,3102652475670,3102650187,163,0,1,8815439,0,0,0
1,917,3102671258967,3102671291033,3,0,0,1,0,7,7,0,0,0,4,0,0,952,3102664505312,3102660688,164,0,1,6785721,0.875,-0.0213012695,-0.0629882812,0.479553223,-0.99826479,-0.0978457406,-0.0903505757,3.14160156,951,3102666476781,3102660687,182,3,1,4814252,0.00390625,0.00390625,0.03125,952,3102663476210,3102660787,164,0,1,7814823,0,0,0
1,918,3102681258967,3102681290845,3,0,0,1,0,7,7,0,0,0,4,0,0,953,3102674504791,3102670488,165,0,1,6786054,0.875,-0.0213012695,-0.0629882812,0.479553223,-0.99826479,-0.0978457406,-0.0903505757,3.14160156,952,3102676476705,3102670887,183,3,1,4814140,0.00390625,0,-0.0078125,953,3102673476152,3102671187,165,0,1,7814693,0,0,0
1,919,3102691258967,3102691291083,3,0,0,1,0,7,7,0,0,0,4,0,0,954,3102683505653,3102680588,166,0,1,7785430,0.875,-0.0213012695,-0.0629882812,0.479553223,-0.99826479,-0.0978457406,-0.0903505757,3.14160156,953,3102685476364,3102680985,184,3,1,5814719,0.00390625,0,-0.0078125,954,3102682476589,3102680187,166,0,1,8814494,0,0,0
1,920,3102701258967,3102701291285,3,0,0,1,0,7,7,0,0,0,4,0,0,955,3102693505651,3102690588,167,0,1,7785634,0.875,-0.0213012695,-0.0629882812,0.479553223,-0.99826479,-0.0978457406,-0.0903505757,3.14160156,954,3102695476695,3102690787,185,3,1,5814590,0.00390625,0,-0.0078125,955,3102692476401,3102690187,167,0,1,8814884,0,0,0
1,921,3102711258967,3102711292078,3,0,0,1,0,7,7,0,0,0,4,0,0,956,3102704505265,3102700488,168,0,1,6786813,0.875,-0.0213012695,-0.0629882812,0.479553223,-0.99826479,-0.0978457406,-0.0903505757,3.14160156,955,3102706476623,3102700687,186,3,1,4815455,0.00390625,0,-0.0078125,956,3102703476015,3102700987,168,0,1,7816063,0,0,0
1,922,3102721258967,3102721290780,3,0,0,1,0,7,7,0,0,0,4,0,0,957,3102713502536,3102710386,169,0,1,7788244,0.875,-0.0213012695,-0.0629882812,0.479553223,-0.99826479,-0.0978457406,-0.0903505757,3.14160156,956,3102715474247,3102710784,187,3,1,5816533,0,0,-0.046875,957,3102712483504,3102710191,169,0,1,8807276,0,0,0
1,923,3102731258967,3102731290907,3,0,0,1,0,7,7,0,0,0,4,0,0,958,3102723505902,3102720388,170,0,1,7785005,0.875,-0.0213012695,-0.0629882812,0.479553223,-0.99826479,-0.0978457406,-0.0903505757,3.14160156,957,3102725472893,3102720384,188,3,1,5818014,0.00390625,0,-0.0078125,958,3102722475987,3102720187,170,0,1,8814920,0,0,0
1,924,3102741258967,3102741291182,3,0,0,1,0,7,7,0,0,0,4,0,0,959,3102734505072,3102730488,171,0,1,6786110,0.875,-0.0213012695,-0.0629882812,0.479553223,-0.99826479,-0.0978457406,-0.0903505757,3.14160156,958,3102736476283,3102730687,189,3,1,4814899,0,0,-0.0390625,959,3102733474527,3102730986,171,0,1,7816655,0,0,0
1,925,3102751258967,3102751290865,3,0,0,1,0,7,7,0,0,0,4,0,0,960,3102743535068,3102740199,172,0,1,7755797,0.875,-0.0213012695,-0.0629882812,0.479553223,-0.99826479,-0.0978457406,-0.0903505757,3.14160156,959,3102745477571,3102740588,190,3,1,5813294,0.00390625,0,0,960,3102742524975,3102740196,172,0,1,8765890,0,0,0
1,926,3102761258967,3102761290937,3,0,0,1,0,7,7,0,0,0,4,0,0,961,3102753508949,3102750389,173,0,1,7781988,0.875,-0.0213012695,-0.0629882812,0.479553223,-0.99826479,-0.0978457406,-0.0903505757,3.14160156,960,3102755474459,3102750787,191,3,1,5816478,0.00390625,0,0,961,3102752469631,3102750287,173,0,1,8821306,0,0,0
1,927,3102771258967,3102771292174,3,0,0,1,0,7,7,0,0,0,4,0,0,962,3102763498508,3102760088,174,0,1,7793666,0.875,-0.0213012695,-0.0629882812,0.479553223,-0.99826479,-0.0978457406,-0.0903505757,3.14160156,961,3102765480694,3102760189,192,3,1,5811480,0.00390625,0,0,962,3102762475903,3102760187,174,0,1,8816271,0,0,0
1,928,3102781258967,3102781291894,3,0,0,1,0,7,7,0,0,0,4,0,0,963,3102773506149,3102770388,175,0,1,7785745,0.875,-0.0213012695,-0.0629882812,0.479553223,-0.99826479,-0.0978457406,-0.0903505757,3.14160156,962,3102775477564,3102770788,193,3,1,5814330,0.00390625,0,0,963,3102772477326,3102770187,175,0,1,8814568,0,0,0
1,929,3102791258967,3102791292059,3,0,0,1,0,7,7,0,0,0,4,0,0,964,3102783506443,3102780189,176,0,1,7785616,0.875,-0.0213012695,-0.0629882812,0.479553223,-0.99826479,-0.0978457406,-0.0903505757,3.14160156,963,3102785480412,3102780587,194,3,1,5811647,0.00390625,0,0,964,3102782476657,3102780187,176,0,1,8815402,0,0,0
1,930,3102801258967,3102801289224,3,0,0,1,0,7,7,0,0,0,4,0,0,965,3102793506256,3102790389,177,0,1,7782968,0.875,-0.0213012695,-0.0629882812,0.479553223,-0.99826479,-0.0978457406,-0.0903505757,3.14160156,964,3102795477059,3102790387,195,3,1,5812165,-0.03515625,0.015625,0,965,3102792477617,3102790287,177,0,1,8811607,0,0,0
1,931,3102811258967,3102811289092,3,0,0,1,0,7,7,0,0,0,4,0,0,966,3102804506703,3102800289,178,0,1,6782389,0.875,-0.0213012695,-0.0629882812,0.479553223,-0.99826479,-0.0978457406,-0.0903505757,3.14160156,965,3102806474841,3102800285,196,3,1,4814251,0.00390625,0,0,966,3102803478342,3102800787,178,0,1,7810750,0,0,0
1,932,3102821258967,3102821289423,3,0,0,1,0,7,7,0,0,0,4,0,0,967,3102813507158,3102810089,179,0,1,7782265,0.875,-0.0213012695,-0.0629882812,0.479553223,-0.99826479,-0.0978457406,-0.0903505757,3.14160156,966,3102815476813,3102810387,197,3,1,5812610,0.0390625,-0.01171875,0,967,3102812484072,3102810192,179,0,1,8805351,0,0,0
1,933,3102831258967,3102831291475,3,0,0,1,0,7,7,0,0,0,4,0,0,968,3102824506050,3102820289,180,0,1,6785425,0.875,-0.0213012695,-0.0629882812,0.479553223,-0.99826479,-0.0978457406,-0.0903505757,3.14160156,967,3102826476409,3102819887,198,3,1,4815066,0.00390625,0.00390625,0.0390625,968,3102823476467,3102820187,180,0,1,7815008,0,0,0
1,934,3102841258967,3102841291232,3,0,0,1,0,7,7,0,0,0,4,0,0,969,3102833505154,3102830088,181,0,1,7786078,0.875,-0.0213012695,-0.0629882812,0.479553223,-0.99826479,-0.0978457406,-0.0903505757,3.14160156,968,3102835476420,3102830587,199,3,1,5814812,0.00390625,0,0,969,3102832476700,3102830288,181,0,1,8814532,0,0,0
1,935,3102851258967,3102851291267,3,0,0,1,0,7,7,0,0,0,4,0,0,970,3102844505823,3102840088,182,0,1,6785444,0.875,-0.0213012695,-0.0629882812,0.479553223,-0.99826479,-0.0978457406,-0.0903505757,3.14160156,969,3102846476238,3102840087,200,3,1,4815029,0.00390625,0,0,970,3102843474241,3102840585,182,0,1,7817026,0,0,0
1,936,3102861258967,3102861291135,3,0,0,1,0,7,7,0,0,0,4,0,0,971,3102853504964,3102850188,183,0,1,7786171,0.875,-0.0213012695,-0.0629882812,0.479553223,-0.99826479,-0.0978457406,-0.0903505757,3.14160156,970,3102855475786,3102850587,201,3,1,5815349,-0.03515625,0.015625,0,971,3102852476344,3102850287,183,0,1,8814791,0,0,0
1,937,3102871258967,3102871291410,3,0,0,1,0,7,7,0,0,0,4,0,0,972,3102863505942,3102860188,184,0,1,7785468,0.875,-0.0213012695,-0.0629882812,0.479553223,-0.99826479,-0.0978457406,-0.0903505757,3.14160156,971,3102865475783,3102859887,202,3,1,5815627,0.00390625,0,0,972,3102862476249,3102860187,184,0,1,8815161,0,0,0
1,938,3102881258967,3102881291167,3,0,0,1,0,7,7,0,0,0,4,0,0,973,3102873505588,3102870188,185,0,1,7785579,0.875,-0.0213012695,-0.0629882812,0.479553223,-0.99826479,-0.0978457406,-0.0903505757,3.14160156,972,3102875476151,3102870387,203,3,1,5815016,0.00390625,0,0,973,3102872476727,3102869988,185,0,1,8814440,0,0,0
1,939,3102891258967,3102891298957,3,0,0,1,0,7,7,0,0,0,4,0,0,974,3102883505345,3102879888,186,0,1,7793612,0.875,-0.0213012695,-0.0629882812,0.479553223,-0.99826479,-0.0978457406,-0.0903505757,3.14160156,973,3102885475612,3102880187,204,3,1,5823345,0.0390625,-0.01171875,0,974,3102882475540,3102879985,186,0,1,8823417,0,0,0
1,940,3102901258967,3102901312966,3,0,0,1,0,7,7,0,0,0,4,0,0,975,3102893624097,3102889890,187,0,1,7688869,0.875,-0.0213012695,-0.0629882812,0.479553223,-0.99826479,-0.0978457406,-0.0903505757,3.14160156,974,3102895524381,3102890000,205,3,1,5788585,0.00390625,0,0,975,3102892545076,3102890193,187,0,1,8767890,0,0,0
1,941,3102911258967,3102911308687,3,0,0,1,0,7,7,0,0,0,4,0,0,976,3102903542877,3102899689,188,0,1,7765810,0.875,-0.0213012695,-0.0629882812,0.479553223,-0.99826479,-0.0978457406,-0.0903505757,3.14160156,975,3102905503315,3102899890,206,3,1,5805372,0.00390625,0,0,976,3102902526398,3102900190,188,0,1,8782289,0,0,0
1,942,3102921258967,3102921299523,3,0,0,1,0,7,7,0,0,0,4,0,0,977,3102913541949,3102909902,189,0,1,7757574,0.875,-0.0213012695,-0.0629882812,0.479553223,-0.99826479,-0.0978457406,-0.0903505757,3.14160156,976,3102915505774,3102910191,207,3,1,5793749,-0.03515625,0.015625,0,977,3102912562192,3102910215,189,0,1,8737331,0,0,0
1,943,3102931258967,3102931288138,3,0,0,1,0,7,7,0,0,0,4,0,0,978,3102923500727,3102919884,190,0,1,7787411,0.875,-0.0213012695,-0.0629882812,0.479553223,-0.99826479,-0.0978457406,-0.0903505757,3.14160156,977,3102925467884,3102920186,208,3,1,5820254,-0.03515625,0.015625,0,978,3102922488580,3102920190,190,0,1,8799558,0,0,0
1,944,3102941258967,3102941285359,3,0,0,1,0,7,7,0,0,0,4,0,0,979,3102933479383,3102930083,191,0,1,7805976,0.875,-0.0213012695,-0.0629882812,0.479553223,-0.99826479,-0.0978457406,-0.0903505757,3.14160156,978,3102935454814,3102929984,209,3,1,5830545,0.00390625,0.00390625,0.0390625,979,3102932457556,3102930282,191,0,1,8827803,0,0,0
1,945,3102951258967,3102951288392,3,0,0,1,0,7,7,0,0,0,4,0,0,980,3102943483194,3102940086,192,0,1,7805198,0.875,-0.0213012695,-0.0629882812,0.479553223,-0.99826479,-0.0978457406,-0.0903505757,3.14160156,979,3102945452609,3102939986,210,3,1,5835783,0.00390625,0,0,980,3102942446041,3102939782,192,0,1,8842351,0,0,0
1,946,3102961258967,3102961288352,3,0,0,1,0,7,7,0,0,0,4,0,0,981,3102953479453,3102949684,193,0,1,7808899,0.875,-0.0213012695,-0.0629882812,0.479553223,-0.99826479,-0.0978457406,-0.0903505757,3.14160156,980,3102955454624,3102949985,211,3,1,5833728,0.00390625,0,0,981,3102952456663,3102950185,193,0,1,8831689,0,0,0
1,947,3102971258967,3102971290516,3,0,0,1,0,7,7,0,0,0,4,0,0,982,3102963472731,3102959884,194,0,1,7817785,0.875,-0.0213012695,-0.0629882812,0.479553223,-0.99826479,-0.0978457406,-0.0903505757,3.14160156,981,3102965454992,3102959685,212,3,1,5835524,0.00390625,0,0,982,3102962454291,3102960185,194,0,1,8836225,0,0,0
1,948,3102981258967,3102981288255,3,0,0,1,0,7,7,0,0,0,4,0,0,983,3102973480410,3102969685,195,0,1,7807845,0.875,-0.0213012695,-0.0629882812,0.479553223,-0.99826479,-0.0978457406,-0.0903505757,3.14160156,982,3102975460024,3102970186,213,3,1,5828231,0.00390625,0,0,983,3102972457065,3102970285,195,0,1,8831190,0,0,0
1,949,3102991258967,3102991284736,3,0,0,1,0,7,7,0,0,0,4,0,0,984,3102983475503,3102979886,196,0,1,7809233,0.875,-0.0213012695,-0.0629882812,0.479553223,-0.99826479,-0.0978457406,-0.0903505757,3.14160156,983,3102985454635,3102979885,214,3,1,5830101,-0.03515625,0.015625,0,984,3102982454767,3102979785,196,0,1,8829969,0,0,0
1,950,3103001258967,3103001288509,3,0,0,1,0,7,7,0,0,0,4,0,0,985,3102993473242,3102989882,197,0,1,7815267,0.875,-0.0213012695,-0.0629882812,0.479553223,-0.99826479,-0.0978457406,-0.0903505757,3.14160156,984,3102995455484,3102990184,215,3,1,5833025,0.00390625,0,0,985,3102992451470,3102990281,197,0,1,8837039,0,0,0
1,951,3103011258967,3103011284916,3,0,0,1,0,7,7,0,0,0,4,0,0,986,3103003502891,3102999896,198,0,1,7782025,0.875,-0.0213012695,-0.0629882812,0.479553223,-0.99826479,-0.0978457406,-0.0903505757,3.14160156,985,3103005454556,3102999483,216,3,1,5830360,0.00390625,0,0,986,3103002455373,3103000185,198,0,1,8829543,0,0,0
1,952,3103021258967,3103021486532,3,0,0,1,0,7,7,0,0,4,4,0,0,987,3103013479234,3103009885,199,0,1,8007298,0.875,-0.0213012695,-0.0629882812,0.479553223,-0.99826479,-0.0978457406,-0.0903505757,3.14160156,986,3103015456831,3103009985,217,3,1,6029701,0.00390625,0,0,988,3103021481628,3103019187,200,0,1,4904,0,0,0
1,953,3103031258967,3103031291593,3,0,0,1,0,7,3,4,0,0,4,0,0,988,3103022507342,3103019388,200,0,1,8784251,0.875,-0.0213012695,-0.0629882812,0.479553223,-0.99826479,-0.0978457406,-0.0903505757,3.14160156,987,3103024477090,3103019785,218,3,1,6814503,0,0,-0.0390625,988,3103021481628,3103019187,200,0,1,9809965,0,0,0
1,954,3103041258967,3103041291276,3,0,0,1,0,7,7,0,0,0,4,0,0,989,3103033507326,3103029689,201,0,1,7783950,0.875,-0.0213012695,-0.0629882812,0.479553223,-0.99826479,-0.0978457406,-0.0903505757,3.14160156,988,3103035477648,3103029687,219,3,1,5813628,0.00390625,0,0,989,3103032479761,3103030188,201,0,1,8811515,0,0,0
1,955,3103051258967,3103051301898,3,0,0,1,0,7,7,0,0,0,4,0,0,990,3103043506472,3103039488,202,0,1,7795426,0.875,-0.0213012695,-0.0629882812,0.479553223,-0.99826479,-0.0978457406,-0.0903505757,3.14160156,989,3103045476869,3103039487,220,3,1,5825029,-0.03515625,0.015625,0,990,3103042477260,3103040187,202,0,1,8824638,0,0,0
1,956,3103061258967,3103061292030,3,0,0,1,0,7,7,0,0,0,4,0,0,991,3103053509413,3103049490,203,0,1,7782617,0.875,-0.0213012695,-0.0629882812,0.479553223,-0.99826479,-0.0978457406,-0.0903505757,3.14160156,990,3103055478847,3103049888,221,3,1,5813183,0.00390625,0.00390625,0.0390625,991,3103052501134,3103049993,203,0,1,8790896,0,0,0
1,957,3103071258967,3103071482097,3,0,0,1,0,7,7,0,0,4,4,0,0,992,3103063513871,3103059492,204,0,1,7968226,0.875,-0.0213012695,-0.0629882812,0.479553223,-0.99826479,-0.0978457406,-0.0903505757,3.14160156,991,3103065478381,3103059888,222,3,1,6003716,0.0390625,-0.01171875,0,993,3103071477266,3103069287,205,0,1,4831,0,0,0
1,958,3103081258967,3103081291544,3,0,0,1,0,7,3,4,0,0,4,0,0,993,3103072500611,3103069588,205,0,1,8790933,0.875,-0.0213012695,-0.0629882812,0.479553223,-0.99826479,-0.0978457406,-0.0903505757,3.14160156,992,3103074479577,3103069788,223,3,1,6811967,0.0390625,-0.01171875,0,993,3103071477266,3103069287,205,0,1,9814278,0,0,0
1,959,3103091258967,3103091481981,3,0,0,1,0,7,7,0,0,4,4,0,0,994,3103084507967,3103079588,206,0,1,6974014,0.875,-0.0213012695,-0.0629882812,0.479553223,-0.99826479,-0.0978457406,-0.0903505757,3.14160156,993,3103086484101,3103079588,224,3,1,4997880,-0.03515625,0.015625,0,995,3103091477039,3103089187,207,0,1,4942,0,0,0
1,960,3103101258967,3103101480498,3,0,0,1,0,7,7,0,0,0,4,0,0,995,3103092506307,3103089188,207,0,1,8974191,0.875,-0.0213012695,-0.0629882812,0.479553223,-0.99826479,-0.0978457406,-0.0903505757,3.14160156,994,3103094476444,3103089587,225,3,1,7004054,0.00390625,0,0,996,3103101475759,3103099187,208,0,1,4739,0,0,0
1,961,3103111258967,3103111481569,3,0,0,1,0,7,7,0,0,0,4,0,0,996,3103102505564,3103099588,208,0,1,8976005,0.875,-0.0213012695,-0.0629882812,0.479553223,-0.99826479,-0.0978457406,-0.0903505757,3.14160156,995,3103104476238,3103099787,226,3,1,7005331,0.00390625,0,0,997,3103111476793,3103109187,209,0,1,4776,0,0,0
1,962,3103121258967,3103121291238,3,0,0,1,0,7,3,4,0,0,4,0,0,997,3103112513632,3103109193,209,0,1,8777606,0.875,-0.0213012695,-0.0629882812,0.479553223,-0.99826479,-0.0978457406,-0.0903505757,3.14160156,996,3103114476920,3103109787,227,3,1,6814318,-0.03515625,0.015625,-0.0390625,997,3103111476793,3103109187,209,0,1,9814445,0,0,0
1,963,3103131258967,3103131480657,3,0,0,1,0,7,7,0,0,4,4,0,0,998,3103123505620,3103119488,210,0,1,7975037,0.875,-0.0213012695,-0.0629882812,0.479553223,-0.99826479,-0.0978457406,-0.0903505757,3.14160156,997,3103125473480,3103119485,228,3,1,6007177,0.00390625,0,0,999,3103131475881,3103129287,211,0,1,4776,0,0,0
1,964,3103141258967,3103141480543,3,0,0,1,0,7,7,0,0,0,4,0,0,999,3103132505261,3103129388,211,0,1,8975282,0.875,-0.0213012695,-0.0629882812,0.479553223,-0.99826479,-0.0978457406,-0.0903505757,3.14160156,998,3103134475916,3103129787,229,3,1,7004627,0,0,-0.0390625,1000,3103141475712,3103139187,212,0,1,4831,0,0,0
1,965,3103151258967,3103151497162,3,0,0,1,0,7,7,0,0,0,4,0,0,1000,3103142504981,3103139388,212,0,1,8992181,0.875,-0.0213012695,-0.0629882812,0.479553223,-0.99826479,-0.0978457406,-0.0903505757,3.14160156,999,3103144475951,3103138987,230,3,1,7021211,0.00390625,0,0,1001,3103151491165,3103148995,213,0,1,5997,0,0,0
1,966,3103161258967,3103161481149,3,0,0,1,0,7,7,0,0,0,4,0,0,1001,3103152507828,3103149390,213,0,1,8973321,0.875,-0.0213012695,-0.0629882812,0.479553223,-0.99826479,-0.0978457406,-0.0903505757,3.14160156,1000,3103154476688,3103149587,231,3,1,7004461,0.00390625,0,0,1002,3103161476170,3103159187,214,0,1,4979,0,0,0
1,967,3103171258967,3103171480388,3,0,0,1,0,7,7,0,0,0,4,0,0,1002,3103162505031,3103159088,214,0,1,8975357,0.875,-0.0213012695,-0.0629882812,0.479553223,-0.99826479,-0.0978457406,-0.0903505757,3.14160156,1001,3103164475520,3103159187,232,3,1,7004868,0.00390625,0,0,1003,3103171475520,3103169287,215,0,1,4868,0,0,0
1,968,3103181258967,3103181481218,3,0,0,1,0,7,7,0,0,0,4,0,0,1003,3103172505288,3103169388,215,0,1,8975930,0.875,-0.0213012695,-0.0629882812,0.479553223,-0.99826479,-0.0978457406,-0.0903505757,3.14160156,1002,3103174475443,3103169587,233,3,1,7005775,0,0,-0.0390625,1004,3103181476536,3103179187,216,0,1,4682,0,0,0
1,969,3103191258967,3103191481105,3,0,0,1,0,7,7,0,0,0,4,0,0,1004,3103182504564,3103179088,216,0,1,8976541,0.875,-0.0213012695,-0.0629882812,0.479553223,-0.99826479,-0.0978457406,-0.0903505757,3.14160156,1003,3103184475534,3103178987,234,3,1,7005571,0.00390625,0,0,1005,3103191476404,3103189184,217,0,1,4701,0,0,0
1,970,3103201258967,3103201480714,3,0,0,1,0,7,7,0,0,0,4,0,0,1005,3103192505912,3103189188,217,0,1,8974802,0.875,-0.0213012695,-0.0629882812,0.479553223,-0.99826479,-0.0978457406,-0.0903505757,3.14160156,1004,3103194475605,3103189587,235,3,1,7005109,0.00390625,0,0,1006,3103201475809,3103199185,218,0,1,4905,0,0,0
1,971,3103211258967,3103211482007,3,0,0,1,0,7,7,0,0,0,4,0,0,1006,3103202506539,3103199189,218,0,1,8975468,0.875,-0.0213012695,-0.0629882812,0.479553223,-0.99826479,-0.0978457406,-0.0903505757,3.14160156,1005,3103204476343,3103199587,236,3,1,7005664,0.00390625,0.00390625,0.0390625,1007,3103211477084,3103209288,219,0,1,4923,0,0,0
1,972,3103221258967,3103221481819,3,0,0,1,0,7,7,0,0,0,4,0,0,1007,3103212512145,3103209193,219,0,1,8969674,0.875,-0.0213012695,-0.0629882812,0.479553223,-0.99826479,-0.0978457406,-0.0903505757,3.14160156,1006,3103214474101,3103209388,237,3,1,7007718,0.00390625,0,0,1008,3103221477081,3103218786,220,0,1,4738,0,0,0
1,973,3103231258967,3103231479244,3,0,0,1,0,7,7,0,0,0,4,0,0,1008,3103222506257,3103219188,220,0,1,8972987,0.875,-0.0213012695,-0.0629882812,0.479553223,-0.99826479,-0.0978457406,-0.0903505757,3.14160156,1007,3103224474598,3103219186,238,3,1,7004646,0.00390625,0,0,1009,3103231474395,3103229186,221,0,1,4849,0,0,0
1,974,3103241258967,3103241478483,3,0,0,1,0,7,7,0,0,0,4,0,0,1009,3103232504126,3103228688,221,0,1,8974357,0.875,-0.0213012695,-0.0629882812,0.479553223,-0.99826479,-0.0978457406,-0.0903505757,3.14160156,1008,3103234474466,3103228986,239,3,1,7004017,0.00390625,0,0,1010,3103241473689,3103239186,222,0,1,4794,0,0,0
1,975,3103251258967,3103251479017,3,0,0,1,0,7,7,0,0,0,4,0,0,1010,3103242504919,3103239088,222,0,1,8974098,0.875,-0.0213012695,-0.0629882812,0.479553223,-0.99826479,-0.0978457406,-0.0903505757,3.14160156,1009,3103244474519,3103238886,240,3,1,7004498,0.00390625,0.00390625,0.0390625,1011,3103251474149,3103249186,223,0,1,4868,0,0,0
1,976,3103261258967,3103261478238,3,0,0,1,0,7,7,0,0,0,4,0,0,1011,3103252504139,3103248888,223,0,1,8974099,0.875,-0.0213012695,-0.0629882812,0.479553223,-0.99826479,-0.0978457406,-0.0903505757,3.14160156,1010,3103254475072,3103249387,241,3,1,7003166,0.00390625,0,0,1012,3103261473425,3103258786,224,0,1,4813,0,0,0
1,977,3103271258967,3103271480530,3,0,0,1,0,7,7,0,0,0,4,0,0,1012,3103262503656,3103259088,224,0,1,8976874,0.875,-0.0213012695,-0.0629882812,0.479553223,-0.99826479,-0.0978457406,-0.0903505757,3.14160156,1011,3103264475773,3103258987,242,3,1,7004757,0.00390625,0,0,1013,3103271475718,3103269287,225,0,1,4812,0,0,0
1,978,3103281258967,3103281481435,3,0,0,1,0,7,7,0,0,0,4,0,0,1013,3103272504856,3103269086,225,0,1,8976579,0.875,-0.0213012695,-0.0629882812,0.479553223,-0.99826479,-0.0978457406,-0.0903505757,3.14160156,1012,3103274477696,3103269387,243,3,1,7003739,0.00390625,0,0,1014,3103281476696,3103279187,226,0,1,4739,0,0,0
1,979,3103291258967,3103291484671,3,0,0,1,0,7,7,0,0,0,4,0,0,1014,3103282503632,3103279086,226,0,1,8981039,0.875,-0.0213012695,-0.0629882812,0.479553223,-0.99826479,-0.0978457406,-0.0903505757,3.14160156,1013,3103284476453,3103278687,244,3,1,7008218,0,0,-0.0390625,1015,3103291479878,3103289187,227,0,1,4793,0,0,0
1,980,3103301258967,3103301480801,3,0,0,1,0,7,7,0,0,0,4,0,0,1015,3103292504074,3103289086,227,0,1,8976727,0.875,-0.0213012695,-0.0629882812,0.479553223,-0.99826479,-0.0978457406,-0.0903505757,3.14160156,1014,3103294477191,3103289388,245,3,1,7003610,0,0,-0.0390625,1016,3103301476025,3103299187,228,0,1,4776,0,0,0
1,981,3103311258967,3103311481520,3,0,0,1,0,7,7,0,0,0,4,0,0,1016,3103302505626,3103298689,228,0,1,8975894,0.875,-0.0213012695,-0.0629882812,0.479553223,-0.99826479,-0.0978457406,-0.0903505757,3.14160156,1015,3103304476541,3103298888,246,3,1,7004979,0.00390625,0,0,1017,3103311476708,3103309187,229,0,1,4812,0,0,0
1,982,3103321258967,3103321481073,3,0,0,1,0,7,7,0,0,0,4,0,0,1017,3103312512269,3103308893,229,0,1,8968804,0.875,-0.0213012695,-0.0629882812,0.479553223,-0.99826479,-0.0978457406,-0.0903505757,3.14160156,1016,3103314476687,3103308988,247,3,1,7004386,0.00390625,0,0,1018,3103321476242,3103319187,230,0,1,4831,0,0,0
1,983,3103331258967,3103331480756,3,0,0,1,0,7,7,0,0,0,4,0,0,1018,3103322506047,3103318689,230,0,1,8974709,0.875,-0.0213012695,-0.0629882812,0.479553223,-0.99826479,-0.0978457406,-0.0903505757,3.14160156,1017,3103324476462,3103318687,248,3,1,7004294,0.00390625,0,0,1019,3103331476018,3103328987,231,0,1,4738,0,0,0
1,984,3103341258967,3103341290851,3,0,0,1,0,7,3,4,0,0,4,0,0,1019,3103332505619,3103328889,231,0,1,8785232,0.875,-0.0213012695,-0.0629882812,0.479553223,-0.99826479,-0.0978457406,-0.0903505757,3.14160156,1018,3103334476349,3103329187,249,3,1,6814502,0.00390625,0,0,1019,3103331476018,3103328987,231,0,1,9814833,0,0,0
1,985,3103351258967,3103351480677,3,0,0,1,0,7,7,0,0,4,4,0,0,1020,3103343505955,3103338988,232,0,1,7974722,0.875,-0.0213012695,-0.0629882812,0.479553223,-0.99826479,-0.0978457406,-0.0903505757,3.14160156,1019,3103345476666,3103338787,250,3,1,6004011,0.00390625,0,0,1021,3103351475902,3103349287,233,0,1,4775,0,0,0
1,986,3103361258967,3103361494686,3,0,0,1,0,7,7,0,0,0,4,0,0,1021,3103352511722,3103348886,233,0,1,8982964,0.875,-0.0213012695,-0.0629882812,0.479553223,-0.99826479,-0.0978457406,-0.0903505757,3.14160156,1020,3103354479435,3103348987,251,3,1,7015251,-0.03515625,0.015625,0,1022,3103361489615,3103358587,234,0,1,5071,0,0,0
1,987,3103371258967,3103371512119,3,0,0,1,0,7,7,0,0,1,4,0,0,1023,3103371505900,3103368389,235,0,1,6219,0.875,-0.0213012695,-0.0629882812,0.479553223,-0.99826479,-0.0978457406,-0.0903505757,3.14160156,1021,3103364477285,3103358887,252,3,1,7034834,0.00390625,0,0,1023,3103370478761,3103368287,235,0,1,1033358,0,0,0
1,988,3103381258967,3103381513338,3,0,0,1,0,7,7,0,0,0,4,0,0,1024,3103381507249,3103378589,236,0,1,6089,0.875,-0.0213012695,-0.0629882812,0.479553223,-0.99826479,-0.0978457406,-0.0903505757,3.14160156,1022,3103373474186,3103368785,253,3,1,8039152,0.0390625,-0.01171875,0,1024,3103380479258,3103378187,236,0,1,1034080,0,0,0
1,989,3103391258967,3103391484999,3,0,0,1,0,7,6,1,0,0,4,0,0,1024,3103381507249,3103378589,236,0,1,9977750,0.875,-0.0213012695,-0.0629882812,0.479553223,-0.99826479,-0.0978457406,-0.0903505757,3.14160156,1023,3103383475979,3103378787,254,3,1,8009020,0.00390625,0,0,1025,3103391480223,3103389287,237,0,1,4776,0,0,0
1,990,3103401258967,3103401481424,3,0,0,1,0,7,7,0,0,0,4,0,0,1025,3103392507011,3103388689,237,0,1,8974413,0.875,-0.0213012695,-0.0629882812,0.479553223,-0.99826479,-0.0978457406,-0.0903505757,3.14160156,1024,3103394477130,3103388987,255,3,1,7004294,0.00390625,0,0,1026,3103401476704,3103398987,238,0,1,4720,0,0,0
1,991,3103411258967,3103411480811,3,0,0,1,0,7,7,0,0,0,4,0,0,1026,3103402505806,3103398888,238,0,1,8975005,0.875,-0.0213012695,-0.0629882812,0.479553223,-0.99826479,-0.0978457406,-0.0903505757,3.14160156,1025,3103404477238,3103398888,0,3,1,7003573,0.00390625,0,0,1027,3103411476110,3103409287,239,0,1,4701,0,0,0
1,992,3103421258967,3103421481123,3,0,0,1,0,7,7,0,0,0,4,0,0,1027,3103412513429,3103408693,239,0,1,8967694,0.875,-0.0213012695,-0.0629882812,0.479553223,-0.99826479,-0.0978457406,-0.0903505757,3.14160156,1026,3103414476958,3103408987,1,3,1,7004165,0.00390625,0,0,1028,3103421476459,3103419187,240,0,1,4664,0,0,0
1,993,3103431258967,3103431480195,3,0,0,1,0,7,7,0,0,0,4,0,0,1028,3103422505375,3103418488,240,0,1,8974820,0.875,-0.0213012695,-0.0629882812,0.479553223,-0.99826479,-0.0978457406,-0.0903505757,3.14160156,1027,3103424477030,3103418487,2,3,1,7003165,0.00390625,0,0,1029,3103431475494,3103429187,241,0,1,4701,0,0,0
1,994,3103441258967,3103441511936,3,0,0,1,0,7,7,0,0,1,4,0,0,1030,3103441505680,3103438188,242,0,1,6256,0.875,-0.0213012695,-0.0629882812,0.479553223,-0.99826479,-0.0978457406,-0.0903505757,3.14160156,1028,3103434476879,3103428987,3,3,1,7035057,0.00390625,0,0,1030,3103440475745,3103438187,242,0,1,1036191,0,0,0
1,995,3103451258967,3103451510378,3,0,0,1,0,7,7,0,0,0,4,0,0,1031,3103451504252,3103448585,243,0,1,6126,0.875,-0.0213012695,-0.0629882812,0.479553223,-0.99826479,-0.0978457406,-0.0903505757,3.14160156,1029,3103443476872,3103438587,4,3,1,8033506,0.00390625,0,0,1031,3103450478889,3103448287,243,0,1,1031489,0,0,0
1,996,3103461258967,3103461479688,3,0,0,1,0,7,6,1,0,0,4,0,0,1031,3103451504252,3103448585,243,0,1,9975436,0.875,-0.0213012695,-0.0629882812,0.479553223,-0.99826479,-0.0978457406,-0.0903505757,3.14160156,1030,3103453476314,3103448987,5,3,1,8003374,0.00390625,0,0,1032,3103461474950,3103459186,244,0,1,4738,0,0,0
1,997,3103471258967,3103471510780,3,0,0,1,0,7,7,0,0,1,4,0,0,1033,3103471504634,3103468588,245,0,1,6146,0.875,-0.0213012695,-0.0629882812,0.479553223,-0.99826479,-0.0978457406,-0.0903505757,3.14160156,1031,3103464472763,3103458484,6,3,1,7038017,-0.03515625,0.015625,0,1033,3103470475468,3103468187,245,0,1,1035312,0,0,0
1,998,3103481258967,3103481510652,3,0,0,1,0,7,7,0,0,0,4,0,0,1034,3103481504469,3103478388,246,0,1,6183,0.875,-0.0213012695,-0.0629882812,0.479553223,-0.99826479,-0.0978457406,-0.0903505757,3.14160156,1032,3103473475526,3103468987,7,3,1,8035126,-0.03515625,0.015625,0,1034,3103480475266,3103478187,246,0,1,1035386,0,0,0
1,999,3103491258967,3103491513060,3,0,0,1,0,7,7,0,0,0,4,0,0,1035,3103491506840,3103488588,247,0,1,6220,0.875,-0.0213012695,-0.0629882812,0.479553223,-0.99826479,-0.0978457406,-0.0903505757,3.14160156,1033,3103483475101,3103478787,8,3,1,8037959,0.0390625,-0.01171875,0,1035,3103490479691,3103488287,247,0,1,1033369,0,0,0
1,1000,3103501258967,3103501481687,3,0,0,1,0,7,6,1,0,0,4,0,0,1035,3103491506840,3103488588,247,0,1,9974847,0.875,-0.0213012695,-0.0629882812,0.479553223,-0.99826479,-0.0978457406,-0.0903505757,3.14160156,1034,3103493477121,3103488587,9,3,1,8004566,0.0390625,-0.01171875,0,1036,3103501476911,3103498987,248,0,1,4776,0,0,0
