schema_ver,pub_seq,sched_ns,actual_ns,epoch,deadline,gates_skipped,sample_ready,not_ready,valid_mask,fresh_mask,stale_mask,missing_mask,multi_mask,reader_state,reader_flags,logger_drops,rv_seq,rv_host_ns,rv_sensor_us,rv_report_seq,rv_status,rv_age_valid,rv_age_ns,rv_qw,rv_qx,rv_qy,rv_qz,rv_yaw_rad,rv_pitch_rad,rv_roll_rad,rv_err_rad,acc_seq,acc_host_ns,acc_sensor_us,acc_report_seq,acc_status,acc_age_valid,acc_age_ns,acc_x,acc_y,acc_z,gyr_seq,gyr_host_ns,gyr_sensor_us,gyr_report_seq,gyr_status,gyr_age_valid,gyr_age_ns,gyr_x,gyr_y,gyr_z
1,1,2868347624540,2868347641859,1,0,0,1,0,7,7,0,0,5,4,0,0,21,2868343735022,2868339440,20,0,1,3906837,0.882019043,-0.033203125,0.00891113281,0.469970703,-0.980309427,-0.0502167381,0.0470039845,3.14160156,20,2868346722720,2868346940,19,3,1,919139,0.05859375,-0.01953125,0.02734375,21,2868342720446,2868339540,20,0,1,4921413,-0.001953125,0,0
1,2,2868357624540,2868357723540,1,0,0,1,0,7,7,0,0,4,4,0,0,22,2868349735002,2868344740,21,0,1,7988538,0.882019043,-0.033203125,0.00885009766,0.470031738,-0.980368972,-0.0502730981,0.046894975,3.14160156,21,2868351724024,2868345240,20,3,1,5999516,0.05859375,-0.01953125,0.02734375,23,2868357721851,2868355540,22,0,1,1689,0,-0.00390625,0
1,3,2868367624540,2868367727408,1,0,0,1,0,7,7,0,0,0,4,0,0,23,2868358734702,2868355440,22,0,1,8992706,0.882019043,-0.033203125,0.00885009766,0.470031738,-0.980368972,-0.0502730981,0.046894975,3.14160156,22,2868360740496,2868355540,21,3,1,6986912,0.01953125,-0.0078125,-0.01171875,24,2868367725701,2868365540,23,0,1,1707,0,-0.001953125,0
1,4,2868377624540,2868377725339,1,0,0,1,0,7,7,0,0,0,4,0,0,24,2868368736177,2868365040,23,0,1,8989162,0.882019043,-0.033203125,0.00885009766,0.470031738,-0.980368972,-0.0502730981,0.046894975,3.14160156,23,2868370722342,2868365040,22,3,1,7002997,0.01953125,-0.0078125,-0.01171875,25,2868377723688,2868375340,24,0,1,1651,-0.001953125,0,0.001953125
1,5,2868387624540,2868387736778,1,0,0,1,0,7,7,0,0,1,4,0,0,26,2868387734607,2868384740,25,0,1,2171,0.882019043,-0.033203125,0.0087890625,0.470031738,-0.980368495,-0.0503305458,0.0467873029,3.14160156,24,2868380724485,2868375539,23,3,1,7012293,-0.015625,0.0078125,0.02734375,26,2868386722517,2868384340,25,0,1,1014261,-0.00390625,0,-0.001953125
1,6,2868397624540,2868397724182,1,0,0,1,0,7,6,1,0,0,4,0,0,26,2868387734607,2868384740,25,0,1,9989575,0.882019043,-0.033203125,0.0087890625,0.470031738,-0.980368495,-0.0503305458,0.0467873029,3.14160156,25,2868389720126,2868385140,24,3,1,8004056,0.01953125,-0.0078125,-0.01171875,27,2868397722624,2868395339,26,0,1,1558,-0.001953125,0,0.001953125
1,7,2868407624540,2868407724062,1,0,0,1,0,7,7,0,0,0,4,0,0,27,2868398734448,2868395440,26,0,1,8989614,0.882019043,-0.0332641602,0.0087890625,0.470031738,-0.980369091,-0.0504383519,0.0468446799,3.14160156,26,2868400719273,2868395340,25,3,1,7004789,-0.015625,0.0078125,0.02734375,28,2868407722429,2868405339,27,0,1,1633,0,-0.001953125,0
1,8,2868417624540,2868417722903,1,0,0,1,0,7,7,0,0,0,4,0,0,28,2868408734403,2868405440,27,0,1,8988500,0.882019043,-0.0332641602,0.0087890625,0.470031738,-0.980369091,-0.0504383519,0.0468446799,3.14160156,27,2868410721008,2868405039,26,3,1,7001895,0.01171875,-0.0078125,-0.01171875,29,2868417721271,2868415539,28,0,1,1632,0.001953125,0,0
1,9,2868427624540,2868427724323,1,0,0,1,0,7,7,0,0,0,4,0,0,29,2868418734357,2868415440,28,0,1,8989966,0.882019043,-0.033203125,0.00872802734,0.470031738,-0.980368018,-0.0503879972,0.0466796272,3.14160156,28,2868420720962,2868415539,27,3,1,7003361,0.02734375,0.02734375,-0.01171875,30,2868427722412,2868425539,29,0,1,1911,0.001953125,0.00390625,0.001953125
1,10,2868437624540,2868437723146,1,0,0,1,0,7,7,0,0,0,4,0,0,30,2868428734033,2868425239,29,0,1,8989113,0.882019043,-0.033203125,0.00872802734,0.470031738,-0.980368018,-0.0503879972,0.0466796272,3.14160156,29,2868430721714,2868425540,28,3,1,7001432,0.01171875,-0.0078125,-0.01171875,31,2868437721254,2868435539,30,0,1,1892,0.00390625,0,0.001953125
1,11,2868447624540,2868447723378,1,0,0,1,0,7,7,0,0,0,4,0,0,31,2868438734340,2868435040,30,0,1,8989038,0.881958008,-0.033203125,0.00872802734,0.470031738,-0.980515182,-0.0503839366,0.0466886237,3.14160156,30,2868440721205,2868435539,29,3,1,7002173,0.01171875,-0.0078125,-0.01171875,32,2868447721412,2868444938,31,0,1,1966,0.001953125,-0.00390625,0
1,12,2868457624540,2868457736503,1,0,0,1,0,7,7,0,0,1,4,0,0,33,2868457734092,2868454740,32,0,1,2411,0.881958008,-0.033203125,0.00872802734,0.470031738,-0.980515182,-0.0503839366,0.0466886237,3.14160156,31,2868450721474,2868445240,30,3,1,7015029,0.01171875,-0.0078125,0.02734375,33,2868456720319,2868454339,32,0,1,1016184,0,-0.001953125,0.001953125
1,13,2868467624540,2868467722786,1,0,0,1,0,7,6,1,0,0,4,0,0,33,2868457734092,2868454740,32,0,1,9988694,0.881958008,-0.033203125,0.00872802734,0.470031738,-0.980515182,-0.0503839366,0.0466886237,3.14160156,32,2868459721309,2868455140,31,3,1,8001477,0.01171875,-0.0078125,0.02734375,34,2868467720950,2868465339,33,0,1,1836,-0.00390625,0.00390625,-0.001953125
1,14,2868477624540,2868477722666,1,0,0,1,0,7,7,0,0,0,4,0,0,34,2868468734147,2868465040,33,0,1,8988519,0.881958008,-0.033203125,0.00872802734,0.470031738,-0.980515182,-0.0503839366,0.0466886237,3.14160156,33,2868470721309,2868464639,32,3,1,7001357,-0.0234375,0.0078125,0.02734375,35,2868477720811,2868475139,34,0,1,1855,-0.001953125,-0.001953125,0
1,15,2868487624540,2868487722565,1,0,0,1,0,7,7,0,0,0,4,0,0,35,2868478734454,2868475240,34,0,1,8988111,0.881958008,-0.033203125,0.00866699219,0.470031738,-0.980514705,-0.050441388,0.046580933,3.14160156,34,2868480721022,2868475539,33,3,1,7001543,-0.0234375,0.00390625,-0.01171875,36,2868487720673,2868485339,35,0,1,1892,-0.001953125,0,0
1,16,2868497624540,2868497722853,1,0,0,1,0,7,7,0,0,0,4,0,0,36,2868488734390,2868485240,35,0,1,8988463,0.881958008,-0.033203125,0.00866699219,0.470031738,-0.980514705,-0.050441388,0.046580933,3.14160156,35,2868490720995,2868485540,34,3,1,7001858,-0.0234375,0.0078125,0.02734375,37,2868497720942,2868495539,36,0,1,1911,0.001953125,-0.00390625,0
1,17,2868507624540,2868507722993,1,0,0,1,0,7,7,0,0,0,4,0,0,37,2868498733862,2868495240,36,0,1,8989131,0.881958008,-0.033203125,0.00866699219,0.470031738,-0.980514705,-0.050441388,0.046580933,3.14160156,36,2868500721042,2868495539,35,3,1,7001951,0.01171875,-0.0078125,-0.01171875,38,2868507721101,2868505339,37,0,1,1892,-0.001953125,0,-0.001953125
1,18,2868517624540,2868517722947,1,0,0,1,0,7,7,0,0,0,4,0,0,38,2868508734335,2868505040,37,0,1,8988612,0.881958008,-0.033203125,0.00860595703,0.470031738,-0.980514169,-0.0504988395,0.0464732423,3.14160156,37,2868510721015,2868505040,36,3,1,7001932,0.01171875,-0.0078125,0.02734375,39,2868517721074,2868515339,38,0,1,1873,0,0.001953125,0
1,19,2868527624540,2868527723087,1,0,0,1,0,7,7,0,0,0,4,0,0,39,2868518734030,2868515240,38,0,1,8989057,0.881958008,-0.033203125,0.00860595703,0.470031738,-0.980514169,-0.0504988395,0.0464732423,3.14160156,38,2868520721117,2868515539,37,3,1,7001970,0.01171875,-0.0078125,0.02734375,40,2868527721195,2868525339,39,0,1,1892,0,0.00390625,0
1,20,2868537624540,2868537726436,1,0,0,1,0,7,7,0,0,0,4,0,0,40,2868528734151,2868524840,39,0,1,8992285,0.881958008,-0.033203125,0.00860595703,0.470031738,-0.980514169,-0.0504988395,0.0464732423,3.14160156,39,2868530720998,2868525239,38,3,1,7005438,-0.0234375,0.00390625,-0.01171875,41,2868537724507,2868535340,40,0,1,1929,0,0.001953125,-0.001953125
1,21,2868547624540,2868547723515,1,0,0,1,0,7,7,0,0,0,4,0,0,41,2868538735014,2868535240,40,0,1,8988501,0.881958008,-0.033203125,0.00860595703,0.470031738,-0.980514169,-0.0504988395,0.0464732423,3.14160156,40,2868540722677,2868535240,39,3,1,7000838,0.01171875,-0.0078125,-0.01171875,42,2868547721660,2868545140,41,0,1,1855,0,0.001953125,0.001953125
1,22,2868557624540,2868557722449,1,0,0,1,0,7,7,0,0,0,4,0,0,42,2868548734486,2868545240,41,0,1,8987963,0.881958008,-0.033203125,0.00860595703,0.470031738,-0.980514169,-0.0504988395,0.0464732423,3.14160156,41,2868550721426,2868545240,40,3,1,7001023,0.01171875,-0.0078125,-0.01171875,43,2868557720650,2868555339,42,0,1,1799,0.00390625,0,0
1,23,2868567624540,2868567722014,1,0,0,1,0,7,7,0,0,0,4,0,0,43,2868558734459,2868555240,42,0,1,8987555,0.881958008,-0.033203125,0.00860595703,0.470031738,-0.980514169,-0.0504988395,0.0464732423,3.14160156,42,2868560721547,2868555540,41,3,1,7000467,-0.0234375,0.00390625,-0.01171875,44,2868567720215,2868565338,43,0,1,1799,-0.001953125,0,0
1,24,2868577624540,2868577722209,1,0,0,1,0,7,7,0,0,0,4,0,0,44,2868568734135,2868565240,43,0,1,8988074,0.881958008,-0.033203125,0.00860595703,0.470031738,-0.980514169,-0.0504988395,0.0464732423,3.14160156,43,2868570721353,2868565539,42,3,1,7000856,-0.0234375,0.00390625,-0.01171875,45,2868577720429,2868575339,44,0,1,1780,0,0,0
1,25,2868587624540,2868587721997,1,0,0,1,0,7,7,0,0,0,4,0,0,45,2868578734331,2868575040,44,0,1,8987666,0.881958008,-0.033203125,0.00860595703,0.470031738,-0.980514169,-0.0504988395,0.0464732423,3.14160156,44,2868580721047,2868575539,43,3,1,7000950,0.01171875,-0.0078125,-0.01171875,46,2868587720179,2868585139,45,0,1,1818,0,0.001953125,0
1,26,2868597624540,2868597722062,1,0,0,1,0,7,7,0,0,0,4,0,0,46,2868588734304,2868585240,45,0,1,8987758,0.881958008,-0.033203125,0.00854492188,0.470031738,-0.980513692,-0.0505562872,0.0463655517,3.14160156,45,2868590721410,2868585240,44,3,1,7000652,0.01171875,-0.0078125,-0.01171875,47,2868597720226,2868595539,46,0,1,1836,0,0.001953125,-0.001953125
1,27,2868607624540,2868607722369,1,0,0,1,0,7,7,0,0,0,4,0,0,47,2868598734369,2868595540,46,0,1,8988000,0.881958008,-0.033203125,0.00854492188,0.470031738,-0.980513692,-0.0505562872,0.0463655517,3.14160156,46,2868600721401,2868595940,45,3,1,7000968,0.01171875,-0.0078125,0.02734375,48,2868607720514,2868605339,47,0,1,1855,0,0.00390625,0
1,28,2868617624540,2868617722101,1,0,0,1,0,7,7,0,0,0,4,0,0,48,2868608734120,2868605240,47,0,1,8987981,0.882019043,-0.033203125,0.00854492188,0.470031738,-0.980366528,-0.0505603477,0.0463566035,3.14160156,47,2868610721393,2868605040,46,3,1,7000708,0.01171875,-0.0078125,0.02734375,49,2868617720301,2868615139,48,0,1,1800,-0.001953125,0,0
1,29,2868627624540,2868627722204,1,0,0,1,0,7,7,0,0,0,4,0,0,49,2868618734352,2868615240,48,0,1,8987852,0.881958008,-0.033203125,0.00854492188,0.470031738,-0.980513692,-0.0505562872,0.0463655517,3.14160156,48,2868620721384,2868615540,47,3,1,7000820,0.01171875,-0.0078125,0.02734375,50,2868627720404,2868625139,49,0,1,1800,-0.001953125,0,0
1,30,2868637624540,2868637722306,1,0,0,1,0,7,7,0,0,0,4,0,0,50,2868628734381,2868625240,49,0,1,8987925,0.881958008,-0.033203125,0.00854492188,0.470031738,-0.980513692,-0.0505562872,0.0463655517,3.14160156,49,2868630721357,2868625340,48,3,1,7000949,-0.0234375,0.0078125,0.02734375,51,2868637720451,2868635539,50,0,1,1855,0.001953125,0,0
1,31,2868647624540,2868647721852,1,0,0,1,0,7,7,0,0,0,4,0,0,51,2868638734168,2868635240,50,0,1,8987684,0.881958008,-0.033203125,0.00854492188,0.470031738,-0.980513692,-0.0505562872,0.0463655517,3.14160156,50,2868640721070,2868635540,49,3,1,7000782,0.01171875,-0.0078125,-0.01171875,52,2868647720053,2868645339,51,0,1,1799,0.001953125,0,0
1,32,2868657624540,2868657723013,1,0,0,1,0,7,7,0,0,0,4,0,0,52,2868648734289,2868645040,51,0,1,8988724,0.881958008,-0.033203125,0.00854492188,0.470031738,-0.980513692,-0.0505562872,0.0463655517,3.14160156,51,2868650721173,2868645040,50,3,1,7001840,-0.0234375,0.00390625,-0.01171875,53,2868657721176,2868654939,52,0,1,1837,0,0,0
1,33,2868667624540,2868667722614,1,0,0,1,0,7,7,0,0,0,4,0,0,53,2868658734392,2868655240,52,0,1,8988222,0.881958008,-0.033203125,0.00854492188,0.470031738,-0.980513692,-0.0505562872,0.0463655517,3.14160156,52,2868660721127,2868655340,51,3,1,7001487,-0.0234375,0.00390625,-0.01171875,54,2868667720741,2868665339,53,0,1,1873,-0.00390625,-0.001953125,0
1,34,2868677624540,2868677723700,1,0,0,1,0,7,7,0,0,0,4,0,0,54,2868668734754,2868665440,53,0,1,8988946,0.881958008,-0.033203125,0.00848388672,0.470031738,-0.980513096,-0.0506137386,0.0462578572,3.14160156,53,2868670719134,2868665740,52,3,1,7004566,0.01171875,-0.0078125,0.02734375,55,2868677721808,2868675539,54,0,1,1892,0,0,-0.001953125
1,35,2868687624540,2868687722801,1,0,0,1,0,7,7,0,0,0,4,0,0,55,2868678734189,2868675240,54,0,1,8988612,0.881958008,-0.033203125,0.00848388672,0.470031738,-0.980513096,-0.0506137386,0.0462578572,3.14160156,54,2868680721314,2868675339,53,3,1,7001487,-0.0234375,0.00390625,-0.01171875,56,2868687720946,2868685139,55,0,1,1855,0.001953125,0.001953125,0.001953125
1,36,2868697624540,2868697722830,1,0,0,1,0,7,7,0,0,0,4,0,0,56,2868688734292,2868685240,55,0,1,8988538,0.881958008,-0.033203125,0.00848388672,0.470031738,-0.980513096,-0.0506137386,0.0462578572,3.14160156,55,2868690721176,2868685040,54,3,1,7001654,-0.0234375,0.0078125,0.02734375,57,2868697720975,2868695339,56,0,1,1855,0,-0.001953125,-0.001953125
1,37,2868707624540,2868707722914,1,0,0,1,0,7,7,0,0,0,4,0,0,57,2868698734228,2868695240,56,0,1,8988686,0.881958008,-0.0331420898,0.00848388672,0.470031738,-0.980512559,-0.0505059399,0.0462004617,3.14160156,56,2868700721519,2868695540,55,3,1,7001395,0.01171875,-0.0078125,-0.01171875,58,2868707721040,2868705339,57,0,1,1874,0.001953125,-0.005859375,0
1,38,2868717624540,2868717724222,1,0,0,1,0,7,7,0,0,0,4,0,0,58,2868708734498,2868705240,57,0,1,8989724,0.881958008,-0.0331420898,0.00842285156,0.470031738,-0.980512083,-0.0505633913,0.0460927673,3.14160156,57,2868710721121,2868705540,56,3,1,7003101,0.01171875,-0.0078125,-0.01171875,59,2868717722349,2868715339,58,0,1,1873,0,-0.001953125,-0.001953125
1,39,2868727624540,2868727722990,1,0,0,1,0,7,7,0,0,0,4,0,0,59,2868718733153,2868714839,58,0,1,8989837,0.881958008,-0.0331420898,0.00842285156,0.470031738,-0.980512083,-0.0505633913,0.0460927673,3.14160156,58,2868720721187,2868715339,57,3,1,7001803,0.01171875,-0.0078125,-0.01171875,60,2868727721135,2868724939,59,0,1,1855,0.00390625,0,0
1,40,2868737624540,2868737723018,1,0,0,1,0,7,7,0,0,0,4,0,0,60,2868728733089,2868725039,59,0,1,8989929,0.882019043,-0.0331420898,0.00842285156,0.470031738,-0.980364859,-0.0505674407,0.0460838638,3.14160156,59,2868730721197,2868725240,58,3,1,7001821,0.01171875,-0.0078125,0.02734375,61,2868737721163,2868735339,60,0,1,1855,0.00390625,0.00390625,0.001953125
1,41,2868747624540,2868747722843,1,0,0,1,0,7,7,0,0,0,4,0,0,61,2868738733155,2868735439,60,0,1,8989688,0.881958008,-0.0331420898,0.00842285156,0.470031738,-0.980512083,-0.0505633913,0.0460927673,3.14160156,60,2868740721096,2868735740,59,3,1,7001747,-0.0234375,0.0078125,0.02734375,62,2868747720988,2868745339,61,0,1,1855,-0.001953125,-0.001953125,0.00390625
1,42,2868757624540,2868757723131,1,0,0,1,0,7,7,0,0,0,4,0,0,62,2868748733016,2868745239,61,0,1,8990115,0.881958008,-0.0331420898,0.00842285156,0.470031738,-0.980512083,-0.0505633913,0.0460927673,3.14160156,61,2868750720864,2868744839,60,3,1,7002267,0.01171875,-0.0078125,-0.01171875,63,2868757721220,2868755140,62,0,1,1911,0,0,0
1,43,2868767624540,2868767722955,1,0,0,1,0,7,7,0,0,0,4,0,0,63,2868758733286,2868755239,62,0,1,8989669,0.881958008,-0.0331420898,0.00842285156,0.470031738,-0.980512083,-0.0505633913,0.0460927673,3.14160156,62,2868760721116,2868755540,61,3,1,7001839,0.01171875,-0.0078125,0.02734375,64,2868767721100,2868765139,63,0,1,1855,0,0,0
1,44,2868777624540,2868777722668,1,0,0,1,0,7,7,0,0,0,4,0,0,64,2868768733148,2868765239,63,0,1,8989520,0.881958008,-0.0331420898,0.00842285156,0.470031738,-0.980512083,-0.0505633913,0.0460927673,3.14160156,63,2868770721330,2868765340,62,3,1,7001338,-0.0234375,0.0078125,0.02734375,65,2868777720813,2868775339,64,0,1,1855,0.001953125,-0.001953125,0
1,45,2868787624540,2868787725034,1,0,0,1,0,7,7,0,0,0,4,0,0,65,2868778733232,2868775039,64,0,1,8991802,0.881958008,-0.0330810547,0.00836181641,0.470031738,-0.98051095,-0.050513044,0.0459276773,3.14160156,64,2868780721080,2868775339,63,3,1,7003954,0.01171875,-0.0078125,0.02734375,66,2868787723161,2868785340,65,0,1,1873,0.001953125,0,0
1,46,2868797624540,2868797723375,1,0,0,1,0,7,7,0,0,0,4,0,0,66,2868788733538,2868785039,65,0,1,8989837,0.881958008,-0.0330810547,0.00836181641,0.470031738,-0.98051095,-0.050513044,0.0459276773,3.14160156,65,2868790726599,2868785040,64,3,1,6996776,0.01171875,-0.0078125,0.02734375,67,2868797721408,2868795339,66,0,1,1967,0,-0.001953125,0
1,47,2868807624540,2868807723923,1,0,0,1,0,7,7,0,0,0,4,0,0,67,2868798733382,2868795239,66,0,1,8990541,0.881958008,-0.0330810547,0.00836181641,0.470031738,-0.98051095,-0.050513044,0.0459276773,3.14160156,66,2868800721137,2868795538,65,3,1,7002786,-0.0234375,0.0078125,0.02734375,68,2868807721938,2868805340,67,0,1,1985,0,-0.001953125,0
1,48,2868817624540,2868817724044,1,0,0,1,0,7,7,0,0,0,4,0,0,68,2868808734133,2868805239,67,0,1,8989911,0.881958008,-0.0330810547,0.00836181641,0.470031738,-0.98051095,-0.050513044,0.0459276773,3.14160156,67,2868810720219,2868805540,66,3,1,7003825,-0.0234375,0.0078125,0.01953125,69,2868817722207,2868815539,68,0,1,1837,0,0.001953125,0
1,49,2868827624540,2868827722941,1,0,0,1,0,7,7,0,0,0,4,0,0,69,2868818734644,2868815240,68,0,1,8988297,0.881958008,-0.0330810547,0.00836181641,0.470031738,-0.98051095,-0.050513044,0.0459276773,3.14160156,68,2868820721120,2868815240,67,3,1,7001821,0.01171875,-0.0078125,-0.01953125,70,2868827721104,2868824939,69,0,1,1837,0.001953125,0.001953125,-0.00390625
1,50,2868837624540,2868837723044,1,0,0,1,0,7,7,0,0,0,4,0,0,70,2868828734153,2868825240,69,0,1,8988891,0.881958008,-0.0330810547,0.00836181641,0.470031738,-0.98051095,-0.050513044,0.0459276773,3.14160156,69,2868830721278,2868825239,68,3,1,7001766,-0.0234375,0.00390625,-0.01953125,71,2868837721189,2868835339,70,0,1,1855,-0.001953125,0,-0.001953125
1,51,2868847624540,2868847726188,1,0,0,1,0,7,7,0,0,0,4,0,0,71,2868838734182,2868835240,70,0,1,8992006,0.882019043,-0.0330810547,0.00830078125,0.470031738,-0.98036319,-0.0505745374,0.0458111204,3.14160156,70,2868840731899,2868835340,69,3,1,6994289,0.02734375,0.02734375,-0.01953125,72,2868847723962,2868845339,71,0,1,2226,0.001953125,-0.001953125,0
1,52,2868857624540,2868857723991,1,0,0,1,0,7,7,0,0,0,4,0,0,72,2868848734841,2868845240,71,0,1,8989150,0.882019043,-0.0330810547,0.00830078125,0.470031738,-0.98036319,-0.0505745374,0.0458111204,3.14160156,71,2868850721595,2868845339,70,3,1,7002396,0.01171875,-0.0078125,-0.01953125,73,2868857722117,2868855339,72,0,1,1874,-0.00390625,0.00390625,0
1,53,2868867624540,2868867723723,1,0,0,1,0,7,7,0,0,0,4,0,0,73,2868858734480,2868854840,72,0,1,8989243,0.882019043,-0.0330810547,0.00830078125,0.470031738,-0.98036319,-0.0505745374,0.0458111204,3.14160156,72,2868860721141,2868855339,71,3,1,7002582,0.01171875,-0.0078125,0.01953125,74,2868867721831,2868864939,73,0,1,1892,-0.001953125,0,-0.001953125
1,54,2868877624540,2868877722527,1,0,0,1,0,7,7,0,0,0,4,0,0,74,2868868734008,2868865040,73,0,1,8988519,0.882019043,-0.0330810547,0.00830078125,0.470031738,-0.98036319,-0.0505745374,0.0458111204,3.14160156,73,2868870721986,2868865040,72,3,1,7000541,0.01171875,-0.0078125,-0.01953125,75,2868877720653,2868875539,74,0,1,1874,0.001953125,0,0
1,55,2868887624540,2868887722518,1,0,0,1,0,7,7,0,0,0,4,0,0,75,2868878733758,2868875240,74,0,1,8988760,0.882019043,-0.0331420898,0.00830078125,0.470031738,-0.980363727,-0.0506823435,0.0458685048,3.14160156,74,2868880720437,2868875539,73,3,1,7002081,0.01171875,-0.0078125,0.01953125,76,2868887720645,2868885339,75,0,1,1873,0.00390625,-0.001953125,0.001953125
1,56,2868897624540,2868897722417,1,0,0,1,0,7,7,0,0,0,4,0,0,76,2868888733805,2868885040,75,0,1,8988612,0.882019043,-0.0330810547,0.00830078125,0.470031738,-0.98036319,-0.0505745374,0.0458111204,3.14160156,75,2868890722673,2868884640,74,3,1,6999744,0.01171875,-0.0078125,-0.01953125,77,2868897720525,2868895139,76,0,1,1892,-0.001953125,0,0
1,57,2868907624540,2868907722390,1,0,0,1,0,7,7,0,0,0,4,0,0,77,2868898733945,2868895040,76,0,1,8988445,0.882019043,-0.0330810547,0.00830078125,0.470031738,-0.98036319,-0.0505745374,0.0458111204,3.14160156,76,2868900720569,2868895339,75,3,1,7001821,0.05078125,-0.01953125,0.01953125,78,2868907720516,2868905339,77,0,1,1874,0,0.001953125,-0.001953125
1,58,2868917624540,2868917724348,1,0,0,1,0,7,7,0,0,0,4,0,0,78,2868908733825,2868905240,77,0,1,8990523,0.882019043,-0.0330810547,0.00830078125,0.470031738,-0.98036319,-0.0505745374,0.0458111204,3.14160156,77,2868910720801,2868905339,76,3,1,7003547,0.01171875,-0.0078125,-0.01953125,79,2868917722455,2868915140,78,0,1,1893,0,0,-0.001953125
1,59,2868927624540,2868927723374,1,0,0,1,0,7,7,0,0,0,4,0,0,79,2868918734280,2868915040,78,0,1,8989094,0.882019043,-0.0330810547,0.00830078125,0.470031738,-0.98036319,-0.0505745374,0.0458111204,3.14160156,78,2868920724280,2868915240,77,3,1,6999094,-0.0234375,0.00390625,-0.01953125,80,2868927721371,2868925339,79,0,1,2003,0,-0.001953125,0
1,60,2868937624540,2868937722884,1,0,0,1,0,7,7,0,0,0,4,0,0,80,2868928734439,2868924840,79,0,1,8988445,0.882019043,-0.0330810547,0.00823974609,0.469970703,-0.980302572,-0.0506329946,0.0457046442,3.14160156,79,2868930720357,2868924839,78,3,1,7002527,-0.0234375,0.0078125,0.01953125,81,2868937720991,2868935339,80,0,1,1893,-0.001953125,-0.001953125,-0.001953125
1,61,2868947624540,2868947723506,1,0,0,1,0,7,7,0,0,0,4,0,0,81,2868938733948,2868935040,80,0,1,8989558,0.882019043,-0.0330810547,0.00823974609,0.469970703,-0.980302572,-0.0506329946,0.0457046442,3.14160156,80,2868940718902,2868935339,79,3,1,7004604,0.02734375,0.02734375,0.01953125,82,2868947721651,2868945339,81,0,1,1855,0.001953125,0,0.001953125
1,62,2868957624540,2868957722774,1,0,0,1,0,7,7,0,0,0,4,0,0,82,2868948734199,2868945040,81,0,1,8988575,0.882019043,-0.0330810547,0.00823974609,0.469970703,-0.980302572,-0.0506329946,0.0457046442,3.14160156,81,2868950720934,2868945339,80,3,1,7001840,0.05078125,-0.01953125,0.01953125,83,2868957720900,2868955339,82,0,1,1874,0.00390625,0,0
1,63,2868967624540,2868967722431,1,0,0,1,0,7,7,0,0,0,4,0,0,83,2868958733912,2868955040,82,0,1,8988519,0.882019043,-0.0330810547,0.00823974609,0.469970703,-0.980302572,-0.0506329946,0.0457046442,3.14160156,82,2868960720610,2868955239,81,3,1,7001821,0.00390625,-0.0078125,-0.01953125,84,2868967720558,2868964939,83,0,1,1873,0,-0.001953125,0
1,64,2868977624540,2868977722534,1,0,0,1,0,7,7,0,0,0,4,0,0,84,2868968734107,2868965040,83,0,1,8988427,0.882019043,-0.0330200195,0.00823974609,0.469970703,-0.980302036,-0.0505251884,0.0456472598,3.14160156,83,2868970720787,2868965239,82,3,1,7001747,0.00390625,-0.0078125,0.01953125,85,2868977720697,2868975339,84,0,1,1837,0.001953125,-0.001953125,-0.001953125
1,65,2868987624540,2868987722377,1,0,0,1,0,7,7,0,0,0,4,0,0,85,2868978734451,2868975040,84,0,1,8987926,0.882019043,-0.0330200195,0.00823974609,0.469970703,-0.980302036,-0.0505251884,0.0456472598,3.14160156,84,2868980720797,2868975339,83,3,1,7001580,0.00390625,-0.0078125,0.01953125,86,2868987720522,2868985339,85,0,1,1855,0,0.001953125,0
1,66,2868997624540,2868997722609,1,0,0,1,0,7,7,0,0,0,4,0,0,86,2868988733775,2868985040,85,0,1,8988834,0.882019043,-0.0330200195,0.00817871094,0.469970703,-0.980301499,-0.0505826287,0.0455395617,3.14160156,85,2868990721067,2868985039,84,3,1,7001542,-0.03125,0.0078125,0.01953125,87,2868997720717,2868995339,86,0,1,1892,-0.00390625,0,0.00390625
1,67,2869007624540,2869007722360,1,0,0,1,0,7,7,0,0,0,4,0,0,87,2868998733432,2868994840,86,0,1,8988928,0.882019043,-0.0330200195,0.00817871094,0.469970703,-0.980301499,-0.0505826287,0.0455395617,3.14160156,86,2869000720854,2868995339,85,3,1,7001506,0.00390625,-0.0078125,-0.01953125,88,2869007720505,2869005139,87,0,1,1855,0.001953125,-0.00390625,0.00390625
1,68,2869017624540,2869017722685,1,0,0,1,0,7,7,0,0,0,4,0,0,88,2869008733405,2869005040,87,0,1,8989280,0.882019043,-0.0330200195,0.00817871094,0.470031738,-0.980361521,-0.0505816303,0.0455383696,3.14160156,87,2869010721142,2869005239,86,3,1,7001543,0.00390625,-0.0078125,0.01953125,89,2869017720811,2869015539,88,0,1,1874,0.001953125,0.001953125,-0.001953125
1,69,2869027624540,2869027722676,1,0,0,1,0,7,7,0,0,0,4,0,0,89,2869018733601,2869015040,88,0,1,8989075,0.882019043,-0.0330200195,0.00817871094,0.470031738,-0.980361521,-0.0505816303,0.0455383696,3.14160156,88,2869020720855,2869015339,87,3,1,7001821,0.0078125,-0.0078125,0.05859375,90,2869027720821,2869025339,89,0,1,1855,0,0.001953125,0.001953125
1,70,2869037624540,2869037765147,1,0,0,1,0,7,7,0,0,0,4,0,0,90,2869028733611,2869025040,89,0,1,9031536,0.882019043,-0.0330200195,0.00817871094,0.470031738,-0.980361521,-0.0505816303,0.0455383696,3.14160156,89,2869030719734,2869024638,88,3,1,7045413,0.00390625,-0.0078125,0.01953125,91,2869037757579,2869035146,90,0,1,7568,0,0,0.001953125
1,71,2869047624540,2869047750484,1,0,0,1,0,7,7,0,0,0,4,0,0,91,2869038777176,2869035060,90,0,1,8973308,0.882019043,-0.0330200195,0.00817871094,0.470031738,-0.980361521,-0.0505816303,0.0455383696,3.14160156,90,2869040747198,2869035343,89,3,1,7003286,0.00390625,-0.0078125,-0.01953125,92,2869047747442,2869045137,91,0,1,3042,0,-0.001953125,0
1,72,2869057624540,2869057728995,1,0,0,1,0,7,7,0,0,0,4,0,0,92,2869048730755,2869044838,91,0,1,8998240,0.882019043,-0.0330200195,0.00811767578,0.470031738,-0.980360806,-0.0506390817,0.0454306826,3.14160156,91,2869050725671,2869045238,90,3,1,7003324,0.00390625,-0.0078125,0.01953125,93,2869057726750,2869055538,92,0,1,2245,-0.001953125,0.001953125,-0.001953125
1,73,2869067624540,2869067725295,1,0,0,1,0,7,7,0,0,0,4,0,0,93,2869058733882,2869055039,92,0,1,8991413,0.882019043,-0.0330200195,0.00811767578,0.470031738,-0.980360806,-0.0506390817,0.0454306826,3.14160156,92,2869060720172,2869055238,91,3,1,7005123,0.00390625,-0.0078125,-0.01953125,94,2869067723458,2869065339,93,0,1,1837,0.001953125,0.001953125,0
1,74,2869077624540,2869077725045,1,0,0,1,0,7,7,0,0,0,4,0,0,94,2869068734745,2869064840,93,0,1,8990300,0.882019043,-0.0330200195,0.00811767578,0.470031738,-0.980360806,-0.0506390817,0.0454306826,3.14160156,93,2869070720720,2869064839,92,3,1,7004325,-0.03125,0.00390625,-0.01953125,95,2869077723079,2869075340,94,0,1,1966,0.001953125,-0.00390625,0.001953125
1,75,2869087624540,2869087723794,1,0,0,1,0,7,7,0,0,0,4,0,0,95,2869078735460,2869075040,94,0,1,8988334,0.882019043,-0.0330200195,0.00811767578,0.470031738,-0.980360806,-0.0506390817,0.0454306826,3.14160156,94,2869080720544,2869075339,93,3,1,7003250,-0.03125,0.00390625,-0.01953125,96,2869087721512,2869085139,95,0,1,2282,0,0.001953125,0.001953125
1,76,2869097624540,2869097725102,1,0,0,1,0,7,7,0,0,0,4,0,0,96,2869088735080,2869085040,95,0,1,8990022,0.882019043,-0.0330200195,0.00811767578,0.470031738,-0.980360806,-0.0506390817,0.0454306826,3.14160156,95,2869090720573,2869085339,94,3,1,7004529,0.00390625,-0.0078125,0.01953125,97,2869097723191,2869095340,96,0,1,1911,0.001953125,0.00390625,-0.001953125
1,77,2869107624540,2869107721346,1,0,0,1,0,7,7,0,0,0,4,0,0,97,2869098749912,2869095043,96,0,1,8971434,0.882019043,-0.0330200195,0.00811767578,0.470031738,-0.980360806,-0.0506390817,0.0454306826,3.14160156,96,2869100723291,2869095039,95,3,1,6998055,-0.03125,0.0078125,0.01953125,98,2869107719399,2869104938,97,0,1,1947,0,0,0
1,78,2869117624540,2869117723786,1,0,0,1,0,7,7,0,0,0,4,0,0,98,2869108732225,2869105039,97,0,1,8991561,0.882019043,-0.0329589844,0.00811767578,0.470031738,-0.98036027,-0.0505312756,0.0453732945,3.14160156,97,2869110722596,2869105040,96,3,1,7001190,0.00390625,-0.0078125,0.01953125,99,2869117721876,2869115339,98,0,1,1910,0.001953125,-0.001953125,0
1,79,2869127624540,2869127724928,1,0,0,1,0,7,7,0,0,0,4,0,0,99,2869118734183,2869114840,98,0,1,8990745,0.882019043,-0.0329589844,0.00811767578,0.470031738,-0.98036027,-0.0505312756,0.0453732945,3.14160156,98,2869120721140,2869115239,97,3,1,7003788,0.00390625,-0.0078125,0.01953125,100,2869127722720,2869125339,99,0,1,2208,-0.001953125,0,-0.001953125
1,80,2869137624540,2869137723009,1,0,0,1,0,7,7,0,0,0,4,0,0,100,2869128734471,2869125040,99,0,1,8988538,0.882019043,-0.0329589844,0.00811767578,0.470031738,-0.98036027,-0.0505312756,0.0453732945,3.14160156,99,2869130721447,2869125039,98,3,1,7001562,-0.03125,0.0078125,0.01953125,101,2869137721117,2869135339,100,0,1,1892,-0.001953125,0,0
1,81,2869147624540,2869147723167,1,0,0,1,0,7,7,0,0,0,4,0,0,101,2869138734258,2869134640,100,0,1,8988909,0.882019043,-0.0329589844,0.00805664062,0.470031738,-0.980359733,-0.050588727,0.0452656075,3.14160156,100,2869140721402,2869135240,99,3,1,7001765,-0.01953125,0.04296875,-0.01953125,102,2869147721294,2869145139,101,0,1,1873,-0.001953125,0.001953125,0
1,82,2869157624540,2869157725366,1,0,0,1,0,7,7,0,0,0,4,0,0,102,2869148734547,2869145040,101,0,1,8990819,0.882019043,-0.0329589844,0.00805664062,0.470031738,-0.980359733,-0.050588727,0.0452656075,3.14160156,101,2869150718963,2869145040,100,3,1,7006403,0.01953125,0.02734375,0.01953125,103,2869157723437,2869155339,102,0,1,1929,0.001953125,0.00390625,0
1,83,2869167624540,2869167723280,1,0,0,1,0,7,7,0,0,0,4,0,0,103,2869158734742,2869155040,102,0,1,8988538,0.882019043,-0.0329589844,0.00805664062,0.470031738,-0.980359733,-0.050588727,0.0452656075,3.14160156,102,2869160721904,2869155240,101,3,1,7001376,0.0078125,-0.0078125,0.05859375,104,2869167721499,2869165340,103,0,1,1781,0,0.001953125,0
1,84,2869177624540,2869177641447,1,0,0,1,0,7,3,4,0,0,4,0,0,104,2869168734158,2869165040,103,0,1,8907289,0.882019043,-0.0329589844,0.00805664062,0.470031738,-0.980359733,-0.050588727,0.0452656075,3.14160156,103,2869170721450,2869164640,102,3,1,6919997,0.00390625,-0.0078125,0.01953125,104,2869167721499,2869165340,103,0,1,9919948,0,0.001953125,0
1,85,2869187624540,2869187736637,1,0,0,1,0,7,7,0,0,5,4,0,0,106,2869187734281,2869184740,105,0,1,2356,0.882019043,-0.0329589844,0.00805664062,0.470031738,-0.980359733,-0.050588727,0.0452656075,3.14160156,104,2869181720318,2869175239,103,3,1,6016319,0.00390625,-0.0078125,-0.01953125,106,2869186719989,2869184338,105,0,1,1016648,0,0,0
1,86,2869197624540,2869197736424,1,0,0,1,0,7,7,0,0,0,4,0,0,107,2869197734106,2869194940,106,0,1,2318,0.882019043,-0.0329589844,0.00805664062,0.470031738,-0.980359733,-0.050588727,0.0452656075,3.14160156,105,2869189721072,2869185140,104,3,1,8015352,-0.03125,0.00390625,-0.01953125,107,2869196720296,2869194639,106,0,1,1016128,0,0,0
1,87,2869207624540,2869207736397,1,0,0,1,0,7,7,0,0,0,4,0,0,108,2869207734041,2869204940,107,0,1,2356,0.882019043,-0.0329589844,0.00799560547,0.470031738,-0.980359018,-0.0506461747,0.0451579206,3.14160156,106,2869199721119,2869195340,105,3,1,8015278,0.01953125,0.02734375,0.01953125,108,2869206720288,2869204539,107,0,1,1016109,0,0,0
1,88,2869217624540,2869217736426,1,0,0,1,0,7,7,0,0,0,4,0,0,109,2869217734051,2869214940,108,0,1,2375,0.882019043,-0.0329589844,0.00799560547,0.470031738,-0.980359018,-0.0506461747,0.0451579206,3.14160156,107,2869209721389,2869204740,106,3,1,8015037,0.0078125,-0.0078125,0.05859375,109,2869216720168,2869214539,108,0,1,1016258,0,0,0
1,89,2869227624540,2869227736529,1,0,0,1,0,7,7,0,0,0,4,0,0,110,2869227734117,2869224940,109,0,1,2412,0.882019043,-0.0329589844,0.00799560547,0.470031738,-0.980359018,-0.0506461747,0.0451579206,3.14160156,108,2869219721343,2869215340,107,3,1,8015186,0.00390625,-0.0078125,0.01953125,110,2869226720363,2869224539,109,0,1,1016166,0,0,0
1,90,2869237624540,2869237736409,1,0,0,1,0,7,7,0,0,0,4,0,0,111,2869237734071,2869234940,110,0,1,2338,0.882019043,-0.0329589844,0.00799560547,0.470031738,-0.980359018,-0.0506461747,0.0451579206,3.14160156,109,2869229721223,2869225340,108,3,1,8015186,0.00390625,-0.0078125,0.01171875,111,2869236720021,2869234639,110,0,1,1016388,0,0,0
1,91,2869247624540,2869247722914,1,0,0,1,0,7,6,1,0,0,4,0,0,111,2869237734071,2869234940,110,0,1,9988843,0.882019043,-0.0329589844,0.00799560547,0.470031738,-0.980359018,-0.0506461747,0.0451579206,3.14160156,110,2869239721122,2869235140,109,3,1,8001792,0.00390625,-0.0078125,-0.02734375,112,2869247721078,2869244940,111,0,1,1836,0,0,0
1,92,2869257624540,2869257736410,1,0,0,1,0,7,7,0,0,1,4,0,0,113,2869257733999,2869254540,112,0,1,2411,0.882019043,-0.0329589844,0.00799560547,0.470031738,-0.980359018,-0.0506461747,0.0451579206,3.14160156,111,2869250721214,2869245040,110,3,1,7015196,0.00390625,-0.0078125,0.01171875,113,2869256721617,2869254540,112,0,1,1014793,0,0,0
1,93,2869267624540,2869267736568,1,0,0,1,0,7,7,0,0,0,4,0,0,114,2869267734194,2869264940,113,0,1,2374,0.882019043,-0.0329589844,0.00799560547,0.470031738,-0.980359018,-0.0506461747,0.0451579206,3.14160156,112,2869259720919,2869254940,111,3,1,8015649,0.00390625,-0.0078125,-0.02734375,114,2869266722128,2869264539,113,0,1,1014440,0,0,0
1,94,2869277624540,2869277736541,1,0,0,1,0,7,7,0,0,0,4,0,0,115,2869277734185,2869274740,114,0,1,2356,0.882019043,-0.0329589844,0.00793457031,0.470031738,-0.980358481,-0.0507036261,0.0450502336,3.14160156,113,2869269721282,2869265340,112,3,1,8015259,0.00390625,-0.0078125,0.01171875,115,2869276720877,2869274539,114,0,1,1015664,0,0,0
1,95,2869287624540,2869287723381,1,0,0,1,0,7,6,1,0,0,4,0,0,115,2869277734185,2869274740,114,0,1,9989196,0.882019043,-0.0329589844,0.00793457031,0.470031738,-0.980358481,-0.0507036261,0.0450502336,3.14160156,114,2869279721254,2869275340,113,3,1,8002127,0.00390625,-0.0078125,0.01171875,116,2869287721489,2869285339,115,0,1,1892,0,0,0
1,96,2869297624540,2869297736654,1,0,0,1,0,7,7,0,0,1,4,0,0,117,2869297734242,2869294940,116,0,1,2412,0.882019043,-0.0329589844,0.00793457031,0.470031738,-0.980358481,-0.0507036261,0.0450502336,3.14160156,115,2869290721273,2869285040,114,3,1,7015381,0.0078125,-0.0078125,0.05078125,117,2869296721193,2869294639,116,0,1,1015461,0,0,0
1,97,2869307624540,2869307736274,1,0,0,1,0,7,7,0,0,0,4,0,0,118,2869307733900,2869304940,117,0,1,2374,0.882019043,-0.0329589844,0.00793457031,0.470031738,-0.980358481,-0.0507036261,0.0450502336,3.14160156,116,2869299721200,2869295340,115,3,1,8015074,0.00390625,-0.0078125,0.01171875,118,2869306721036,2869304539,117,0,1,1015238,0,0,0
1,98,2869317624540,2869317722873,1,0,0,1,0,7,6,1,0,0,4,0,0,118,2869307733900,2869304940,117,0,1,9988973,0.882019043,-0.0329589844,0.00793457031,0.470031738,-0.980358481,-0.0507036261,0.0450502336,3.14160156,117,2869309721284,2869304739,116,3,1,8001589,0.00390625,-0.0078125,0.01171875,119,2869317721055,2869315339,118,0,1,1818,0,0,0
1,99,2869327624540,2869327735515,1,0,0,1,0,7,7,0,0,1,4,0,0,120,2869327733178,2869324739,119,0,1,2337,0.882019043,-0.0329589844,0.00793457031,0.470031738,-0.980358481,-0.0507036261,0.0450502336,3.14160156,118,2869320721544,2869315340,117,3,1,7013971,0.00390625,-0.0078125,0.01171875,120,2869326721316,2869324539,119,0,1,1014199,0,0,0
1,100,2869337624540,2869337735432,1,0,0,1,0,7,7,0,0,0,4,0,0,121,2869337733095,2869334939,120,0,1,2337,0.882019043,-0.0329589844,0.00793457031,0.470031738,-0.980358481,-0.0507036261,0.0450502336,3.14160156,119,2869329721193,2869325140,118,3,1,8014239,0.00390625,-0.0078125,0.01171875,121,2869336721048,2869334639,120,0,1,1014384,0,0,0
1,101,2869347624540,2869347736871,1,0,0,1,0,7,7,0,0,0,4,0,0,122,2869347733476,2869344739,121,0,1,3395,0.882019043,-0.0329589844,0.00793457031,0.470031738,-0.980358481,-0.0507036261,0.0450502336,3.14160156,120,2869339734392,2869335346,119,3,1,8002479,0.04296875,-0.01953125,0.01171875,122,2869346723302,2869344539,121,0,1,1013569,0,0,0
1,102,2869357624540,2869357736194,1,0,0,1,0,7,7,0,0,0,4,0,0,123,2869357733579,2869354939,122,0,1,2615,0.882019043,-0.0329589844,0.00787353516,0.470031738,-0.980357885,-0.0507610776,0.0449425429,3.14160156,121,2869349721435,2869344740,120,3,1,8014759,0.00390625,-0.0078125,0.01171875,123,2869356722329,2869354340,122,0,1,1013865,0,0,0
1,103,2869367624540,2869367735908,1,0,0,1,0,7,7,0,0,0,4,0,0,124,2869367733366,2869364939,123,0,1,2542,0.882019043,-0.0329589844,0.00787353516,0.470031738,-0.980357885,-0.0507610776,0.0449425429,3.14160156,122,2869359721334,2869355139,121,3,1,8014574,0.00390625,-0.0078125,0.01171875,124,2869366723712,2869364540,123,0,1,1012196,0,0,0
1,104,2869377624540,2869377735509,1,0,0,1,0,7,7,0,0,0,4,0,0,125,2869377733172,2869374939,124,0,1,2337,0.882019043,-0.0329589844,0.00787353516,0.470031738,-0.980357885,-0.0507610776,0.0449425429,3.14160156,123,2869369721511,2869365340,122,3,1,8013998,0.00390625,-0.0078125,-0.02734375,125,2869376721533,2869374539,124,0,1,1013976,0,0,0
1,105,2869387624540,2869387721811,1,0,0,1,0,7,6,1,0,0,4,0,0,125,2869377733172,2869374939,124,0,1,9988639,0.882019043,-0.0329589844,0.00787353516,0.470031738,-0.980357885,-0.0507610776,0.0449425429,3.14160156,124,2869379721261,2869374939,123,3,1,8000550,0.00390625,-0.0078125,0.01171875,126,2869387719956,2869385139,125,0,1,1855,0,0,0
1,106,2869397624540,2869397735265,1,0,0,1,0,7,7,0,0,1,4,0,0,127,2869397732966,2869394539,126,0,1,2299,0.882019043,-0.0329589844,0.00787353516,0.470031738,-0.980357885,-0.0507610776,0.0449425429,3.14160156,125,2869390721395,2869384839,124,3,1,7013870,0.00390625,-0.0078125,0.01171875,127,2869396720661,2869394539,126,0,1,1014604,0,0,0
1,107,2869407624540,2869407735618,1,0,0,1,0,7,7,0,0,0,4,0,0,128,2869407732354,2869404939,127,0,1,3264,0.882019043,-0.0329589844,0.00787353516,0.470031738,-0.980357885,-0.0507610776,0.0449425429,3.14160156,126,2869399721407,2869394938,125,3,1,8014211,0.00390625,-0.0078125,0.01171875,128,2869406725707,2869404538,127,0,1,1009911,0,0,0
1,108,2869417624540,2869417736806,1,0,0,1,0,7,7,0,0,0,4,0,0,129,2869417734302,2869414540,128,0,1,2504,0.882019043,-0.0328979492,0.00787353516,0.470031738,-0.980357289,-0.0506532714,0.0448851511,3.14160156,127,2869409718663,2869405338,126,3,1,8018143,0.00390625,-0.0078125,0.01171875,129,2869416723389,2869414539,128,0,1,1013417,0,0,0
1,109,2869427624540,2869427725252,1,0,0,1,0,7,6,1,0,0,4,0,0,129,2869417734302,2869414540,128,0,1,9990950,0.882019043,-0.0328979492,0.00787353516,0.470031738,-0.980357289,-0.0506532714,0.0448851511,3.14160156,128,2869419721353,2869415139,127,3,1,8003899,-0.03125,0.00390625,-0.02734375,130,2869427723360,2869425139,129,0,1,1892,0,0,0
1,110,2869437624540,2869437724214,1,0,0,1,0,7,7,0,0,0,4,0,0,130,2869428734941,2869424840,129,0,1,8989273,0.882019043,-0.0328979492,0.00787353516,0.470031738,-0.980357289,-0.0506532714,0.0448851511,3.14160156,129,2869430722047,2869424839,128,3,1,7002167,0.00390625,-0.0078125,-0.02734375,131,2869437722341,2869434539,130,0,1,1873,0,0,0
1,111,2869447624540,2869447736549,1,0,0,1,0,7,7,0,0,1,4,0,0,132,2869447734212,2869444940,131,0,1,2337,0.882019043,-0.0328979492,0.0078125,0.470031738,-0.980356634,-0.0507107228,0.0447774604,3.14160156,130,2869440721584,2869435239,129,3,1,7014965,-0.00390625,-0.0078125,0.01171875,132,2869446721184,2869444539,131,0,1,1015365,0,0,0
1,112,2869457624540,2869457736327,1,0,0,1,0,7,7,0,0,0,4,0,0,133,2869457733953,2869454740,132,0,1,2374,0.882019043,-0.0328979492,0.0078125,0.470031738,-0.980356634,-0.0507107228,0.0447774604,3.14160156,131,2869449721058,2869444339,130,3,1,8015269,0,-0.0078125,0.05078125,133,2869456720554,2869454339,132,0,1,1015773,0,0,0
1,113,2869467624540,2869467736828,1,0,0,1,0,7,7,0,0,0,4,0,0,134,2869467734417,2869464440,133,0,1,2411,0.882019043,-0.0328979492,0.0078125,0.470031738,-0.980356634,-0.0507107228,0.0447774604,3.14160156,132,2869459721207,2869455139,131,3,1,8015621,-0.00390625,0,-0.02734375,134,2869466722465,2869464339,133,0,1,1014363,0,0,0
1,114,2869477624540,2869477737237,1,0,0,1,0,7,7,0,0,0,4,0,0,135,2869477734566,2869474940,134,0,1,2671,0.882019043,-0.0328979492,0.0078125,0.470031738,-0.980356634,-0.0507107228,0.0447774604,3.14160156,133,2869469721653,2869464740,132,3,1,8015584,-0.0390625,0.01171875,-0.02734375,135,2869476722466,2869474639,134,0,1,1014771,0,0,0
1,115,2869487624540,2869487736069,1,0,0,1,0,7,7,0,0,0,4,0,0,136,2869487733714,2869484740,135,0,1,2355,0.882019043,-0.0328979492,0.00775146484,0.470031738,-0.980356038,-0.0507681705,0.0446697697,3.14160156,134,2869479721227,2869475339,133,3,1,8014842,-0.00390625,0,0.01171875,136,2869486720556,2869484539,135,0,1,1015513,0,0,0
1,116,2869497624540,2869497736422,1,0,0,1,0,7,7,0,0,0,4,0,0,137,2869497734085,2869494940,136,0,1,2337,0.882019043,-0.0328979492,0.00775146484,0.470031738,-0.980356038,-0.0507681705,0.0446697697,3.14160156,135,2869489720987,2869484739,134,3,1,8015435,-0.03125,0.015625,0.01171875,137,2869496720780,2869494539,136,0,1,1015642,0,0,0
1,117,2869507624540,2869507736275,1,0,0,1,0,7,7,0,0,0,4,0,0,138,2869507733919,2869504940,137,0,1,2356,0.882019043,-0.0328979492,0.00775146484,0.470031738,-0.980356038,-0.0507681705,0.0446697697,3.14160156,136,2869499721284,2869495339,135,3,1,8014991,0.00390625,0,-0.02734375,138,2869506720743,2869504539,137,0,1,1015532,0,0,0
1,118,2869517624540,2869517736016,1,0,0,1,0,7,7,0,0,0,4,0,0,139,2869517733642,2869514940,138,0,1,2374,0.882019043,-0.0328979492,0.00775146484,0.470031738,-0.980356038,-0.0507681705,0.0446697697,3.14160156,137,2869509720877,2869505339,136,3,1,8015139,0.0078125,0,0.05078125,139,2869516720929,2869514639,138,0,1,1015087,0,0,0
1,119,2869527624540,2869527723126,1,0,0,1,0,7,6,1,0,0,4,0,0,139,2869517733642,2869514940,138,0,1,9989484,0.882019043,-0.0328979492,0.00775146484,0.470031738,-0.980356038,-0.0507681705,0.0446697697,3.14160156,138,2869519721211,2869514939,137,3,1,8001915,0.00390625,0,0.01171875,140,2869527721253,2869525139,139,0,1,1873,0,0,0
1,120,2869537624540,2869537736036,1,0,0,1,0,7,7,0,0,1,4,0,0,141,2869537733643,2869534440,140,0,1,2393,0.882019043,-0.0329589844,0.00775146484,0.470031738,-0.980356514,-0.0508759804,0.0447271578,3.14160156,139,2869530721535,2869524839,138,3,1,7014501,-0.01953125,0.05078125,-0.02734375,141,2869536720968,2869534539,140,0,1,1015068,0,0,0
1,121,2869547624540,2869547736407,1,0,0,1,0,7,7,0,0,0,4,0,0,142,2869547734033,2869544740,141,0,1,2374,0.882019043,-0.0329589844,0.00775146484,0.470031738,-0.980356514,-0.0508759804,0.0447271578,3.14160156,140,2869539720879,2869534739,139,3,1,8015528,-0.03125,0.00390625,-0.02734375,142,2869546720894,2869544539,141,0,1,1015513,0,0,0
1,122,2869557624540,2869557736222,1,0,0,1,0,7,7,0,0,0,4,0,0,143,2869557733848,2869554540,142,0,1,2374,0.882019043,-0.0328979492,0.00775146484,0.470031738,-0.980356038,-0.0507681705,0.0446697697,3.14160156,141,2869549720694,2869545139,140,3,1,8015528,0.0546875,0.015625,0.046875,143,2869556720710,2869554539,142,0,1,1015512,0,0,0
1,123,2869567624540,2869567722832,1,0,0,1,0,7,6,1,0,0,4,0,0,143,2869557733848,2869554540,142,0,1,9988984,0.882019043,-0.0328979492,0.00775146484,0.470031738,-0.980356038,-0.0507681705,0.0446697697,3.14160156,142,2869559720936,2869555139,141,3,1,8001896,0.04296875,-0.01953125,0.046875,144,2869567720959,2869565339,143,0,1,1873,0,0,0
1,124,2869577624540,2869577736261,1,0,0,1,0,7,7,0,0,1,4,0,0,145,2869577733924,2869574740,144,0,1,2337,0.882019043,-0.0328979492,0.00769042969,0.470031738,-0.980355322,-0.0508256219,0.0445620753,3.14160156,143,2869570720963,2869564839,142,3,1,7015298,0.0078125,-0.0078125,0.05078125,145,2869576720971,2869574539,144,0,1,1015290,0,0,0
1,125,2869587624540,2869587736169,1,0,0,1,0,7,7,0,0,0,4,0,0,146,2869587733813,2869584740,145,0,1,2356,0.882019043,-0.0328979492,0.00769042969,0.470031738,-0.980355322,-0.0508256219,0.0445620753,3.14160156,144,2869579720808,2869575139,143,3,1,8015361,0.00390625,-0.0078125,-0.02734375,146,2869586720637,2869584539,145,0,1,1015532,0,0,0
1,126,2869597624540,2869597736225,1,0,0,1,0,7,7,0,0,0,4,0,0,147,2869597733851,2869594740,146,0,1,2374,0.882019043,-0.0328979492,0.00769042969,0.470031738,-0.980355322,-0.0508256219,0.0445620753,3.14160156,145,2869589721049,2869584539,144,3,1,8015176,-0.03125,0.00390625,-0.02734375,147,2869596721157,2869594539,146,0,1,1015068,0,0,0
1,127,2869607624540,2869607736764,1,0,0,1,0,7,7,0,0,0,4,0,0,148,2869607734223,2869604440,147,0,1,2541,0.882019043,-0.0328979492,0.00769042969,0.470031738,-0.980355322,-0.0508256219,0.0445620753,3.14160156,146,2869599725872,2869595139,145,3,1,8010892,-0.03125,0.00390625,-0.02734375,148,2869606721715,2869604339,147,0,1,1015049,0,0,0
1,128,2869617624540,2869617736152,1,0,0,1,0,7,7,0,0,0,4,0,0,149,2869617733686,2869614740,148,0,1,2466,0.882019043,-0.0328979492,0.00769042969,0.470031738,-0.980355322,-0.0508256219,0.0445620753,3.14160156,147,2869609721292,2869604739,146,3,1,8014860,0.00390625,-0.0078125,0.01171875,149,2869616720844,2869614539,148,0,1,1015308,0,0,0
1,129,2869627624540,2869627736301,1,0,0,1,0,7,7,0,0,0,4,0,0,150,2869627733872,2869624540,149,0,1,2429,0.882019043,-0.0328979492,0.00769042969,0.470031738,-0.980355322,-0.0508256219,0.0445620753,3.14160156,148,2869619720143,2869615139,147,3,1,8016158,0.00390625,-0.0078125,-0.02734375,150,2869626721438,2869624539,149,0,1,1014863,0,0,0
1,130,2869637624540,2869637736469,1,0,0,1,0,7,7,0,0,0,4,0,0,151,2869637734039,2869634740,150,0,1,2430,0.882019043,-0.0328979492,0.00769042969,0.470031738,-0.980355322,-0.0508256219,0.0445620753,3.14160156,149,2869629721349,2869624739,148,3,1,8015120,0.00390625,-0.0078125,-0.06640625,151,2869636721568,2869634339,150,0,1,1014901,0,0,0
1,131,2869647624540,2869647736080,1,0,0,1,0,7,7,0,0,0,4,0,0,152,2869647733706,2869644740,151,0,1,2374,0.882019043,-0.0328979492,0.00769042969,0.470031738,-0.980355322,-0.0508256219,0.0445620753,3.14160156,150,2869639719921,2869635138,149,3,1,8016159,0.00390625,-0.0078125,-0.02734375,152,2869646720790,2869644539,151,0,1,1015290,0,0,0
1,132,2869657624540,2869657736304,1,0,0,1,0,7,7,0,0,0,4,0,0,153,2869657733948,2869654740,152,0,1,2356,0.882019043,-0.0328979492,0.00769042969,0.470031738,-0.980355322,-0.0508256219,0.0445620753,3.14160156,151,2869649720293,2869645139,150,3,1,8016011,0.01953125,0.03125,0.046875,153,2869656720920,2869654639,152,0,1,1015384,0,0,0
1,133,2869667624540,2869667722654,1,0,0,1,0,7,6,1,0,0,4,0,0,153,2869657733948,2869654740,152,0,1,9988706,0.882019043,-0.0328979492,0.00769042969,0.470031738,-0.980355322,-0.0508256219,0.0445620753,3.14160156,152,2869659720646,2869654939,151,3,1,8002008,-0.01953125,0.04296875,-0.02734375,154,2869667720780,2869665139,153,0,1,1874,0,0,0
1,134,2869677624540,2869677736045,1,0,0,1,0,7,7,0,0,1,4,0,0,155,2869677733727,2869674440,154,0,1,2318,0.882019043,-0.0328979492,0.00769042969,0.470031738,-0.980355322,-0.0508256219,0.0445620753,3.14160156,153,2869670721118,2869664839,152,3,1,7014927,0.00390625,-0.0078125,-0.06640625,155,2869676720792,2869674639,154,0,1,1015253,0,0,0
1,135,2869687624540,2869687736398,1,0,0,1,0,7,7,0,0,0,4,0,0,156,2869687733987,2869684540,155,0,1,2411,0.882019043,-0.0328979492,0.00769042969,0.470031738,-0.980355322,-0.0508256219,0.0445620753,3.14160156,154,2869679720277,2869674739,153,3,1,8016121,0.01953125,0.02734375,0.01171875,156,2869686720978,2869684539,155,0,1,1015420,0,0,0
1,136,2869697624540,2869697722674,1,0,0,1,0,7,6,1,0,0,4,0,0,156,2869687733987,2869684540,155,0,1,9988687,0.882019043,-0.0328979492,0.00769042969,0.470031738,-0.980355322,-0.0508256219,0.0445620753,3.14160156,155,2869689719943,2869684939,154,3,1,8002731,0.0078125,-0.0078125,0.05078125,157,2869697720875,2869694439,156,0,1,1799,0,0,0
1,137,2869707624540,2869707722805,1,0,0,1,0,7,7,0,0,0,4,0,0,157,2869698733680,2869694840,156,0,1,8989125,0.882019043,-0.0328979492,0.00762939453,0.470031738,-0.980354607,-0.0508830734,0.0444543809,3.14160156,156,2869700721306,2869695239,155,3,1,7001499,-0.03125,0.0078125,0.01171875,158,2869707720931,2869705139,157,0,1,1874,0,0,0
1,138,2869717624540,2869717736085,1,0,0,1,0,7,7,0,0,1,4,0,0,159,2869717733748,2869714740,158,0,1,2337,0.882019043,-0.0328979492,0.00762939453,0.470031738,-0.980354607,-0.0508830734,0.0444543809,3.14160156,157,2869710720657,2869704839,156,3,1,7015428,0.00390625,-0.0078125,-0.02734375,159,2869716720758,2869714639,158,0,1,1015327,0,0,0
1,139,2869727624540,2869727736958,1,0,0,1,0,7,7,0,0,0,4,0,0,160,2869727734454,2869724740,159,0,1,2504,0.882019043,-0.0328979492,0.00762939453,0.470031738,-0.980354607,-0.0508830734,0.0444543809,3.14160156,158,2869719720168,2869715138,157,3,1,8016790,0.00390625,-0.0078125,-0.02734375,160,2869726721370,2869724539,159,0,1,1015588,0,0,0
1,140,2869737624540,2869737736439,1,0,0,1,0,7,7,0,0,0,4,0,0,161,2869737734028,2869734740,160,0,1,2411,0.882019043,-0.0328979492,0.00762939453,0.470031738,-0.980354607,-0.0508830734,0.0444543809,3.14160156,159,2869729720447,2869724339,158,3,1,8015992,0.01953125,0.03125,0.046875,161,2869736721297,2869734539,160,0,1,1015142,0,0,0
1,141,2869747624540,2869747736180,1,0,0,1,0,7,7,0,0,0,4,0,0,162,2869747733806,2869744240,161,0,1,2374,0.882019043,-0.0328979492,0.00762939453,0.470031738,-0.980354607,-0.0508830734,0.0444543809,3.14160156,160,2869739721153,2869734939,159,3,1,8015027,-0.03125,0.0078125,0.01171875,162,2869746720945,2869744539,161,0,1,1015235,0,0,0
1,142,2869757624540,2869757736181,1,0,0,1,0,7,7,0,0,0,4,0,0,163,2869757733862,2869754540,162,0,1,2319,0.882019043,-0.0328979492,0.00762939453,0.470031738,-0.980354607,-0.0508830734,0.0444543809,3.14160156,161,2869749720949,2869744539,160,3,1,8015232,-0.03125,0.00390625,-0.02734375,163,2869756720965,2869754539,162,0,1,1015216,0,0,0
1,143,2869767624540,2869767736274,1,0,0,1,0,7,7,0,0,0,4,0,0,164,2869767733919,2869764440,163,0,1,2355,0.882019043,-0.0328979492,0.00762939453,0.470031738,-0.980354607,-0.0508830734,0.0444543809,3.14160156,162,2869759721006,2869754939,161,3,1,8015268,0.00390625,-0.0078125,0.01171875,164,2869766720687,2869764539,163,0,1,1015587,0,0,0
1,144,2869777624540,2869777736442,1,0,0,1,0,7,7,0,0,0,4,0,0,165,2869777734068,2869774540,164,0,1,2374,0.882019043,-0.0328979492,0.00762939453,0.470031738,-0.980354607,-0.0508830734,0.0444543809,3.14160156,163,2869769721136,2869764539,162,3,1,8015306,0.0078125,-0.0078125,0.05078125,165,2869776720688,2869774339,164,0,1,1015754,0,0,0
1,145,2869787624540,2869787736368,1,0,0,1,0,7,7,0,0,0,4,0,0,166,2869787733939,2869784540,165,0,1,2429,0.882019043,-0.0328979492,0.00762939453,0.470031738,-0.980354607,-0.0508830734,0.0444543809,3.14160156,164,2869779721063,2869774939,163,3,1,8015305,0.00390625,-0.0078125,0.01171875,166,2869786720874,2869784539,165,0,1,1015494,0,0,0
1,146,2869797624540,2869797736258,1,0,0,1,0,7,7,0,0,0,4,0,0,167,2869797733902,2869794740,166,0,1,2356,0.882019043,-0.0328979492,0.00762939453,0.470031738,-0.980354607,-0.0508830734,0.0444543809,3.14160156,165,2869789720971,2869784939,164,3,1,8015287,0.00390625,-0.0078125,-0.02734375,167,2869796720856,2869794639,166,0,1,1015402,0,0,0
1,147,2869807624540,2869807736407,1,0,0,1,0,7,7,0,0,0,4,0,0,168,2869807734033,2869804740,167,0,1,2374,0.882019043,-0.0328979492,0.00762939453,0.470031738,-0.980354607,-0.0508830734,0.0444543809,3.14160156,166,2869799720786,2869794939,165,3,1,8015621,-0.03125,0.0078125,0.01171875,168,2869806720727,2869804339,167,0,1,1015680,0,0,0
1,148,2869817624540,2869817736333,1,0,0,1,0,7,7,0,0,0,4,0,0,169,2869817733996,2869814440,168,0,1,2337,0.882019043,-0.0328979492,0.00762939453,0.470031738,-0.980354607,-0.0508830734,0.0444543809,3.14160156,167,2869809721083,2869804739,166,3,1,8015250,0.0078125,-0.0078125,0.05078125,169,2869816720783,2869814639,168,0,1,1015550,0,0,0
1,149,2869827624540,2869827736557,1,0,0,1,0,7,7,0,0,0,4,0,0,170,2869827734164,2869824440,169,0,1,2393,0.882019043,-0.0328979492,0.00762939453,0.470031738,-0.980354607,-0.0508830734,0.0444543809,3.14160156,168,2869819721418,2869814540,167,3,1,8015139,0.0546875,0.015625,0.0859375,170,2869826721099,2869824539,169,0,1,1015458,0,0,0
1,150,2869837624540,2869837736186,1,0,0,1,0,7,7,0,0,0,4,0,0,171,2869837733757,2869834440,170,0,1,2429,0.882019043,-0.0328979492,0.00762939453,0.470031738,-0.980354607,-0.0508830734,0.0444543809,3.14160156,169,2869829721048,2869824339,168,3,1,8015138,0.05078125,0.015625,-0.10546875,171,2869836720692,2869834539,170,0,1,1015494,0,0,0
1,151,2869847624540,2869847738394,1,0,0,1,0,7,7,0,0,0,4,0,0,172,2869847734777,2869844540,171,0,1,3617,0.882019043,-0.0328979492,0.00756835938,0.470031738,-0.980353951,-0.0509405248,0.0443466827,3.14160156,170,2869839734087,2869834945,169,3,1,8004307,-0.01953125,0.0390625,-0.140625,172,2869846724346,2869844139,171,0,1,1014048,0,0,0
1,152,2869857624540,2869857736948,1,0,0,1,0,7,7,0,0,0,4,0,0,173,2869857734277,2869854540,172,0,1,2671,0.882019043,-0.0328979492,0.00756835938,0.470031738,-0.980353951,-0.0509405248,0.0443466827,3.14160156,171,2869849721253,2869844539,170,3,1,8015695,-0.015625,0.04296875,0.05078125,173,2869856723958,2869854540,172,0,1,1012990,0,0,0
1,153,2869867624540,2869867736893,1,0,0,1,0,7,7,0,0,0,4,0,0,174,2869867734352,2869864540,173,0,1,2541,0.882019043,-0.0328979492,0.00756835938,0.470031738,-0.980353951,-0.0509405248,0.0443466827,3.14160156,172,2869859721309,2869854939,171,3,1,8015584,0.04296875,-0.01953125,0.0859375,174,2869866723346,2869864540,173,0,1,1013547,0,0,0
1,154,2869877624540,2869877736300,1,0,0,1,0,7,7,0,0,0,4,0,0,175,2869877733945,2869874540,174,0,1,2355,0.882019043,-0.0328979492,0.00756835938,0.470031738,-0.980353951,-0.0509405248,0.0443466827,3.14160156,173,2869869721013,2869864239,172,3,1,8015287,-0.0234375,0.0390625,-0.21875,175,2869876721029,2869874539,174,0,1,1015271,0,0,0
1,155,2869887624540,2869887736486,1,0,0,1,0,7,7,0,0,0,4,0,0,176,2869887734057,2869884240,175,0,1,2429,0.882019043,-0.0328979492,0.00756835938,0.470031738,-0.980353951,-0.0509405248,0.0443466827,3.14160156,174,2869879721070,2869874939,173,3,1,8015416,-0.0703125,0.01953125,-0.09375,176,2869886721178,2869884339,175,0,1,1015308,0,-0.009765625,0
1,156,2869897624540,2869897736802,1,0,0,1,0,7,7,0,0,0,4,0,0,177,2869897734280,2869894540,176,0,1,2522,0.882019043,-0.0328979492,0.00762939453,0.470031738,-0.980354607,-0.0508830734,0.0444543809,3.14160156,175,2869889721107,2869884339,174,3,1,8015695,0.1171875,-0.04296875,0.171875,177,2869896724980,2869894539,176,0,1,1011822,0.00390625,0.02734375,0
1,157,2869907624540,2869907736896,1,0,0,1,0,7,7,0,0,0,4,0,0,178,2869907734244,2869904438,177,0,1,2652,0.882019043,-0.0328979492,0.00769042969,0.470031738,-0.980355322,-0.0508256219,0.0445620753,3.14160156,176,2869899721498,2869894739,175,3,1,8015398,0.01953125,0.0234375,0.09375,178,2869906719028,2869904539,177,0,1,1017868,0.001953125,0.005859375,0
1,158,2869917624540,2869917734523,1,0,0,1,0,7,7,0,0,0,4,0,0,179,2869917731982,2869914540,178,0,1,2541,0.882019043,-0.0328979492,0.00762939453,0.470031738,-0.980354607,-0.0508830734,0.0444543809,3.14160156,177,2869909721387,2869904339,176,3,1,8013136,-0.10546875,0.0234375,-0.09375,179,2869916721421,2869914539,178,0,1,1013102,-0.0078125,-0.0234375,0.001953125
1,159,2869927624540,2869927737231,1,0,0,1,0,7,7,0,0,0,4,0,0,180,2869927734523,2869924540,179,0,1,2708,0.882019043,-0.0328369141,0.00756835938,0.470031738,-0.980353415,-0.0508327186,0.0442892909,3.14160156,178,2869919722519,2869914940,177,3,1,8014712,-0.0546875,0.046875,-0.1328125,180,2869926721959,2869924540,179,0,1,1015272,0.00390625,-0.00390625,0
1,160,2869937624540,2869937736267,1,0,0,1,0,7,7,0,0,0,4,0,0,181,2869937733838,2869934540,180,0,1,2429,0.882019043,-0.0328369141,0.00756835938,0.470031738,-0.980353415,-0.0508327186,0.0442892909,3.14160156,179,2869929721555,2869924940,178,3,1,8014712,0.08984375,-0.00390625,0.09375,181,2869936721348,2869934639,180,0,1,1014919,0.001953125,0.01171875,0.001953125
1,161,2869947624540,2869947723211,1,0,0,1,0,7,6,1,0,0,4,0,0,181,2869937733838,2869934540,180,0,1,9989373,0.882019043,-0.0328369141,0.00756835938,0.470031738,-0.980353415,-0.0508327186,0.0442892909,3.14160156,180,2869939721074,2869934739,179,3,1,8002137,0.01953125,0.01953125,0.01953125,182,2869947721375,2869945140,181,0,1,1836,0.001953125,-0.00390625,0
1,162,2869957624540,2869957736102,1,0,0,1,0,7,7,0,0,1,4,0,0,183,2869957733783,2869954240,182,0,1,2319,0.882019043,-0.0328369141,0.00762939453,0.470031738,-0.980354071,-0.0507752672,0.044396989,3.14160156,181,2869950721008,2869944839,180,3,1,7015094,-0.06640625,0.00390625,0.01953125,183,2869956720125,2869954538,182,0,1,1015977,-0.00390625,-0.001953125,0
1,163,2869967624540,2869967736325,1,0,0,1,0,7,7,0,0,0,4,0,0,184,2869967733970,2869964440,183,0,1,2355,0.882019043,-0.0328369141,0.00756835938,0.470031738,-0.980353415,-0.0508327186,0.0442892909,3.14160156,182,2869959721094,2869954339,181,3,1,8015231,0.00390625,-0.015625,-0.05859375,184,2869966719848,2869964538,183,0,1,1016477,0,-0.005859375,0
1,164,2869977624540,2869977736270,1,0,0,1,0,7,7,0,0,0,4,0,0,185,2869977733896,2869974440,184,0,1,2374,0.882019043,-0.0328369141,0.00756835938,0.470031738,-0.980353415,-0.0508327186,0.0442892909,3.14160156,183,2869969721076,2869964239,182,3,1,8015194,0.01953125,0.01953125,0.01953125,185,2869976720145,2869974639,184,0,1,1016125,-0.00390625,0,0
1,165,2869987624540,2869987736345,1,0,0,1,0,7,7,0,0,0,4,0,0,186,2869987733915,2869984540,185,0,1,2430,0.882019043,-0.0328369141,0.00756835938,0.470031738,-0.980353415,-0.0508327186,0.0442892909,3.14160156,184,2869979721151,2869974939,183,3,1,8015194,0.01953125,0.0234375,0.0546875,186,2869986719960,2869984338,185,0,1,1016385,0.00390625,0.0078125,0
1,166,2869997624540,2869997736420,1,0,0,1,0,7,7,0,0,0,4,0,0,187,2869997734027,2869994540,186,0,1,2393,0.882019043,-0.0328369141,0.00762939453,0.470031738,-0.980354071,-0.0507752672,0.044396989,3.14160156,185,2869989720910,2869984939,184,3,1,8015510,0.00390625,-0.015625,-0.01953125,187,2869996719868,2869994538,186,0,1,1016552,0,0.00390625,0.001953125
1,167,2870007624540,2870007751722,1,0,0,1,0,7,7,0,0,0,4,0,0,188,2870007745935,2870004541,187,0,1,5787,0.882019043,-0.0328369141,0.00756835938,0.470031738,-0.980353415,-0.0508327186,0.0442892909,3.14160156,186,2869999721189,2869994939,185,3,1,8030533,-0.0546875,0.046875,-0.09765625,188,2870006726027,2870004539,187,0,1,1025695,-0.00390625,-0.013671875,0
1,168,2870017624540,2870017735494,1,0,0,1,0,7,7,0,0,0,4,0,0,189,2870017732193,2870014540,188,0,1,3301,0.882019043,-0.0327758789,0.00756835938,0.470031738,-0.980352938,-0.0507249087,0.0442318991,3.14160156,187,2870009733283,2870004242,186,3,1,8002211,-0.03125,0,0.01953125,189,2870016721929,2870014538,188,0,1,1013565,0.001953125,0,-0.001953125
1,169,2870027624540,2870027737943,1,0,0,1,0,7,7,0,0,0,4,0,0,190,2870027735012,2870024040,189,0,1,2931,0.882019043,-0.0327758789,0.00756835938,0.470031738,-0.980352938,-0.0507249087,0.0442318991,3.14160156,188,2870019723138,2870014940,187,3,1,8014805,0.0546875,0.0078125,0.0546875,190,2870026721336,2870024339,189,0,1,1016607,0.005859375,0.017578125,0
1,170,2870037624540,2870037736831,1,0,0,1,0,7,7,0,0,0,4,0,0,191,2870037734290,2870034540,190,0,1,2541,0.882019043,-0.0328369141,0.00762939453,0.470031738,-0.980354071,-0.0507752672,0.044396989,3.14160156,189,2870029723083,2870024339,188,3,1,8013748,-0.03125,-0.00390625,-0.05859375,191,2870036720446,2870034638,190,0,1,1016385,-0.001953125,-0.00390625,0
1,171,2870047624540,2870047790971,1,0,0,1,0,7,7,0,0,0,4,0,0,192,2870047780788,2870044462,191,0,1,10183,0.882019043,-0.0327758789,0.00756835938,0.470031738,-0.980352938,-0.0507249087,0.0442318991,3.14160156,190,2870039721192,2870034739,189,3,1,8069779,-0.03125,-0.00390625,-0.05859375,192,2870046772360,2870044556,191,0,1,1018611,0.001953125,-0.01171875,-0.001953125
1,172,2870057624540,2870057811355,1,0,0,1,0,7,7,0,0,0,4,0,0,193,2870057798260,2870054463,192,0,1,13095,0.882019043,-0.0327758789,0.00756835938,0.470031738,-0.980352938,-0.0507249087,0.0442318991,3.14160156,191,2870049779672,2870044368,190,3,1,8031683,0.00390625,-0.015625,-0.01953125,193,2870056772676,2870054553,192,0,1,1038679,0.00390625,0.00390625,0
1,173,2870067624540,2870067738484,1,0,0,1,0,7,7,0,0,0,4,0,0,194,2870067733123,2870064439,193,0,1,5361,0.882019043,-0.0327758789,0.00762939453,0.470031738,-0.980353594,-0.050667461,0.0443395972,3.14160156,192,2870059774702,2870054753,191,3,1,7963782,0.01953125,0.015625,0.0546875,194,2870066744411,2870064539,193,0,1,994073,0.00390625,0.0078125,-0.001953125
1,174,2870077624540,2870077737520,1,0,0,1,0,7,7,0,0,0,4,0,0,195,2870077734552,2870074539,194,0,1,2968,0.882019043,-0.0327148438,0.00762939453,0.470031738,-0.980353057,-0.0505596548,0.0442822054,3.14160156,193,2870069723086,2870064939,192,3,1,8014434,-0.03125,-0.01171875,-0.05859375,195,2870076729778,2870074641,194,0,1,1007742,-0.001953125,-0.009765625,0
1,175,2870087624540,2870087736241,1,0,0,1,0,7,7,0,0,0,4,0,0,196,2870087733422,2870084539,195,0,1,2819,0.882019043,-0.0327148438,0.00756835938,0.470031738,-0.980352402,-0.0506171025,0.0441745073,3.14160156,194,2870079721658,2870074739,193,3,1,8014583,-0.01953125,0.02734375,-0.05859375,196,2870086722657,2870084139,195,0,1,1013584,-0.00390625,-0.005859375,-0.001953125
1,176,2870097624540,2870097736093,1,0,0,1,0,7,7,0,0,0,4,0,0,197,2870097733589,2870094239,196,0,1,2504,0.882019043,-0.0327148438,0.00756835938,0.470031738,-0.980352402,-0.0506171025,0.0441745073,3.14160156,195,2870089721214,2870084539,194,3,1,8014879,0.0546875,0,0.015625,197,2870096723158,2870094639,196,0,1,1012935,0.001953125,0.0078125,0
1,177,2870107624540,2870107735593,1,0,0,1,0,7,7,0,0,0,4,0,0,198,2870107733275,2870104439,197,0,1,2318,0.882019043,-0.0327148438,0.00756835938,0.470031738,-0.980352402,-0.0506171025,0.0441745073,3.14160156,196,2870099721140,2870094539,195,3,1,8014453,0.00390625,-0.0234375,-0.01171875,198,2870106721397,2870104539,197,0,1,1014196,-0.001953125,0,0
1,178,2870117624540,2870117736298,1,0,0,1,0,7,7,0,0,0,4,0,0,199,2870117733906,2870114439,198,0,1,2392,0.882019043,-0.0327148438,0.00756835938,0.470031738,-0.980352402,-0.0506171025,0.0441745073,3.14160156,197,2870109720937,2870104239,196,3,1,8015361,-0.01953125,0.02734375,-0.05078125,199,2870116722529,2870114639,198,0,1,1013769,-0.001953125,-0.0078125,0
1,179,2870127624540,2870127738673,1,0,0,1,0,7,7,0,0,0,4,0,0,200,2870127735687,2870124539,199,0,1,2986,0.882019043,-0.0327148438,0.00756835938,0.470031738,-0.980352402,-0.0506171025,0.0441745073,3.14160156,198,2870119721828,2870114940,197,3,1,8016845,-0.03125,-0.00390625,-0.05078125,200,2870126723234,2870124340,199,0,1,1015439,0,0,0.001953125
1,180,2870137624540,2870137733462,1,0,0,1,0,7,7,0,0,0,4,0,0,201,2870137731107,2870134439,200,0,1,2355,0.882019043,-0.0327148438,0.00756835938,0.470031738,-0.980352402,-0.0506171025,0.0441745073,3.14160156,199,2870129723572,2870124940,198,3,1,8009890,0.00390625,-0.015625,0.02734375,201,2870136721844,2870134539,200,0,1,1011618,0,0.001953125,0
1,181,2870147624540,2870147735336,1,0,0,1,0,7,7,0,0,0,4,0,0,202,2870147733018,2870144439,201,0,1,2318,0.882019043,-0.0327148438,0.00756835938,0.470031738,-0.980352402,-0.0506171025,0.0441745073,3.14160156,200,2870139722312,2870134740,199,3,1,8013024,0.00390625,-0.015625,0.02734375,202,2870146720769,2870144539,201,0,1,1014567,-0.00390625,-0.001953125,0
1,182,2870157624540,2870157735504,1,0,0,1,0,7,7,0,0,0,4,0,0,203,2870157733167,2870154439,202,0,1,2337,0.882019043,-0.0327148438,0.00750732422,0.470031738,-0.980351686,-0.050674554,0.0440668091,3.14160156,201,2870149722071,2870144239,200,3,1,8013433,-0.03125,0,0.06640625,203,2870156721771,2870154539,202,0,1,1013733,0,-0.00390625,0
1,183,2870167624540,2870167735004,1,0,0,1,0,7,7,0,0,0,4,0,0,204,2870167732685,2870164039,203,0,1,2319,0.882019043,-0.0327148438,0.00750732422,0.470031738,-0.980351686,-0.050674554,0.0440668091,3.14160156,202,2870159720978,2870154739,201,3,1,8014026,0.00390625,-0.015625,-0.01171875,204,2870166720789,2870164339,203,0,1,1014215,-0.001953125,-0.001953125,0
1,184,2870177624540,2870177735820,1,0,0,1,0,7,7,0,0,0,4,0,0,205,2870177733446,2870174540,204,0,1,2374,0.882019043,-0.0327148438,0.00750732422,0.470031738,-0.980351686,-0.050674554,0.0440668091,3.14160156,203,2870169721553,2870164340,202,3,1,8014267,0.04296875,-0.02734375,0.02734375,205,2870176721086,2870174639,204,0,1,1014734,-0.001953125,0,-0.001953125
1,185,2870187624540,2870187736248,1,0,0,1,0,7,7,0,0,0,4,0,0,206,2870187733966,2870184540,205,0,1,2282,0.882019043,-0.0327148438,0.00750732422,0.470031738,-0.980351686,-0.050674554,0.0440668091,3.14160156,204,2870179721090,2870174539,203,3,1,8015158,0.0078125,-0.015625,0.06640625,206,2870186720883,2870184139,205,0,1,1015365,0.00390625,0.00390625,0
1,186,2870197624540,2870197736137,1,0,0,1,0,7,7,0,0,0,4,0,0,207,2870197733837,2870194540,206,0,1,2300,0.882019043,-0.0327148438,0.00750732422,0.470031738,-0.980351686,-0.050674554,0.0440668091,3.14160156,205,2870189720980,2870184339,204,3,1,8015157,0.01953125,0.01953125,0.02734375,207,2870196720847,2870194339,206,0,1,1015290,-0.001953125,0.001953125,0
1,187,2870207624540,2870207736231,1,0,0,1,0,7,7,0,0,0,4,0,0,208,2870207733875,2870204540,207,0,1,2356,0.882019043,-0.0327148438,0.00750732422,0.470031738,-0.980351686,-0.050674554,0.0440668091,3.14160156,206,2870199721055,2870194939,205,3,1,8015176,-0.03125,-0.00390625,-0.05078125,208,2870206721126,2870204539,207,0,1,1015105,-0.005859375,-0.009765625,-0.001953125
1,188,2870217624540,2870217735842,1,0,0,1,0,7,7,0,0,0,4,0,0,209,2870217733505,2870214440,208,0,1,2337,0.882019043,-0.0327148438,0.00750732422,0.470031738,-0.980351686,-0.050674554,0.0440668091,3.14160156,207,2870209721000,2870204939,206,3,1,8014842,-0.03125,-0.00390625,-0.01171875,209,2870216720867,2870214539,208,0,1,1014975,-0.001953125,0.001953125,0
1,189,2870227624540,2870227736343,1,0,0,1,0,7,7,0,0,0,4,0,0,210,2870227733932,2870224540,209,0,1,2411,0.882019043,-0.0327148438,0.00750732422,0.470031738,-0.980351686,-0.050674554,0.0440668091,3.14160156,208,2870219721075,2870214939,207,3,1,8015268,0.0078125,-0.015625,0.06640625,210,2870226720886,2870223939,209,0,1,1015457,0.005859375,0.009765625,0.001953125
1,190,2870237624540,2870237736233,1,0,0,1,0,7,7,0,0,0,4,0,0,211,2870237733729,2870234740,210,0,1,2504,0.882019043,-0.0327148438,0.00750732422,0.470031738,-0.980351686,-0.050674554,0.0440668091,3.14160156,209,2870229722374,2870224540,208,3,1,8013859,0.0078125,-0.015625,0.06640625,211,2870236721295,2870234339,210,0,1,1014938,0,-0.005859375,0
1,191,2870247624540,2870247736196,1,0,0,1,0,7,7,0,0,0,4,0,0,212,2870247733841,2870244440,211,0,1,2355,0.882019043,-0.0327148438,0.00750732422,0.470031738,-0.980351686,-0.050674554,0.0440668091,3.14160156,210,2870239721020,2870235139,209,3,1,8015176,-0.01953125,0.03515625,-0.05078125,212,2870246720720,2870244339,211,0,1,1015476,-0.00390625,-0.0078125,0
1,192,2870257624540,2870257736197,1,0,0,1,0,7,7,0,0,0,4,0,0,213,2870257733897,2870254440,212,0,1,2300,0.882019043,-0.0327148438,0.00750732422,0.470031738,-0.980351686,-0.050674554,0.0440668091,3.14160156,211,2870249721169,2870244539,210,3,1,8015028,0.0078125,-0.015625,0.06640625,213,2870256720517,2870254139,212,0,1,1015680,0,0.005859375,0
1,193,2870267624540,2870267736309,1,0,0,1,0,7,7,0,0,0,4,0,0,214,2870267733898,2870264440,213,0,1,2411,0.882019043,-0.0327148438,0.00750732422,0.470031738,-0.980351686,-0.050674554,0.0440668091,3.14160156,212,2870259721448,2870254739,211,3,1,8014861,0.04296875,-0.02734375,0.09375,214,2870266720796,2870264139,213,0,1,1015513,0.00390625,0.009765625,0
1,194,2870277624540,2870277736031,1,0,0,1,0,7,7,0,0,0,4,0,0,215,2870277733676,2870274440,214,0,1,2355,0.882019043,-0.0327148438,0.00750732422,0.470031738,-0.980351686,-0.050674554,0.0440668091,3.14160156,213,2870269721115,2870264739,212,3,1,8014916,0.00390625,-0.015625,-0.01953125,215,2870276720500,2870274339,214,0,1,1015531,0,-0.005859375,0
1,195,2870287624540,2870287736422,1,0,0,1,0,7,7,0,0,0,4,0,0,216,2870287734048,2870284240,215,0,1,2374,0.882019043,-0.0327148438,0.00750732422,0.470031738,-0.980351686,-0.050674554,0.0440668091,3.14160156,214,2870279721301,2870274740,213,3,1,8015121,-0.01953125,0.03515625,-0.01953125,216,2870286720927,2870284539,215,0,1,1015495,-0.005859375,-0.00390625,0
1,196,2870297624540,2870297736663,1,0,0,1,0,7,7,0,0,0,4,0,0,217,2870297734141,2870294440,216,0,1,2522,0.882019043,-0.0327148438,0.00750732422,0.470031738,-0.980351686,-0.050674554,0.0440668091,3.14160156,215,2870289721024,2870284339,214,3,1,8015639,0.0078125,-0.015625,0.05859375,217,2870296721447,2870294339,216,0,1,1015216,0,0.005859375,-0.001953125
1,197,2870307624540,2870307736089,1,0,0,1,0,7,7,0,0,0,4,0,0,218,2870307733771,2870304540,217,0,1,2318,0.882019043,-0.0327148438,0.00750732422,0.470031738,-0.980351686,-0.050674554,0.0440668091,3.14160156,216,2870299721154,2870294739,215,3,1,8014935,0.0078125,-0.015625,0.05859375,218,2870306720632,2870304339,217,0,1,1015457,0.001953125,0.00390625,-0.001953125
1,198,2870317624540,2870317735292,1,0,0,1,0,7,7,0,0,0,4,0,0,219,2870317732992,2870314439,218,0,1,2300,0.882019043,-0.0327148438,0.00750732422,0.470031738,-0.980351686,-0.050674554,0.0440668091,3.14160156,217,2870309721118,2870304939,216,3,1,8014174,0.00390625,-0.015625,0.01953125,219,2870316720874,2870314339,218,0,1,1014418,0.001953125,0,-0.001953125
1,199,2870327624540,2870327724610,1,0,0,1,0,7,6,1,0,0,4,0,0,219,2870317732992,2870314439,218,0,1,9991618,0.882019043,-0.0327148438,0.00750732422,0.470031738,-0.980351686,-0.050674554,0.0440668091,3.14160156,218,2870319720878,2870314339,217,3,1,8003732,-0.03125,-0.00390625,-0.01953125,220,2870327722458,2870324739,219,0,1,2152,-0.001953125,0,-0.001953125
1,200,2870337624540,2870337737297,1,0,0,1,0,7,7,0,0,1,4,0,0,221,2870337734162,2870334440,220,0,1,3135,0.882019043,-0.0327148438,0.00750732422,0.470031738,-0.980351686,-0.050674554,0.0440668091,3.14160156,219,2870330736484,2870324445,218,3,1,7000813,0.01953125,0.01953125,-0.01953125,221,2870336721469,2870334339,220,0,1,1015828,0,-0.00390625,0
1,201,2870347624540,2870347738744,1,0,0,1,0,7,7,0,0,0,4,0,0,222,2870347735035,2870344440,221,0,1,3709,0.882019043,-0.0327148438,0.00750732422,0.470031738,-0.980351686,-0.050674554,0.0440668091,3.14160156,220,2870339737497,2870334746,219,3,1,8001247,0.01953125,0.01953125,0.01953125,222,2870346725197,2870344340,221,0,1,1013547,0,0,0
1,202,2870357624540,2870357737113,1,0,0,1,0,7,7,0,0,0,4,0,0,223,2870357734590,2870354240,222,0,1,2523,0.882019043,-0.0327148438,0.00750732422,0.470031738,-0.980351686,-0.050674554,0.0440668091,3.14160156,221,2870349722827,2870344740,220,3,1,8014286,0.0078125,-0.015625,0.05859375,223,2870356722212,2870354339,222,0,1,1014901,0,0.00390625,0
1,203,2870367624540,2870367736613,1,0,0,1,0,7,7,0,0,0,4,0,0,224,2870367733960,2870364439,223,0,1,2653,0.882019043,-0.0327148438,0.00750732422,0.470031738,-0.980351686,-0.050674554,0.0440668091,3.14160156,222,2870359718043,2870354738,221,3,1,8018570,-0.01953125,0.03515625,-0.01953125,224,2870366722546,2870364139,223,0,1,1014067,0.001953125,-0.001953125,0
1,204,2870377624540,2870377736001,1,0,0,1,0,7,7,0,0,0,4,0,0,225,2870377733497,2870374539,224,0,1,2504,0.882019043,-0.0326538086,0.00750732422,0.470031738,-0.98035115,-0.0505667478,0.0440094136,3.14160156,223,2870369721196,2870364539,222,3,1,8014805,-0.03125,-0.00390625,-0.01953125,225,2870376720711,2870374539,224,0,1,1015290,0,-0.005859375,0.001953125
1,205,2870387624540,2870387736095,1,0,0,1,0,7,7,0,0,0,4,0,0,226,2870387733591,2870384440,225,0,1,2504,0.882019043,-0.0326538086,0.00750732422,0.470031738,-0.98035115,-0.0505667478,0.0440094136,3.14160156,224,2870379720770,2870374938,223,3,1,8015325,0.00390625,-0.015625,0.01171875,226,2870386721120,2870384339,225,0,1,1014975,0,0.00390625,0
1,206,2870397624540,2870397736760,1,0,0,1,0,7,7,0,0,0,4,0,0,227,2870397733867,2870394439,226,0,1,2893,0.882019043,-0.0326538086,0.00750732422,0.470031738,-0.98035115,-0.0505667478,0.0440094136,3.14160156,225,2870389719423,2870384038,224,3,1,8017337,0.0078125,-0.015625,0.05078125,227,2870396720286,2870394139,226,0,1,1016474,0.001953125,0.005859375,0
1,207,2870407624540,2870407736882,1,0,0,1,0,7,7,0,0,0,4,0,0,228,2870407734230,2870404440,227,0,1,2652,0.882019043,-0.0327148438,0.00750732422,0.470031738,-0.980351686,-0.050674554,0.0440668091,3.14160156,226,2870399720584,2870394739,225,3,1,8016298,-0.01953125,0.03515625,0.01171875,228,2870406722985,2870404339,227,0,1,1013897,-0.005859375,-0.001953125,0
1,208,2870417624540,2870417736244,1,0,0,1,0,7,7,0,0,0,4,0,0,229,2870417733870,2870414440,228,0,1,2374,0.882019043,-0.0327148438,0.00750732422,0.470031738,-0.980351686,-0.050674554,0.0440668091,3.14160156,227,2870409720595,2870404739,226,3,1,8015649,0.00390625,-0.015625,-0.02734375,229,2870416721568,2870414339,228,0,1,1014676,-0.00390625,-0.00390625,-0.001953125
1,209,2870427624540,2870427736681,1,0,0,1,0,7,7,0,0,0,4,0,0,230,2870427734289,2870424040,229,0,1,2392,0.882019043,-0.0327148438,0.00750732422,0.470031738,-0.980351686,-0.050674554,0.0440668091,3.14160156,228,2870419719919,2870414538,227,3,1,8016762,0.00390625,-0.015625,0.01171875,230,2870426722414,2870424339,229,0,1,1014267,0.001953125,0.00390625,-0.001953125
1,210,2870437624540,2870437736877,1,0,0,1,0,7,7,0,0,0,4,0,0,231,2870437734355,2870434439,230,0,1,2522,0.882019043,-0.0327148438,0.00750732422,0.470031738,-0.980351686,-0.050674554,0.0440668091,3.14160156,229,2870429719856,2870424238,228,3,1,8017021,0.0078125,-0.015625,0.05078125,231,2870436724872,2870434339,230,0,1,1012005,0.00390625,0.00390625,0
1,211,2870447624540,2870447736183,1,0,0,1,0,7,7,0,0,0,4,0,0,232,2870447733810,2870444439,231,0,1,2373,0.882019043,-0.0327148438,0.00750732422,0.470031738,-0.980351686,-0.050674554,0.0440668091,3.14160156,230,2870439720367,2870434738,229,3,1,8015816,0.00390625,-0.015625,0.01171875,232,2870446720822,2870444339,231,0,1,1015361,-0.001953125,-0.00390625,0
1,212,2870457624540,2870457736305,1,0,0,1,0,7,7,0,0,0,4,0,0,233,2870457733950,2870454240,232,0,1,2355,0.882019043,-0.0327148438,0.00750732422,0.470031738,-0.980351686,-0.050674554,0.0440668091,3.14160156,231,2870449720026,2870444738,230,3,1,8016279,-0.03125,-0.00390625,-0.02734375,233,2870456720870,2870454339,232,0,1,1015435,-0.005859375,-0.001953125,0.00390625
1,213,2870467624540,2870467736668,1,0,0,1,0,7,7,0,0,0,4,0,0,234,2870467734276,2870464240,233,0,1,2392,0.882019043,-0.0327148438,0.00750732422,0.470031738,-0.980351686,-0.050674554,0.0440668091,3.14160156,232,2870459719888,2870454338,231,3,1,8016780,0.00390625,-0.015625,0.01171875,234,2870466720676,2870463939,233,0,1,1015992,0,0.001953125,-0.001953125
1,214,2870477624540,2870477736364,1,0,0,1,0,7,7,0,0,0,4,0,0,235,2870477734009,2870474240,234,0,1,2355,0.882019043,-0.0327148438,0.00750732422,0.470031738,-0.980351686,-0.050674554,0.0440668091,3.14160156,233,2870469719899,2870464338,232,3,1,8016465,0.00390625,-0.015625,0.01171875,235,2870476720576,2870474339,234,0,1,1015788,0,0,0
1,215,2870487624540,2870487736393,1,0,0,1,0,7,7,0,0,0,4,0,0,236,2870487734020,2870484240,235,0,1,2373,0.882019043,-0.0327148438,0.00750732422,0.470031738,-0.980351686,-0.050674554,0.0440668091,3.14160156,234,2870479719910,2870474538,233,3,1,8016483,0.00390625,-0.015625,-0.02734375,236,2870486720939,2870484339,235,0,1,1015454,0,0,0
1,216,2870497624540,2870497735625,1,0,0,1,0,7,7,0,0,0,4,0,0,237,2870497733307,2870494039,236,0,1,2318,0.882019043,-0.0327148438,0.00750732422,0.470031738,-0.980351686,-0.050674554,0.0440668091,3.14160156,235,2870489720810,2870484539,234,3,1,8014815,0.00390625,-0.015625,0.01171875,237,2870496722378,2870494340,236,0,1,1013247,-0.001953125,0,0
1,217,2870507624540,2870507735877,1,0,0,1,0,7,7,0,0,0,4,0,0,238,2870507733559,2870504239,237,0,1,2318,0.882019043,-0.0327148438,0.00750732422,0.470031738,-0.980351686,-0.050674554,0.0440668091,3.14160156,236,2870499720840,2870494539,235,3,1,8015037,0.01953125,0.01953125,0.01171875,238,2870506720237,2870503939,237,0,1,1015640,-0.001953125,0,-0.001953125
1,218,2870517624540,2870517735739,1,0,0,1,0,7,7,0,0,0,4,0,0,239,2870517733347,2870514439,238,0,1,2392,0.882019043,-0.0327148438,0.00750732422,0.470031738,-0.980351686,-0.050674554,0.0440668091,3.14160156,237,2870509720535,2870504239,236,3,1,8015204,0.00390625,-0.015625,-0.02734375,239,2870516720248,2870514539,238,0,1,1015491,0,-0.001953125,-0.001953125
1,219,2870527624540,2870527735602,1,0,0,1,0,7,7,0,0,0,4,0,0,240,2870527733228,2870524239,239,0,1,2374,0.882019043,-0.0327148438,0.00744628906,0.470031738,-0.980351031,-0.0507320054,0.0439591072,3.14160156,238,2870519720490,2870514739,237,3,1,8015112,0.00390625,-0.015625,0.01171875,240,2870526720815,2870524339,239,0,1,1014787,0,0.001953125,0.001953125
1,220,2870537624540,2870537735557,1,0,0,1,0,7,7,0,0,0,4,0,0,241,2870537733220,2870534239,240,0,1,2337,0.882019043,-0.0327148438,0.00744628906,0.470031738,-0.980351031,-0.0507320054,0.0439591072,3.14160156,239,2870529720594,2870523839,238,3,1,8014963,0.0078125,-0.015625,0.05078125,241,2870536720585,2870534139,240,0,1,1014972,-0.00390625,0,0.001953125
1,221,2870547624540,2870547736068,1,0,0,1,0,7,7,0,0,0,4,0,0,242,2870547733583,2870544240,241,0,1,2485,0.882019043,-0.0327148438,0.00744628906,0.470031738,-0.980351031,-0.0507320054,0.0439591072,3.14160156,240,2870539720382,2870534539,239,3,1,8015686,0.01953125,0.01953125,-0.02734375,242,2870546721319,2870544339,241,0,1,1014749,0,-0.00390625,0
1,222,2870557624540,2870557735820,1,0,0,1,0,7,7,0,0,0,4,0,0,243,2870557733483,2870554239,242,0,1,2337,0.882019043,-0.0327148438,0.00744628906,0.470031738,-0.980351031,-0.0507320054,0.0439591072,3.14160156,241,2870549720467,2870544539,240,3,1,8015353,0.04296875,-0.02734375,0.01171875,243,2870556720143,2870554339,242,0,1,1015677,0,0,-0.001953125
1,223,2870567624540,2870567735886,1,0,0,1,0,7,7,0,0,0,4,0,0,244,2870567733549,2870564039,243,0,1,2337,0.882019043,-0.0326538086,0.00744628906,0.470031738,-0.980350554,-0.0506241992,0.0439017154,3.14160156,242,2870559720626,2870554539,241,3,1,8015260,0.00390625,-0.015625,0.01171875,244,2870566720543,2870564339,243,0,1,1015343,0.001953125,0.001953125,-0.001953125
1,224,2870577624540,2870577736768,1,0,0,1,0,7,7,0,0,0,4,0,0,245,2870577734098,2870574240,244,0,1,2670,0.882019043,-0.0327148438,0.00744628906,0.469970703,-0.980291009,-0.0507329144,0.0439601615,3.14160156,243,2870569723048,2870564038,242,3,1,8013720,0.00390625,-0.0078125,0.01171875,245,2870576723150,2870574339,244,0,1,1013618,-0.005859375,0,-0.001953125
1,225,2870587624540,2870587736278,1,0,0,1,0,7,7,0,0,0,4,0,0,246,2870587733905,2870584239,245,0,1,2373,0.882019043,-0.0327148438,0.00744628906,0.469970703,-0.980291009,-0.0507329144,0.0439601615,3.14160156,244,2870579721223,2870574539,243,3,1,8015055,0.00390625,-0.0078125,-0.02734375,246,2870586720583,2870583939,245,0,1,1015695,0.001953125,-0.001953125,0
1,226,2870597624540,2870597736141,1,0,0,1,0,7,7,0,0,0,4,0,0,247,2870597733767,2870594239,246,0,1,2374,0.882019043,-0.0327148438,0.00744628906,0.469970703,-0.980291009,-0.0507329144,0.0439601615,3.14160156,245,2870589720881,2870584539,244,3,1,8015260,0.04296875,-0.01953125,0.01171875,247,2870596720686,2870594539,246,0,1,1015455,0,0.001953125,-0.001953125
1,227,2870607624540,2870607736485,1,0,0,1,0,7,7,0,0,0,4,0,0,248,2870607733778,2870604240,247,0,1,2707,0.882019043,-0.0327148438,0.00744628906,0.469970703,-0.980291009,-0.0507329144,0.0439601615,3.14160156,246,2870599720984,2870594339,245,3,1,8015501,0.00390625,-0.0078125,0.01171875,248,2870606720697,2870603939,247,0,1,1015788,0,0,0.001953125
1,228,2870617624540,2870617736107,1,0,0,1,0,7,7,0,0,0,4,0,0,249,2870617733714,2870614239,248,0,1,2393,0.882019043,-0.0327148438,0.00744628906,0.469970703,-0.980291009,-0.0507329144,0.0439601615,3.14160156,247,2870609720884,2870604239,246,3,1,8015223,-0.00390625,-0.0078125,-0.02734375,249,2870616720838,2870614339,248,0,1,1015269,-0.00390625,-0.001953125,0
1,229,2870627624540,2870627736989,1,0,0,1,0,7,7,0,0,0,4,0,0,250,2870627734541,2870624240,249,0,1,2448,0.882019043,-0.0327148438,0.00744628906,0.469970703,-0.980291009,-0.0507329144,0.0439601615,3.14160156,248,2870619720783,2870614539,247,3,1,8016206,0.01171875,0.02734375,-0.02734375,250,2870626721127,2870624339,249,0,1,1015862,0,-0.001953125,0
1,230,2870637624540,2870637737816,1,0,0,1,0,7,7,0,0,0,4,0,0,251,2870637734404,2870634040,250,0,1,3412,0.882019043,-0.0327148438,0.00738525391,0.469970703,-0.980290294,-0.0507903583,0.0438524485,3.14160156,249,2870629721406,2870624339,248,3,1,8016410,-0.00390625,-0.0078125,0.01171875,251,2870636730113,2870634342,250,0,1,1007703,0,0.001953125,0
1,231,2870647624540,2870647736473,1,0,0,1,0,7,7,0,0,0,4,0,0,252,2870647733914,2870644240,251,0,1,2559,0.882019043,-0.0327148438,0.00738525391,0.469970703,-0.980290294,-0.0507903583,0.0438524485,3.14160156,250,2870639721065,2870634539,249,3,1,8015408,0.03515625,-0.01953125,0.01171875,252,2870646722391,2870644140,251,0,1,1014082,0,-0.001953125,0.001953125
1,232,2870657624540,2870657736335,1,0,0,1,0,7,7,0,0,0,4,0,0,253,2870657733832,2870654240,252,0,1,2503,0.882019043,-0.0327148438,0.00738525391,0.469970703,-0.980290294,-0.0507903583,0.0438524485,3.14160156,251,2870649720630,2870644239,250,3,1,8015705,-0.0390625,0.0078125,0.01171875,253,2870656722698,2870654339,252,0,1,1013637,-0.001953125,0,0.001953125
1,233,2870667624540,2870667735697,1,0,0,1,0,7,7,0,0,0,4,0,0,254,2870667733323,2870664239,253,0,1,2374,0.882019043,-0.0327148438,0.00738525391,0.470031738,-0.980350316,-0.0507894568,0.0438514091,3.14160156,252,2870659720882,2870654539,251,3,1,8014815,-0.00390625,-0.0078125,0.01171875,254,2870666720354,2870664539,253,0,1,1015343,0,-0.001953125,0
1,234,2870677624540,2870677735374,1,0,0,1,0,7,7,0,0,0,4,0,0,255,2870677733037,2870674239,254,0,1,2337,0.882019043,-0.0327148438,0.00738525391,0.469970703,-0.980290294,-0.0507903583,0.0438524485,3.14160156,253,2870669720670,2870663839,252,3,1,8014704,-0.00390625,-0.0078125,0.01171875,255,2870676720587,2870674139,254,0,1,1014787,0,0,-0.001953125
1,235,2870687624540,2870687735978,1,0,0,1,0,7,7,0,0,0,4,0,0,256,2870687733604,2870684239,255,0,1,2374,0.882019043,-0.0327148438,0.00738525391,0.469970703,-0.980290294,-0.0507903583,0.0438524485,3.14160156,254,2870679720199,2870674539,253,3,1,8015779,-0.00390625,-0.0078125,0.01171875,256,2870686720190,2870684339,255,0,1,1015788,0,0,-0.001953125
1,236,2870697624540,2870697735581,1,0,0,1,0,7,7,0,0,0,4,0,0,257,2870697733207,2870694239,0,0,1,2374,0.882019043,-0.0327148438,0.00738525391,0.469970703,-0.980290294,-0.0507903583,0.0438524485,3.14160156,255,2870689720302,2870684339,254,3,1,8015279,0.01171875,0.02734375,0.01171875,257,2870696720924,2870694539,0,0,1,1014657,0,0.001953125,-0.00390625
1,237,2870707624540,2870707735703,1,0,0,1,0,7,7,0,0,0,4,0,0,258,2870707733292,2870704039,1,0,1,2411,0.882019043,-0.0327148438,0.00738525391,0.469970703,-0.980290294,-0.0507903583,0.0438524485,3.14160156,256,2870699720462,2870694239,255,3,1,8015241,-0.00390625,-0.0078125,-0.02734375,258,2870706720545,2870704338,1,0,1,1015158,0,-0.001953125,0
1,238,2870717624540,2870717735751,1,0,0,1,0,7,7,0,0,0,4,0,0,259,2870717733377,2870714239,2,0,1,2374,0.882019043,-0.0326538086,0.00732421875,0.469970703,-0.980289042,-0.0507399961,0.0436873399,3.14160156,257,2870709720565,2870704039,0,3,1,8015186,-0.00390625,-0.0078125,0.01171875,259,2870716719388,2870714338,2,0,1,1016363,0.001953125,-0.001953125,-0.001953125
1,239,2870727624540,2870727736596,1,0,0,1,0,7,7,0,0,0,4,0,0,260,2870727733870,2870724239,3,0,1,2726,0.882019043,-0.0326538086,0.00732421875,0.469970703,-0.980289042,-0.0507399961,0.0436873399,3.14160156,258,2870719720557,2870714339,1,3,1,8016039,-0.00390625,-0.0078125,0.01171875,260,2870726719862,2870724338,3,0,1,1016734,0.005859375,0.001953125,0
1,240,2870737624540,2870737737293,1,0,0,1,0,7,7,0,0,0,4,0,0,261,2870737734622,2870734040,4,0,1,2671,0.882019043,-0.0326538086,0.00738525391,0.469970703,-0.980289757,-0.0506825522,0.0437950529,3.14160156,259,2870729720939,2870724539,2,3,1,8016354,0.01171875,0.02734375,0.01171875,261,2870736723081,2870734339,4,0,1,1014212,0,0.001953125,0
1,241,2870747624540,2870747736358,1,0,0,1,0,7,7,0,0,0,4,0,0,262,2870747733873,2870744040,5,0,1,2485,0.882019043,-0.0326538086,0.00738525391,0.469970703,-0.980289757,-0.0506825522,0.0437950529,3.14160156,260,2870739720931,2870734239,3,3,1,8015427,-0.00390625,-0.0078125,-0.02734375,262,2870746719921,2870743738,5,0,1,1016437,0.001953125,-0.001953125,0.001953125
1,242,2870757624540,2870757736944,1,0,0,1,0,7,7,0,0,0,4,0,0,263,2870757734051,2870754040,6,0,1,2893,0.882019043,-0.0326538086,0.00732421875,0.469970703,-0.980289042,-0.0507399961,0.0436873399,3.14160156,261,2870749720831,2870744239,4,3,1,8016113,0.01171875,0.02734375,0.01171875,263,2870756721248,2870754339,6,0,1,1015696,0,-0.001953125,-0.001953125
1,243,2870767624540,2870767735879,1,0,0,1,0,7,7,0,0,0,4,0,0,264,2870767733524,2870764240,7,0,1,2355,0.882019043,-0.0326538086,0.00732421875,0.469970703,-0.980289042,-0.0507399961,0.0436873399,3.14160156,262,2870759720841,2870754339,5,3,1,8015038,0.03515625,-0.01953125,0.01171875,264,2870766719664,2870764538,7,0,1,1016215,-0.00390625,0,0
1,244,2870777624540,2870777736353,1,0,0,1,0,7,7,0,0,0,4,0,0,265,2870777734035,2870774040,8,0,1,2318,0.882080078,-0.0326538086,0.00732421875,0.469970703,-0.980141938,-0.0507439859,0.0436788201,3.14160156,263,2870769720593,2870764039,6,3,1,8015760,-0.00390625,-0.0078125,0.01171875,265,2870776719508,2870774538,8,0,1,1016845,0,-0.001953125,-0.00390625
1,245,2870787624540,2870787736698,1,0,0,1,0,7,7,0,0,0,4,0,0,266,2870787734250,2870784240,9,0,1,2448,0.882080078,-0.0326538086,0.00732421875,0.469970703,-0.980141938,-0.0507439859,0.0436788201,3.14160156,264,2870779720585,2870774539,7,3,1,8016113,-0.00390625,-0.0078125,0.01171875,266,2870786719852,2870784138,9,0,1,1016846,-0.001953125,0,0.001953125
1,246,2870797624540,2870797736041,1,0,0,1,0,7,7,0,0,0,4,0,0,267,2870797733611,2870794039,10,0,1,2430,0.882080078,-0.0326538086,0.00732421875,0.469970703,-0.980141938,-0.0507439859,0.0436788201,3.14160156,265,2870789720800,2870784239,8,3,1,8015241,0,-0.0078125,0.05078125,267,2870796719900,2870794338,10,0,1,1016141,-0.001953125,0.001953125,-0.001953125
1,247,2870807624540,2870807735959,1,0,0,1,0,7,7,0,0,0,4,0,0,268,2870807733604,2870804240,11,0,1,2355,0.882080078,-0.0326538086,0.00732421875,0.469970703,-0.980141938,-0.0507439859,0.0436788201,3.14160156,266,2870799720625,2870794339,9,3,1,8015334,-0.00390625,-0.0078125,-0.02734375,268,2870806720616,2870804539,11,0,1,1015343,-0.001953125,0,0
1,248,2870817624540,2870817735988,1,0,0,1,0,7,7,0,0,0,4,0,0,269,2870817733633,2870814239,12,0,1,2355,0.882080078,-0.0326538086,0.00732421875,0.469970703,-0.980141938,-0.0507439859,0.0436788201,3.14160156,267,2870809720858,2870803839,10,3,1,8015130,-0.0390625,0.00390625,-0.02734375,269,2870816720701,2870814339,12,0,1,1015287,0.001953125,0,0.001953125
1,249,2870827624540,2870827736166,1,0,0,1,0,7,7,0,0,0,4,0,0,270,2870827733792,2870824040,13,0,1,2374,0.882080078,-0.0326538086,0.00726318359,0.469970703,-0.980141222,-0.0508014299,0.0435711183,3.14160156,268,2870819721166,2870814539,11,3,1,8015000,-0.00390625,-0.0078125,-0.02734375,270,2870826720915,2870824339,13,0,1,1015251,0,-0.001953125,-0.001953125
1,250,2870837624540,2870837736214,1,0,0,1,0,7,7,0,0,0,4,0,0,271,2870837733821,2870834040,14,0,1,2393,0.882080078,-0.0326538086,0.00726318359,0.469970703,-0.980141222,-0.0508014299,0.0435711183,3.14160156,269,2870829720787,2870824239,12,3,1,8015427,0.01171875,0.03125,0.046875,271,2870836720537,2870834339,14,0,1,1015677,0.00390625,0.001953125,0.001953125
1,251,2870847624540,2870847738468,1,0,0,1,0,7,7,0,0,0,4,0,0,272,2870847734500,2870843840,15,0,1,3968,0.882080078,-0.0326538086,0.00732421875,0.469970703,-0.980141938,-0.0507439859,0.0436788201,3.14160156,270,2870839734836,2870834246,13,3,1,8003632,-0.00390625,-0.0078125,0.01171875,272,2870846723274,2870844139,15,0,1,1015194,0.00390625,0.001953125,0.00390625
1,252,2870857624540,2870857736884,1,0,0,1,0,7,7,0,0,0,4,0,0,273,2870857734436,2870854240,16,0,1,2448,0.882019043,-0.0326538086,0.00732421875,0.469970703,-0.980289042,-0.0507399961,0.0436873399,3.14160156,271,2870849721142,2870844039,14,3,1,8015742,-0.00390625,-0.0078125,0.01171875,273,2870856721838,2870854339,16,0,1,1015046,0,-0.00390625,0
1,253,2870867624540,2870867735986,1,0,0,1,0,7,7,0,0,0,4,0,0,274,2870867733112,2870864039,17,0,1,2874,0.882019043,-0.0326538086,0.00726318359,0.469970703,-0.980288327,-0.0507974401,0.0435796231,3.14160156,272,2870859721320,2870854339,15,3,1,8014666,-0.00390625,-0.0078125,-0.02734375,274,2870866723777,2870864339,17,0,1,1012209,-0.001953125,0,-0.001953125
1,254,2870877624540,2870877734884,1,0,0,1,0,7,7,0,0,0,4,0,0,275,2870877732622,2870874039,18,0,1,2262,0.882019043,-0.0326538086,0.00726318359,0.469970703,-0.980288327,-0.0507974401,0.0435796231,3.14160156,273,2870869720978,2870864339,16,3,1,8013906,0,-0.0078125,0.05078125,275,2870876720839,2870874339,18,0,1,1014045,0,0,0.001953125
1,255,2870887624540,2870887735155,1,0,0,1,0,7,7,0,0,0,4,0,0,276,2870887732818,2870884039,19,0,1,2337,0.882019043,-0.0326538086,0.00726318359,0.469970703,-0.980288327,-0.0507974401,0.0435796231,3.14160156,274,2870879720600,2870874239,17,3,1,8014555,-0.00390625,-0.0078125,0.01171875,276,2870886721091,2870883939,19,0,1,1014064,-0.001953125,0,0
1,256,2870897624540,2870897734832,1,0,0,1,0,7,7,0,0,0,4,0,0,277,2870897732532,2870893839,20,0,1,2300,0.882019043,-0.0326538086,0.00726318359,0.469970703,-0.980288327,-0.0507974401,0.0435796231,3.14160156,275,2870889720740,2870884239,18,3,1,8014092,-0.0390625,0.0078125,0.01171875,277,2870896720620,2870894139,20,0,1,1014212,0.001953125,0.001953125,0.001953125
1,257,2870907624540,2870907735510,1,0,0,1,0,7,7,0,0,0,4,0,0,278,2870907733025,2870904039,21,0,1,2485,0.882019043,-0.0326538086,0.00726318359,0.469970703,-0.980288327,-0.0507974401,0.0435796231,3.14160156,276,2870899720695,2870894239,19,3,1,8014815,0.03125,-0.01953125,-0.02734375,278,2870906723876,2870904339,21,0,1,1011634,0,0.001953125,0.001953125
1,258,2870917624540,2870917735558,1,0,0,1,0,7,7,0,0,0,4,0,0,279,2870917733147,2870913839,22,0,1,2411,0.882019043,-0.0326538086,0.00726318359,0.469970703,-0.980288327,-0.0507974401,0.0435796231,3.14160156,277,2870909720743,2870904039,20,3,1,8014815,-0.00390625,-0.0078125,0.01171875,279,2870916722329,2870914339,22,0,1,1013229,0,0.001953125,0
1,259,2870927624540,2870927734901,1,0,0,1,0,7,7,0,0,0,4,0,0,280,2870927732602,2870924039,23,0,1,2299,0.882019043,-0.0326538086,0.00726318359,0.469970703,-0.980288327,-0.0507974401,0.0435796231,3.14160156,278,2870919720550,2870914339,21,3,1,8014351,0.01171875,0.02734375,0.01171875,280,2870926722766,2870924140,23,0,1,1012135,-0.001953125,-0.001953125,0
1,260,2870937624540,2870937735116,1,0,0,1,0,7,7,0,0,0,4,0,0,281,2870937732779,2870934039,24,0,1,2337,0.882019043,-0.0326538086,0.00726318359,0.470031738,-0.980348289,-0.0507965498,0.0435786098,3.14160156,279,2870929720672,2870924239,22,3,1,8014444,-0.0390625,0.0078125,0.01171875,281,2870936720681,2870934339,24,0,1,1014435,-0.001953125,0,0
1,261,2870947624540,2870947738650,1,0,0,1,0,7,7,0,0,0,4,0,0,282,2870947735108,2870944039,25,0,1,3542,0.882019043,-0.0326538086,0.00726318359,0.470031738,-0.980348289,-0.0507965498,0.0435786098,3.14160156,280,2870939720572,2870934239,23,3,1,8018078,-0.00390625,-0.0078125,-0.02734375,282,2870946736418,2870944539,25,0,1,1002232,0.001953125,-0.00390625,0
1,262,2870957624540,2870957736120,1,0,0,1,0,7,7,0,0,0,4,0,0,283,2870957733227,2870954039,26,0,1,2893,0.882019043,-0.0326538086,0.00726318359,0.470031738,-0.980348289,-0.0507965498,0.0435786098,3.14160156,281,2870949722066,2870943639,24,3,1,8014054,0.03515625,-0.01953125,0.01171875,283,2870956722391,2870954139,26,0,1,1013729,0,0,-0.001953125
1,263,2870967624540,2870967641534,1,0,0,1,0,7,7,0,0,0,4,0,0,284,2870966734122,2870963740,27,0,1,907412,0.882019043,-0.0326538086,0.00726318359,0.469970703,-0.980288327,-0.0507974401,0.0435796231,3.14160156,282,2870959721261,2870954339,25,3,1,7920273,0,-0.0078125,0.05078125,284,2870965722951,2870963339,27,0,1,1918583,-0.001953125,0,-0.001953125
1,264,2870977624540,2870977736031,1,0,0,1,0,7,7,0,0,0,4,0,0,285,2870977733546,2870974039,28,0,1,2485,0.882019043,-0.0326538086,0.00720214844,0.469970703,-0.980287552,-0.0508548804,0.0434719063,3.14160156,283,2870968721005,2870964139,26,3,1,9015026,-0.0390625,0.00390625,-0.02734375,285,2870976720502,2870974339,28,0,1,1015529,-0.001953125,0,-0.00390625
1,265,2870987624540,2870987736171,1,0,0,1,0,7,7,0,0,0,4,0,0,286,2870987733686,2870983839,29,0,1,2485,0.882019043,-0.0326538086,0.00720214844,0.469970703,-0.980287552,-0.0508548804,0.0434719063,3.14160156,284,2870979720559,2870974039,27,3,1,8015612,-0.00390625,-0.0078125,0.01171875,286,2870986720364,2870984539,29,0,1,1015807,-0.00390625,0,-0.001953125
1,266,2870997624540,2870997736071,1,0,0,1,0,7,7,0,0,0,4,0,0,287,2870997733567,2870994039,30,0,1,2504,0.882019043,-0.0326538086,0.00720214844,0.469970703,-0.980287552,-0.0508548804,0.0434719063,3.14160156,285,2870989720421,2870983839,28,3,1,8015650,-0.00390625,-0.0078125,-0.02734375,287,2870996720190,2870994339,30,0,1,1015881,0,0.00390625,0.001953125
1,267,2871007624540,2871007735581,1,0,0,1,0,7,7,0,0,0,4,0,0,288,2871007732762,2871003838,31,0,1,2819,0.882019043,-0.0326538086,0.00720214844,0.469970703,-0.980287552,-0.0508548804,0.0434719063,3.14160156,286,2870999720618,2870994239,29,3,1,8014963,-0.0390625,0.00390625,-0.02734375,288,2871006721925,2871004338,31,0,1,1013656,0,0.001953125,-0.001953125
1,268,2871017624540,2871017736704,1,0,0,1,0,7,7,0,0,0,4,0,0,289,2871017734201,2871013840,32,0,1,2503,0.882019043,-0.0327148438,0.00726318359,0.469970703,-0.980288804,-0.0509052463,0.0436370187,3.14160156,287,2871009717976,2871004238,30,3,1,8018728,0.03515625,-0.01953125,0.01171875,289,2871016722919,2871014339,32,0,1,1013785,-0.001953125,0,0
1,269,2871027624540,2871027736641,1,0,0,1,0,7,7,0,0,0,4,0,0,290,2871027733896,2871023839,33,0,1,2745,0.882080078,-0.0326538086,0.00720214844,0.469970703,-0.980140507,-0.0508588739,0.0434634201,3.14160156,288,2871019721622,2871014239,31,3,1,8015019,0.03125,-0.01953125,-0.02734375,290,2871026720982,2871023939,33,0,1,1015659,0,0,-0.001953125
1,270,2871037624540,2871037641536,1,0,0,1,0,7,7,0,0,0,4,0,0,291,2871036733511,2871033539,34,0,1,908025,0.882080078,-0.0326538086,0.00720214844,0.469970703,-0.980140507,-0.0508588739,0.0434634201,3.14160156,289,2871029722579,2871024039,32,3,1,7918957,-0.00390625,-0.0078125,0.01171875,291,2871035720820,2871033339,34,0,1,1920716,0,0,-0.00390625
1,271,2871047624540,2871047737608,1,0,0,1,0,7,7,0,0,0,4,0,0,292,2871047734697,2871043840,35,0,1,2911,0.882080078,-0.0326538086,0.00720214844,0.469909668,-0.980080426,-0.050859753,0.0434644222,3.14160156,290,2871038720098,2871033939,33,3,1,9017510,-0.02734375,0.04296875,-0.02734375,292,2871046724323,2871044340,35,0,1,1013285,0,-0.001953125,-0.001953125
1,272,2871057624540,2871057641650,1,0,0,1,0,7,7,0,0,0,4,0,0,293,2871056733551,2871053739,36,0,1,908099,0.882080078,-0.0326538086,0.00720214844,0.469909668,-0.980080426,-0.050859753,0.0434644222,3.14160156,291,2871049721636,2871043839,34,3,1,7920014,-0.00390625,-0.0078125,0.01171875,293,2871055720711,2871053339,36,0,1,1920939,0,-0.001953125,0.001953125
1,273,2871067624540,2871067785902,1,0,0,1,0,7,7,0,0,0,4,0,0,294,2871067772661,2871064053,37,0,1,13241,0.882080078,-0.0327148438,0.00720214844,0.469970703,-0.980140984,-0.0509666875,0.0435208008,3.14160156,292,2871058720323,2871054339,35,3,1,9065579,0.01171875,0.02734375,0.01171875,294,2871066766849,2871064153,37,0,1,1019053,-0.00390625,0,-0.001953125
1,274,2871077624540,2871077641931,1,0,0,1,0,7,7,0,0,0,4,0,0,295,2871076768789,2871073953,38,0,1,873142,0.882080078,-0.0327148438,0.00720214844,0.469909668,-0.980080962,-0.0509675704,0.0435218029,3.14160156,293,2871069768056,2871064055,36,3,1,7873875,0.03515625,-0.01953125,0.01171875,295,2871075768207,2871073554,38,0,1,1873724,0,0.001953125,0
1,275,2871087624540,2871087738245,1,0,0,1,0,7,7,0,0,0,4,0,0,296,2871087733738,2871083838,39,0,1,4507,0.882080078,-0.0327148438,0.00720214844,0.469909668,-0.980080962,-0.0509675704,0.0435218029,3.14160156,294,2871078724814,2871074339,37,3,1,9013431,-0.00390625,-0.0078125,-0.02734375,296,2871086728038,2871084338,39,0,1,1010207,-0.001953125,0.001953125,0
1,276,2871097624540,2871097738274,1,0,0,1,0,7,7,0,0,0,4,0,0,297,2871097735251,2871093840,40,0,1,3023,0.882080078,-0.0327148438,0.00720214844,0.469970703,-0.980140984,-0.0509666875,0.0435208008,3.14160156,295,2871089720418,2871083638,38,3,1,8017856,-0.02734375,0.04296875,0.01171875,297,2871096723598,2871094139,40,0,1,1014676,0.001953125,0,0
1,277,2871107624540,2871107724098,1,0,0,1,0,7,6,1,0,0,4,0,0,297,2871097735251,2871093840,40,0,1,9988847,0.882080078,-0.0327148438,0.00720214844,0.469970703,-0.980140984,-0.0509666875,0.0435208008,3.14160156,296,2871099721912,2871094239,39,3,1,8002186,-0.0390625,0.00390625,-0.02734375,298,2871107722002,2871103439,41,0,1,2096,-0.001953125,-0.001953125,0
1,278,2871117624540,2871117641770,1,0,0,1,0,7,7,0,0,1,4,0,0,299,2871116733819,2871113940,42,0,1,907951,0.882080078,-0.0327148438,0.00720214844,0.469970703,-0.980140984,-0.0509666875,0.0435208008,3.14160156,297,2871110721002,2871103939,40,3,1,6920768,0.03515625,-0.01953125,0.01171875,299,2871115720980,2871113639,42,0,1,1920790,0,0,0
1,279,2871127624540,2871127641855,1,0,0,1,0,7,7,0,0,0,4,0,0,300,2871126733812,2871123740,43,0,1,908043,0.882080078,-0.0327148438,0.00720214844,0.469970703,-0.980140984,-0.0509666875,0.0435208008,3.14160156,298,2871118721055,2871114340,41,3,1,8920800,0.046875,0.015625,-0.02734375,300,2871125721491,2871123539,43,0,1,1920364,0,0,0
1,280,2871137624540,2871137641625,1,0,0,1,0,7,7,0,0,0,4,0,0,301,2871136734397,2871133940,44,0,1,907228,0.882080078,-0.0327148438,0.00720214844,0.469970703,-0.980140984,-0.0509666875,0.0435208008,3.14160156,299,2871128721752,2871123739,42,3,1,8919873,-0.00390625,-0.0078125,-0.02734375,301,2871135721298,2871133538,44,0,1,1920327,0,0,0
1,281,2871147624540,2871147641710,1,0,0,1,0,7,7,0,0,0,4,0,0,302,2871146734056,2871143940,45,0,1,907654,0.882080078,-0.0327148438,0.00714111328,0.469970703,-0.98014015,-0.0510241315,0.0434131026,3.14160156,300,2871138721281,2871134339,43,3,1,8920429,-0.0390625,0.0078125,0.01171875,302,2871145720734,2871143539,45,0,1,1920976,0,0,0
1,282,2871157624540,2871157641776,1,0,0,1,0,7,7,0,0,0,4,0,0,303,2871156733640,2871153739,46,0,1,908136,0.882080078,-0.0327148438,0.00714111328,0.469970703,-0.98014015,-0.0510241315,0.0434131026,3.14160156,301,2871148721032,2871144339,44,3,1,8920744,-0.00390625,-0.0078125,0.01171875,303,2871155720596,2871153539,46,0,1,1921180,0,0,0
1,283,2871167624540,2871167736513,1,0,0,1,0,7,7,0,0,0,4,0,0,304,2871167733991,2871163839,47,0,1,2522,0.882080078,-0.0327148438,0.00714111328,0.469970703,-0.98014015,-0.0510241315,0.0434131026,3.14160156,302,2871158721247,2871153939,45,3,1,9015266,-0.00390625,-0.0078125,0.01171875,304,2871166719946,2871164139,47,0,1,1016567,0,0,0
1,284,2871177624540,2871177641668,1,0,0,1,0,7,7,0,0,0,4,0,0,305,2871176733828,2871173539,48,0,1,907840,0.882080078,-0.0327148438,0.00714111328,0.469970703,-0.98014015,-0.0510241315,0.0434131026,3.14160156,303,2871169720337,2871163838,46,3,1,7921331,0.03515625,-0.01953125,0.01171875,305,2871175720692,2871173539,48,0,1,1920976,0,0,0
1,285,2871187624540,2871187641641,1,0,0,1,0,7,7,0,0,0,4,0,0,306,2871186733765,2871183740,49,0,1,907876,0.882080078,-0.0327148438,0.00714111328,0.469970703,-0.98014015,-0.0510241315,0.0434131026,3.14160156,304,2871178720786,2871173739,47,3,1,8920855,-0.02734375,0.04296875,-0.02734375,306,2871185720814,2871183539,49,0,1,1920827,0,0,0
1,286,2871197624540,2871197641615,1,0,0,1,0,7,7,0,0,0,4,0,0,307,2871196733664,2871193539,50,0,1,907951,0.882080078,-0.0327148438,0.00714111328,0.469970703,-0.98014015,-0.0510241315,0.0434131026,3.14160156,305,2871188720760,2871184139,48,3,1,8920855,-0.00390625,-0.0078125,0.01171875,307,2871195720973,2871193539,50,0,1,1920642,0,0,0
1,287,2871207624540,2871207736074,1,0,0,1,0,7,7,0,0,0,4,0,0,308,2871207733682,2871203839,51,0,1,2392,0.882080078,-0.0327148438,0.00714111328,0.469970703,-0.98014015,-0.0510241315,0.0434131026,3.14160156,306,2871198719584,2871194139,49,3,1,9016490,0,-0.0078125,0.05078125,308,2871206722363,2871204139,51,0,1,1013711,0,0,0
1,288,2871217624540,2871217641525,1,0,0,1,0,7,7,0,0,0,4,0,0,309,2871216733667,2871213939,52,0,1,907858,0.882080078,-0.0327148438,0.00714111328,0.469970703,-0.98014015,-0.0510241315,0.0434131026,3.14160156,307,2871209719323,2871203838,50,3,1,7922202,0.046875,0.015625,0.0078125,309,2871215720457,2871213639,52,0,1,1921068,0,0,0
1,289,2871227624540,2871227641925,1,0,0,1,0,7,7,0,0,0,4,0,0,310,2871226735162,2871223740,53,0,1,906763,0.882080078,-0.0327148438,0.00714111328,0.469970703,-0.98014015,-0.0510241315,0.0434131026,3.14160156,308,2871218720681,2871214339,51,3,1,8921244,-0.00390625,-0.0078125,0.01171875,310,2871225725234,2871223540,53,0,1,1916691,0,0,0
1,290,2871237624540,2871237641640,1,0,0,1,0,7,7,0,0,0,4,0,0,311,2871236734301,2871233740,54,0,1,907339,0.882080078,-0.0327148438,0.00714111328,0.469970703,-0.98014015,-0.0510241315,0.0434131026,3.14160156,309,2871228721600,2871223340,52,3,1,8920040,0.03515625,-0.01953125,0.01171875,311,2871235720979,2871233539,54,0,1,1920661,0,0,0
1,291,2871247624540,2871247641558,1,0,0,1,0,7,7,0,0,0,4,0,0,312,2871246733848,2871243440,55,0,1,907710,0.882080078,-0.0327148438,0.00714111328,0.469970703,-0.98014015,-0.0510241315,0.0434131026,3.14160156,310,2871238721407,2871234139,53,3,1,8920151,0.01171875,0.02734375,0.01171875,312,2871245720990,2871243339,55,0,1,1920568,0,0,0
1,292,2871257624540,2871257641680,1,0,0,1,0,7,7,0,0,0,4,0,0,313,2871256735046,2871253939,56,0,1,906634,0.882080078,-0.0327148438,0.00714111328,0.469970703,-0.98014015,-0.0510241315,0.0434131026,3.14160156,311,2871248723217,2871243539,54,3,1,8918463,-0.0390625,0.0078125,0.01171875,313,2871255731015,2871253639,56,0,1,1910665,0,0,0
1,293,2871267624540,2871267641783,1,0,0,1,0,7,7,0,0,0,4,0,0,314,2871266734259,2871263540,57,0,1,907524,0.882080078,-0.0327148438,0.00714111328,0.469970703,-0.98014015,-0.0510241315,0.0434131026,3.14160156,312,2871258721039,2871254139,55,3,1,8920744,-0.00390625,-0.0078125,-0.02734375,314,2871265723274,2871263539,57,0,1,1918509,0,0,0
1,294,2871277624540,2871277641645,1,0,0,1,0,7,7,0,0,0,4,0,0,315,2871276734715,2871273940,58,0,1,906930,0.882080078,-0.0327148438,0.00714111328,0.469970703,-0.98014015,-0.0510241315,0.0434131026,3.14160156,313,2871268721124,2871263539,56,3,1,8920521,-0.00390625,-0.0078125,0.01171875,315,2871275723433,2871273539,58,0,1,1918212,0,0,0
1,295,2871287624540,2871287641656,1,0,0,1,0,7,7,0,0,0,4,0,0,316,2871286733669,2871283739,59,0,1,907987,0.882080078,-0.0327148438,0.00714111328,0.469970703,-0.98014015,-0.0510241315,0.0434131026,3.14160156,314,2871278721209,2871274139,57,3,1,8920447,0.01171875,0.02734375,0.01171875,316,2871285720977,2871283539,59,0,1,1920679,0,0,0
1,296,2871297624540,2871297641723,1,0,0,1,0,7,7,0,0,0,4,0,0,317,2871296733661,2871293739,60,0,1,908062,0.882080078,-0.0327148438,0.00714111328,0.469970703,-0.98014015,-0.0510241315,0.0434131026,3.14160156,315,2871288721517,2871284139,58,3,1,8920206,-0.02734375,0.04296875,0.01171875,317,2871295720728,2871293539,60,0,1,1920995,0,0,0
1,297,2871307624540,2871307736293,1,0,0,1,0,7,7,0,0,0,4,0,0,318,2871307733938,2871303840,61,0,1,2355,0.882080078,-0.0327148438,0.00714111328,0.469970703,-0.98014015,-0.0510241315,0.0434131026,3.14160156,316,2871298721008,2871293939,59,3,1,9015285,-0.00390625,-0.0078125,-0.02734375,318,2871306720431,2871304339,61,0,1,1015862,0,0,0
1,298,2871317624540,2871317641651,1,0,0,1,0,7,7,0,0,0,4,0,0,319,2871316733757,2871313440,62,0,1,907894,0.882080078,-0.0326538086,0.00714111328,0.469970703,-0.980139613,-0.0509163179,0.0433557183,3.14160156,317,2871309720840,2871303839,60,3,1,7920811,-0.02734375,0.04296875,0.01171875,319,2871315720973,2871313539,62,0,1,1920678,0,0,0
1,299,2871327624540,2871327641736,1,0,0,1,0,7,7,0,0,0,4,0,0,320,2871326734472,2871323540,63,0,1,907264,0.882080078,-0.0326538086,0.00714111328,0.469970703,-0.980139613,-0.0509163179,0.0433557183,3.14160156,318,2871318720788,2871313539,61,3,1,8920948,-0.00390625,-0.0078125,0.01171875,320,2871325721484,2871323538,63,0,1,1920252,0,0,0
1,300,2871337624540,2871337641617,1,0,0,1,0,7,7,0,0,0,4,0,0,321,2871336733963,2871333539,64,0,1,907654,0.882080078,-0.0326538086,0.00714111328,0.469970703,-0.980139613,-0.0509163179,0.0433557183,3.14160156,319,2871328721300,2871323939,62,3,1,8920317,-0.00390625,-0.0078125,-0.02734375,321,2871335720382,2871333638,64,0,1,1921235,0,0,0
1,301,2871347624540,2871347738153,1,0,0,1,0,7,7,0,0,0,4,0,0,322,2871347734611,2871343640,65,0,1,3542,0.882080078,-0.0326538086,0.00714111328,0.469970703,-0.980139613,-0.0509163179,0.0433557183,3.14160156,320,2871338721385,2871334139,63,3,1,9016768,-0.00390625,-0.0078125,0.01171875,322,2871346730859,2871344139,65,0,1,1007294,0,0,0
1,302,2871357624540,2871357641676,1,0,0,1,0,7,7,0,0,0,4,0,0,323,2871356733911,2871353740,66,0,1,907765,0.882080078,-0.0326538086,0.00714111328,0.469970703,-0.980139613,-0.0509163179,0.0433557183,3.14160156,321,2871349720679,2871343839,64,3,1,7920997,0.03515625,-0.01953125,0.01171875,323,2871355720904,2871353538,66,0,1,1920772,0,0,0
1,303,2871367624540,2871367736932,1,0,0,1,0,7,7,0,0,0,4,0,0,324,2871367734244,2871363639,67,0,1,2688,0.882080078,-0.0326538086,0.00714111328,0.469970703,-0.980139613,-0.0509163179,0.0433557183,3.14160156,322,2871358720887,2871354139,65,3,1,9016045,-0.00390625,-0.0078125,-0.02734375,324,2871366720996,2871363540,67,0,1,1015936,0,0,0
1,304,2871377624540,2871377641568,1,0,0,1,0,7,7,0,0,0,4,0,0,325,2871376733877,2871373739,68,0,1,907691,0.882080078,-0.0326538086,0.00714111328,0.469970703,-0.980139613,-0.0509163179,0.0433557183,3.14160156,323,2871369721535,2871363639,66,3,1,7920033,0.01171875,0.02734375,-0.02734375,325,2871375720073,2871373538,68,0,1,1921495,0,0,0
1,305,2871387624540,2871387641430,1,0,0,1,0,7,7,0,0,0,4,0,0,326,2871386733517,2871383439,69,0,1,907913,0.882080078,-0.0326538086,0.00714111328,0.469970703,-0.980139613,-0.0509163179,0.0433557183,3.14160156,324,2871378721168,2871374139,67,3,1,8920262,-0.0390625,0.0078125,0.01171875,326,2871385720102,2871383538,69,0,1,1921328,0,0,0
1,306,2871397624540,2871397641452,1,0,0,1,0,7,7,0,0,0,4,0,0,327,2871396733346,2871393739,70,0,1,908106,0.882080078,-0.0326538086,0.00708007812,0.469970703,-0.980138958,-0.0509737618,0.0432480164,3.14160156,325,2871388720456,2871383539,68,3,1,8920996,-0.00390625,-0.0078125,0.01171875,327,2871395719398,2871393638,70,0,1,1922054,0,0,0
1,307,2871407624540,2871407641784,1,0,0,1,0,7,7,0,0,0,4,0,0,328,2871406735050,2871403440,71,0,1,906734,0.882080078,-0.0326538086,0.00708007812,0.469970703,-0.980138958,-0.0509737618,0.0432480164,3.14160156,326,2871398720262,2871394139,69,3,1,8921522,-0.00390625,-0.0078125,-0.02734375,328,2871405723884,2871403539,71,0,1,1917900,0,0,0
1,308,2871417624540,2871417641820,1,0,0,1,0,7,7,0,0,0,4,0,0,329,2871416734270,2871413739,72,0,1,907550,0.882080078,-0.0326538086,0.00708007812,0.469970703,-0.980138958,-0.0509737618,0.0432480164,3.14160156,327,2871408721447,2871403540,70,3,1,8920373,-0.00390625,-0.0078125,-0.02734375,329,2871415719043,2871413540,72,0,1,1922777,0,0,0
1,309,2871427624540,2871427641466,1,0,0,1,0,7,7,0,0,0,4,0,0,330,2871426731858,2871423739,73,0,1,909608,0.882080078,-0.0326538086,0.00708007812,0.469970703,-0.980138958,-0.0509737618,0.0432480164,3.14160156,328,2871418721056,2871414139,71,3,1,8920410,-0.00390625,-0.0078125,-0.02734375,330,2871425720191,2871423538,73,0,1,1921275,0,0,0
1,310,2871437624540,2871437641483,1,0,0,1,0,7,7,0,0,0,4,0,0,331,2871436733618,2871433539,74,0,1,907865,0.882080078,-0.0326538086,0.00708007812,0.469970703,-0.980138958,-0.0509737618,0.0432480164,3.14160156,329,2871428722297,2871424140,72,3,1,8919186,0.01171875,0.02734375,-0.02734375,331,2871435721116,2871433539,74,0,1,1920367,0,0,0
1,311,2871447624540,2871447641760,1,0,0,1,0,7,7,0,0,0,4,0,0,332,2871446734580,2871443540,75,0,1,907180,0.882080078,-0.0326538086,0.00708007812,0.469970703,-0.980138958,-0.0509737618,0.0432480164,3.14160156,330,2871438721275,2871433739,73,3,1,8920485,0.03515625,-0.01953125,0.046875,332,2871445727549,2871443141,75,0,1,1914211,0,0,0
1,312,2871457624540,2871457641573,1,0,0,1,0,7,7,0,0,0,4,0,0,333,2871456734115,2871453240,76,0,1,907458,0.882080078,-0.0326538086,0.00708007812,0.469970703,-0.980138958,-0.0509737618,0.0432480164,3.14160156,331,2871448721793,2871443739,74,3,1,8919780,-0.00390625,-0.0078125,-0.01953125,333,2871455720613,2871453539,76,0,1,1920960,0,0,0
1,313,2871467624540,2871467641590,1,0,0,1,0,7,7,0,0,0,4,0,0,334,2871466733965,2871463440,77,0,1,907625,0.882080078,-0.0326538086,0.00708007812,0.469970703,-0.980138958,-0.0509737618,0.0432480164,3.14160156,332,2871458720772,2871453539,75,3,1,8920818,-0.00390625,-0.0078125,0.01953125,334,2871465720630,2871463539,77,0,1,1920960,0,0,0
1,314,2871477624540,2871477641532,1,0,0,1,0,7,7,0,0,0,4,0,0,335,2871476733741,2871473540,78,0,1,907791,0.882080078,-0.0326538086,0.00708007812,0.469970703,-0.980138958,-0.0509737618,0.0432480164,3.14160156,333,2871468721215,2871463239,76,3,1,8920317,-0.00390625,-0.0078125,0.01953125,335,2871475720517,2871473639,78,0,1,1921015,0,0,0
1,315,2871487624540,2871487641568,1,0,0,1,0,7,7,0,0,0,4,0,0,336,2871486732553,2871483738,79,0,1,909015,0.882080078,-0.0326538086,0.00708007812,0.469970703,-0.980138958,-0.0509737618,0.0432480164,3.14160156,334,2871478721121,2871474139,77,3,1,8920447,-0.0390625,0.00390625,-0.01953125,336,2871485720589,2871483339,79,0,1,1920979,0,0,0
1,316,2871497624540,2871497641603,1,0,0,1,0,7,7,0,0,0,4,0,0,337,2871496732792,2871493739,80,0,1,908811,0.882080078,-0.0326538086,0.00708007812,0.469970703,-0.980138958,-0.0509737618,0.0432480164,3.14160156,335,2871488720730,2871483739,78,3,1,8920873,-0.00390625,-0.0078125,0.01953125,337,2871495720718,2871493639,80,0,1,1920885,0,0,0
1,317,2871507624540,2871507641472,1,0,0,1,0,7,7,0,0,0,4,0,0,338,2871506732346,2871503539,81,0,1,909126,0.882080078,-0.0326538086,0.00708007812,0.469970703,-0.980138958,-0.0509737618,0.0432480164,3.14160156,336,2871498720969,2871494139,79,3,1,8920503,-0.00390625,-0.0078125,-0.01953125,338,2871505720568,2871503539,81,0,1,1920904,0,0,0
1,318,2871517624540,2871517641415,1,0,0,1,0,7,7,0,0,0,4,0,0,339,2871516732956,2871513539,82,0,1,908459,0.882080078,-0.0326538086,0.00708007812,0.469970703,-0.980138958,-0.0509737618,0.0432480164,3.14160156,337,2871508720856,2871503239,80,3,1,8920559,-0.00390625,-0.0078125,0.01953125,339,2871515720640,2871513539,82,0,1,1920775,0,0,0
1,319,2871527624540,2871527641636,1,0,0,1,0,7,7,0,0,0,4,0,0,340,2871526733585,2871523239,83,0,1,908051,0.882080078,-0.0326538086,0.00708007812,0.469970703,-0.980138958,-0.0509737618,0.0432480164,3.14160156,338,2871518718815,2871513939,81,3,1,8922821,-0.00390625,-0.0078125,0.01953125,340,2871525722474,2871523339,83,0,1,1919162,0,0,0
1,320,2871537624540,2871537641597,1,0,0,1,0,7,7,0,0,0,4,0,0,341,2871536733324,2871533539,84,0,1,908273,0.882080078,-0.0326538086,0.00708007812,0.469970703,-0.980138958,-0.0509737618,0.0432480164,3.14160156,339,2871528721539,2871523339,82,3,1,8920058,-0.00390625,-0.0078125,0.01953125,341,2871535721249,2871533539,84,0,1,1920348,0,0,0
1,321,2871547624540,2871547641577,1,0,0,1,0,7,7,0,0,0,4,0,0,342,2871546732896,2871543439,85,0,1,908681,0.882080078,-0.0326538086,0.00708007812,0.469970703,-0.980138958,-0.0509737618,0.0432480164,3.14160156,340,2871538721352,2871533739,83,3,1,8920225,-0.00390625,-0.0078125,0.01953125,342,2871545721192,2871543539,85,0,1,1920385,0,0,0
1,322,2871557624540,2871557641520,1,0,0,1,0,7,7,0,0,0,4,0,0,343,2871556732412,2871553538,86,0,1,909108,0.882080078,-0.0326538086,0.00708007812,0.469970703,-0.980138958,-0.0509737618,0.0432480164,3.14160156,341,2871548720961,2871543539,84,3,1,8920559,-0.00390625,-0.0078125,0.01953125,343,2871555720634,2871553539,86,0,1,1920886,0,0,0
1,323,2871567624540,2871567641574,1,0,0,1,0,7,7,0,0,0,4,0,0,344,2871566732781,2871563539,87,0,1,908793,0.882080078,-0.0326538086,0.00708007812,0.469970703,-0.980138958,-0.0509737618,0.0432480164,3.14160156,342,2871558720812,2871553939,85,3,1,8920762,-0.02734375,0.04296875,-0.01953125,344,2871565720373,2871563539,87,0,1,1921201,0,0,0
1,324,2871577624540,2871577641517,1,0,0,1,0,7,7,0,0,0,4,0,0,345,2871576732910,2871573539,88,0,1,908607,0.882080078,-0.0326538086,0.00708007812,0.469970703,-0.980138958,-0.0509737618,0.0432480164,3.14160156,343,2871568720958,2871563939,86,3,1,8920559,-0.00390625,-0.0078125,0.01953125,345,2871575720761,2871573639,88,0,1,1920756,0,0,0
1,325,2871587624540,2871587641534,1,0,0,1,0,7,7,0,0,0,4,0,0,346,2871586734058,2871583540,89,0,1,907476,0.882080078,-0.0326538086,0.00708007812,0.469970703,-0.980138958,-0.0509737618,0.0432480164,3.14160156,344,2871578720938,2871573739,87,3,1,8920596,-0.00390625,-0.0078125,0.01953125,346,2871585721241,2871583139,89,0,1,1920293,0,0,0
1,326,2871597624540,2871597641569,1,0,0,1,0,7,7,0,0,0,4,0,0,347,2871596733704,2871593239,90,0,1,907865,0.882080078,-0.0326538086,0.00708007812,0.469970703,-0.980138958,-0.0509737618,0.0432480164,3.14160156,345,2871588721233,2871583539,88,3,1,8920336,0.01171875,0.02734375,0.01953125,347,2871595720572,2871593539,90,0,1,1920997,0,0,0
1,327,2871607624540,2871607641530,1,0,0,1,0,7,7,0,0,0,4,0,0,348,2871606733554,2871603239,91,0,1,907976,0.882080078,-0.0326538086,0.00708007812,0.469970703,-0.980138958,-0.0509737618,0.0432480164,3.14160156,346,2871598720935,2871593339,89,3,1,8920595,-0.00390625,-0.0078125,0.01953125,348,2871605720682,2871603539,91,0,1,1920848,0,0,0
1,328,2871617624540,2871617641622,1,0,0,1,0,7,7,0,0,0,4,0,0,349,2871616733515,2871613439,92,0,1,908107,0.882080078,-0.0326538086,0.00708007812,0.469970703,-0.980138958,-0.0509737618,0.0432480164,3.14160156,347,2871608721212,2871603239,90,3,1,8920410,-0.00390625,-0.0078125,0.01953125,349,2871615720346,2871613539,92,0,1,1921276,0,0,0
1,329,2871627624540,2871627736707,1,0,0,1,0,7,7,0,0,0,4,0,0,350,2871627734203,2871623640,93,0,1,2504,0.882080078,-0.0326538086,0.00708007812,0.469970703,-0.980138958,-0.0509737618,0.0432480164,3.14160156,348,2871618720784,2871613939,91,3,1,9015923,-0.00390625,-0.0078125,0.01171875,350,2871626720886,2871623439,93,0,1,1015821,0,0,0
1,330,2871637624540,2871637641637,1,0,0,1,0,7,7,0,0,0,4,0,0,351,2871636734013,2871633539,94,0,1,907624,0.882080078,-0.0326538086,0.00708007812,0.469970703,-0.980138958,-0.0509737618,0.0432480164,3.14160156,349,2871629721231,2871623839,92,3,1,7920406,0.01171875,0.02734375,-0.02734375,351,2871635720992,2871633539,94,0,1,1920645,0,0,0
1,331,2871647624540,2871647640690,1,0,0,1,0,7,7,0,0,0,4,0,0,352,2871646733622,2871643539,95,0,1,907068,0.882080078,-0.0326538086,0.00708007812,0.469970703,-0.980138958,-0.0509737618,0.0432480164,3.14160156,350,2871638721040,2871633739,93,3,1,8919650,-0.0390625,0.0078125,0.01171875,352,2871645720842,2871643539,95,0,1,1919848,0,0,0
1,332,2871657624540,2871657640614,1,0,0,1,0,7,7,0,0,0,4,0,0,353,2871656734121,2871653439,96,0,1,906493,0.882080078,-0.0326538086,0.00708007812,0.469970703,-0.980138958,-0.0509737618,0.0432480164,3.14160156,351,2871648721929,2871643239,94,3,1,8918685,0.01171875,0.02734375,0.01171875,353,2871655721341,2871653539,96,0,1,1919273,0,0,0
1,333,2871667624540,2871667640594,1,0,0,1,0,7,7,0,0,0,4,0,0,354,2871666733470,2871663039,97,0,1,907124,0.882080078,-0.0326538086,0.00708007812,0.469970703,-0.980138958,-0.0509737618,0.0432480164,3.14160156,352,2871658721018,2871653739,95,3,1,8919576,-0.00390625,-0.0078125,0.01171875,354,2871665720543,2871663539,97,0,1,1920051,0,0,0
1,334,2871677624540,2871677640704,1,0,0,1,0,7,7,0,0,0,4,0,0,355,2871676733747,2871673439,98,0,1,906957,0.882080078,-0.0326538086,0.00708007812,0.469970703,-0.980138958,-0.0509737618,0.0432480164,3.14160156,353,2871668721091,2871663339,96,3,1,8919613,-0.00390625,-0.0078125,0.01171875,355,2871675720615,2871673539,98,0,1,1920089,0,0,0
1,335,2871687624540,2871687640609,1,0,0,1,0,7,7,0,0,0,4,0,0,356,2871686732911,2871683439,99,0,1,907698,0.882080078,-0.0326538086,0.00708007812,0.469970703,-0.980138958,-0.0509737618,0.0432480164,3.14160156,354,2871678721015,2871673539,97,3,1,8919594,0.01171875,0.02734375,0.01171875,356,2871685720521,2871683539,99,0,1,1920088,0,0,0
1,336,2871697624540,2871697640738,1,0,0,1,0,7,7,0,0,0,4,0,0,357,2871696733874,2871693439,100,0,1,906864,0.882080078,-0.0326538086,0.00708007812,0.469970703,-0.980138958,-0.0509737618,0.0432480164,3.14160156,355,2871688721218,2871683339,98,3,1,8919520,-0.00390625,-0.0078125,0.01171875,357,2871695720742,2871693539,100,0,1,1919996,0,0,0
1,337,2871707624540,2871707640662,1,0,0,1,0,7,7,0,0,0,4,0,0,358,2871706733816,2871703439,101,0,1,906846,0.882080078,-0.0326538086,0.00708007812,0.469970703,-0.980138958,-0.0509737618,0.0432480164,3.14160156,356,2871698721086,2871693739,99,3,1,8919576,-0.0390625,0.00390625,-0.02734375,358,2871705720889,2871703539,101,0,1,1919773,0,0,0
1,338,2871717624540,2871717640605,1,0,0,1,0,7,7,0,0,0,4,0,0,359,2871716733833,2871713539,102,0,1,906772,0.882080078,-0.0326538086,0.00708007812,0.469970703,-0.980138958,-0.0509737618,0.0432480164,3.14160156,357,2871708721233,2871703739,100,3,1,8919372,-0.0390625,0.0078125,0.01171875,359,2871715720553,2871713639,102,0,1,1920052,0,0,0
1,339,2871727624540,2871727640640,1,0,0,1,0,7,7,0,0,0,4,0,0,360,2871726734351,2871723540,103,0,1,906289,0.882080078,-0.0326538086,0.00708007812,0.469970703,-0.980138958,-0.0509737618,0.0432480164,3.14160156,358,2871718721027,2871713739,101,3,1,8919613,-0.00390625,-0.0078125,-0.02734375,360,2871725719995,2871723338,103,0,1,1920645,0,0,0
1,340,2871737624540,2871737722170,1,0,0,1,0,7,7,0,0,2,4,0,0,361,2871735733901,2871733140,104,0,1,1988269,0.882080078,-0.0326538086,0.00708007812,0.469970703,-0.980138958,-0.0509737618,0.0432480164,3.14160156,360,2871737720316,2871733438,103,3,1,1854,-0.00390625,-0.0078125,0.01171875,361,2871734721066,2871732639,104,0,1,3001104,0,0,0
1,341,2871747624540,2871747640785,1,0,0,1,0,7,5,2,0,0,4,0,0,362,2871746733829,2871743240,105,0,1,906956,0.882080078,-0.0326538086,0.00708007812,0.469970703,-0.980138958,-0.0509737618,0.0432480164,3.14160156,360,2871737720316,2871733438,103,3,1,9920469,-0.00390625,-0.0078125,0.01171875,362,2871745720604,2871743539,105,0,1,1920181,0,0,0
1,342,2871757624540,2871757641470,1,0,0,1,0,7,7,0,0,0,4,0,0,363,2871756733790,2871753440,106,0,1,907680,0.882080078,-0.0326538086,0.00708007812,0.469970703,-0.980138958,-0.0509737618,0.0432480164,3.14160156,361,2871748720763,2871743239,104,3,1,8920707,0.01171875,0.02734375,0.01171875,363,2871755720380,2871753539,106,0,1,1921090,0,0,0
1,343,2871767624540,2871767641487,1,0,0,1,0,7,7,0,0,0,4,0,0,364,2871766733584,2871763439,107,0,1,907903,0.882080078,-0.0326538086,0.00701904297,0.469970703,-0.980138123,-0.0510312058,0.0431403108,3.14160156,362,2871758721021,2871753739,105,3,1,8920466,-0.00390625,-0.0078125,0.01171875,364,2871765720601,2871763339,107,0,1,1920886,0,0,0
1,344,2871777624540,2871777641578,1,0,0,1,0,7,7,0,0,0,4,0,0,365,2871776733880,2871773440,108,0,1,907698,0.882080078,-0.0326538086,0.00701904297,0.469970703,-0.980138123,-0.0510312058,0.0431403108,3.14160156,363,2871768721279,2871763739,106,3,1,8920299,-0.02734375,0.04296875,0.01171875,365,2871775720229,2871773539,108,0,1,1921349,0,0,0
1,345,2871787624540,2871787641576,1,0,0,1,0,7,7,0,0,0,4,0,0,366,2871786733711,2871783439,109,0,1,907865,0.882080078,-0.0326538086,0.00701904297,0.469970703,-0.980138123,-0.0510312058,0.0431403108,3.14160156,364,2871778720962,2871773739,107,3,1,8920614,-0.00390625,-0.0078125,0.01171875,366,2871785720691,2871783539,109,0,1,1920885,0,0,0
1,346,2871797624540,2871797641464,1,0,0,1,0,7,7,0,0,0,4,0,0,367,2871796733672,2871793440,110,0,1,907792,0.882080078,-0.0326538086,0.00701904297,0.469970703,-0.980138123,-0.0510312058,0.0431403108,3.14160156,365,2871788720998,2871783039,108,3,1,8920466,-0.00390625,-0.0078125,0.01171875,367,2871795720671,2871793539,110,0,1,1920793,0,0,0
1,347,2871807624540,2871807722790,1,0,0,1,0,7,7,0,0,2,4,0,0,368,2871805733760,2871802940,111,0,1,1989030,0.882080078,-0.0326538086,0.00701904297,0.469970703,-0.980138123,-0.0510312058,0.0431403108,3.14160156,367,2871807720899,2871803339,110,3,1,1891,-0.0390625,0.0078125,0.01171875,368,2871804720702,2871802539,111,0,1,3002088,0,0,0
1,348,2871817624540,2871817641776,1,0,0,1,0,7,5,2,0,0,4,0,0,369,2871816734392,2871813440,112,0,1,907384,0.882080078,-0.0326538086,0.00701904297,0.469970703,-0.980138123,-0.0510312058,0.0431403108,3.14160156,367,2871807720899,2871803339,110,3,1,9920877,-0.0390625,0.0078125,0.01171875,369,2871815721965,2871813639,112,0,1,1919811,0,0,0
1,349,2871827624540,2871827641718,1,0,0,1,0,7,7,0,0,0,4,0,0,370,2871826733946,2871823439,113,0,1,907772,0.882080078,-0.0326538086,0.00701904297,0.469970703,-0.980138123,-0.0510312058,0.0431403108,3.14160156,368,2871818720863,2871813539,111,3,1,8920855,-0.00390625,-0.0078125,-0.02734375,370,2871825720202,2871823138,113,0,1,1921516,0,0,0
1,350,2871837624540,2871837641402,1,0,0,1,0,7,7,0,0,0,4,0,0,371,2871836733740,2871833439,114,0,1,907662,0.882080078,-0.0326538086,0.00701904297,0.469970703,-0.980138123,-0.0510312058,0.0431403108,3.14160156,369,2871828720658,2871823238,112,3,1,8920744,-0.01953125,0.04296875,-0.02734375,371,2871835720627,2871833539,114,0,1,1920775,0,0,0
1,351,2871847624540,2871847641808,1,0,0,1,0,7,7,0,0,0,4,0,0,372,2871846734406,2871843440,115,0,1,907402,0.882080078,-0.0326538086,0.00701904297,0.469970703,-0.980138123,-0.0510312058,0.0431403108,3.14160156,370,2871838720007,2871833738,113,3,1,8921801,0.0078125,-0.0078125,0.05078125,372,2871845727839,2871843539,115,0,1,1913969,0,0,0
1,352,2871857624540,2871857641640,1,0,0,1,0,7,7,0,0,0,4,0,0,373,2871856734720,2871853240,116,0,1,906920,0.882080078,-0.0326538086,0.00708007812,0.469970703,-0.980138958,-0.0509737618,0.0432480164,3.14160156,371,2871848720525,2871843738,114,3,1,8921115,0.00390625,-0.0078125,0.01171875,373,2871855722293,2871853639,116,0,1,1919347,0,0,0
1,353,2871867624540,2871867641601,1,0,0,1,0,7,7,0,0,0,4,0,0,374,2871866734051,2871863440,117,0,1,907550,0.882080078,-0.0326538086,0.00708007812,0.469970703,-0.980138958,-0.0509737618,0.0432480164,3.14160156,372,2871858720876,2871853738,115,3,1,8920725,-0.03125,0.0078125,0.01171875,374,2871865721160,2871863138,117,0,1,1920441,0,0,0
1,354,2871877624540,2871877641618,1,0,0,1,0,7,7,0,0,0,4,0,0,375,2871876734383,2871873540,118,0,1,907235,0.882080078,-0.0326538086,0.00708007812,0.469970703,-0.980138958,-0.0509737618,0.0432480164,3.14160156,373,2871868720077,2871863338,116,3,1,8921541,0.00390625,-0.0078125,-0.02734375,375,2871875721511,2871873539,118,0,1,1920107,0,0,0
1,355,2871887624540,2871887736647,1,0,0,1,0,7,7,0,0,0,4,0,0,376,2871887734163,2871883339,119,0,1,2484,0.882080078,-0.0326538086,0.00708007812,0.469970703,-0.980138958,-0.0509737618,0.0432480164,3.14160156,374,2871878720446,2871873939,117,3,1,9016201,-0.01953125,0.04296875,0.01171875,376,2871886720938,2871883539,119,0,1,1015709,0,0,0
1,356,2871897624540,2871897641707,1,0,0,1,0,7,7,0,0,0,4,0,0,377,2871896734565,2871893240,120,0,1,907142,0.882080078,-0.0326538086,0.00708007812,0.469970703,-0.980138958,-0.0509737618,0.0432480164,3.14160156,375,2871889721357,2871883239,118,3,1,7920350,0.0078125,-0.0078125,0.05078125,377,2871895724530,2871893540,120,0,1,1917177,0,0,0
1,357,2871907624540,2871907641706,1,0,0,1,0,7,7,0,0,0,4,0,0,378,2871906733989,2871903239,121,0,1,907717,0.882080078,-0.0326538086,0.00708007812,0.469970703,-0.980138958,-0.0509737618,0.0432480164,3.14160156,376,2871898720517,2871893539,119,3,1,8921189,-0.03125,0.0078125,0.01171875,378,2871905720913,2871903339,121,0,1,1920793,0,0,0
1,358,2871917624540,2871917641834,1,0,0,1,0,7,7,0,0,0,4,0,0,379,2871916734284,2871913439,122,0,1,907550,0.882080078,-0.0326538086,0.00708007812,0.469970703,-0.980138958,-0.0509737618,0.0432480164,3.14160156,377,2871908720571,2871903539,120,3,1,8921263,0.00390625,-0.0078125,0.01171875,379,2871915718797,2871913639,122,0,1,1923037,0,0,0
1,359,2871927624540,2871927641610,1,0,0,1,0,7,7,0,0,0,4,0,0,380,2871926734245,2871923239,123,0,1,907365,0.882080078,-0.0326538086,0.00708007812,0.469970703,-0.980138958,-0.0509737618,0.0432480164,3.14160156,378,2871918721293,2871913739,121,3,1,8920317,-0.06640625,0.01953125,-0.02734375,380,2871925720372,2871923538,123,0,1,1921238,0,0,0
1,360,2871937624540,2871937641553,1,0,0,1,0,7,7,0,0,0,4,0,0,381,2871936734170,2871933439,124,0,1,907383,0.882080078,-0.0326538086,0.00708007812,0.469970703,-0.980138958,-0.0509737618,0.0432480164,3.14160156,379,2871928721106,2871923239,122,3,1,8920447,0.00390625,-0.0078125,0.01171875,381,2871935721186,2871933539,124,0,1,1920367,0,0,0
1,361,2871947624540,2871947641644,1,0,0,1,0,7,7,0,0,0,4,0,0,382,2871946733667,2871943539,125,0,1,907977,0.882080078,-0.0326538086,0.00708007812,0.469970703,-0.980138958,-0.0509737618,0.0432480164,3.14160156,380,2871938721178,2871933739,123,3,1,8920466,0.01953125,0.02734375,-0.02734375,382,2871945720962,2871943539,125,0,1,1920682,0,0,0
1,362,2871957624540,2871957641624,1,0,0,1,0,7,7,0,0,0,4,0,0,383,2871956733684,2871953439,126,0,1,907940,0.882080078,-0.0326538086,0.00708007812,0.469970703,-0.980138958,-0.0509737618,0.0432480164,3.14160156,381,2871948720954,2871943939,124,3,1,8920670,0.01953125,0.01953125,-0.02734375,383,2871955720905,2871953639,126,0,1,1920719,0,0,0
1,363,2871967624540,2871967641696,1,0,0,1,0,7,7,0,0,0,4,0,0,384,2871966733516,2871963439,127,0,1,908180,0.882080078,-0.0326538086,0.00708007812,0.469970703,-0.980138958,-0.0509737618,0.0432480164,3.14160156,382,2871958720749,2871953339,125,3,1,8920947,0.00390625,-0.015625,-0.02734375,384,2871965720922,2871963339,127,0,1,1920774,0,0,0
1,364,2871977624540,2871977641658,1,0,0,1,0,7,7,0,0,0,4,0,0,385,2871976734367,2871973440,128,0,1,907291,0.882080078,-0.0326538086,0.00708007812,0.469970703,-0.980138958,-0.0509737618,0.0432480164,3.14160156,383,2871968721378,2871963239,126,3,1,8920280,0.01953125,0.01953125,0.01171875,385,2871975721644,2871973539,128,0,1,1920014,0,0,0
1,365,2871987624540,2871987641730,1,0,0,1,0,7,7,0,0,0,4,0,0,386,2871986733958,2871983440,129,0,1,907772,0.882080078,-0.0326538086,0.00708007812,0.469970703,-0.980138958,-0.0509737618,0.0432480164,3.14160156,384,2871978721154,2871973539,127,3,1,8920576,0.00390625,-0.015625,-0.02734375,386,2871985720696,2871983539,129,0,1,1921034,0,0,0
1,366,2871997624540,2871997641618,1,0,0,1,0,7,7,0,0,0,4,0,0,387,2871996733789,2871993040,130,0,1,907829,0.882080078,-0.0326538086,0.00708007812,0.469970703,-0.980138958,-0.0509737618,0.0432480164,3.14160156,385,2871988720967,2871983739,128,3,1,8920651,0.00390625,-0.015625,0.01171875,387,2871995720546,2871993639,130,0,1,1921072,0,0,0
1,367,2872007624540,2872007641635,1,0,0,1,0,7,7,0,0,0,4,0,0,388,2872006733843,2872003439,131,0,1,907792,0.882080078,-0.0326538086,0.00708007812,0.469970703,-0.980138958,-0.0509737618,0.0432480164,3.14160156,386,2871998720687,2871993539,129,3,1,8920948,-0.03125,-0.00390625,-0.02734375,388,2872005720767,2872003339,131,0,1,1920868,0,0,0
1,368,2872017624540,2872017641410,1,0,0,1,0,7,7,0,0,0,4,0,0,389,2872016733731,2872013539,132,0,1,907679,0.882080078,-0.0326538086,0.00714111328,0.469970703,-0.980139613,-0.0509163179,0.0433557183,3.14160156,387,2872008720444,2872003339,130,3,1,8920966,-0.03125,0,0.01171875,389,2872015720599,2872013639,132,0,1,1920811,0,0,0
1,369,2872027624540,2872027641520,1,0,0,1,0,7,7,0,0,0,4,0,0,390,2872026734304,2872023239,133,0,1,907216,0.882080078,-0.0326538086,0.00714111328,0.469970703,-0.980139613,-0.0509163179,0.0433557183,3.14160156,388,2872018721055,2872013739,131,3,1,8920465,0.01953125,0.01953125,0.01171875,390,2872025719930,2872023538,133,0,1,1921590,0,0,0
1,370,2872037624540,2872037641537,1,0,0,1,0,7,7,0,0,0,4,0,0,391,2872036733616,2872033239,134,0,1,907921,0.882080078,-0.0326538086,0.00714111328,0.469970703,-0.980139613,-0.0509163179,0.0433557183,3.14160156,389,2872028720738,2872022839,132,3,1,8920799,-0.03125,0,0.01171875,391,2872035720651,2872033339,134,0,1,1920886,0,0,0
1,371,2872047624540,2872047641647,1,0,0,1,0,7,7,0,0,0,4,0,0,392,2872046733578,2872043239,135,0,1,908069,0.882080078,-0.0326538086,0.00714111328,0.469970703,-0.980139613,-0.0509163179,0.0433557183,3.14160156,390,2872038720866,2872033539,133,3,1,8920781,-0.03125,-0.00390625,-0.02734375,392,2872045720724,2872043339,135,0,1,1920923,0,0,0
1,372,2872057624540,2872057641534,1,0,0,1,0,7,7,0,0,0,4,0,0,393,2872056733335,2872053239,136,0,1,908199,0.882080078,-0.0326538086,0.00714111328,0.469970703,-0.980139613,-0.0509163179,0.0433557183,3.14160156,391,2872048720735,2872043539,134,3,1,8920799,0.00390625,-0.015625,0.01171875,393,2872055720407,2872053539,136,0,1,1921127,0,0,0
1,373,2872067624540,2872067641532,1,0,0,1,0,7,7,0,0,0,4,0,0,394,2872066733315,2872063039,137,0,1,908217,0.882080078,-0.0326538086,0.00714111328,0.469970703,-0.980139613,-0.0509163179,0.0433557183,3.14160156,392,2872058720826,2872053539,135,3,1,8920706,0.00390625,-0.015625,0.01171875,394,2872065720888,2872063539,137,0,1,1920644,0,0,0
1,374,2872077624540,2872077661650,1,0,0,1,0,7,7,0,0,0,4,0,0,395,2872076733239,2872073239,138,0,1,928411,0.882080078,-0.0326538086,0.00714111328,0.469970703,-0.980139613,-0.0509163179,0.0433557183,3.14160156,393,2872068720750,2872063039,136,3,1,8940900,0.00390625,-0.015625,0.01171875,395,2872075720664,2872073539,138,0,1,1940986,0,0,0
1,375,2872087624540,2872087658570,1,0,0,1,0,7,7,0,0,0,4,0,0,396,2872086770267,2872083452,139,0,1,888303,0.882080078,-0.0326538086,0.00714111328,0.469970703,-0.980139613,-0.0509163179,0.0433557183,3.14160156,394,2872078791248,2872073573,137,3,1,8867322,-0.03125,-0.00390625,-0.02734375,396,2872085771877,2872083557,139,0,1,1886693,0,0,0
1,376,2872097624540,2872097640452,1,0,0,1,0,7,7,0,0,0,4,0,0,397,2872096734033,2872093238,140,0,1,906419,0.882080078,-0.0326538086,0.00714111328,0.469970703,-0.980139613,-0.0509163179,0.0433557183,3.14160156,395,2872088759761,2872083752,138,3,1,8880691,0.00390625,-0.015625,-0.02734375,397,2872095743079,2872093538,140,0,1,1897373,0,0,0
1,377,2872107624540,2872107640469,1,0,0,1,0,7,7,0,0,0,4,0,0,398,2872106732808,2872103238,141,0,1,907661,0.882080078,-0.0326538086,0.00714111328,0.469970703,-0.980139613,-0.0509163179,0.0433557183,3.14160156,396,2872098719818,2872093238,139,3,1,8920651,0.00390625,-0.015625,0.01171875,398,2872105723885,2872103139,141,0,1,1916584,0,0,0
1,378,2872117624540,2872117642211,1,0,0,1,0,7,7,0,0,0,4,0,0,399,2872116734531,2872113239,142,0,1,907680,0.882080078,-0.0325927734,0.00714111328,0.469970703,-0.980139196,-0.0508085005,0.0432983339,3.14160156,397,2872108720966,2872103238,140,3,1,8921245,0.00390625,-0.015625,0.01171875,399,2872115718395,2872113338,142,0,1,1923816,0,0,0
1,379,2872127624540,2872127641783,1,0,0,1,0,7,7,0,0,0,4,0,0,400,2872126733992,2872123239,143,0,1,907791,0.882080078,-0.0325927734,0.00714111328,0.469970703,-0.980139196,-0.0508085005,0.0432983339,3.14160156,398,2872118721540,2872113339,141,3,1,8920243,0.00390625,-0.015625,0.01171875,400,2872125721064,2872123538,143,0,1,1920719,0,0,0
1,380,2872137624540,2872137641559,1,0,0,1,0,7,7,0,0,0,4,0,0,401,2872136734175,2872132840,144,0,1,907384,0.882080078,-0.0325927734,0.00714111328,0.469970703,-0.980139196,-0.0508085005,0.0432983339,3.14160156,399,2872128721408,2872123339,142,3,1,8920151,-0.01953125,0.03515625,0.01171875,401,2872135720320,2872133538,144,0,1,1921239,0,0,0
1,381,2872147624540,2872147736143,1,0,0,1,0,7,7,0,0,0,4,0,0,402,2872147733769,2872143139,145,0,1,2374,0.882080078,-0.0325927734,0.00714111328,0.469970703,-0.980139196,-0.0508085005,0.0432983339,3.14160156,400,2872138721054,2872133339,143,3,1,9015089,-0.03125,0,0.01171875,402,2872146721009,2872143239,145,0,1,1015134,0,0,0
1,382,2872157624540,2872157641166,1,0,0,1,0,7,7,0,0,0,4,0,0,403,2872156733375,2872153239,146,0,1,907791,0.882080078,-0.0325927734,0.00720214844,0.469970703,-0.980139971,-0.0507510565,0.0434060358,3.14160156,401,2872149721093,2872143139,144,3,1,7920073,0.0078125,-0.015625,0.05078125,403,2872155720039,2872153538,146,0,1,1921127,0,0,0
1,383,2872167624540,2872167641962,1,0,0,1,0,7,7,0,0,0,4,0,0,404,2872166734560,2872163240,147,0,1,907402,0.882080078,-0.0325927734,0.00720214844,0.469970703,-0.980139971,-0.0507510565,0.0434060358,3.14160156,402,2872158720513,2872153539,145,3,1,8921449,0.00390625,-0.015625,0.01171875,404,2872165721929,2872163538,147,0,1,1920033,0,0,0
1,384,2872177624540,2872177641608,1,0,0,1,0,7,7,0,0,0,4,0,0,405,2872176733835,2872173239,148,0,1,907773,0.882080078,-0.0325927734,0.00720214844,0.469970703,-0.980139971,-0.0507510565,0.0434060358,3.14160156,403,2872168721272,2872162839,146,3,1,8920336,0.01953125,0.01953125,-0.02734375,405,2872175720926,2872173339,148,0,1,1920682,0,0,0
1,385,2872187624540,2872187641588,1,0,0,1,0,7,7,0,0,0,4,0,0,406,2872186733797,2872183039,149,0,1,907791,0.882080078,-0.0325927734,0.00720214844,0.469970703,-0.980139971,-0.0507510565,0.0434060358,3.14160156,404,2872178720751,2872173539,147,3,1,8920837,0.00390625,-0.015625,0.01171875,406,2872185719942,2872183338,149,0,1,1921646,0,0,0
1,386,2872197624540,2872197722673,1,0,0,1,0,7,7,0,0,2,4,0,0,407,2872195732698,2872193139,150,0,1,1989975,0.882080078,-0.0325927734,0.00720214844,0.469970703,-0.980139971,-0.0507510565,0.0434060358,3.14160156,406,2872197720763,2872193439,149,3,1,1910,0.01953125,0.01953125,-0.02734375,407,2872194720808,2872192639,150,0,1,3001865,0,0,0
1,387,2872207624540,2872207641510,1,0,0,1,0,7,5,2,0,0,4,0,0,408,2872206733608,2872203039,151,0,1,907902,0.882080078,-0.0325927734,0.00720214844,0.469970703,-0.980139971,-0.0507510565,0.0434060358,3.14160156,406,2872197720763,2872193439,149,3,1,9920747,0.01953125,0.01953125,-0.02734375,408,2872205719623,2872203538,151,0,1,1921887,0,0,0
1,388,2872217624540,2872217641527,1,0,0,1,0,7,7,0,0,0,4,0,0,409,2872216733810,2872213239,152,0,1,907717,0.882080078,-0.0325927734,0.00720214844,0.469970703,-0.980139971,-0.0507510565,0.0434060358,3.14160156,407,2872208720765,2872203039,150,3,1,8920762,-0.03125,-0.00390625,-0.02734375,409,2872215720716,2872213539,152,0,1,1920811,0,0,0
1,389,2872227624540,2872227641748,1,0,0,1,0,7,7,0,0,0,4,0,0,410,2872226732993,2872223039,153,0,1,908755,0.882080078,-0.0325927734,0.00720214844,0.469970703,-0.980139971,-0.0507510565,0.0434060358,3.14160156,408,2872218720912,2872213339,151,3,1,8920836,0.00390625,-0.015625,0.01171875,410,2872225720714,2872223539,153,0,1,1921034,0,0,0
1,390,2872237624540,2872237723186,1,0,0,1,0,7,7,0,0,2,4,0,0,411,2872235734230,2872233140,154,0,1,1988956,0.882080078,-0.0325927734,0.00720214844,0.469970703,-0.980139971,-0.0507510565,0.0434060358,3.14160156,410,2872237721146,2872233339,153,3,1,2040,0.00390625,-0.015625,0.01171875,411,2872234721006,2872232639,154,0,1,3002180,0,0,0
1,391,2872247624540,2872247641597,1,0,0,1,0,7,5,2,0,0,4,0,0,412,2872246733917,2872243240,155,0,1,907680,0.882080078,-0.0325927734,0.00720214844,0.469970703,-0.980139971,-0.0507510565,0.0434060358,3.14160156,410,2872237721146,2872233339,153,3,1,9920451,0.00390625,-0.015625,0.01171875,412,2872245721082,2872243139,155,0,1,1920515,0,0,0
1,392,2872257624540,2872257641614,1,0,0,1,0,7,7,0,0,0,4,0,0,413,2872256733990,2872253040,156,0,1,907624,0.882080078,-0.0325927734,0.00720214844,0.469970703,-0.980139971,-0.0507510565,0.0434060358,3.14160156,411,2872248720889,2872243239,154,3,1,8920725,0.01953125,0.01953125,0.01171875,413,2872255721136,2872253539,156,0,1,1920478,0,0,0
1,393,2872267624540,2872267641538,1,0,0,1,0,7,7,0,0,0,4,0,0,414,2872266733728,2872263039,157,0,1,907810,0.882080078,-0.0325927734,0.00720214844,0.469970703,-0.980139971,-0.0507510565,0.0434060358,3.14160156,412,2872258720924,2872253239,155,3,1,8920614,0.0078125,-0.015625,0.05078125,414,2872265720949,2872263539,157,0,1,1920589,0,0,0
1,394,2872277624540,2872277722716,1,0,0,1,0,7,7,0,0,2,4,0,0,415,2872275733742,2872272940,158,0,1,1988974,0.882080078,-0.0325927734,0.00720214844,0.469970703,-0.980139971,-0.0507510565,0.0434060358,3.14160156,414,2872277720806,2872273139,157,3,1,1910,0.00390625,-0.015625,0.01171875,415,2872274720480,2872272539,158,0,1,3002236,0,0,0
1,395,2872287624540,2872287641646,1,0,0,1,0,7,5,2,0,0,4,0,0,416,2872286733132,2872283039,159,0,1,908514,0.882080078,-0.0325927734,0.00720214844,0.469970703,-0.980139971,-0.0507510565,0.0434060358,3.14160156,414,2872277720806,2872273139,157,3,1,9920840,0.00390625,-0.015625,0.01171875,416,2872285721947,2872283139,159,0,1,1919699,0,0,0
1,396,2872297624540,2872297723102,1,0,0,1,0,7,7,0,0,2,4,0,0,417,2872295733850,2872292939,160,0,1,1989252,0.882080078,-0.0325927734,0.00720214844,0.469970703,-0.980139971,-0.0507510565,0.0434060358,3.14160156,416,2872297721230,2872293339,159,3,1,1872,0.00390625,-0.015625,0.01171875,417,2872294721015,2872292539,160,0,1,3002087,0,0,0
1,397,2872307624540,2872307722285,1,0,0,1,0,7,7,0,0,0,4,0,0,418,2872305733496,2872302939,161,0,1,1988789,0.882080078,-0.0325927734,0.00720214844,0.469970703,-0.980139971,-0.0507510565,0.0434060358,3.14160156,417,2872307720375,2872302739,160,3,1,1910,0.01953125,0.01953125,0.01171875,418,2872304720717,2872302539,161,0,1,3001568,0,0,0
1,398,2872317624540,2872317641530,1,0,0,1,0,7,5,2,0,0,4,0,0,419,2872316732775,2872313038,162,0,1,908755,0.882080078,-0.0325927734,0.00720214844,0.469970703,-0.980139971,-0.0507510565,0.0434060358,3.14160156,417,2872307720375,2872302739,160,3,1,9921155,0.01953125,0.01953125,0.01171875,419,2872315720793,2872313339,162,0,1,1920737,0,0,0
1,399,2872327624540,2872327722801,1,0,0,1,0,7,7,0,0,2,4,0,0,420,2872325733641,2872322939,163,0,1,1989160,0.882080078,-0.0325927734,0.00726318359,0.469970703,-0.980140746,-0.0506936163,0.0435137376,3.14160156,419,2872327720965,2872323339,162,3,1,1836,0.00390625,-0.015625,-0.02734375,420,2872324720380,2872322539,163,0,1,3002421,0,0,0
1,400,2872337624540,2872337722911,1,0,0,1,0,7,7,0,0,0,4,0,0,421,2872335733974,2872332940,164,0,1,1988937,0.882080078,-0.0325927734,0.00726318359,0.469970703,-0.980140746,-0.0506936163,0.0435137376,3.14160156,420,2872337720982,2872333339,163,3,1,1929,0.01953125,0.01953125,0.01171875,421,2872334721176,2872332539,164,0,1,3001735,0,0,0
1,401,2872347624540,2872347723095,1,0,0,1,0,7,7,0,0,0,4,0,0,422,2872345734788,2872343140,165,0,1,1988307,0.882080078,-0.0325927734,0.00726318359,0.469970703,-0.980140746,-0.0506936163,0.0435137376,3.14160156,421,2872347721203,2872342739,164,3,1,1892,0.00390625,-0.015625,-0.02734375,422,2872344730408,2872342539,165,0,1,2992687,0,0,0
1,402,2872357624540,2872357641821,1,0,0,1,0,7,5,2,0,0,4,0,0,423,2872356733325,2872353039,166,0,1,908496,0.882080078,-0.0325927734,0.00726318359,0.469970703,-0.980140746,-0.0506936163,0.0435137376,3.14160156,421,2872347721203,2872342739,164,3,1,9920618,0.00390625,-0.015625,-0.02734375,423,2872355721862,2872353539,166,0,1,1919959,0,0,0
1,403,2872367624540,2872367722813,1,0,0,1,0,7,7,0,0,2,4,0,0,424,2872365734451,2872362940,167,0,1,1988362,0.882080078,-0.0325927734,0.00726318359,0.469970703,-0.980140746,-0.0506936163,0.0435137376,3.14160156,423,2872367720922,2872363339,166,3,1,1891,0.00390625,-0.015625,0.01171875,424,2872364721523,2872362539,167,0,1,3001290,0,0,0
1,404,2872377624540,2872377723609,1,0,0,1,0,7,7,0,0,0,4,0,0,425,2872375734561,2872372939,168,0,1,1989048,0.882080078,-0.0325927734,0.00726318359,0.469970703,-0.980140746,-0.0506936163,0.0435137376,3.14160156,424,2872377721699,2872372939,167,3,1,1910,0.01953125,0.01953125,0.01171875,425,2872374718666,2872372539,168,0,1,3004943,0,0,0
1,405,2872387624540,2872387641593,1,0,0,1,0,7,5,2,0,0,4,0,0,426,2872386733524,2872383039,169,0,1,908069,0.882080078,-0.0325927734,0.00726318359,0.469970703,-0.980140746,-0.0506936163,0.0435137376,3.14160156,424,2872377721699,2872372939,167,3,1,9919894,0.01953125,0.01953125,0.01171875,426,2872385721153,2872383139,169,0,1,1920440,0,0,0
1,406,2872397624540,2872397722629,1,0,0,1,0,7,7,0,0,2,4,0,0,427,2872395733687,2872392739,170,0,1,1988942,0.882080078,-0.0325927734,0.00726318359,0.469970703,-0.980140746,-0.0506936163,0.0435137376,3.14160156,426,2872397720720,2872393139,169,3,1,1909,-0.00390625,-0.015625,-0.02734375,427,2872394720713,2872392539,170,0,1,3001916,0,0,0
1,407,2872407624540,2872407641679,1,0,0,1,0,7,5,2,0,0,4,0,0,428,2872406733627,2872402838,171,0,1,908052,0.882080078,-0.0325317383,0.00726318359,0.469970703,-0.980140209,-0.0505858026,0.0434563532,3.14160156,426,2872397720720,2872393139,169,3,1,9920959,-0.00390625,-0.015625,-0.02734375,428,2872405720875,2872402538,171,0,1,1920804,0,0,0
1,408,2872417624540,2872417723128,1,0,0,1,0,7,7,0,0,2,4,0,0,429,2872415734353,2872412939,172,0,1,1988775,0.882080078,-0.0325317383,0.00726318359,0.469970703,-0.980140209,-0.0505858026,0.0434563532,3.14160156,428,2872417721237,2872413139,171,3,1,1891,-0.00390625,-0.015625,0.01171875,429,2872414723121,2872412539,172,0,1,3000007,0,0,0
1,409,2872427624540,2872427641622,1,0,0,1,0,7,5,2,0,0,4,0,0,430,2872426733217,2872423039,173,0,1,908405,0.882080078,-0.0325317383,0.00726318359,0.469970703,-0.980140209,-0.0505858026,0.0434563532,3.14160156,428,2872417721237,2872413139,171,3,1,9920385,-0.00390625,-0.015625,0.01171875,430,2872425721688,2872423339,173,0,1,1919934,0,0,0
1,410,2872437624540,2872437723015,1,0,0,1,0,7,7,0,0,2,4,0,0,431,2872435734036,2872432940,174,0,1,1988979,0.882080078,-0.0325317383,0.00726318359,0.469970703,-0.980140209,-0.0505858026,0.0434563532,3.14160156,430,2872437721124,2872433339,173,3,1,1891,-0.00390625,-0.0078125,-0.02734375,431,2872434722248,2872432539,174,0,1,3000767,0,0,0
1,411,2872447624540,2872447721790,1,0,0,1,0,7,7,0,0,0,4,0,0,432,2872445733868,2872442938,175,0,1,1987922,0.882080078,-0.0325317383,0.00726318359,0.469970703,-0.980140209,-0.0505858026,0.0434563532,3.14160156,431,2872447719955,2872442738,174,3,1,1835,-0.0390625,0.0078125,0.01171875,432,2872444722154,2872442539,175,0,1,2999636,0,0,0
1,412,2872457624540,2872457640469,1,0,0,1,0,7,5,2,0,0,4,0,0,433,2872456733622,2872453039,176,0,1,906847,0.882080078,-0.0325317383,0.00726318359,0.469970703,-0.980140209,-0.0505858026,0.0434563532,3.14160156,431,2872447719955,2872442738,174,3,1,9920514,-0.0390625,0.0078125,0.01171875,433,2872455720796,2872453339,176,0,1,1919673,0,0,0
1,413,2872467624540,2872467721621,1,0,0,1,0,7,7,0,0,2,4,0,0,434,2872465733495,2872462739,177,0,1,1988126,0.882080078,-0.0325317383,0.00726318359,0.469970703,-0.980140209,-0.0505858026,0.0434563532,3.14160156,433,2872467719712,2872463138,176,3,1,1909,-0.00390625,-0.0078125,0.01171875,434,2872464720576,2872462539,177,0,1,3001045,0,0,0
1,414,2872477624540,2872477721843,1,0,0,1,0,7,7,0,0,0,4,0,0,435,2872475733346,2872472739,178,0,1,1988497,0.882080078,-0.0325317383,0.00720214844,0.469970703,-0.980139494,-0.0506432429,0.0433486514,3.14160156,434,2872477719970,2872473138,177,3,1,1873,-0.0390625,0.00390625,-0.02734375,435,2872474720612,2872472539,178,0,1,3001231,0,0,0
1,415,2872487624540,2872487721935,1,0,0,1,0,7,7,0,0,0,4,0,0,436,2872485734402,2872482539,179,0,1,1987533,0.882080078,-0.0325317383,0.00720214844,0.469970703,-0.980139494,-0.0506432429,0.0433486514,3.14160156,435,2872487720025,2872482738,178,3,1,1910,-0.00390625,-0.0078125,0.01171875,436,2872484731587,2872482539,179,0,1,2990348,0,0,0
1,416,2872497624540,2872497722545,1,0,0,1,0,7,7,0,0,0,4,0,0,437,2872495734456,2872492740,180,0,1,1988089,0.882080078,-0.0325317383,0.00720214844,0.469970703,-0.980139494,-0.0506432429,0.0433486514,3.14160156,436,2872497720654,2872493138,179,3,1,1891,-0.00390625,-0.0078125,0.01171875,437,2872494722223,2872492539,180,0,1,3000322,0,0,0
1,417,2872507624540,2872507722544,1,0,0,1,0,7,7,0,0,0,4,0,0,438,2872505734214,2872502739,181,0,1,1988330,0.882080078,-0.0325317383,0.00720214844,0.469970703,-0.980139494,-0.0506432429,0.0433486514,3.14160156,437,2872507720523,2872503138,180,3,1,2021,0.03515625,-0.01953125,0.01171875,438,2872504722704,2872502539,181,0,1,2999840,0,0,0
1,418,2872517624540,2872517721653,1,0,0,1,0,7,7,0,0,0,4,0,0,439,2872515733546,2872512739,182,0,1,1988107,0.882080078,-0.0325317383,0.00720214844,0.469970703,-0.980139494,-0.0506432429,0.0433486514,3.14160156,438,2872517719799,2872512938,181,3,1,1854,-0.0390625,0.0078125,0.01171875,439,2872514720552,2872512539,182,0,1,3001101,0,0,0
1,419,2872527624540,2872527640518,1,0,0,1,0,7,5,2,0,0,4,0,0,440,2872526732540,2872522838,183,0,1,907978,0.882080078,-0.0325317383,0.00720214844,0.469970703,-0.980139494,-0.0506432429,0.0433486514,3.14160156,438,2872517719799,2872512938,181,3,1,9920719,-0.0390625,0.0078125,0.01171875,440,2872525720807,2872522939,183,0,1,1919711,0,0,0
1,420,2872537624540,2872537722134,1,0,0,1,0,7,7,0,0,2,4,0,0,441,2872535734100,2872532539,184,0,1,1988034,0.882080078,-0.0325317383,0.00720214844,0.469970703,-0.980139494,-0.0506432429,0.0433486514,3.14160156,440,2872537720298,2872532938,183,3,1,1836,-0.0390625,0.0078125,0.01171875,441,2872534721274,2872532539,184,0,1,3000860,0,0,0
1,421,2872547624540,2872547722540,1,0,0,1,0,7,7,0,0,0,4,0,0,442,2872545733061,2872542738,185,0,1,1989479,0.882080078,-0.0325317383,0.00720214844,0.469970703,-0.980139494,-0.0506432429,0.0433486514,3.14160156,441,2872547720649,2872543139,184,3,1,1891,-0.00390625,-0.0078125,0.01171875,442,2872544721884,2872542539,185,0,1,3000656,0,0,0
1,422,2872557624540,2872557722855,1,0,0,1,0,7,7,0,0,0,4,0,0,443,2872555733579,2872552539,186,0,1,1989276,0.882080078,-0.0325317383,0.00720214844,0.469970703,-0.980139494,-0.0506432429,0.0433486514,3.14160156,442,2872557720963,2872553139,185,3,1,1892,-0.00390625,-0.0078125,0.01171875,443,2872554720400,2872552539,186,0,1,3002455,0,0,0
1,423,2872567624540,2872567641423,1,0,0,1,0,7,5,2,0,0,4,0,0,444,2872566733333,2872562839,187,0,1,908090,0.882080078,-0.0325317383,0.00720214844,0.469970703,-0.980139494,-0.0506432429,0.0433486514,3.14160156,442,2872557720963,2872553139,185,3,1,9920460,-0.00390625,-0.0078125,0.01171875,444,2872565720711,2872562939,187,0,1,1920712,0,0,0
1,424,2872577624540,2872577722352,1,0,0,1,0,7,7,0,0,2,4,0,0,445,2872575732872,2872572938,188,0,1,1989480,0.882080078,-0.0325317383,0.00720214844,0.469970703,-0.980139494,-0.0506432429,0.0433486514,3.14160156,444,2872577720405,2872573139,187,3,1,1947,-0.00390625,-0.0078125,-0.02734375,445,2872574718099,2872572639,188,0,1,3004253,0,0,0
1,425,2872587624540,2872587722388,1,0,0,1,0,7,7,0,0,0,4,0,0,446,2872585734392,2872582739,189,0,1,1987996,0.882080078,-0.0325317383,0.00720214844,0.469970703,-0.980139494,-0.0506432429,0.0433486514,3.14160156,445,2872587720460,2872582539,188,3,1,1928,-0.00390625,-0.0078125,-0.02734375,446,2872584723809,2872582539,189,0,1,2998579,0,0,0
1,426,2872597624540,2872597722257,1,0,0,1,0,7,7,0,0,0,4,0,0,447,2872595733408,2872592739,190,0,1,1988849,0.882080078,-0.0325317383,0.00720214844,0.469970703,-0.980139494,-0.0506432429,0.0433486514,3.14160156,446,2872597720292,2872593139,189,3,1,1965,0.01171875,0.03125,0.046875,447,2872594720062,2872592339,190,0,1,3002195,0,0,0
1,427,2872607624540,2872607721997,1,0,0,1,0,7,7,0,0,0,4,0,0,448,2872605733296,2872602539,191,0,1,1988701,0.882080078,-0.0325317383,0.00720214844,0.469970703,-0.980139494,-0.0506432429,0.0433486514,3.14160156,447,2872607720069,2872602739,190,3,1,1928,-0.00390625,-0.0078125,-0.02734375,448,2872604720061,2872602539,191,0,1,3001936,0,0,0
1,428,2872617624540,2872617722348,1,0,0,1,0,7,7,0,0,0,4,0,0,449,2872615733777,2872612739,192,0,1,1988571,0.882080078,-0.0325317383,0.00720214844,0.469970703,-0.980139494,-0.0506432429,0.0433486514,3.14160156,448,2872617720438,2872613139,191,3,1,1910,-0.02734375,0.04296875,-0.02734375,449,2872614721358,2872612639,192,0,1,3000990,0,0,0
1,429,2872627624540,2872627723423,1,0,0,1,0,7,7,0,0,0,4,0,0,450,2872625733646,2872622539,193,0,1,1989777,0.882080078,-0.0325317383,0.00720214844,0.469970703,-0.980139494,-0.0506432429,0.0433486514,3.14160156,449,2872627721476,2872622539,192,3,1,1947,0.03515625,-0.01953125,0.01171875,450,2872624720931,2872622539,193,0,1,3002492,0,0,0
1,430,2872637624540,2872637722142,1,0,0,1,0,7,7,0,0,0,4,0,0,451,2872635733145,2872632739,194,0,1,1988997,0.882080078,-0.0325317383,0.00720214844,0.469970703,-0.980139494,-0.0506432429,0.0433486514,3.14160156,450,2872637720251,2872633139,193,3,1,1891,-0.0390625,0.00390625,-0.02734375,451,2872634720281,2872632539,194,0,1,3001861,0,0,0
1,431,2872647624540,2872647722197,1,0,0,1,0,7,7,0,0,0,4,0,0,452,2872645733310,2872642739,195,0,1,1988887,0.882080078,-0.0325317383,0.00720214844,0.469970703,-0.980139494,-0.0506432429,0.0433486514,3.14160156,451,2872647720306,2872643139,194,3,1,1891,-0.0390625,0.0078125,0.01171875,452,2872644720150,2872642539,195,0,1,3002047,0,0,0
1,432,2872657624540,2872657722085,1,0,0,1,0,7,7,0,0,0,4,0,0,453,2872655733365,2872652739,196,0,1,1988720,0.882080078,-0.0325317383,0.00720214844,0.469970703,-0.980139494,-0.0506432429,0.0433486514,3.14160156,452,2872657720175,2872652939,195,3,1,1910,-0.00390625,-0.0078125,0.01171875,453,2872654719908,2872652639,196,0,1,3002177,0,0,0
1,433,2872667624540,2872667641283,1,0,0,1,0,7,5,2,0,0,4,0,0,454,2872666733249,2872662639,197,0,1,908034,0.882080078,-0.0325317383,0.00714111328,0.469970703,-0.980138659,-0.0507006869,0.0432409495,3.14160156,452,2872657720175,2872652939,195,3,1,9921108,-0.00390625,-0.0078125,0.01171875,454,2872665720163,2872662239,197,0,1,1921120,0,0,0
1,434,2872677624540,2872677722101,1,0,0,1,0,7,7,0,0,2,4,0,0,455,2872675733103,2872672239,198,0,1,1988998,0.882080078,-0.0325317383,0.00714111328,0.469970703,-0.980138659,-0.0507006869,0.0432409495,3.14160156,454,2872677720247,2872672539,197,3,1,1854,-0.00390625,-0.0078125,-0.02734375,455,2872674720110,2872672539,198,0,1,3001991,0,0,0
1,435,2872687624540,2872687722174,1,0,0,1,0,7,7,0,0,0,4,0,0,456,2872685733065,2872682539,199,0,1,1989109,0.882080078,-0.0325317383,0.00714111328,0.469970703,-0.980138659,-0.0507006869,0.0432409495,3.14160156,455,2872687720246,2872682939,198,3,1,1928,0.01171875,0.02734375,0.01171875,456,2872684720202,2872682539,199,0,1,3001972,0,0,0
1,436,2872697624540,2872697722266,1,0,0,1,0,7,7,0,0,0,4,0,0,457,2872695733287,2872692539,200,0,1,1988979,0.882080078,-0.0325927734,0.00714111328,0.469970703,-0.980139196,-0.0508085005,0.0432983339,3.14160156,456,2872697720338,2872693139,199,3,1,1928,0.01171875,0.02734375,0.01171875,457,2872694720331,2872692639,200,0,1,3001935,0,0,0
1,437,2872707624540,2872707722747,1,0,0,1,0,7,7,0,0,0,4,0,0,458,2872705734102,2872702740,201,0,1,1988645,0.882080078,-0.0325927734,0.00714111328,0.469970703,-0.980139196,-0.0508085005,0.0432983339,3.14160156,457,2872707720856,2872702739,200,3,1,1891,-0.00390625,-0.0078125,-0.02734375,458,2872704720830,2872702339,201,0,1,3001917,0,0,0
1,438,2872717624540,2872717722635,1,0,0,1,0,7,7,0,0,0,4,0,0,459,2872715734064,2872712739,202,0,1,1988571,0.882080078,-0.0325927734,0.00714111328,0.469970703,-0.980139196,-0.0508085005,0.0432983339,3.14160156,458,2872717720744,2872713139,201,3,1,1891,-0.00390625,-0.0078125,-0.02734375,459,2872714720570,2872712639,202,0,1,3002065,0,0,0
1,439,2872727624540,2872727723042,1,0,0,1,0,7,7,0,0,0,4,0,0,460,2872725733877,2872722739,203,0,1,1989165,0.882080078,-0.0325927734,0.00714111328,0.469970703,-0.980139196,-0.0508085005,0.0432983339,3.14160156,459,2872727721151,2872722339,202,3,1,1891,-0.00390625,-0.0078125,0.01171875,460,2872724721088,2872722539,203,0,1,3001954,0,0,0
1,440,2872737624540,2872737722466,1,0,0,1,0,7,7,0,0,0,4,0,0,461,2872735733969,2872732740,204,0,1,1988497,0.882080078,-0.0325927734,0.00714111328,0.469970703,-0.980139196,-0.0508085005,0.0432983339,3.14160156,460,2872737720556,2872733139,203,3,1,1910,0.01171875,0.02734375,-0.02734375,461,2872734721254,2872732539,204,0,1,3001212,0,0,0
1,441,2872747624540,2872747722725,1,0,0,1,0,7,7,0,0,0,4,0,0,462,2872745733746,2872742239,205,0,1,1988979,0.882080078,-0.0325927734,0.00714111328,0.469970703,-0.980139196,-0.0508085005,0.0432983339,3.14160156,461,2872747720815,2872742539,204,3,1,1910,0.01171875,0.02734375,0.01171875,462,2872744720789,2872742539,205,0,1,3001936,0,0,0
1,442,2872757624540,2872757722761,1,0,0,1,0,7,7,0,0,0,4,0,0,463,2872755733930,2872752539,206,0,1,1988831,0.882080078,-0.0325927734,0.00714111328,0.469970703,-0.980139196,-0.0508085005,0.0432983339,3.14160156,462,2872757720851,2872752939,205,3,1,1910,-0.0390625,0.0078125,0.01171875,463,2872754720584,2872752539,206,0,1,3002177,0,0,0
1,443,2872767624540,2872767722741,1,0,0,1,0,7,7,0,0,0,4,0,0,464,2872765733669,2872762439,207,0,1,1989072,0.882080078,-0.0325927734,0.00714111328,0.469970703,-0.980139196,-0.0508085005,0.0432983339,3.14160156,463,2872767720813,2872762339,206,3,1,1928,-0.00390625,-0.0078125,0.01171875,464,2872764720602,2872762539,207,0,1,3002139,0,0,0
1,444,2872777624540,2872777722481,1,0,0,1,0,7,7,0,0,0,4,0,0,465,2872775733483,2872772539,208,0,1,1988998,0.882080078,-0.0325927734,0.00714111328,0.469970703,-0.980139196,-0.0508085005,0.0432983339,3.14160156,464,2872777720608,2872772939,207,3,1,1873,-0.00390625,-0.0078125,-0.02734375,465,2872774720861,2872772339,208,0,1,3001620,0,0,0
1,445,2872787624540,2872787723184,1,0,0,1,0,7,7,0,0,0,4,0,0,466,2872785733538,2872782737,209,0,1,1989646,0.882080078,-0.0325927734,0.00714111328,0.469970703,-0.980139196,-0.0508085005,0.0432983339,3.14160156,465,2872787721163,2872782939,208,3,1,2021,-0.0390625,0.0078125,0.01171875,466,2872784720730,2872782538,209,0,1,3002454,0,0,0
1,446,2872797624540,2872797722367,1,0,0,1,0,7,7,0,0,0,4,0,0,467,2872795734111,2872792539,210,0,1,1988256,0.882080078,-0.0325927734,0.00714111328,0.469970703,-0.980139196,-0.0508085005,0.0432983339,3.14160156,466,2872797720495,2872792739,209,3,1,1872,-0.00390625,-0.0078125,0.01171875,467,2872794726755,2872792638,210,0,1,2995612,0,0,0
1,447,2872807624540,2872807722978,1,0,0,1,0,7,7,0,0,0,4,0,0,468,2872805734092,2872802539,211,0,1,1988886,0.882080078,-0.0325927734,0.00714111328,0.469970703,-0.980139196,-0.0508085005,0.0432983339,3.14160156,467,2872807721069,2872802539,210,3,1,1909,-0.00390625,-0.0078125,-0.02734375,468,2872804721321,2872802138,211,0,1,3001657,0,0,0
1,448,2872817624540,2872817722903,1,0,0,1,0,7,7,0,0,0,4,0,0,469,2872815734239,2872812239,212,0,1,1988664,0.882080078,-0.0325927734,0.00714111328,0.469970703,-0.980139196,-0.0508085005,0.0432983339,3.14160156,468,2872817721049,2872812339,211,3,1,1854,0.01171875,0.02734375,0.01171875,469,2872814721005,2872812538,212,0,1,3001898,0,0,0
1,449,2872827624540,2872827722865,1,0,0,1,0,7,7,0,0,0,4,0,0,470,2872825733534,2872822439,213,0,1,1989331,0.882080078,-0.0325927734,0.00714111328,0.469970703,-0.980139196,-0.0508085005,0.0432983339,3.14160156,469,2872827721011,2872822239,212,3,1,1854,0,-0.0078125,0.05078125,470,2872824719613,2872822538,213,0,1,3003252,0,0,0
1,450,2872837624540,2872837722567,1,0,0,1,0,7,7,0,0,0,4,0,0,471,2872835733718,2872832439,214,0,1,1988849,0.882080078,-0.0325927734,0.00714111328,0.469970703,-0.980139196,-0.0508085005,0.0432983339,3.14160156,470,2872837720695,2872832939,213,3,1,1872,-0.00390625,-0.0078125,-0.02734375,471,2872834719946,2872832638,214,0,1,3002621,0,0,0
1,451,2872847624540,2872847723605,1,0,0,1,0,7,7,0,0,0,4,0,0,472,2872845734681,2872842540,215,0,1,1988924,0.882080078,-0.0325927734,0.00714111328,0.469970703,-0.980139196,-0.0508085005,0.0432983339,3.14160156,471,2872847721528,2872842539,214,3,1,2077,-0.0390625,0.0078125,0.01171875,472,2872844730087,2872842139,215,0,1,2993518,0,0,0
1,452,2872857624540,2872857723122,1,0,0,1,0,7,7,0,0,0,4,0,0,473,2872855734068,2872852539,216,0,1,1989054,0.882080078,-0.0325927734,0.00714111328,0.469970703,-0.980139196,-0.0508085005,0.0432983339,3.14160156,472,2872857721212,2872852939,215,3,1,1910,-0.0390625,0.0078125,0.01171875,473,2872854721576,2872852638,216,0,1,3001546,0,0,0
1,453,2872867624540,2872867723065,1,0,0,1,0,7,7,0,0,0,4,0,0,474,2872865734401,2872862539,217,0,1,1988664,0.882080078,-0.0325927734,0.00714111328,0.469970703,-0.980139196,-0.0508085005,0.0432983339,3.14160156,473,2872867721174,2872862239,216,3,1,1891,0.00390625,-0.0078125,-0.02734375,474,2872864721686,2872862538,217,0,1,3001379,0,0,0
1,454,2872877624540,2872877722601,1,0,0,1,0,7,7,0,0,0,4,0,0,475,2872875733566,2872872539,218,0,1,1989035,0.882080078,-0.0325927734,0.00714111328,0.469970703,-0.980139196,-0.0508085005,0.0432983339,3.14160156,474,2872877720691,2872872939,217,3,1,1910,0.01953125,0.02734375,0.01171875,475,2872874720294,2872872538,218,0,1,3002307,0,0,0
1,455,2872887624540,2872887722600,1,0,0,1,0,7,7,0,0,0,4,0,0,476,2872885733880,2872882039,219,0,1,1988720,0.882080078,-0.0325927734,0.00714111328,0.469970703,-0.980139196,-0.0508085005,0.0432983339,3.14160156,475,2872887720690,2872882339,218,3,1,1910,-0.01953125,0.03515625,0.01171875,476,2872884721758,2872882539,219,0,1,3000842,0,0,0
1,456,2872897624540,2872897723099,1,0,0,1,0,7,7,0,0,0,4,0,0,477,2872895734268,2872892439,220,0,1,1988831,0.882080078,-0.0325927734,0.00714111328,0.469970703,-0.980139196,-0.0508085005,0.0432983339,3.14160156,476,2872897721190,2872892539,219,3,1,1909,0.00390625,-0.015625,-0.02734375,477,2872894722517,2872892539,220,0,1,3000582,0,0,0
1,457,2872907624540,2872907727437,1,0,0,1,0,7,7,0,0,0,4,0,0,478,2872905734101,2872902239,221,0,1,1993336,0.882080078,-0.0325927734,0.00714111328,0.469970703,-0.980139196,-0.0508085005,0.0432983339,3.14160156,477,2872907724971,2872902341,220,3,1,2466,0.00390625,-0.015625,0.01171875,478,2872904721348,2872902538,221,0,1,3006089,0,0,0
1,458,2872917624540,2872917723394,1,0,0,1,0,7,7,0,0,0,4,0,0,479,2872915733747,2872912439,222,0,1,1989647,0.882080078,-0.0325927734,0.00714111328,0.469970703,-0.980139196,-0.0508085005,0.0432983339,3.14160156,478,2872917721354,2872912739,221,3,1,2040,0.00390625,-0.015625,-0.02734375,479,2872914721811,2872912539,222,0,1,3001583,0,0,0
1,459,2872927624540,2872927641684,1,0,0,1,0,7,5,2,0,0,4,0,0,480,2872926733501,2872922439,223,0,1,908183,0.882080078,-0.0325927734,0.00714111328,0.469970703,-0.980139196,-0.0508085005,0.0432983339,3.14160156,478,2872917721354,2872912739,221,3,1,9920330,0.00390625,-0.015625,-0.02734375,480,2872925721435,2872922539,223,0,1,1920249,0,0,0
1,460,2872937624540,2872937723244,1,0,0,1,0,7,7,0,0,2,4,0,0,481,2872935734135,2872932439,224,0,1,1989109,0.882080078,-0.0325927734,0.00714111328,0.469970703,-0.980139196,-0.0508085005,0.0432983339,3.14160156,480,2872937721223,2872932539,223,3,1,2021,-0.03125,-0.00390625,-0.02734375,481,2872934720734,2872932539,224,0,1,3002510,0,0,0
1,461,2872947624540,2872947723113,1,0,0,1,0,7,7,0,0,0,4,0,0,482,2872945733151,2872942438,225,0,1,1989962,0.882080078,-0.0325927734,0.00714111328,0.469970703,-0.980139196,-0.0508085005,0.0432983339,3.14160156,481,2872947721240,2872942539,224,3,1,1873,0.01953125,0.01953125,0.01171875,482,2872944721530,2872942139,225,0,1,3001583,0,0,0
1,462,2872957624540,2872957641384,1,0,0,1,0,7,7,0,0,0,4,0,0,483,2872954733636,2872951939,226,0,1,2907748,0.882080078,-0.0325927734,0.00714111328,0.469970703,-0.980139196,-0.0508085005,0.0432983339,3.14160156,482,2872956720984,2872952339,225,3,1,920400,0.00390625,-0.015625,0.01171875,483,2872953720754,2872951539,226,0,1,3920630,0,0,0
1,463,2872967624540,2872967722740,1,0,0,1,0,7,7,0,0,0,4,0,0,484,2872965732852,2872962238,227,0,1,1989888,0.882080078,-0.0325317383,0.00714111328,0.469970703,-0.980138659,-0.0507006869,0.0432409495,3.14160156,483,2872967720830,2872962239,226,3,1,1910,0.00390625,-0.015625,0.01171875,484,2872964720916,2872962539,227,0,1,3001824,0,0,0
1,464,2872977624540,2872977722646,1,0,0,1,0,7,7,0,0,0,4,0,0,485,2872975732796,2872972438,228,0,1,1989850,0.882080078,-0.0325317383,0.00714111328,0.469970703,-0.980138659,-0.0507006869,0.0432409495,3.14160156,484,2872977720755,2872972739,227,3,1,1891,0.00390625,-0.015625,-0.02734375,485,2872974720841,2872972639,228,0,1,3001805,0,0,0
1,465,2872987624540,2872987722720,1,0,0,1,0,7,7,0,0,0,4,0,0,486,2872985732795,2872982539,229,0,1,1989925,0.882080078,-0.0325317383,0.00714111328,0.469970703,-0.980138659,-0.0507006869,0.0432409495,3.14160156,485,2872987720847,2872982539,228,3,1,1873,0.00390625,-0.015625,0.01171875,486,2872984721155,2872982339,229,0,1,3001565,0,0,0
1,466,2872997624540,2872997722700,1,0,0,1,0,7,7,0,0,0,4,0,0,487,2872995732924,2872992538,230,0,1,1989776,0.882080078,-0.0325317383,0.00720214844,0.469970703,-0.980139494,-0.0506432429,0.0433486514,3.14160156,486,2872997720790,2872992739,229,3,1,1910,0.00390625,-0.015625,0.01171875,487,2872994720876,2872992639,230,0,1,3001824,0,0,0
1,467,2873007624540,2873007722569,1,0,0,1,0,7,7,0,0,0,4,0,0,488,2873005732941,2873002439,231,0,1,1989628,0.882080078,-0.0325317383,0.00720214844,0.469970703,-0.980139494,-0.0506432429,0.0433486514,3.14160156,487,2873007720697,2873002039,230,3,1,1872,0.00390625,-0.015625,0.01171875,488,2873004720893,2873002539,231,0,1,3001676,0,0,0
1,468,2873017624540,2873017722846,1,0,0,1,0,7,7,0,0,0,4,0,0,489,2873015732977,2873012438,232,0,1,1989869,0.882080078,-0.0325317383,0.00720214844,0.469970703,-0.980139494,-0.0506432429,0.0433486514,3.14160156,488,2873017720974,2873012739,231,3,1,1872,0.00390625,-0.015625,-0.02734375,489,2873014720818,2873012539,232,0,1,3002028,0,0,0
1,469,2873027624540,2873027641414,1,0,0,1,0,7,7,0,0,0,4,0,0,490,2873024733740,2873022139,233,0,1,2907674,0.882080078,-0.0325317383,0.00720214844,0.469970703,-0.980139494,-0.0506432429,0.0433486514,3.14160156,489,2873026720661,2873022339,232,3,1,920753,0.00390625,-0.015625,0.01171875,490,2873023720840,2873021539,233,0,1,3920574,0,0,0
1,470,2873037624540,2873037877845,1,0,0,1,0,7,7,0,0,0,4,0,0,491,2873035902030,2873032254,234,0,1,1975815,0.882080078,-0.0325317383,0.00720214844,0.469970703,-0.980139494,-0.0506432429,0.0433486514,3.14160156,490,2873037872246,2873032356,233,3,1,5599,0.00390625,-0.015625,0.01171875,491,2873034878635,2873032656,234,0,1,2999210,0,0,0
1,471,2873047624540,2873047877195,1,0,0,1,0,7,7,0,0,0,4,0,0,492,2873045903827,2873042056,235,0,1,1973368,0.882080078,-0.0325317383,0.00720214844,0.469970703,-0.980139494,-0.0506432429,0.0433486514,3.14160156,491,2873047871318,2873042056,234,3,1,5877,0.00390625,-0.0078125,0.01171875,492,2873044871181,2873042555,235,0,1,3006014,0,0,0
1,472,2873057624540,2873057875173,1,0,0,1,0,7,7,0,0,0,4,0,0,493,2873055901583,2873052256,236,0,1,1973590,0.882080078,-0.0325317383,0.00720214844,0.469970703,-0.980139494,-0.0506432429,0.0433486514,3.14160156,492,2873057869444,2873052555,235,3,1,5729,0.00390625,-0.0078125,0.01171875,493,2873054869456,2873052555,236,0,1,3005717,0,0,0
1,473,2873067624540,2873067877101,1,0,0,1,0,7,7,0,0,0,4,0,0,494,2873065904808,2873062257,237,0,1,1972293,0.882080078,-0.0325317383,0.00720214844,0.469970703,-0.980139494,-0.0506432429,0.0433486514,3.14160156,493,2873067871353,2873062556,236,3,1,5748,0.01953125,0.02734375,0.01171875,494,2873064872885,2873062555,237,0,1,3004216,0,0,0
1,474,2873077624540,2873077876043,1,0,0,1,0,7,7,0,0,0,4,0,0,495,2873075902953,2873072056,238,0,1,1973090,0.882080078,-0.0325317383,0.00720214844,0.469970703,-0.980139494,-0.0506432429,0.0433486514,3.14160156,494,2873077870481,2873072555,237,3,1,5562,0.04296875,-0.01953125,0.01171875,495,2873074869936,2873072555,238,0,1,3006107,0,0,0
1,475,2873087624540,2873087875374,1,0,0,1,0,7,7,0,0,0,4,0,0,496,2873085902674,2873082257,239,0,1,1972700,0.882080078,-0.0325317383,0.00720214844,0.469970703,-0.980139494,-0.0506432429,0.0433486514,3.14160156,495,2873087869590,2873082255,238,3,1,5784,-0.03125,0.00390625,-0.02734375,496,2873084870825,2873082155,239,0,1,3004549,0,0,0
1,476,2873097624540,2873097665659,1,0,0,1,0,7,7,0,0,0,4,0,0,497,2873094921978,2873091756,240,0,1,2743681,0.882080078,-0.0325927734,0.00720214844,0.469970703,-0.980139971,-0.0507510565,0.0434060358,3.14160156,496,2873096897348,2873092154,239,3,1,768311,-0.03125,0.0078125,0.01171875,497,2873093906926,2873091559,240,0,1,3758733,0,0,0
1,477,2873107624540,2873107662803,1,0,0,1,0,7,5,2,0,0,4,0,0,498,2873105944723,2873102057,241,0,1,1718080,0.882080078,-0.0325927734,0.00720214844,0.469970703,-0.980139971,-0.0507510565,0.0434060358,3.14160156,496,2873096897348,2873092154,239,3,1,10765455,-0.03125,0.0078125,0.01171875,498,2873104921643,2873102560,241,0,1,2741160,0,0,0
1,478,2873117624540,2873117911044,1,0,0,1,0,7,7,0,0,2,4,0,0,499,2873115935989,2873112074,242,0,1,1975055,0.882080078,-0.0325927734,0.00720214844,0.469970703,-0.980139971,-0.0507510565,0.0434060358,3.14160156,498,2873117898918,2873112559,241,3,1,12126,0.046875,0.015625,0.0078125,499,2873114907551,2873112658,242,0,1,3003493,0,0,0
1,479,2873127624540,2873127916920,1,0,0,1,0,7,7,0,0,0,4,0,0,500,2873125934449,2873122268,243,0,1,1982471,0.882080078,-0.0325927734,0.00720214844,0.469970703,-0.980139971,-0.0507510565,0.0434060358,3.14160156,499,2873127905722,2873122559,242,3,1,11198,-0.00390625,-0.0078125,0.01171875,500,2873124928761,2873122558,243,0,1,2988159,0,0,0
1,480,2873137624540,2873137823529,1,0,0,1,0,7,7,0,0,0,4,0,0,501,2873135842690,2873132248,244,0,1,1980839,0.882080078,-0.0325927734,0.00720214844,0.469970703,-0.980139971,-0.0507510565,0.0434060358,3.14160156,500,2873137818894,2873132547,243,3,1,4635,0.01171875,0.02734375,0.01171875,501,2873134829659,2873132547,244,0,1,2993870,0,0,0
1,481,2873147624540,2873147818819,1,0,0,1,0,7,7,0,0,0,4,0,0,502,2873145843671,2873142049,245,0,1,1975148,0.882080078,-0.0325927734,0.00720214844,0.469970703,-0.980139971,-0.0507510565,0.0434060358,3.14160156,501,2873147814592,2873142246,244,3,1,4227,-0.00390625,-0.0078125,0.01171875,502,2873144813176,2873142546,245,0,1,3005643,0,0,0
1,482,2873157624540,2873157825530,1,0,0,1,0,7,7,0,0,0,4,0,0,503,2873155838572,2873152250,246,0,1,1986958,0.882080078,-0.0325927734,0.00720214844,0.469970703,-0.980139971,-0.0507510565,0.0434060358,3.14160156,502,2873157821062,2873152550,245,3,1,4468,-0.00390625,-0.0078125,0.01171875,503,2873154819404,2873152549,246,0,1,3006126,0,0,0
1,483,2873167624540,2873167654138,1,0,0,1,0,7,7,0,0,0,4,0,0,504,2873164843914,2873161750,247,0,1,2810224,0.882080078,-0.0325927734,0.00720214844,0.469970703,-0.980139971,-0.0507510565,0.0434060358,3.14160156,503,2873166818821,2873162150,246,3,1,835317,-0.00390625,-0.0078125,-0.02734375,504,2873163818888,2873161549,247,0,1,3835250,0,0,0
1,484,2873177624540,2873177823173,1,0,0,1,0,7,7,0,0,0,4,0,0,505,2873175844725,2873172250,248,0,1,1978448,0.882080078,-0.0325927734,0.00720214844,0.469970703,-0.980139971,-0.0507510565,0.0434060358,3.14160156,504,2873177818853,2873172249,247,3,1,4320,0.046875,0.015625,0.0078125,505,2873174820329,2873172550,248,0,1,3002844,0,0,0
1,485,2873187624540,2873187654025,1,0,0,1,0,7,5,2,0,0,4,0,0,506,2873186844795,2873182350,249,0,1,809230,0.882080078,-0.0325927734,0.00720214844,0.469970703,-0.980139971,-0.0507510565,0.0434060358,3.14160156,504,2873177818853,2873172249,247,3,1,9835172,0.046875,0.015625,0.0078125,506,2873185819972,2873182249,249,0,1,1834053,0,0,0
1,486,2873197624540,2873197823338,1,0,0,1,0,7,7,0,0,2,4,0,0,507,2873195844612,2873192250,250,0,1,1978726,0.882080078,-0.0325927734,0.00720214844,0.469970703,-0.980139971,-0.0507510565,0.0434060358,3.14160156,506,2873197819000,2873192549,249,3,1,4338,-0.02734375,0.04296875,-0.02734375,507,2873194818325,2873192549,250,0,1,3005013,0,0,0
1,487,2873207624540,2873207821706,1,0,0,1,0,7,7,0,0,0,4,0,0,508,2873205843128,2873202050,251,0,1,1978578,0.882080078,-0.0325927734,0.00720214844,0.469970703,-0.980139971,-0.0507510565,0.0434060358,3.14160156,507,2873207817590,2873202349,250,3,1,4116,-0.00390625,-0.0078125,0.01171875,508,2873204818157,2873202549,251,0,1,3003549,0,0,0
1,488,2873217624540,2873217821668,1,0,0,1,0,7,7,0,0,0,4,0,0,509,2873215843331,2873212050,252,0,1,1978337,0.882080078,-0.0325927734,0.00714111328,0.469970703,-0.980139196,-0.0508085005,0.0432983339,3.14160156,508,2873217817366,2873212549,251,3,1,4302,-0.0390625,0.00390625,-0.02734375,509,2873214817044,2873212649,252,0,1,3004624,0,0,0
1,489,2873227624540,2873227819979,1,0,0,1,0,7,7,0,0,0,4,0,0,510,2873225843274,2873222250,253,0,1,1976705,0.882080078,-0.0325927734,0.00714111328,0.469970703,-0.980139196,-0.0508085005,0.0432983339,3.14160156,509,2873227815863,2873222247,252,3,1,4116,-0.00390625,-0.0078125,0.01171875,510,2873224817061,2873222349,253,0,1,3002918,0,0,0
1,490,2873237624540,2873237845898,1,0,0,1,0,7,7,0,0,0,4,0,0,511,2873235870992,2873232453,254,0,1,1974906,0.882080078,-0.0325927734,0.00714111328,0.469970703,-0.980139196,-0.0508085005,0.0432983339,3.14160156,510,2873237841004,2873232752,253,3,1,4894,0.01171875,0.02734375,-0.02734375,511,2873234847875,2873232553,254,0,1,2998023,0,0,0
1,491,2873247624540,2873247849995,1,0,0,1,0,7,7,0,0,0,4,0,0,512,2873245869266,2873242252,255,0,1,1980729,0.882080078,-0.0325927734,0.00714111328,0.469970703,-0.980139196,-0.0508085005,0.0432983339,3.14160156,511,2873247844766,2873241853,254,3,1,5229,-0.00390625,-0.0078125,0.01171875,512,2873244841014,2873242552,255,0,1,3008981,0,0,0
1,492,2873257624540,2873257846860,1,0,0,1,0,7,7,0,0,0,4,0,0,513,2873255870452,2873252053,0,0,1,1976408,0.882080078,-0.0325927734,0.00714111328,0.469970703,-0.980139196,-0.0508085005,0.0432983339,3.14160156,512,2873257842058,2873252352,255,3,1,4802,-0.01171875,0.078125,-0.02734375,513,2873254839993,2873252650,0,0,1,3006867,0,0,0
1,493,2873267624540,2873267846748,1,0,0,1,0,7,7,0,0,0,4,0,0,514,2873265869932,2873262253,1,0,1,1976816,0.881774902,-0.032409668,0.00549316406,0.47052002,-0.981388509,-0.0520102233,0.0402518213,3.14160156,513,2873267841946,2873262352,0,3,1,4802,-1.078125,-1.95703125,-2.046875,514,2873264839232,2873262550,1,0,1,3007516,-0.267578125,-0.619140625,0.23828125
1,494,2873277624540,2873277846358,1,0,0,1,0,7,7,0,0,0,4,0,0,515,2873275870302,2873272253,2,0,1,1976056,0.880737305,-0.0319213867,0.000427246094,0.472473145,-0.985672712,-0.0558540225,0.030973034,3.14160156,514,2873277841482,2873272352,1,3,1,4876,-0.3828125,1.0625,-0.97265625,515,2873274839046,2873272650,2,0,1,3007312,-0.525390625,-1.30078125,0.580078125
1,495,2873287624540,2873287846765,1,0,0,1,0,7,7,0,0,0,4,0,0,516,2873285870634,2873281853,3,0,1,1976131,0.879821777,-0.0310058594,-0.0078125,0.474182129,-0.989166021,-0.0620080866,0.015689766,3.14160156,515,2873287841963,2873281852,2,3,1,4802,-0.3984375,1.72265625,-1.515625,516,2873284839100,2873282550,3,0,1,3007665,-0.720703125,-1.8203125,0.10546875
1,496,2873297624540,2873297845485,1,0,0,1,0,7,7,0,0,0,4,0,0,517,2873295869669,2873292053,4,0,1,1975816,0.880249023,-0.0294189453,-0.0203857422,0.473144531,-0.986135364,-0.0711428002,-0.0080709774,3.14160156,516,2873297840608,2873292352,3,3,1,4877,0.77734375,1.4921875,-2.9921875,517,2873294839730,2873292550,4,0,1,3005755,-1.12695312,-2.91015625,-0.7109375
1,497,2873307624540,2873307845317,1,0,0,1,0,7,7,0,0,0,4,0,0,518,2873305869279,2873302453,5,0,1,1976038,0.882141113,-0.0266113281,-0.0405273438,0.468444824,-0.974367678,-0.0850219354,-0.0467590243,3.14160156,517,2873307840440,2873302752,4,3,1,4877,2.796875,0.9296875,-3.8046875,518,2873304838783,2873302651,5,0,1,3006534,-1.6015625,-4.37890625,-1.50585938
1,498,2873317624540,2873317657053,1,0,0,1,0,7,7,0,0,0,4,0,0,519,2873314869467,2873311953,6,0,1,2787586,0.884338379,-0.022277832,-0.0610961914,0.462341309,-0.959192157,-0.0960444659,-0.0879702792,3.14160156,518,2873316839961,2873312151,5,3,1,817092,2.19140625,-3.9375,6.85546875,519,2873313842939,2873311552,6,0,1,3814114,-0.908203125,-3.92773438,-1.453125
1,499,2873327624540,2873327844592,1,0,0,1,0,7,7,0,0,0,4,0,0,520,2873325874988,2873322055,7,0,1,1969604,0.885375977,-0.0194702148,-0.0709838867,0.45904541,-0.951183081,-0.0998122245,-0.108565114,3.14160156,519,2873327839641,2873321850,6,3,1,4951,-3.296875,-3.27734375,4.69921875,520,2873324865054,2873322369,7,0,1,2979538,0.017578125,-0.044921875,-0.072265625
1,500,2873337624540,2873337847149,1,0,0,1,0,7,7,0,0,0,4,0,0,521,2873335868497,2873332050,8,0,1,1978652,0.885375977,-0.0194702148,-0.0707397461,0.45904541,-0.951245308,-0.0995869637,-0.108133204,3.14160156,520,2873337842180,2873332352,7,3,1,4969,-0.19921875,-0.125,0.21875,521,2873334843601,2873332552,8,0,1,3003548,0.021484375,0.140625,0.08203125
1,501,2873347624540,2873347847964,1,0,0,1,0,7,7,0,0,0,4,0,0,522,2873345870221,2873342051,9,0,1,1977743,0.885314941,-0.0198974609,-0.0704345703,0.459228516,-0.951620936,-0.100089192,-0.107172497,3.14160156,521,2873347843088,2873342252,8,3,1,4876,0.0078125,0.30078125,0.3203125,522,2873344868185,2873342553,9,0,1,2979779,-0.10546875,0.046875,-0.001953125
1,502,2873357624540,2873357657661,1,0,0,1,0,7,7,0,0,0,4,0,0,523,2873354871373,2873352153,10,0,1,2786288,0.885253906,-0.0202026367,-0.0704345703,0.459289551,-0.951803148,-0.100638442,-0.106892511,3.14160156,522,2873356842775,2873352153,9,3,1,814886,1.21484375,-0.86328125,-0.1484375,523,2873353843677,2873351652,10,0,1,3813984,0.01171875,0.01171875,0.056640625
1,503,2873367624540,2873367845997,1,0,0,1,0,7,7,0,0,0,4,0,0,524,2873365868365,2873362051,11,0,1,1977632,0.884887695,-0.0201416016,-0.0703125,0.460083008,-0.95352298,-0.100514449,-0.106631771,3.14160156,523,2873367841083,2873362052,10,3,1,4914,0.6953125,-0.875,0.12890625,524,2873364842467,2873362351,11,0,1,3003530,0.064453125,-0.01171875,0.28125
1,504,2873377624540,2873377845440,1,0,0,1,0,7,7,0,0,0,4,0,0,525,2873375869680,2873372253,12,0,1,1975760,0.884033203,-0.0200195312,-0.0701904297,0.461669922,-0.957216561,-0.100373939,-0.106355175,3.14160156,524,2873377840582,2873372552,11,3,1,4858,-0.09765625,-0.015625,0.2109375,525,2873374840890,2873372652,12,0,1,3004550,0.033203125,-0.01171875,0.408203125
1,505,2873387624540,2873387847330,1,0,0,1,0,7,7,0,0,0,4,0,0,526,2873385871607,2873381853,13,0,1,1975723,0.883117676,-0.0201416016,-0.0701904297,0.463439941,-0.961185634,-0.100803539,-0.106038637,3.14160156,525,2873387842454,2873381653,12,3,1,4876,-0.3984375,0.2578125,0.2890625,526,2873384843948,2873382553,13,0,1,3003382,-0.01171875,0.001953125,0.43359375
1,506,2873397624540,2873397852704,1,0,0,1,0,7,7,0,0,0,4,0,0,527,2873395869683,2873392052,14,0,1,1983021,0.882080078,-0.0202636719,-0.0701293945,0.465454102,-0.965701222,-0.101205066,-0.105582424,3.14160156,526,2873397847791,2873392353,13,3,1,4913,-0.09765625,-0.12890625,0.10546875,527,2873394841929,2873392350,14,0,1,3010775,0.0078125,-0.0078125,0.45703125
1,507,2873407624540,2873407847600,1,0,0,1,0,7,7,0,0,0,4,0,0,528,2873405871439,2873402053,15,0,1,1976161,0.88104248,-0.0203857422,-0.0701293945,0.467407227,-0.970131457,-0.101654366,-0.105245352,3.14160156,527,2873407842335,2873402352,14,3,1,5265,-0.46484375,0.2890625,0.18359375,528,2873404842479,2873402552,15,0,1,3005121,0.015625,-0.013671875,0.427734375
1,508,2873417624540,2873417657458,1,0,0,1,0,7,7,0,0,0,4,0,0,529,2873414870561,2873411953,16,0,1,2786897,0.880187988,-0.0204467773,-0.0700683594,0.468994141,-0.973771513,-0.101893537,-0.104900241,3.14160156,528,2873416838973,2873412350,15,3,1,818485,-0.54296875,0.65234375,0.21875,529,2873413841435,2873411652,16,0,1,3816023,0.017578125,-0.001953125,0.314453125
1,509,2873427624540,2873427844345,1,0,0,1,0,7,7,0,0,0,4,0,0,530,2873425871039,2873421653,17,0,1,1973306,0.879577637,-0.0204467773,-0.0700073242,0.470153809,-0.976402164,-0.101974115,-0.104656838,3.14160156,529,2873427839525,2873421850,16,3,1,4820,-0.4140625,0.44140625,0.1796875,530,2873424843489,2873422552,17,0,1,3000856,0.01953125,0.001953125,0.201171875
1,510,2873437624540,2873437657614,1,0,0,1,0,7,7,0,0,0,4,0,0,531,2873434871700,2873431553,18,0,1,2785914,0.879211426,-0.0205078125,-0.0699462891,0.47076416,-0.977896333,-0.10209509,-0.104430504,3.14160156,530,2873436839871,2873431750,17,3,1,817743,-0.2890625,0.5625,0.25390625,531,2873433843741,2873431552,18,0,1,3813873,-0.009765625,-0.001953125,0.091796875
1,511,2873447624540,2873447654475,1,0,0,1,0,7,7,0,0,0,4,0,0,532,2873444870805,2873441553,19,0,1,2783670,0.879150391,-0.0206298828,-0.0700073242,0.470947266,-0.978198528,-0.102391876,-0.104393162,3.14160156,531,2873446843147,2873441752,18,3,1,811328,-0.02734375,0.03125,0.21875,532,2873443841233,2873441352,19,0,1,3813242,-0.0234375,0,0.00390625
1,512,2873457624540,2873457656991,1,0,0,1,0,7,7,0,0,0,4,0,0,533,2873454870558,2873451953,20,0,1,2786433,0.879089355,-0.020690918,-0.0700683594,0.470947266,-0.978324831,-0.102555014,-0.104456916,3.14160156,532,2873456842585,2873452152,19,3,1,814406,-0.03515625,0.03125,0.21875,533,2873453843731,2873451651,20,0,1,3813260,-0.001953125,-0.001953125,-0.00390625
1,513,2873467624540,2873467845770,1,0,0,1,0,7,7,0,0,0,4,0,0,534,2873465870035,2873461853,21,0,1,1975735,0.879089355,-0.020690918,-0.0700683594,0.470947266,-0.978324831,-0.102555014,-0.104456916,3.14160156,533,2873467840987,2873461652,20,3,1,4783,-0.03515625,0.03125,0.21875,534,2873464841187,2873462352,21,0,1,3004583,0.005859375,-0.001953125,0
1,514,2873477624540,2873477844245,1,0,0,1,0,7,7,0,0,0,4,0,0,535,2873475870419,2873471853,22,0,1,1973826,0.879089355,-0.0207519531,-0.0700683594,0.470947266,-0.978320003,-0.102662891,-0.104399435,3.14160156,534,2873477839480,2873472250,21,3,1,4765,-0.03515625,0.03125,0.21875,535,2873474840904,2873472352,22,0,1,3003341,-0.00390625,-0.001953125,0
1,515,2873487624540,2873487654658,1,0,0,1,0,7,7,0,0,0,4,0,0,536,2873484870932,2873481953,23,0,1,2783726,0.879089355,-0.0207519531,-0.0701293945,0.471008301,-0.978364527,-0.102729291,-0.104492158,3.14160156,535,2873486841791,2873482352,22,3,1,812867,-0.0625,0.04296875,0.25390625,536,2873483841750,2873481552,23,0,1,3812908,0.001953125,-0.00390625,0.00390625
1,516,2873497624540,2873497655098,1,0,0,1,0,7,7,0,0,0,4,0,0,537,2873494870630,2873491753,24,0,1,2784468,0.879089355,-0.0207519531,-0.0700683594,0.471008301,-0.978380263,-0.102671489,-0.104384862,3.14160156,536,2873496842064,2873491952,23,3,1,813034,-0.02734375,0.03125,0.21875,537,2873493841800,2873491552,24,0,1,3813298,0.00390625,0.001953125,0.013671875
1,517,2873507624540,2873507843969,1,0,0,1,0,7,7,0,0,0,4,0,0,538,2873505870774,2873501853,25,0,1,1973195,0.87902832,-0.0208129883,-0.0700683594,0.471191406,-0.978702903,-0.102802612,-0.104297549,3.14160156,537,2873507839019,2873501850,24,3,1,4950,0.0078125,0.01953125,0.21484375,538,2873504841815,2873502152,25,0,1,3002154,0,0.001953125,0.048828125
1,518,2873517624540,2873517846467,1,0,0,1,0,7,7,0,0,0,4,0,0,539,2873515870250,2873512053,26,0,1,1976217,0.87890625,-0.0208129883,-0.0700683594,0.471313477,-0.979116738,-0.102814697,-0.1042962,3.14160156,538,2873517841702,2873512252,25,3,1,4765,-0.0546875,0.1640625,0.21484375,539,2873514841328,2873512552,26,0,1,3005139,-0.005859375,0.00390625,0.01953125
1,519,2873527624540,2873527654322,1,0,0,1,0,7,7,0,0,0,4,0,0,540,2873524871968,2873521753,27,0,1,2782354,0.87890625,-0.0209350586,-0.0700683594,0.471374512,-0.979167342,-0.103039019,-0.104166545,3.14160156,539,2873526840583,2873521752,26,3,1,813739,-0.0546875,0.05078125,0.21875,540,2873523841840,2873521552,27,0,1,3812482,-0.01953125,0.013671875,-0.00390625
1,520,2873537624540,2873537846178,1,0,0,1,0,7,7,0,0,0,4,0,0,541,2873535871166,2873531853,28,0,1,1975012,0.87890625,-0.0211181641,-0.0700683594,0.471313477,-0.979092777,-0.103354007,-0.104008548,3.14160156,540,2873537841414,2873532052,27,3,1,4764,-0.01953125,0.046875,0.26171875,541,2873534842225,2873532352,28,0,1,3003953,-0.03125,0.015625,0
1,521,2873547624540,2873547846655,1,0,0,1,0,7,7,0,0,0,4,0,0,542,2873545870494,2873541853,29,0,1,1976161,0.87890625,-0.0213012695,-0.0700683594,0.471313477,-0.979078352,-0.103677601,-0.10383594,3.14160156,541,2873547841761,2873542252,28,3,1,4894,-0.01953125,0.046875,0.2265625,542,2873544843518,2873542552,29,0,1,3003137,-0.029296875,0.013671875,-0.001953125
1,522,2873557624540,2873557656902,1,0,0,1,0,7,7,0,0,0,4,0,0,543,2873554871229,2873551953,30,0,1,2785673,0.87890625,-0.021484375,-0.0700683594,0.471313477,-0.979063988,-0.104001209,-0.103663333,3.14160156,542,2873556842718,2873552152,29,3,1,814184,-0.046875,0.05859375,0.1875,543,2873553839247,2873551650,30,0,1,3817655,-0.02734375,0.01171875,-0.001953125
1,523,2873567624540,2873567657564,1,0,0,1,0,7,7,0,0,0,4,0,0,544,2873564869332,2873561752,31,0,1,2788232,0.878967285,-0.0216674805,-0.0700683594,0.471252441,-0.978842616,-0.104318887,-0.103491582,3.14160156,543,2873566837763,2873561552,30,3,1,819801,-0.0078125,0.08984375,0.26171875,544,2873563838686,2873561549,31,0,1,3818878,-0.029296875,0.01171875,-0.009765625
1,524,2873577624540,2873577657280,1,0,0,1,0,7,7,0,0,0,4,0,0,545,2873574866046,2873571753,32,0,1,2791234,0.87902832,-0.0217895508,-0.0701293945,0.471130371,-0.978550076,-0.104577959,-0.103499316,3.14160156,544,2873576843338,2873572152,31,3,1,813942,-0.078125,0.1171875,0.2265625,545,2873573842129,2873571550,32,0,1,3815151,-0.01953125,0.009765625,-0.0546875
1,525,2873587624540,2873587656812,1,0,0,1,0,7,7,0,0,0,4,0,0,546,2873584869452,2873581753,33,0,1,2787360,0.879211426,-0.0219116211,-0.0701293945,0.47076416,-0.977738678,-0.104750164,-0.103430785,3.14160156,545,2873586840756,2873582152,32,3,1,816056,0,0.08984375,0.22265625,546,2873583838916,2873581549,33,0,1,3817896,-0.01953125,0.005859375,-0.111328125
1,526,2873597624540,2873597657122,1,0,0,1,0,7,7,0,0,0,4,0,0,547,2873594869947,2873591753,34,0,1,2787175,0.879516602,-0.0219726562,-0.0701904297,0.470214844,-0.976441741,-0.104851812,-0.10354352,3.14160156,546,2873596840825,2873591752,33,3,1,816297,0,0.08984375,0.22265625,547,2873593840543,2873591551,34,0,1,3816579,-0.021484375,0.0078125,-0.13671875
1,527,2873607624540,2873607844881,1,0,0,1,0,7,7,0,0,0,4,0,0,548,2873605869646,2873601852,35,0,1,1975235,0.879821777,-0.0220947266,-0.0701904297,0.469543457,-0.97503376,-0.104986511,-0.103520773,3.14160156,547,2873607840153,2873601851,34,3,1,4728,-0.01171875,0.0546875,0.26171875,548,2873604840984,2873602152,35,0,1,3003897,-0.01953125,0.005859375,-0.15625
1,528,2873617624540,2873617657612,1,0,0,1,0,7,7,0,0,0,4,0,0,549,2873614869825,2873611753,36,0,1,2787787,0.880249023,-0.0220947266,-0.0702514648,0.46875,-0.973204374,-0.104951032,-0.103721738,3.14160156,548,2873616840592,2873612152,35,3,1,817020,-0.03125,0.140625,0.22265625,549,2873613839457,2873611551,36,0,1,3818155,-0.013671875,0.005859375,-0.19140625
1,529,2873627624540,2873627656939,1,0,0,1,0,7,7,0,0,0,4,0,0,550,2873624868263,2873621751,37,0,1,2788676,0.880737305,-0.0221557617,-0.0702514648,0.467834473,-0.971116543,-0.104951493,-0.103773199,3.14160156,549,2873626841828,2873622152,36,3,1,815111,-0.0078125,0.08984375,0.22265625,550,2873623843196,2873621552,37,0,1,3813743,-0.01953125,0,-0.228515625
1,530,2873637624540,2873637657508,1,0,0,1,0,7,7,0,0,0,4,0,0,551,2873634868498,2873631551,38,0,1,2789010,0.881286621,-0.0222167969,-0.0703735352,0.46685791,-0.968788326,-0.105060779,-0.10404034,3.14160156,550,2873636841675,2873631952,37,3,1,815833,-0.03515625,0.10546875,0.26171875,551,2873633844137,2873631553,38,0,1,3813371,-0.0234375,0.005859375,-0.23046875
1,531,2873647624540,2873647846584,1,0,0,1,0,7,7,0,0,0,4,0,0,552,2873645870552,2873641853,39,0,1,1976032,0.881774902,-0.0222167969,-0.0703735352,0.465820312,-0.966578901,-0.10493575,-0.104177512,3.14160156,551,2873647841708,2873641852,38,3,1,4876,-0.05859375,0.03125,0.2265625,552,2873644839201,2873642350,39,0,1,3007383,-0.017578125,0.005859375,-0.22265625
1,532,2873657624540,2873657657071,1,0,0,1,0,7,7,0,0,0,4,0,0,553,2873654866875,2873651751,40,0,1,2790196,0.882324219,-0.0222167969,-0.0704345703,0.464782715,-0.964205682,-0.104870498,-0.104407944,3.14160156,552,2873656840886,2873651952,39,3,1,816185,-0.04296875,0.109375,0.234375,553,2873653840863,2873651552,40,0,1,3816208,-0.005859375,0.00390625,-0.251953125
1,533,2873667624540,2873667657233,1,0,0,1,0,7,7,0,0,0,4,0,0,554,2873664869576,2873661753,41,0,1,2787657,0.88293457,-0.0222167969,-0.0704345703,0.463684082,-0.961638808,-0.104742147,-0.104530714,3.14160156,553,2873666840361,2873661552,40,3,1,816872,-0.01953125,0.0625,0.2265625,554,2873663839708,2873661552,41,0,1,3817525,-0.01171875,0.00390625,-0.25
1,534,2873677624540,2873677657265,1,0,0,1,0,7,7,0,0,0,4,0,0,555,2873674869349,2873671753,42,0,1,2787916,0.883422852,-0.0222167969,-0.0704956055,0.46270752,-0.959468305,-0.104682431,-0.104759589,3.14160156,554,2873676840134,2873671952,41,3,1,817131,-0.05859375,-0.0546875,0.1875,555,2873673839759,2873671351,42,0,1,3817506,-0.013671875,0.005859375,-0.201171875
1,535,2873687624540,2873687657185,1,0,0,1,0,7,7,0,0,0,4,0,0,556,2873684869788,2873681553,43,0,1,2787397,0.883850098,-0.022277832,-0.0704956055,0.461914062,-0.957638681,-0.104697518,-0.104794182,3.14160156,555,2873686840499,2873681952,42,3,1,816686,-0.04296875,-0.09375,0.265625,556,2873683840254,2873681352,43,0,1,3816931,-0.009765625,0.001953125,-0.15625
1,536,2873697624540,2873697657569,1,0,0,1,0,7,7,0,0,0,4,0,0,557,2873694871507,2873691553,44,0,1,2786062,0.884094238,-0.022277832,-0.0704956055,0.461425781,-0.956559718,-0.10463924,-0.104854397,3.14160156,556,2873696841754,2873691952,43,3,1,815815,-0.04296875,-0.01953125,0.2265625,557,2873693842492,2873691552,44,0,1,3815077,-0.0078125,0.005859375,-0.0625
1,537,2873707624540,2873707657193,1,0,0,1,0,7,7,0,0,0,4,0,0,558,2873704869926,2873701453,45,0,1,2787267,0.884216309,-0.0223388672,-0.0704956055,0.461181641,-0.95601511,-0.104718626,-0.104828171,3.14160156,557,2873706841897,2873701553,44,3,1,815296,-0.0546875,0.06640625,0.1875,558,2873703841356,2873701552,45,0,1,3815837,0,0.005859375,-0.052734375
1,538,2873717624540,2873717658504,1,0,0,1,0,7,7,0,0,0,4,0,0,559,2873714903514,2873711571,46,0,1,2754990,0.884338379,-0.0223999023,-0.0704956055,0.4609375,-0.955470264,-0.104798041,-0.104801968,3.14160156,558,2873716859152,2873711955,45,3,1,799352,-0.0625,0.06640625,0.2265625,559,2873713866341,2873711358,46,0,1,3792163,-0.005859375,0.00390625,-0.048828125
1,539,2873727624540,2873727657813,1,0,0,1,0,7,7,0,0,0,4,0,0,560,2873724872567,2873721553,47,0,1,2785246,0.884460449,-0.0223999023,-0.0704956055,0.460693359,-0.954930305,-0.104768932,-0.104832023,3.14160156,559,2873726839811,2873721950,46,3,1,818002,-0.02734375,0.0625,0.2265625,560,2873723846054,2873721552,47,0,1,3811759,-0.009765625,0,-0.04296875
1,540,2873737624540,2873737658790,1,0,0,1,0,7,7,0,0,0,4,0,0,561,2873734873896,2873731554,48,0,1,2784894,0.88458252,-0.0224609375,-0.0704956055,0.460510254,-0.954448044,-0.10485705,-0.104791276,3.14160156,560,2873736840306,2873731753,47,3,1,818484,-0.0625,0.07421875,0.2265625,561,2873733850573,2873731557,48,0,1,3808217,-0.00390625,0,-0.044921875
1,541,2873747624540,2873747842397,1,0,0,1,0,7,7,0,0,0,4,0,0,562,2873745872520,2873741653,49,0,1,1969877,0.88470459,-0.0224609375,-0.0704956055,0.460266113,-0.953907907,-0.104827948,-0.104821309,3.14160156,561,2873747837410,2873741652,48,3,1,4987,-0.02734375,0.0625,0.2265625,562,2873744846583,2873741952,49,0,1,2995814,0.00390625,0.001953125,-0.064453125
1,542,2873757624540,2873757657167,1,0,0,1,0,7,7,0,0,0,4,0,0,563,2873754870178,2873751553,50,0,1,2786989,0.88482666,-0.0224609375,-0.0704956055,0.459960938,-0.953304768,-0.104790203,-0.104865879,3.14160156,562,2873756841074,2873751952,49,3,1,816093,-0.02734375,0.0546875,0.2265625,563,2873753842664,2873751552,50,0,1,3814503,-0.001953125,0.001953125,-0.076171875
1,543,2873767624540,2873767657143,1,0,0,1,0,7,7,0,0,0,4,0,0,564,2873764871470,2873761753,51,0,1,2785673,0.885009766,-0.0225219727,-0.0705566406,0.459655762,-0.952536345,-0.104920253,-0.104948193,3.14160156,563,2873766839437,2873761950,50,3,1,817706,-0.0625,0.06640625,0.1875,564,2873763843048,2873761552,51,0,1,3814095,-0.00390625,0,-0.076171875
1,544,2873777624540,2873777657472,1,0,0,1,0,7,7,0,0,0,4,0,0,565,2873774870427,2873771453,52,0,1,2787045,0.885192871,-0.0225219727,-0.0705566406,0.459350586,-0.951788425,-0.10488525,-0.104978569,3.14160156,564,2873776837912,2873771950,51,3,1,819560,-0.0625,0.06640625,0.234375,565,2873773840503,2873771651,52,0,1,3816969,-0.00390625,-0.001953125,-0.064453125
1,545,2873787624540,2873787657559,1,0,0,1,0,7,7,0,0,0,4,0,0,566,2873784870366,2873781553,53,0,1,2787193,0.885314941,-0.0225219727,-0.0705566406,0.459106445,-0.951247692,-0.104856133,-0.105008498,3.14160156,565,2873786838296,2873781550,52,3,1,819263,-0.0390625,0.01953125,0.2265625,566,2873783840999,2873781152,53,0,1,3816560,-0.009765625,0.001953125,-0.03515625
1,546,2873797624540,2873797657257,1,0,0,1,0,7,7,0,0,0,4,0,0,567,2873794870157,2873791553,54,0,1,2787100,0.885375977,-0.0225830078,-0.0705566406,0.458984375,-0.950972259,-0.104950257,-0.10496743,3.14160156,566,2873796838680,2873791950,53,3,1,818577,-0.01953125,0.0546875,0.2265625,567,2873793840363,2873791651,54,0,1,3816894,0.001953125,0.001953125,-0.0234375
1,547,2873807624540,2873807657289,1,0,0,1,0,7,7,0,0,0,4,0,0,568,2873804869521,2873801553,55,0,1,2787768,0.885375977,-0.0225830078,-0.0705566406,0.45892334,-0.950909138,-0.104941592,-0.104981989,3.14160156,567,2873806838637,2873801250,54,3,1,818652,-0.01953125,0.0546875,0.2265625,568,2873803840858,2873801552,55,0,1,3816431,0.001953125,0.001953125,-0.01171875
1,548,2873817624540,2873817657747,1,0,0,1,0,7,7,0,0,0,4,0,0,569,2873814867680,2873811550,56,0,1,2790067,0.885437012,-0.0225830078,-0.0705566406,0.458862305,-0.950701714,-0.104935706,-0.104982384,3.14160156,568,2873816842173,2873811952,55,3,1,815574,-0.0546875,0.06640625,0.1796875,569,2873813841706,2873811352,56,0,1,3816041,0.005859375,-0.001953125,-0.001953125
1,549,2873827624540,2873827657130,1,0,0,1,0,7,7,0,0,0,4,0,0,570,2873824870808,2873821453,57,0,1,2786322,0.885437012,-0.0225830078,-0.0705566406,0.458862305,-0.950701714,-0.104935706,-0.104982384,3.14160156,569,2873826841501,2873821752,56,3,1,815629,-0.0546875,0.06640625,0.21875,570,2873823841886,2873821552,57,0,1,3815244,0.0078125,-0.001953125,0.001953125
1,550,2873837624540,2873837654733,1,0,0,1,0,7,7,0,0,0,4,0,0,571,2873834872490,2873831552,58,0,1,2782243,0.885375977,-0.0225830078,-0.0704956055,0.458862305,-0.950861692,-0.104876608,-0.104888462,3.14160156,570,2873836842163,2873831752,57,3,1,812570,-0.01953125,0.0546875,0.21875,571,2873833846738,2873831552,58,0,1,3807995,0.009765625,-0.00390625,0
1,551,2873847624540,2873847654283,1,0,0,1,0,7,7,0,0,0,4,0,0,572,2873844872225,2873841453,59,0,1,2782058,0.885375977,-0.0225830078,-0.0704956055,0.458862305,-0.950861692,-0.104876608,-0.104888462,3.14160156,571,2873846841490,2873841352,58,3,1,812793,-0.0625,0.06640625,0.21875,572,2873843857337,2873841552,59,0,1,3796946,0.005859375,-0.001953125,0
1,552,2873857624540,2873857654649,1,0,0,1,0,7,7,0,0,0,4,0,0,573,2873854871386,2873851553,60,0,1,2783263,0.885375977,-0.0225830078,-0.0704956055,0.458862305,-0.950861692,-0.104876608,-0.104888462,3.14160156,572,2873856840576,2873851752,59,3,1,814073,-0.02734375,0.0546875,0.21875,573,2873853842296,2873851351,60,0,1,3812353,0,0,-0.001953125
1,553,2873867624540,2873867654940,1,0,0,1,0,7,7,0,0,0,4,0,0,574,2873864873753,2873861553,61,0,1,2781187,0.885375977,-0.0225830078,-0.0704956055,0.458862305,-0.950861692,-0.104876608,-0.104888462,3.14160156,573,2873866841572,2873861952,60,3,1,813368,-0.02734375,0.0625,0.21875,574,2873863835561,2873861552,61,0,1,3819379,0.001953125,0.001953125,0
1,554,2873877624540,2873877654805,1,0,0,1,0,7,7,0,0,0,4,0,0,575,2873874864349,2873871553,62,0,1,2790456,0.885437012,-0.022644043,-0.0704956055,0.458862305,-0.950712383,-0.104988068,-0.104818292,3.14160156,574,2873876842957,2873871752,61,3,1,811848,-0.02734375,0.0625,0.21875,575,2873873841118,2873871652,62,0,1,3813687,-0.0078125,0.001953125,-0.00390625
1,555,2873887624540,2873887847217,1,0,0,1,0,7,7,0,0,0,4,0,0,576,2873885869907,2873881453,63,0,1,1977310,0.885437012,-0.0227050781,-0.0704956055,0.458862305,-0.950707376,-0.10509675,-0.104762286,3.14160156,575,2873887842101,2873881651,62,3,1,5116,-0.01953125,0.0625,0.1796875,576,2873884840187,2873882151,63,0,1,3007030,-0.009765625,0.00390625,0
1,556,2873897624540,2873897654794,1,0,0,1,0,7,7,0,0,0,4,0,0,577,2873894870308,2873891253,64,0,1,2784486,0.885437012,-0.0227661133,-0.0704956055,0.458862305,-0.95070231,-0.105205439,-0.104706272,3.14160156,576,2873896840296,2873891549,63,3,1,814498,-0.0546875,0.07421875,0.21875,577,2873893842665,2873891552,64,0,1,3812129,-0.005859375,0.001953125,0
1,557,2873907624540,2873907657255,1,0,0,1,0,7,7,0,0,0,4,0,0,578,2873904871915,2873901553,65,0,1,2785340,0.885437012,-0.0228271484,-0.0704956055,0.458862305,-0.950697303,-0.105314121,-0.104650259,3.14160156,577,2873906841662,2873901952,64,3,1,815593,-0.08984375,0.0859375,0.21875,578,2873903848017,2873901552,65,0,1,3809238,-0.001953125,0,0
1,558,2873917624540,2873917657212,1,0,0,1,0,7,7,0,0,0,4,0,0,579,2873914870983,2873911453,66,0,1,2786229,0.885437012,-0.0228881836,-0.0704956055,0.458862305,-0.950692236,-0.10542281,-0.104594246,3.14160156,578,2873916841768,2873911752,65,3,1,815444,-0.0546875,0.07421875,0.1796875,579,2873913841486,2873911650,66,0,1,3815726,-0.00390625,0.001953125,0
1,559,2873927624540,2873927657485,1,0,0,1,0,7,7,0,0,0,4,0,0,580,2873924871330,2873921553,67,0,1,2786155,0.885437012,-0.0229492188,-0.0704956055,0.458862305,-0.95068723,-0.105531499,-0.104538232,3.14160156,579,2873926841967,2873921552,66,3,1,815518,-0.0546875,0.07421875,0.21875,580,2873923841759,2873921350,67,0,1,3815726,-0.009765625,0.001953125,-0.001953125
1,560,2873937624540,2873937656794,1,0,0,1,0,7,7,0,0,0,4,0,0,581,2873934876998,2873931557,68,0,1,2779796,0.885498047,-0.0230102539,-0.0704956055,0.458740234,-0.950411797,-0.105625711,-0.104497269,3.14160156,580,2873936842889,2873931752,67,3,1,813905,-0.03515625,0.48046875,0.13671875,581,2873933840808,2873931650,68,0,1,3815986,-0.01171875,0.005859375,-0.060546875
1,561,2873947624540,2873947656900,1,0,0,1,0,7,7,0,0,0,4,0,0,582,2873944870170,2873941453,69,0,1,2786730,0.885803223,-0.0230712891,-0.0705566406,0.458068848,-0.948974729,-0.105709605,-0.104639158,3.14160156,581,2873946840158,2873941052,68,3,1,816742,-0.05078125,0.32421875,0.29296875,582,2873943839672,2873941550,69,0,1,3817228,-0.0234375,0.0078125,-0.232421875
1,562,2873957624540,2873957657024,1,0,0,1,0,7,7,0,0,0,4,0,0,583,2873954869868,2873951453,70,0,1,2787156,0.886474609,-0.0230712891,-0.0706176758,0.456726074,-0.945979297,-0.10560628,-0.104912207,3.14160156,582,2873956840320,2873951752,69,3,1,816704,-0.046875,0.3515625,0.1015625,583,2873953838332,2873951349,70,0,1,3818692,-0.015625,0.001953125,-0.369140625
1,563,2873967624540,2873967657167,1,0,0,1,0,7,7,0,0,0,4,0,0,584,2873964870549,2873961253,71,0,1,2786618,0.887451172,-0.0230712891,-0.0706787109,0.45489502,-0.941751063,-0.105447374,-0.105229653,3.14160156,583,2873966840963,2873961552,70,3,1,816204,-0.01171875,0.42578125,0.25390625,584,2873963841552,2873961552,71,0,1,3815615,-0.03125,0.01171875,-0.4765625
1,564,2873977624540,2873977657051,1,0,0,1,0,7,7,0,0,0,4,0,0,585,2873974870117,2873971453,72,0,1,2786934,0.888793945,-0.0230712891,-0.0707397461,0.452148438,-0.935690284,-0.105174772,-0.105677187,3.14160156,584,2873976840346,2873971552,71,3,1,816705,0.03515625,0.93359375,0.0546875,585,2873973840212,2873971651,72,0,1,3816839,-0.02734375,0.00390625,-0.71484375
1,565,2873987624540,2873987657231,1,0,0,1,0,7,7,0,0,0,4,0,0,586,2873984868629,2873981251,73,0,1,2788602,0.890686035,-0.0229492188,-0.0709228516,0.448486328,-0.927332222,-0.104688071,-0.106534831,3.14160156,585,2873986842102,2873981252,72,3,1,815129,0.21875,0.65625,0.33203125,586,2873983842450,2873981552,73,0,1,3814781,-0.048828125,0.01171875,-0.953125
1,566,2873997624540,2873997657281,1,0,0,1,0,7,7,0,0,0,4,0,0,587,2873994868309,2873991450,74,0,1,2788972,0.893066406,-0.0229492188,-0.071105957,0.443725586,-0.91661334,-0.10428232,-0.107418098,3.14160156,586,2873996842190,2873991752,73,3,1,815091,0.25,0.7578125,0.24609375,587,2873993841463,2873991552,74,0,1,3815818,-0.072265625,0.021484375,-1.1640625
1,567,2874007624540,2874007657035,1,0,0,1,0,7,7,0,0,0,4,0,0,588,2874004867710,2874001450,75,0,1,2789325,0.895690918,-0.0227661133,-0.0712890625,0.438354492,-0.904630303,-0.103467077,-0.108535185,3.14160156,587,2874006841053,2874001752,74,3,1,815982,0.89453125,0.5625,0.16796875,588,2874003841383,2874001551,75,0,1,3815652,-0.021484375,0.00390625,-1.265625
1,568,2874017624540,2874017657252,1,0,0,1,0,7,7,0,0,0,4,0,0,589,2874014867074,2874011450,76,0,1,2790178,0.898376465,-0.0224609375,-0.071472168,0.432800293,-0.892258108,-0.102401979,-0.109767795,3.14160156,588,2874016840807,2874011352,75,3,1,816445,0.9140625,0.6171875,0.234375,589,2874013840451,2874011551,76,0,1,3816801,-0.029296875,0,-1.2109375
1,569,2874027624540,2874027657117,1,0,0,1,0,7,7,0,0,0,4,0,0,590,2874024867125,2874021450,77,0,1,2789992,0.900939941,-0.0220947266,-0.0715942383,0.427490234,-0.880406201,-0.101196349,-0.110894904,3.14160156,589,2874026841080,2874021352,76,3,1,816037,0.9921875,0.6484375,0.03515625,590,2874023840353,2874021152,77,0,1,3816764,0.0078125,-0.00390625,-1.13476562
1,570,2874037624540,2874037657761,1,0,0,1,0,7,7,0,0,0,4,0,0,591,2874034873831,2874031053,78,0,1,2783930,0.903198242,-0.0216064453,-0.0717163086,0.422668457,-0.869767964,-0.0998199359,-0.11206875,3.14160156,590,2874036844004,2874031352,77,3,1,813757,0.55859375,0.45703125,0.04296875,591,2874033841367,2874031552,78,0,1,3816394,0.0390625,-0.01171875,-1.1015625
1,571,2874047624540,2874047656958,1,0,0,1,0,7,7,0,0,0,4,0,0,592,2874044870655,2874041453,79,0,1,2786303,0.905517578,-0.0211181641,-0.0717773438,0.417602539,-0.858678818,-0.0983530283,-0.113151103,3.14160156,591,2874046840847,2874041352,78,3,1,816111,0.203125,0.046875,0.44140625,592,2874043841177,2874041551,79,0,1,3815781,0.015625,0,-1.04492188
1,572,2874057624540,2874057656860,1,0,0,1,0,7,7,0,0,0,4,0,0,593,2874054869834,2874051053,80,0,1,2787026,0.907714844,-0.020690918,-0.0718994141,0.412902832,-0.848232448,-0.0970903188,-0.114219174,3.14160156,592,2874056841398,2874051552,79,3,1,815462,0.02734375,-0.07421875,0.0546875,593,2874053840226,2874051651,80,0,1,3816634,0.009765625,-0.005859375,-1.0625
1,573,2874067624540,2874067656948,1,0,0,1,0,7,7,0,0,0,4,0,0,594,2874064869829,2874061453,81,0,1,2787119,0.909790039,-0.020324707,-0.0720214844,0.408203125,-0.838009298,-0.0959282815,-0.115251295,3.14160156,593,2874066841133,2874061352,80,3,1,815815,0.04296875,-0.26171875,0.17578125,594,2874063842353,2874061351,81,0,1,3814595,0.001953125,-0.005859375,-0.986328125
1,574,2874077624540,2874077656868,1,0,0,1,0,7,7,0,0,0,4,0,0,595,2874074870269,2874071253,82,0,1,2786599,0.911804199,-0.0200195312,-0.0721435547,0.403686523,-0.828099549,-0.0948969126,-0.116191611,3.14160156,594,2874076840646,2874071552,81,3,1,816222,0.09765625,-0.66015625,0.02734375,595,2874073840642,2874071552,82,0,1,3816226,-0.021484375,-0.001953125,-1.0234375
1,575,2874087624540,2874087656863,1,0,0,1,0,7,7,0,0,0,4,0,0,596,2874084870504,2874081253,83,0,1,2786359,0.913818359,-0.0197143555,-0.072265625,0.399108887,-0.818079591,-0.0938521028,-0.117129572,3.14160156,595,2874086841883,2874080852,82,3,1,814980,0.1640625,-0.44921875,0.328125,596,2874083842527,2874081552,83,0,1,3814336,0.00390625,-0.00390625,-0.994140625
1,576,2874097624540,2874097656895,1,0,0,1,0,7,7,0,0,0,4,0,0,597,2874094869943,2874091253,84,0,1,2786952,0.915771484,-0.0194091797,-0.0723876953,0.394714355,-0.80838722,-0.0928269252,-0.118027218,3.14160156,596,2874096840283,2874091552,83,3,1,816612,0.1953125,-0.34765625,0.21484375,597,2874093841743,2874091352,84,0,1,3815152,-0.033203125,0,-0.9296875
1,577,2874107624540,2874107657094,1,0,0,1,0,7,7,0,0,0,4,0,0,598,2874104869159,2874100853,85,0,1,2787935,0.917480469,-0.0191650391,-0.0725097656,0.390563965,-0.799484551,-0.091935955,-0.118878156,3.14160156,597,2874106840760,2874101252,84,3,1,816334,-0.03515625,0.04296875,0.40625,598,2874103840144,2874101352,85,0,1,3816950,0,-0.013671875,-0.943359375
1,578,2874117624540,2874117657033,1,0,0,1,0,7,7,0,0,0,4,0,0,599,2874114869988,2874111253,86,0,1,2787045,0.919494629,-0.0188598633,-0.0726318359,0.385864258,-0.789210439,-0.0908601135,-0.119795516,3.14160156,598,2874116840587,2874111352,85,3,1,816446,-0.28515625,0.0390625,0.2578125,599,2874113840454,2874111552,86,0,1,3816579,-0.01953125,-0.001953125,-1.03710938
1,579,2874127624540,2874127656898,1,0,0,1,0,7,7,0,0,0,4,0,0,600,2874124870465,2874121053,87,0,1,2786433,0.921569824,-0.0185546875,-0.0728149414,0.38079834,-0.778281033,-0.0897750407,-0.12086992,3.14160156,599,2874126841435,2874121052,86,3,1,815463,-0.2265625,0.24609375,0.1015625,600,2874123841857,2874121552,87,0,1,3815041,-0.01953125,-0.009765625,-1.16601562
1,580,2874137624540,2874137659117,1,0,0,1,0,7,7,0,0,0,4,0,0,601,2874134940871,2874131283,88,0,1,2718246,0.923950195,-0.0182495117,-0.0729980469,0.375061035,-0.765794396,-0.0885965824,-0.121979244,3.14160156,600,2874136873577,2874131353,87,3,1,785540,-0.390625,0.24609375,0.21875,601,2874133872590,2874131550,88,0,1,3786527,-0.0390625,-0.0078125,-1.33398438
1,581,2874147624540,2874147657796,1,0,0,1,0,7,7,0,0,0,4,0,0,602,2874144910869,2874141272,89,0,1,2746927,0.926513672,-0.0178222656,-0.0732421875,0.368652344,-0.751981199,-0.087137185,-0.123355284,3.14160156,601,2874146886011,2874141565,88,3,1,771785,-0.25,0.21484375,0.21484375,602,2874143873234,2874141552,89,0,1,3784562,0.01171875,-0.017578125,-1.3984375
1,582,2874157624540,2874157678814,1,0,0,1,0,7,7,0,0,0,4,0,0,603,2874154883871,2874151253,90,0,1,2794943,0.928955078,-0.0173339844,-0.073425293,0.362365723,-0.738537192,-0.085522823,-0.124642342,3.14160156,602,2874156866317,2874151353,89,3,1,812497,-0.28125,-0.19140625,0.32421875,603,2874153887856,2874151661,90,0,1,3790958,-0.033203125,0.001953125,-1.31640625
1,583,2874167624540,2874167651964,1,0,0,1,0,7,7,0,0,0,4,0,0,604,2874164855538,2874161247,91,0,1,2796426,0.931091309,-0.0169677734,-0.0735473633,0.356811523,-0.72665292,-0.084181577,-0.125638396,3.14160156,603,2874166844065,2874161249,90,3,1,807899,-0.5546875,-0.484375,-0.01171875,604,2874163868292,2874161148,91,0,1,3783672,0.017578125,-0.0078125,-1.10351562
1,584,2874177624540,2874177656241,1,0,0,1,0,7,7,0,0,0,4,0,0,605,2874173860945,2874170947,92,0,1,3795296,0.932800293,-0.0166015625,-0.0736083984,0.352416992,-0.71719867,-0.0829486772,-0.126390174,3.14160156,604,2874175833046,2874171147,91,3,1,1823195,-0.6953125,-1.1015625,0.03125,605,2874172837603,2874170547,92,0,1,4818638,-0.005859375,-0.001953125,-0.853515625
1,585,2874187624540,2874187655272,1,0,0,1,0,7,7,0,0,0,4,0,0,606,2874184873232,2874181254,93,0,1,2782040,0.934143066,-0.0162963867,-0.0736694336,0.348815918,-0.709540725,-0.0819320902,-0.12703602,3.14160156,605,2874186843628,2874181053,92,3,1,811644,-0.91796875,-1.2734375,0.34375,606,2874183848185,2874181553,93,0,1,3807087,0.0234375,-0.001953125,-0.64453125
1,586,2874197624540,2874197657602,1,0,0,1,0,7,7,0,0,0,4,0,0,607,2874194870761,2874191053,94,0,1,2786841,0.935119629,-0.0159912109,-0.0736694336,0.346191406,-0.70397085,-0.0810033977,-0.127474293,3.14160156,606,2874196837802,2874191552,93,3,1,819800,-0.89453125,-1.2109375,0.2265625,607,2874193841116,2874191652,94,0,1,3816486,0.013671875,-0.001953125,-0.474609375
1,587,2874207624540,2874207657634,1,0,0,1,0,7,7,0,0,0,4,0,0,608,2874204871145,2874201253,95,0,1,2786489,0.935791016,-0.0158081055,-0.0737304688,0.344482422,-0.700256824,-0.0804706886,-0.127846956,3.14160156,607,2874206832846,2874201249,94,3,1,824788,-0.8046875,-1.171875,0.1875,608,2874203844967,2874201152,95,0,1,3812667,0.025390625,-0.009765625,-0.28125
1,588,2874217624540,2874217654014,1,0,0,1,0,7,7,0,0,0,4,0,0,609,2874214870362,2874211252,96,0,1,2783652,0.936279297,-0.015625,-0.0737304688,0.343139648,-0.697425067,-0.0799435452,-0.128088206,3.14160156,608,2874216840127,2874211551,95,3,1,813887,-0.64453125,-0.3828125,0.140625,609,2874213842440,2874211651,96,0,1,3811574,0.015625,0,-0.287109375
1,589,2874227624540,2874227656252,1,0,0,1,0,7,7,0,0,0,4,0,0,610,2874224869096,2874221252,97,0,1,2787156,0.936706543,-0.0154418945,-0.0737304688,0.34185791,-0.694793582,-0.0794232115,-0.128335252,3.14160156,609,2874226839844,2874220851,96,3,1,816408,-0.546875,-0.3359375,0.328125,610,2874223840526,2874221551,97,0,1,3815726,0.005859375,0.001953125,-0.265625
1,590,2874237624540,2874237658119,1,0,0,1,0,7,7,0,0,0,4,0,0,611,2874234870499,2874231250,98,0,1,2787620,0.937194824,-0.0153808594,-0.0737304688,0.340576172,-0.692031085,-0.0791339725,-0.128477275,3.14160156,610,2874236849201,2874231556,97,3,1,808918,-0.30078125,-0.19140625,0.09375,611,2874233844191,2874231552,98,0,1,3813928,0,0,-0.275390625
1,591,2874247624540,2874247654257,1,0,0,1,0,7,7,0,0,0,4,0,0,612,2874243845965,2874240751,99,0,1,3808292,0.93762207,-0.0153198242,-0.0737304688,0.339416504,-0.68955791,-0.078860797,-0.128613472,3.14160156,611,2874245820106,2874240950,98,3,1,1834151,-0.4296875,-0.10546875,0.1328125,612,2874242822549,2874240350,99,0,1,4831708,0,-0.001953125,-0.26171875
1,592,2874257624540,2874257653974,1,0,0,1,0,7,7,0,0,0,4,0,0,613,2874254844608,2874251250,100,0,1,2809366,0.938049316,-0.0151977539,-0.0737304688,0.338195801,-0.68700105,-0.0784636438,-0.12880215,3.14160156,612,2874256822086,2874251350,99,3,1,831888,-0.61328125,-0.28125,0.25390625,613,2874253818003,2874251647,100,0,1,3835971,0.001953125,0.0078125,-0.228515625
1,593,2874267624540,2874267653746,1,0,0,1,0,7,7,0,0,0,4,0,0,614,2874264844417,2874260850,101,0,1,2809329,0.938415527,-0.0151977539,-0.0737304688,0.337219238,-0.684897363,-0.0783303604,-0.128878266,3.14160156,613,2874266815870,2874261049,100,3,1,837876,-0.4921875,-0.2890625,0.28125,614,2874263817238,2874261547,101,0,1,3836508,-0.01171875,0.00390625,-0.189453125
1,594,2874277624540,2874277653852,1,0,0,1,0,7,7,0,0,0,4,0,0,615,2874274844375,2874271250,102,0,1,2809477,0.938659668,-0.0151977539,-0.0737304688,0.336425781,-0.683286309,-0.0782204419,-0.128957734,3.14160156,614,2874276818404,2874271549,101,3,1,835448,-0.62890625,-0.4453125,0.20703125,615,2874273817195,2874271547,102,0,1,3836657,-0.01171875,0.005859375,-0.13671875
1,595,2874287624540,2874287653773,1,0,0,1,0,7,7,0,0,0,4,0,0,616,2874284844166,2874281050,103,0,1,2809607,0.938842773,-0.0151977539,-0.0737304688,0.33605957,-0.682411969,-0.0781718567,-0.128970519,3.14160156,615,2874286818084,2874281349,102,3,1,835689,-0.27734375,-0.359375,0.1171875,616,2874283815651,2874281547,103,0,1,3838122,0.005859375,0,-0.03515625
1,596,2874297624540,2874297653731,1,0,0,1,0,7,7,0,0,0,4,0,0,617,2874294844049,2874291250,104,0,1,2809682,0.938842773,-0.0151367188,-0.0737304688,0.335998535,-0.682329714,-0.0780478716,-0.129023746,3.14160156,616,2874296818097,2874291349,103,3,1,835634,-0.296875,-0.19921875,0.125,617,2874293815479,2874291647,104,0,1,3838252,0.0234375,-0.0078125,0.00390625
1,597,2874307624540,2874307653762,1,0,0,1,0,7,7,0,0,0,4,0,0,618,2874304843525,2874301250,105,0,1,2810237,0.938842773,-0.0150756836,-0.0737304688,0.335998535,-0.682336748,-0.0779329166,-0.129064545,3.14160156,617,2874306817666,2874301249,104,3,1,836096,-0.26171875,-0.2109375,0.203125,618,2874303817587,2874301349,105,0,1,3836175,0.021484375,-0.0078125,0.00390625
1,598,2874317624540,2874317653312,1,0,0,1,0,7,7,0,0,0,4,0,0,619,2874313844112,2874310750,106,0,1,3809200,0.938842773,-0.0149536133,-0.0737304688,0.33605957,-0.682439983,-0.0777120367,-0.129133731,3.14160156,618,2874315818011,2874310949,105,3,1,1835301,-0.296875,-0.19921875,0.203125,619,2874312817303,2874310549,106,0,1,4836009,0.017578125,-0.009765625,0
1,599,2874327624540,2874327653103,1,0,0,1,0,7,7,0,0,0,4,0,0,620,2874323843921,2874320950,107,0,1,3809182,0.938842773,-0.0148925781,-0.0737304688,0.33605957,-0.682446957,-0.0775970891,-0.129174545,3.14160156,619,2874325817987,2874321349,106,3,1,1835116,-0.296875,-0.20703125,0.203125,620,2874322817835,2874320549,107,0,1,4835268,0.013671875,-0.005859375,0.00390625
1,600,2874337624540,2874337652004,1,0,0,1,0,7,7,0,0,0,4,0,0,621,2874334850684,2874330850,108,0,1,2801320,0.938842773,-0.014831543,-0.0737304688,0.33605957,-0.68245399,-0.0774821341,-0.129215345,3.14160156,620,2874336837913,2874331355,107,3,1,814091,-0.26171875,-0.21875,0.1640625,621,2874333819926,2874331547,108,0,1,3832078,0.0078125,-0.00390625,0.00390625
1,601,2874347624540,2874347657356,1,0,0,1,0,7,7,0,0,0,4,0,0,622,2874344869978,2874341051,109,0,1,2787378,0.938842773,-0.014831543,-0.0737304688,0.33605957,-0.68245399,-0.0774821341,-0.129215345,3.14160156,621,2874346841152,2874341052,108,3,1,816204,-0.25390625,-0.2109375,0.1953125,622,2874343855831,2874341152,109,0,1,3801525,0,-0.001953125,-0.001953125
1,602,2874357624540,2874357657258,1,0,0,1,0,7,7,0,0,0,4,0,0,623,2874354867006,2874351050,110,0,1,2790252,0.938842773,-0.0148925781,-0.0737304688,0.33605957,-0.682446957,-0.0775970891,-0.129174545,3.14160156,622,2874356840368,2874351352,109,3,1,816890,-0.25390625,-0.2109375,0.23046875,623,2874353841810,2874351652,110,0,1,3815448,-0.005859375,0.00390625,-0.001953125
1,603,2874367624540,2874367657401,1,0,0,1,0,7,7,0,0,0,4,0,0,624,2874364869207,2874360851,111,0,1,2788194,0.938842773,-0.0149536133,-0.0736694336,0.33605957,-0.682452798,-0.0776708946,-0.129019752,3.14160156,623,2874366842680,2874360853,110,3,1,814721,-0.25390625,-0.2109375,0.23046875,624,2874363845346,2874361552,111,0,1,3812055,-0.0078125,0.005859375,-0.001953125
1,604,2874377624540,2874377657137,1,0,0,1,0,7,7,0,0,0,4,0,0,625,2874374868256,2874371050,112,0,1,2788881,0.938842773,-0.0150146484,-0.0736694336,0.33605957,-0.682445765,-0.0777858421,-0.128978938,3.14160156,624,2874376841229,2874371352,111,3,1,815908,-0.2890625,-0.19921875,0.15625,625,2874373842059,2874371552,112,0,1,3815078,-0.013671875,0.00390625,0.001953125
1,605,2874387624540,2874387655926,1,0,0,1,0,7,7,0,0,0,4,0,0,626,2874383869251,2874380553,113,0,1,3786675,0.938842773,-0.0151367188,-0.0736694336,0.33605957,-0.682431757,-0.0780157521,-0.128897339,3.14160156,625,2874385840963,2874380952,112,3,1,1814963,-0.2890625,-0.19921875,0.1953125,626,2874382842479,2874380552,113,0,1,4813447,-0.01171875,0.00390625,-0.001953125
1,606,2874397624540,2874397656938,1,0,0,1,0,7,7,0,0,0,4,0,0,627,2874394870978,2874391053,114,0,1,2785960,0.938842773,-0.0151977539,-0.0736083984,0.33605957,-0.682437599,-0.0780895576,-0.128742531,3.14160156,626,2874396842520,2874391252,113,3,1,814418,-0.26171875,-0.203125,0.1953125,627,2874393844692,2874391652,114,0,1,3812246,-0.015625,0.009765625,-0.001953125
1,607,2874407624540,2874407657241,1,0,0,1,0,7,7,0,0,0,4,0,0,628,2874404871559,2874400853,115,0,1,2785682,0.938842773,-0.0153198242,-0.0736083984,0.33605957,-0.682423651,-0.0783194676,-0.128660917,3.14160156,627,2874406844103,2874400853,114,3,1,813138,-0.25390625,-0.203125,0.1953125,628,2874403841845,2874401550,115,0,1,3815396,-0.015625,0.0078125,-0.00390625
1,608,2874417624540,2874417657508,1,0,0,1,0,7,7,0,0,0,4,0,0,629,2874414871455,2874411053,116,0,1,2786053,0.938903809,-0.0153808594,-0.0736083984,0.335876465,-0.682035863,-0.0784092695,-0.128636807,3.14160156,628,2874416842275,2874411352,115,3,1,815233,-0.265625,-0.1171875,0.18359375,629,2874413843817,2874411552,116,0,1,3813691,-0.001953125,0.005859375,-0.0625
1,609,2874427624540,2874427657274,1,0,0,1,0,7,7,0,0,0,4,0,0,630,2874424874076,2874421053,117,0,1,2783198,0.939086914,-0.0153808594,-0.0735473633,0.335449219,-0.681084752,-0.0783107579,-0.128547996,3.14160156,629,2874426843097,2874421253,116,3,1,814177,-0.25390625,-0.1953125,0.1875,630,2874423836168,2874421552,117,0,1,3821106,0.001953125,0.00390625,-0.12890625
1,610,2874437624540,2874437660989,1,0,0,1,0,7,7,0,0,0,4,0,0,631,2874433870748,2874430953,118,0,1,3790241,0.93927002,-0.0153808594,-0.0735473633,0.334838867,-0.679852545,-0.0782263502,-0.128610209,3.14160156,630,2874435843754,2874431152,117,3,1,1817235,-0.20703125,-0.171875,0.14453125,631,2874432842349,2874430652,118,0,1,4818640,0,0.001953125,-0.115234375
1,611,2874447624540,2874447657640,1,0,0,1,0,7,7,0,0,0,4,0,0,632,2874444870846,2874440853,119,0,1,2786794,0.939453125,-0.0153198242,-0.0735473633,0.334350586,-0.678805709,-0.0780449286,-0.128688127,3.14160156,631,2874446843130,2874441053,118,3,1,814510,-0.2421875,-0.16796875,0.18359375,632,2874443842633,2874441152,119,0,1,3815007,0.00390625,0.00390625,-0.111328125
1,612,2874457624540,2874457655998,1,0,0,1,0,7,7,0,0,0,4,0,0,633,2874453870094,2874450550,120,0,1,3785904,0.93963623,-0.0153198242,-0.0734863281,0.33392334,-0.677854002,-0.0779466331,-0.128598765,3.14160156,632,2874455841396,2874450952,119,3,1,1814602,-0.265625,-0.23828125,0.1484375,633,2874452842474,2874450552,120,0,1,4813524,-0.001953125,0.0078125,-0.08203125
1,613,2874467624540,2874467656005,1,0,0,1,0,7,7,0,0,0,4,0,0,634,2874463869397,2874460753,121,0,1,3786608,0.939758301,-0.0153198242,-0.0734863281,0.333557129,-0.67709136,-0.0778963938,-0.128631622,3.14160156,633,2874465841403,2874461152,120,3,1,1814602,-0.2890625,-0.19140625,0.1875,634,2874462841406,2874460552,121,0,1,4814599,0.001953125,0.00390625,-0.056640625
1,614,2874477624540,2874477656012,1,0,0,1,0,7,7,0,0,0,4,0,0,635,2874473870164,2874470753,122,0,1,3785848,0.939819336,-0.0153198242,-0.073425293,0.333251953,-0.676543236,-0.0778124779,-0.128558576,3.14160156,634,2874475840761,2874471352,121,3,1,1815251,-0.2265625,-0.1328125,0.18359375,635,2874472840987,2874470551,122,0,1,4815025,0.009765625,0.00390625,-0.072265625
1,615,2874487624540,2874487656909,1,0,0,1,0,7,7,0,0,0,4,0,0,636,2874484869762,2874481053,123,0,1,2787147,0.940002441,-0.0152587891,-0.073425293,0.332885742,-0.675674975,-0.0776490718,-0.128611133,3.14160156,635,2874486838246,2874481049,122,3,1,818663,-0.28125,-0.19140625,0.1875,636,2874483840937,2874481352,123,0,1,3815972,0.0078125,0.00390625,-0.083984375
1,616,2874497624540,2874497656360,1,0,0,1,0,7,7,0,0,0,4,0,0,637,2874493869251,2874490953,124,0,1,3787109,0.940124512,-0.0152587891,-0.0733642578,0.332580566,-0.675014377,-0.0775671378,-0.12851727,3.14160156,636,2874495840590,2874491352,123,3,1,1815770,-0.2578125,-0.23828125,0.1875,637,2874492841279,2874490652,124,0,1,4815081,0.001953125,0,-0.068359375
1,617,2874507624540,2874507656404,1,0,0,1,0,7,7,0,0,0,4,0,0,638,2874503869815,2874500953,125,0,1,3786589,0.940185547,-0.0152587891,-0.0733642578,0.332336426,-0.674542904,-0.0775330737,-0.128545836,3.14160156,637,2874505840912,2874500552,124,3,1,1815492,-0.28125,-0.19140625,0.1484375,638,2874502841397,2874500552,125,0,1,4815007,0.005859375,0,-0.0390625
1,618,2874517624540,2874517656392,1,0,0,1,0,7,7,0,0,0,4,0,0,639,2874513870267,2874510953,126,0,1,3786125,0.940246582,-0.0151977539,-0.0733642578,0.33215332,-0.67416805,-0.0773928687,-0.128602386,3.14160156,638,2874515841512,2874511152,125,3,1,1814880,-0.31640625,-0.1875,0.1875,639,2874512840663,2874510552,126,0,1,4815729,0.00390625,0.001953125,-0.033203125
1,619,2874527624540,2874527656288,1,0,0,1,0,7,7,0,0,0,4,0,0,640,2874523869884,2874520453,127,0,1,3786404,0.940307617,-0.0152587891,-0.0733032227,0.33203125,-0.673881948,-0.077451244,-0.128451839,3.14160156,639,2874525841056,2874520752,126,3,1,1815232,-0.24609375,-0.2109375,0.1875,640,2874522840726,2874520552,127,0,1,4815562,-0.001953125,0.001953125,-0.021484375
1,620,2874537624540,2874537656351,1,0,0,1,0,7,7,0,0,0,4,0,0,641,2874533871263,2874530753,128,0,1,3785088,0.940307617,-0.0152587891,-0.0733032227,0.331970215,-0.673791945,-0.077442266,-0.128464103,3.14160156,640,2874535841174,2874531152,127,3,1,1815177,-0.28125,-0.19921875,0.1796875,641,2874532844589,2874530552,128,0,1,4811762,0.00390625,0,-0.005859375
1,621,2874547624540,2874547656506,1,0,0,1,0,7,7,0,0,0,4,0,0,642,2874543870899,2874540753,129,0,1,3785607,0.940307617,-0.0152587891,-0.0733032227,0.33190918,-0.673702002,-0.0774332955,-0.128476381,3.14160156,641,2874545842034,2874540752,128,3,1,1814472,-0.24609375,-0.2109375,0.140625,642,2874542843465,2874540552,129,0,1,4813041,0.0078125,-0.001953125,-0.001953125
1,622,2874557624540,2874557653733,1,0,0,1,0,7,7,0,0,0,4,0,0,643,2874553871296,2874550953,130,0,1,3782437,0.940307617,-0.0151977539,-0.0732421875,0.331970215,-0.673811615,-0.0772864968,-0.128390223,3.14160156,642,2874555842134,2874551152,129,3,1,1811599,-0.23828125,-0.2109375,0.140625,643,2874552841692,2874550550,130,0,1,4812041,0.015625,-0.001953125,0.001953125
1,623,2874567624540,2874567653721,1,0,0,1,0,7,7,0,0,0,4,0,0,644,2874563871433,2874560953,131,0,1,3782288,0.940307617,-0.0151367188,-0.0732421875,0.331970215,-0.673818648,-0.0771713704,-0.128430545,3.14160156,643,2874565840102,2874561152,130,3,1,1813619,-0.23828125,-0.2109375,0.1796875,644,2874562839901,2874560550,131,0,1,4813820,0.021484375,-0.001953125,0
1,624,2874577624540,2874577654025,1,0,0,1,0,7,7,0,0,0,4,0,0,645,2874573869586,2874570753,132,0,1,3784439,0.940307617,-0.0150756836,-0.0731811523,0.331970215,-0.673838258,-0.0770156011,-0.128356665,3.14160156,644,2874575840591,2874570952,131,3,1,1813434,-0.23828125,-0.2109375,0.1796875,645,2874572837925,2874570549,132,0,1,4816100,0.021484375,-0.001953125,0.001953125
1,625,2874587624540,2874587654755,1,0,0,1,0,7,7,0,0,0,4,0,0,646,2874584869888,2874580853,133,0,1,2784867,0.940307617,-0.0150146484,-0.0731201172,0.331970215,-0.673857927,-0.0768598318,-0.1282828,3.14160156,645,2874586841116,2874580852,132,3,1,813639,-0.23828125,-0.2109375,0.1796875,646,2874583837467,2874581149,133,0,1,3817288,0.017578125,0,0.001953125
1,626,2874597624540,2874597653464,1,0,0,1,0,7,7,0,0,0,4,0,0,647,2874593870416,2874590452,134,0,1,3783048,0.940307617,-0.0149536133,-0.073059082,0.33203125,-0.673967421,-0.0767130107,-0.128196716,3.14160156,646,2874595839734,2874590751,133,3,1,1813730,-0.23828125,-0.21875,0.1796875,647,2874592841517,2874590550,134,0,1,4811947,0.015625,0.001953125,0.0078125
1,627,2874607624540,2874607655436,1,0,0,1,0,7,7,0,0,0,4,0,0,648,2874603868439,2874600552,135,0,1,3786997,0.940307617,-0.0148925781,-0.073059082,0.33215332,-0.674154341,-0.0766157731,-0.128212631,3.14160156,647,2874605840148,2874600551,134,3,1,1815288,-0.1640625,-0.24609375,0.17578125,648,2874602837575,2874600549,135,0,1,4817861,0.013671875,-0.001953125,0.037109375
1,628,2874617624540,2874617656556,1,0,0,1,0,7,7,0,0,0,4,0,0,649,2874614868668,2874610652,136,0,1,2787888,0.940185547,-0.0148925781,-0.0729980469,0.332458496,-0.674840331,-0.0766161531,-0.128078535,3.14160156,648,2874616839172,2874611051,135,3,1,817384,0.1015625,-0.08203125,0.00390625,649,2874613839843,2874611351,136,0,1,3816713,0.021484375,-0.001953125,0.10546875
1,629,2874627624540,2874627656785,1,0,0,1,0,7,7,0,0,0,4,0,0,650,2874624869120,2874620652,137,0,1,2787665,0.940002441,-0.0250854492,-0.0661010742,0.333862305,-0.67755419,-0.0914253891,-0.108167335,3.14160156,649,2874626840180,2874620852,136,3,1,816605,-0.0234375,0.00390625,0.0078125,650,2874623839479,2874620951,137,0,1,3817306,0.0234375,-0.001953125,0.1171875
1,630,2874637624540,2874637656162,1,0,0,1,0,7,7,0,0,0,4,0,0,651,2874633867552,2874630750,138,0,1,3788610,0.939819336,-0.0250854492,-0.0659790039,0.334289551,-0.678545356,-0.0913909301,-0.107905433,3.14160156,650,2874635854129,2874631152,137,3,1,1802033,-0.046875,0.0546875,0.0078125,651,2874632843046,2874630552,138,0,1,4813116,0.015625,0,0.072265625
1,631,2874647624540,2874647656206,1,0,0,1,0,7,7,0,0,0,4,0,0,652,2874643865075,2874640749,139,0,1,3791131,0.939697266,-0.0251464844,-0.0659179688,0.334655762,-0.679315031,-0.0915074795,-0.107712351,3.14160156,651,2874645841882,2874640349,138,3,1,1814324,0.046875,-0.01953125,0.00390625,652,2874642844129,2874640549,139,0,1,4812077,0.009765625,0.00390625,0.0859375
1,632,2874657624540,2874657656195,1,0,0,1,0,7,7,0,0,0,4,0,0,653,2874653868382,2874650750,140,0,1,3787813,0.93951416,-0.0252075195,-0.0657958984,0.335144043,-0.680389106,-0.0915958732,-0.107397549,3.14160156,652,2874655842223,2874650952,139,3,1,1813972,0.046875,-0.01953125,0.00390625,653,2874652845415,2874650552,140,0,1,4810780,0.021484375,0.00390625,0.115234375
1,633,2874667624540,2874667656183,1,0,0,1,0,7,7,0,0,0,4,0,0,654,2874663868482,2874660251,141,0,1,3787701,0.939331055,-0.0252075195,-0.0656738281,0.335693359,-0.681558669,-0.0915768966,-0.107111588,3.14160156,653,2874665842211,2874660552,140,3,1,1813972,-0.0234375,0.00390625,-0.03125,654,2874662846312,2874660552,141,0,1,4809871,0.02734375,0,0.111328125
1,634,2874677624540,2874677655745,1,0,0,1,0,7,7,0,0,0,4,0,0,655,2874673869490,2874670752,142,0,1,3786255,0.939147949,-0.0251464844,-0.065612793,0.336242676,-0.682721376,-0.0914837345,-0.106981032,3.14160156,654,2874675839568,2874670751,141,3,1,1816177,0.01171875,-0.015625,0.04296875,655,2874672843223,2874670552,142,0,1,4812522,0.01953125,0,0.109375
1,635,2874687624540,2874687655456,1,0,0,1,0,7,7,0,0,0,4,0,0,656,2874683868922,2874680752,143,0,1,3786534,0.938964844,-0.0252075195,-0.0654907227,0.336791992,-0.683883786,-0.0915794075,-0.106654003,3.14160156,655,2874685839093,2874680551,142,3,1,1816363,0.12890625,-0.0546875,0.04296875,656,2874682839986,2874680551,143,0,1,4815470,0.021484375,0.005859375,0.130859375
1,636,2874697624540,2874697655518,1,0,0,1,0,7,7,0,0,0,4,0,0,657,2874693868707,2874690752,144,0,1,3786811,0.938720703,-0.0252075195,-0.0653686523,0.337402344,-0.685254693,-0.0915646106,-0.106372505,3.14160156,656,2874695839767,2874690952,143,3,1,1815751,-0.0390625,0.046875,-0.03125,657,2874692839344,2874690551,144,0,1,4816174,0.01953125,-0.001953125,0.123046875
1,637,2874707624540,2874707655581,1,0,0,1,0,7,7,0,0,0,4,0,0,658,2874703869863,2874700552,145,0,1,3785718,0.938537598,-0.0252075195,-0.0653076172,0.33795166,-0.686409831,-0.091586031,-0.106200732,3.14160156,657,2874705839756,2874700952,144,3,1,1815825,-0.02734375,0.08203125,0.0078125,658,2874702839073,2874700551,145,0,1,4816508,0.025390625,-0.00390625,0.109375
1,638,2874717624540,2874717655662,1,0,0,1,0,7,7,0,0,0,4,0,0,659,2874713868721,2874710752,146,0,1,3786941,0.938354492,-0.0251464844,-0.0651855469,0.338439941,-0.687494338,-0.0914428011,-0.105967589,3.14160156,658,2874715839633,2874710752,145,3,1,1816029,-0.015625,-0.00390625,0,659,2874712838876,2874710651,146,0,1,4816786,0.021484375,0.001953125,0.095703125
1,639,2874727624540,2874727656652,1,0,0,1,0,7,7,0,0,0,4,0,0,660,2874724866428,2874720650,147,0,1,2790224,0.938171387,-0.0252075195,-0.0651245117,0.339111328,-0.688819945,-0.0915948898,-0.105730705,3.14160156,659,2874726839806,2874720851,146,3,1,816846,0.03125,-0.1015625,0.03515625,660,2874723839346,2874721351,147,0,1,3817306,0.009765625,0.00390625,0.16796875
1,640,2874737624540,2874737656177,1,0,0,1,0,7,7,0,0,0,4,0,0,661,2874733869959,2874730252,148,0,1,3786218,0.937866211,-0.0252685547,-0.0650024414,0.33984375,-0.69047451,-0.0917068869,-0.105399981,3.14160156,660,2874735842168,2874730552,147,3,1,1814009,0.015625,0.0703125,-0.00390625,661,2874732840244,2874730551,148,0,1,4815933,0.015625,-0.001953125,0.17578125
1,641,2874747624540,2874747655943,1,0,0,1,0,7,7,0,0,0,4,0,0,662,2874743869613,2874740452,149,0,1,3786330,0.937561035,-0.0252685547,-0.0649414062,0.340759277,-0.6923877,-0.0917691514,-0.105189122,3.14160156,661,2874745840989,2874740252,148,3,1,1814954,0.04296875,-0.06640625,0,662,2874742841104,2874740551,149,0,1,4814839,0.021484375,-0.005859375,0.19140625
1,642,2874757624540,2874757655561,1,0,0,1,0,7,7,0,0,0,4,0,0,663,2874753869787,2874750452,150,0,1,3785774,0.937194824,-0.0253295898,-0.0648193359,0.34185791,-0.694685638,-0.0919249356,-0.104802653,3.14160156,662,2874755839698,2874750952,149,3,1,1815863,0.05078125,-0.06640625,0.0078125,663,2874752839850,2874750551,150,0,1,4815711,0.01171875,0.00390625,0.255859375
1,643,2874767624540,2874767655271,1,0,0,1,0,7,7,0,0,0,4,0,0,664,2874763869164,2874760552,151,0,1,3786107,0.936706543,-0.0254516602,-0.0646972656,0.343200684,-0.697558045,-0.0922204256,-0.104358412,3.14160156,663,2874765839613,2874760952,150,3,1,1815658,0.05078125,-0.06640625,0,664,2874762839449,2874760551,151,0,1,4815822,0.013671875,0,0.328125
1,644,2874777624540,2874777655464,1,0,0,1,0,7,7,0,0,0,4,0,0,665,2874773869542,2874770553,152,0,1,3785922,0.936096191,-0.0255737305,-0.0646362305,0.344909668,-0.701173067,-0.0925985426,-0.103987552,3.14160156,664,2874775838841,2874770949,151,3,1,1816623,0,-0.08984375,-0.0390625,665,2874772843776,2874770552,152,0,1,4811688,0.0078125,0,0.38671875
1,645,2874787624540,2874787652690,1,0,0,1,0,7,7,0,0,0,4,0,0,666,2874783868752,2874780752,153,0,1,3783938,0.935302734,-0.0256958008,-0.0645141602,0.346923828,-0.705581963,-0.0929635465,-0.10348852,3.14160156,665,2874785867971,2874780358,152,3,1,1784719,0.0703125,-0.1484375,-0.0390625,666,2874782839575,2874780551,153,0,1,4813115,0.0234375,-0.009765625,0.484375
1,646,2874797624540,2874797656701,1,0,0,1,0,7,7,0,0,0,4,0,0,667,2874793873152,2874790553,154,0,1,3783549,0.934387207,-0.0258178711,-0.0643920898,0.34942627,-0.71091491,-0.09338402,-0.102922499,3.14160156,666,2874795840765,2874790950,153,3,1,1815936,0.03125,-0.04296875,0.03515625,667,2874792853596,2874790553,154,0,1,4803105,0.00390625,0,0.576171875
1,647,2874807624540,2874807656579,1,0,0,1,0,7,7,0,0,0,4,0,0,668,2874803872121,2874800253,155,0,1,3784458,0.933227539,-0.0260009766,-0.0642700195,0.352600098,-0.717652798,-0.0939912125,-0.102240115,3.14160156,667,2874805839752,2874800550,154,3,1,1816827,-0.0390625,-0.58203125,0.00390625,668,2874802845224,2874800552,155,0,1,4811355,0.03515625,-0.0078125,0.822265625
1,648,2874817624540,2874817656419,1,0,0,1,0,7,7,0,0,0,4,0,0,669,2874813872036,2874810553,156,0,1,3784383,0.931396484,-0.0262451172,-0.0640869141,0.357299805,-0.727827013,-0.0948277563,-0.101261429,3.14160156,668,2874815842651,2874810553,155,3,1,1813768,0.0234375,-0.6796875,0.00390625,669,2874812845509,2874810552,156,0,1,4810910,0.017578125,0.00390625,1.140625
1,649,2874827624540,2874827655926,1,0,0,1,0,7,7,0,0,0,4,0,0,670,2874823870745,2874820553,157,0,1,3785181,0.929138184,-0.0266113281,-0.0638427734,0.36328125,-0.740585327,-0.0959842801,-0.0999170542,3.14160156,669,2874825840879,2874820352,156,3,1,1815047,-0.00390625,-0.52734375,0.00390625,670,2874822842903,2874820652,157,0,1,4813023,0.01953125,-0.001953125,1.40429688
1,650,2874837624540,2874837655970,1,0,0,1,0,7,7,0,0,0,4,0,0,671,2874833870641,2874830553,158,0,1,3785329,0.926452637,-0.0270385742,-0.0635375977,0.369995117,-0.755145729,-0.0972704366,-0.0983476043,3.14160156,670,2874835842369,2874830752,157,3,1,1813601,-0.19140625,-0.40625,0.00390625,671,2874832841501,2874830352,158,0,1,4814469,0.0234375,0.0078125,1.53320312
1,651,2874847624540,2874847657182,1,0,0,1,0,7,7,0,0,0,4,0,0,672,2874843872817,2874840553,159,0,1,3784365,0.923461914,-0.0275268555,-0.0632324219,0.377441406,-0.771231771,-0.0987334102,-0.0966260657,3.14160156,671,2874845843080,2874840952,158,3,1,1814102,-0.30078125,-1.2109375,-0.0234375,672,2874842851203,2874840549,159,0,1,4805979,0.029296875,-0.00390625,1.64453125
1,652,2874857624540,2874857656503,1,0,0,1,0,7,7,0,0,0,4,0,0,673,2874853871823,2874850552,160,0,1,3784680,0.920288086,-0.0279541016,-0.0629272461,0.385070801,-0.787853003,-0.100081533,-0.0949198008,3.14160156,672,2874855841048,2874850752,159,3,1,1815455,-0.19140625,-0.4921875,0.046875,673,2874852836510,2874850652,160,0,1,4819993,0.029296875,-0.00390625,1.67773438
1,653,2874867624540,2874867657029,1,0,0,1,0,7,7,0,0,0,4,0,0,674,2874863864007,2874860553,161,0,1,3793022,0.917175293,-0.0283813477,-0.0626220703,0.39251709,-0.804017484,-0.101395458,-0.0932020396,3.14160156,673,2874865845838,2874860553,160,3,1,1811191,-0.35546875,-0.0546875,0.12109375,674,2874862841281,2874860152,161,0,1,4815748,0.001953125,-0.005859375,1.59765625
1,654,2874877624540,2874877653495,1,0,0,1,0,7,7,0,0,0,4,0,0,675,2874873870632,2874870253,162,0,1,3782863,0.91418457,-0.0289306641,-0.0623779297,0.399475098,-0.819189608,-0.102914363,-0.0915395319,3.14160156,674,2874875842323,2874870351,161,3,1,1811172,-0.625,-0.75,0.015625,675,2874872842567,2874870652,162,0,1,4810928,0.005859375,0.0078125,1.53710938
1,655,2874887624540,2874887656431,1,0,0,1,0,7,7,0,0,0,4,0,0,676,2874883870213,2874880453,163,0,1,3786218,0.911071777,-0.0294189453,-0.0620727539,0.406555176,-0.834711909,-0.10426636,-0.0897818208,3.14160156,675,2874885841014,2874880252,162,3,1,1815417,-0.46484375,-0.6640625,-0.0234375,676,2874882841870,2874880552,163,0,1,4814561,0.01171875,0.005859375,1.50585938
1,656,2874897624540,2874897657087,1,0,0,1,0,7,7,0,0,0,4,0,0,677,2874893870442,2874890453,164,0,1,3786645,0.907836914,-0.0299682617,-0.0617675781,0.413635254,-0.850409389,-0.105707839,-0.0879660472,3.14160156,676,2874895841039,2874890751,163,3,1,1816048,-0.17578125,-0.46875,0.046875,677,2874892840895,2874890651,164,0,1,4816192,-0.0234375,0.015625,1.55273438
1,657,2874907624540,2874907655296,1,0,0,1,0,7,7,0,0,0,4,0,0,678,2874903886800,2874900553,165,0,1,3768496,0.904663086,-0.0306396484,-0.0614624023,0.420532227,-0.865659118,-0.107336953,-0.0860398933,3.14160156,677,2874905842474,2874900750,164,3,1,1812822,0.0703125,-0.25390625,-0.03515625,678,2874902842774,2874900552,165,0,1,4812522,-0.021484375,0.013671875,1.51367188
1,658,2874917624540,2874917653876,1,0,0,1,0,7,7,0,0,0,4,0,0,679,2874913870586,2874910453,166,0,1,3783290,0.901489258,-0.03125,-0.0611572266,0.427307129,-0.880687118,-0.108823583,-0.0841565207,3.14160156,678,2874915840831,2874910752,165,3,1,1813045,0.0234375,-0.2109375,0.04296875,679,2874912843078,2874910550,166,0,1,4810798,-0.0234375,0.005859375,1.52539062
1,659,2874927624540,2874927653809,1,0,0,1,0,7,7,0,0,0,4,0,0,680,2874923869370,2874920452,167,0,1,3784439,0.898193359,-0.0318603516,-0.0609130859,0.434143066,-0.895963073,-0.110347308,-0.0823600739,3.14160156,679,2874925840986,2874920052,166,3,1,1812823,0.44140625,0.02734375,-0.04296875,680,2874922839192,2874920549,167,0,1,4814617,-0.001953125,0.00390625,1.51953125
1,660,2874937624540,2874937654112,1,0,0,1,0,7,7,0,0,0,4,0,0,681,2874933871120,2874930453,168,0,1,3782992,0.894897461,-0.0323486328,-0.0606079102,0.440979004,-0.911175787,-0.111582451,-0.080529049,3.14160156,680,2874935841995,2874930752,167,3,1,1812117,0.62890625,0.18359375,-0.0078125,681,2874932841238,2874930549,168,0,1,4812874,0.001953125,0.0078125,1.52148438
1,661,2874947624540,2874947654398,1,0,0,1,0,7,7,0,0,0,4,0,0,682,2874943872146,2874940053,169,0,1,3782252,0.891662598,-0.0328979492,-0.0603027344,0.447509766,-0.925820827,-0.112879425,-0.0786691234,3.14160156,681,2874945841316,2874940352,168,3,1,1813082,0.5859375,0.01171875,-0.16015625,682,2874942847900,2874940551,169,0,1,4806498,-0.009765625,0.01171875,1.50976562
1,662,2874957624540,2874957654145,1,0,0,1,0,7,7,0,0,0,4,0,0,683,2874953867704,2874950549,170,0,1,3786441,0.888122559,-0.0334472656,-0.0599975586,0.454406738,-0.941485167,-0.114185102,-0.0767529979,3.14160156,682,2874955841008,2874950552,169,3,1,1813137,0.80078125,0.11328125,-0.046875,683,2874952840121,2874950650,170,0,1,4814024,0.013671875,-0.001953125,1.46875
1,663,2874967624540,2874967656636,1,0,0,1,0,7,7,0,0,0,4,0,0,684,2874963863095,2874960553,171,0,1,3793541,0.88482666,-0.0338745117,-0.0596313477,0.460876465,-0.956060827,-0.115165919,-0.0748639479,3.14160156,683,2874965844982,2874960353,170,3,1,1811654,0.734375,0.11328125,0.0703125,684,2874962837255,2874960349,171,0,1,4819381,0.001953125,0.013671875,1.45898438
1,664,2874977624540,2874977656032,1,0,0,1,0,7,7,0,0,0,4,0,0,685,2874973870258,2874970452,172,0,1,3785774,0.881530762,-0.0344238281,-0.0593261719,0.467163086,-0.970342636,-0.116383888,-0.0729844794,3.14160156,684,2874975842449,2874970751,171,3,1,1813583,0.80859375,0.1875,-0.0078125,685,2874972842193,2874970552,172,0,1,4813839,-0.01953125,0.0078125,1.42773438
1,665,2874987624540,2874987655946,1,0,0,1,0,7,7,0,0,0,4,0,0,686,2874983870024,2874980453,173,0,1,3785922,0.878295898,-0.0349121094,-0.0590820312,0.473205566,-0.984145701,-0.117512487,-0.071288161,3.14160156,685,2874985841251,2874980752,172,3,1,1814695,0.84375,0.47265625,-0.01171875,686,2874982841310,2874980552,173,0,1,4814636,0,0.00390625,1.29492188
1,666,2874997624540,2874997655842,1,0,0,1,0,7,7,0,0,0,4,0,0,687,2874993867362,2874990250,174,0,1,3788480,0.875366211,-0.0353393555,-0.0587768555,0.47857666,-0.996504188,-0.118404686,-0.0696199313,3.14160156,686,2874995840906,2874990752,173,3,1,1814936,0.8828125,0.55078125,0.0234375,687,2874992843171,2874990652,174,0,1,4812671,-0.0078125,0.009765625,1.15820312
1,667,2875007624540,2875007653124,1,0,0,1,0,7,7,0,0,0,4,0,0,688,2875003867054,2875000450,175,0,1,3786070,0.87286377,-0.0357666016,-0.05859375,0.483093262,-1.00692284,-0.119334266,-0.0682720691,3.14160156,687,2875005840394,2875000349,174,3,1,1812730,0.7109375,1.51953125,-0.0546875,688,2875002840917,2875000151,175,0,1,4812207,-0.01171875,0,0.947265625
1,668,2875017624540,2875017656542,1,0,0,1,0,7,7,0,0,0,4,0,0,689,2875013867802,2875010549,176,0,1,3788740,0.870666504,-0.0360107422,-0.0583496094,0.487121582,-1.01612091,-0.119840048,-0.0670470297,3.14160156,688,2875015844053,2875010953,175,3,1,1812489,1.0234375,1.81640625,-0.140625,689,2875012837587,2875010548,176,0,1,4818955,0.041015625,-0.0078125,0.8359375
1,669,2875027624540,2875027656067,1,0,0,1,0,7,7,0,0,0,4,0,0,690,2875023868514,2875020450,177,0,1,3787553,0.868896484,-0.0361328125,-0.0581665039,0.49017334,-1.02332902,-0.120103225,-0.0661914274,3.14160156,689,2875025841335,2875020052,176,3,1,1814732,0.8671875,1.8046875,0.09375,690,2875022841635,2875020552,177,0,1,4814432,-0.001953125,-0.001953125,0.603515625
1,670,2875037624540,2875037656111,1,0,0,1,0,7,7,0,0,0,4,0,0,691,2875033870115,2875030253,178,0,1,3785996,0.867858887,-0.0363769531,-0.0581054688,0.49206543,-1.0276171,-0.120615751,-0.0655771792,3.14160156,690,2875035841231,2875030552,177,3,1,1814880,0.7265625,2.42578125,-0.0625,691,2875032841754,2875030552,178,0,1,4814357,-0.021484375,0.005859375,0.287109375
1,671,2875047624540,2875047656563,1,0,0,1,0,7,7,0,0,0,4,0,0,692,2875043870437,2875040453,179,0,1,3786126,0.867370605,-0.0364990234,-0.0580444336,0.492919922,-1.02960718,-0.120832697,-0.0652310029,3.14160156,691,2875045841590,2875040752,178,3,1,1814973,0.94921875,1.33203125,0.01953125,692,2875042843336,2875040552,179,0,1,4813227,-0.001953125,0.001953125,0.08203125
1,672,2875057624540,2875057656070,1,0,0,1,0,7,7,0,0,0,4,0,0,693,2875053870203,2875050452,180,0,1,3785867,0.867248535,-0.0366210938,-0.0579833984,0.493164062,-1.0301373,-0.121004917,-0.0649676099,3.14160156,692,2875055841431,2875050552,179,3,1,1814639,1.25390625,0.81640625,-0.05859375,693,2875052841415,2875050651,180,0,1,4814655,-0.025390625,0,0.044921875
1,673,2875067624540,2875067656466,1,0,0,1,0,7,7,0,0,0,4,0,0,694,2875063871063,2875060053,181,0,1,3785403,0.867126465,-0.0368041992,-0.0580444336,0.493286133,-1.03052485,-0.12139073,-0.0648811385,3.14160156,693,2875065842272,2875060252,180,3,1,1814194,1.015625,0.5859375,0.0234375,694,2875062842553,2875060552,181,0,1,4813913,-0.033203125,0.005859375,0.013671875
1,674,2875077624540,2875077656399,1,0,0,1,0,7,7,0,0,0,4,0,0,695,2875073871126,2875070253,182,0,1,3785273,0.867126465,-0.0369262695,-0.0579833984,0.493347168,-1.03058696,-0.121550471,-0.0646412671,3.14160156,694,2875075841890,2875070552,181,3,1,1814509,0.36328125,0.125,-0.15234375,695,2875072840892,2875070551,182,0,1,4815507,0.009765625,0.005859375,0.009765625
1,675,2875087624540,2875087656851,1,0,0,1,0,7,7,0,0,0,4,0,0,696,2875083870429,2875080553,183,0,1,3786422,0.86706543,-0.0369262695,-0.0579223633,0.493408203,-1.03080797,-0.121492378,-0.0645291433,3.14160156,695,2875085841433,2875080952,182,3,1,1815418,0.55859375,0.2109375,-0.04296875,696,2875082841381,2875080652,183,0,1,4815470,0.021484375,0.00390625,0.009765625
1,676,2875097624540,2875097656339,1,0,0,1,0,7,7,0,0,0,4,0,0,697,2875093871844,2875090253,184,0,1,3784495,0.86706543,-0.0368652344,-0.057800293,0.493408203,-1.03084064,-0.121264398,-0.0643768683,3.14160156,696,2875095842126,2875090352,183,3,1,1814213,0.82421875,0.3984375,0.02734375,697,2875092844224,2875090552,184,0,1,4812115,0.01171875,0.00390625,-0.001953125
1,677,2875107624540,2875107656735,1,0,0,1,0,7,7,0,0,0,4,0,0,698,2875103870758,2875100253,185,0,1,3785977,0.867126465,-0.0369262695,-0.0577392578,0.493408203,-1.03069997,-0.121314891,-0.0642032996,3.14160156,697,2875105842022,2875100052,184,3,1,1814713,0.6015625,0.234375,-0.00390625,698,2875102841228,2875100352,185,0,1,4815507,-0.001953125,0.009765625,-0.005859375
1,678,2875117624540,2875117656242,1,0,0,1,0,7,7,0,0,0,4,0,0,699,2875113870172,2875110253,186,0,1,3786070,0.867126465,-0.0369873047,-0.0576171875,0.493347168,-1.0306704,-0.121293083,-0.0639422387,3.14160156,698,2875115841899,2875110553,185,3,1,1814343,0.39453125,0.2265625,0.03515625,699,2875112841754,2875110552,186,0,1,4814488,0.00390625,0.015625,-0.00390625
1,679,2875127624540,2875127656119,1,0,0,1,0,7,7,0,0,0,4,0,0,700,2875123869864,2875120253,187,0,1,3786255,0.8671875,-0.0370483398,-0.0574951172,0.493286133,-1.03048921,-0.121275865,-0.0636745989,3.14160156,699,2875125840942,2875120552,186,3,1,1815177,0.2890625,0.37890625,0.03515625,700,2875122840594,2875120551,187,0,1,4815525,0.015625,0.033203125,-0.05078125
1,680,2875137624540,2875137654773,1,0,0,1,0,7,7,0,0,0,4,0,0,701,2875133870464,2875130052,188,0,1,3784309,0.867553711,-0.0369873047,-0.0572509766,0.492675781,-1.02909148,-0.12088348,-0.0633927211,3.14160156,700,2875135838929,2875130550,187,3,1,1815844,0.1484375,0.55078125,0,701,2875132843140,2875130552,188,0,1,4811633,0.046875,0.052734375,-0.228515625
1,681,2875147624540,2875147656263,1,0,0,1,0,7,7,0,0,0,4,0,0,702,2875143871120,2875140253,189,0,1,3785143,0.868225098,-0.0368041992,-0.0568847656,0.491455078,-1.0264194,-0.120109856,-0.0631070063,3.14160156,701,2875145839158,2875140250,188,3,1,1817105,0.37109375,0.46484375,-0.04296875,702,2875142844074,2875140153,189,0,1,4812189,0.056640625,0.052734375,-0.322265625
1,682,2875157624540,2875157656066,1,0,0,1,0,7,7,0,0,0,4,0,0,703,2875153870274,2875150453,190,0,1,3785792,0.869018555,-0.0368041992,-0.0565185547,0.490112305,-1.02331901,-0.119653247,-0.0626495853,3.14160156,702,2875155838183,2875150750,189,3,1,1817883,0.609375,0.2109375,0.109375,703,2875152841078,2875150551,190,0,1,4814988,0.01953125,0.08203125,-0.287109375
1,683,2875167624540,2875167679468,1,0,0,1,0,7,7,0,0,0,4,0,0,704,2875163874285,2875160252,191,0,1,3805183,0.869750977,-0.0369873047,-0.0561523438,0.488952637,-1.020522,-0.119535625,-0.0619809367,3.14160156,703,2875165858841,2875159853,190,3,1,1820627,0.33984375,0.23046875,0.07421875,704,2875162886373,2875160565,191,0,1,4793095,-0.03515625,0.107421875,-0.259765625
1,684,2875177624540,2875177688410,1,0,0,1,0,7,7,0,0,0,4,0,0,705,2875173885971,2875170058,192,0,1,3802439,0.870361328,-0.0372924805,-0.0557861328,0.487792969,-1.0180161,-0.119625136,-0.0612047352,3.14160156,704,2875175857421,2875170553,191,3,1,1830989,0.41015625,0.203125,0,705,2875172937822,2875170373,192,0,1,4750588,-0.009765625,0.1171875,-0.255859375
1,685,2875187624540,2875187661074,1,0,0,1,0,7,7,0,0,0,4,0,0,706,2875183989141,2875180254,193,0,1,3671933,0.87097168,-0.0375366211,-0.0553588867,0.486755371,-1.01563704,-0.119563803,-0.0603575073,3.14160156,705,2875185914413,2875180583,192,3,1,1746661,0.34375,0.21875,-0.0390625,706,2875182878212,2875180550,193,0,1,4782862,-0.013671875,0.076171875,-0.22265625
1,686,2875197624540,2875197653388,1,0,0,1,0,7,7,0,0,0,4,0,0,707,2875193879275,2875190052,194,0,1,3774113,0.871459961,-0.0377197266,-0.0551147461,0.485839844,-1.01363087,-0.119581133,-0.0598790459,3.14160156,706,2875195849909,2875190350,193,3,1,1803479,0.37109375,0.1796875,0,707,2875192898017,2875190571,194,0,1,4755371,-0.01171875,0.052734375,-0.1796875
1,687,2875207624540,2875207654841,1,0,0,1,0,7,7,0,0,0,4,0,0,708,2875203864971,2875200048,195,0,1,3789870,0.871826172,-0.0378417969,-0.0549926758,0.485229492,-1.01218271,-0.11963626,-0.0596273057,3.14160156,707,2875205834103,2875200047,194,3,1,1820738,0.328125,0.1484375,-0.11328125,708,2875202838222,2875200546,195,0,1,4816619,-0.005859375,0.025390625,-0.115234375
1,688,2875217624540,2875217657091,1,0,0,1,0,7,7,0,0,0,4,0,0,709,2875213873412,2875210251,196,0,1,3783679,0.872070312,-0.037902832,-0.0549316406,0.484863281,-1.01125145,-0.119661905,-0.05950718,3.14160156,708,2875215843249,2875210552,195,3,1,1813842,0.40234375,0.16796875,-0.078125,709,2875212833687,2875210547,196,0,1,4823404,-0.0078125,0.00390625,-0.048828125
1,689,2875227624540,2875227656950,1,0,0,1,0,7,7,0,0,0,4,0,0,710,2875223872993,2875220453,197,0,1,3783957,0.872131348,-0.037902832,-0.0549316406,0.484741211,-1.01098752,-0.119653061,-0.0595246516,3.14160156,709,2875225842719,2875220753,196,3,1,1814231,0.3828125,0.21484375,0,710,2875222847635,2875220552,197,0,1,4809315,0.001953125,-0.009765625,-0.00390625
1,690,2875237624540,2875237656401,1,0,0,1,0,7,7,0,0,0,4,0,0,711,2875233870961,2875230053,198,0,1,3785440,0.872131348,-0.037902832,-0.0549316406,0.484741211,-1.01098752,-0.119653061,-0.0595246516,3.14160156,710,2875235841576,2875230252,197,3,1,1814825,0.3828125,0.21484375,0,711,2875232844991,2875230552,198,0,1,4811410,0.001953125,-0.005859375,-0.001953125
1,691,2875247624540,2875247654313,1,0,0,1,0,7,7,0,0,0,4,0,0,712,2875243867019,2875240050,199,0,1,3787294,0.872131348,-0.037902832,-0.0549316406,0.484680176,-1.01093054,-0.119646311,-0.05953639,3.14160156,711,2875245828181,2875240248,198,3,1,1826132,0.375,0.21484375,0,712,2875242842440,2875239950,199,0,1,4811873,-0.001953125,0.001953125,-0.00390625
1,692,2875257624540,2875257650075,1,0,0,1,0,7,7,0,0,0,4,0,0,713,2875253837311,2875250048,200,0,1,3812764,0.872131348,-0.0379638672,-0.0549316406,0.484680176,-1.01092696,-0.119753532,-0.0594769046,3.14160156,712,2875255818604,2875250347,199,3,1,1831471,0.375,0.21484375,-0.0390625,713,2875252823334,2875250547,200,0,1,4826741,0,0.009765625,-0.00390625
1,693,2875267624540,2875267651676,1,0,0,1,0,7,7,0,0,0,4,0,0,714,2875263843046,2875260047,201,0,1,3808630,0.872131348,-0.0379638672,-0.0548706055,0.484680176,-1.01094091,-0.119693942,-0.0593698584,3.14160156,713,2875265820057,2875260350,200,3,1,1831619,0.375,0.21484375,0,714,2875262818763,2875260547,201,0,1,4832913,0.005859375,0.009765625,-0.001953125
1,694,2875277624540,2875277651591,1,0,0,1,0,7,7,0,0,0,4,0,0,715,2875273845574,2875270050,202,0,1,3806017,0.872131348,-0.0380249023,-0.0548095703,0.484680176,-1.01095128,-0.119741581,-0.0592033267,3.14160156,714,2875275818970,2875270550,201,3,1,1832621,0.34765625,0.2109375,0,715,2875272820605,2875270648,202,0,1,4830986,0.00390625,0.005859375,-0.00390625
1,695,2875287624540,2875287651060,1,0,0,1,0,7,7,0,0,0,4,0,0,716,2875283844321,2875280250,203,0,1,3806739,0.872192383,-0.0380249023,-0.0547485352,0.484680176,-1.01081502,-0.119686663,-0.0590903349,3.14160156,715,2875285819366,2875280250,202,3,1,1831694,0.34765625,0.2109375,0,716,2875282817590,2875280147,203,0,1,4833470,0.00390625,0.001953125,-0.001953125
1,696,2875297624540,2875297651438,1,0,0,1,0,7,7,0,0,0,4,0,0,717,2875293843975,2875290250,204,0,1,3807463,0.872192383,-0.0380249023,-0.0546875,0.484680176,-1.01082897,-0.119627073,-0.0589832999,3.14160156,716,2875295822581,2875290550,203,3,1,1828857,0.34375,0.2109375,-0.0390625,717,2875292815391,2875290547,204,0,1,4836047,0,0.001953125,0
1,697,2875307624540,2875307653725,1,0,0,1,0,7,7,0,0,0,4,0,0,718,2875303845614,2875300250,205,0,1,3808111,0.872192383,-0.0380249023,-0.0546875,0.484680176,-1.01082897,-0.119627073,-0.0589832999,3.14160156,717,2875305819381,2875299850,204,3,1,1834344,0.33984375,0.2109375,0,718,2875302822573,2875300553,205,0,1,4831152,0.001953125,0,0
1,698,2875317624540,2875317653788,1,0,0,1,0,7,7,0,0,0,4,0,0,719,2875313845250,2875310250,206,0,1,3808538,0.872192383,-0.0380249023,-0.0546875,0.484680176,-1.01082897,-0.119627073,-0.0589832999,3.14160156,718,2875315819073,2875310350,205,3,1,1834715,0.375,0.19921875,0,719,2875312818742,2875310349,206,0,1,4835046,0.005859375,0.001953125,0.001953125
1,699,2875327624540,2875327653684,1,0,0,1,0,7,7,0,0,0,4,0,0,720,2875323844812,2875320250,207,0,1,3808872,0.872192383,-0.0380249023,-0.0546264648,0.484680176,-1.0108428,-0.119567484,-0.0588762686,3.14160156,719,2875325819246,2875320350,206,3,1,1834438,0.33984375,0.2109375,0,720,2875322818490,2875320549,207,0,1,4835194,0.005859375,0.001953125,0
1,700,2875337624540,2875337652820,1,0,0,1,0,7,7,0,0,0,4,0,0,721,2875333843707,2875330050,208,0,1,3809113,0.872192383,-0.0380249023,-0.0545654297,0.484680176,-1.01085675,-0.119507894,-0.0587692298,3.14160156,720,2875335817789,2875330049,207,3,1,1835031,0.33984375,0.2109375,0,721,2875332819313,2875330549,208,0,1,4833507,0.001953125,0.00390625,0
1,701,2875347624540,2875347656200,1,0,0,1,0,7,7,0,0,0,4,0,0,722,2875343843232,2875339848,209,0,1,3812968,0.872131348,-0.0380249023,-0.0545654297,0.484680176,-1.01100671,-0.119503215,-0.0587751307,3.14160156,721,2875345842081,2875340052,208,3,1,1814119,0.33984375,0.2109375,0,722,2875342833872,2875340548,209,0,1,4822328,0.00390625,0.001953125,0.001953125
1,702,2875357624540,2875357656875,1,0,0,1,0,7,7,0,0,0,4,0,0,723,2875353873919,2875350053,210,0,1,3782956,0.872192383,-0.0380249023,-0.0545043945,0.484680176,-1.01087046,-0.119448304,-0.0586621948,3.14160156,722,2875355843515,2875350353,209,3,1,1813360,0.33984375,0.203125,0,723,2875352838587,2875350552,210,0,1,4818288,0,0.001953125,-0.00390625
1,703,2875367624540,2875367656715,1,0,0,1,0,7,7,0,0,0,4,0,0,724,2875363868495,2875360051,211,0,1,3788220,0.872192383,-0.0380249023,-0.0545043945,0.484680176,-1.01087046,-0.119448304,-0.0586621948,3.14160156,723,2875365844783,2875360353,210,3,1,1811932,0.33984375,0.203125,-0.0078125,724,2875362842376,2875360552,211,0,1,4814339,-0.001953125,0.001953125,-0.001953125
1,704,2875377624540,2875377656073,1,0,0,1,0,7,7,0,0,0,4,0,0,725,2875373868631,2875370050,212,0,1,3787442,0.872192383,-0.0380859375,-0.0545043945,0.484680176,-1.01086688,-0.119555533,-0.058602713,3.14160156,724,2875375841675,2875370251,211,3,1,1814398,0.33203125,0.203125,-0.0078125,725,2875372841975,2875370652,212,0,1,4814098,-0.00390625,0.005859375,-0.00390625
1,705,2875387624540,2875387656099,1,0,0,1,0,7,7,0,0,0,4,0,0,726,2875383869343,2875380052,213,0,1,3786756,0.872192383,-0.0380859375,-0.0544433594,0.484619141,-1.01082385,-0.119489253,-0.0585073195,3.14160156,725,2875385840589,2875380052,212,3,1,1815510,0.3671875,0.19140625,-0.0078125,726,2875382841612,2875379952,213,0,1,4814487,-0.00390625,0.00390625,0.001953125
1,706,2875397624540,2875397656513,1,0,0,1,0,7,7,0,0,0,4,0,0,727,2875393868065,2875390050,214,0,1,3788448,0.872192383,-0.0380859375,-0.0544433594,0.484619141,-1.01082385,-0.119489253,-0.0585073195,3.14160156,726,2875395842015,2875390351,213,3,1,1814498,0.33203125,0.203125,-0.0078125,727,2875392841496,2875390549,214,0,1,4815017,0.001953125,0.00390625,-0.001953125
1,707,2875407624540,2875407657592,1,0,0,1,0,7,7,0,0,0,4,0,0,728,2875403873630,2875400054,215,0,1,3783962,0.872192383,-0.0380859375,-0.0543823242,0.484619141,-1.01083767,-0.11942967,-0.0584002659,3.14160156,727,2875405835271,2875399852,214,3,1,1822321,0.33203125,0.203125,-0.0078125,728,2875402846653,2875400552,215,0,1,4810939,0,0.001953125,-0.001953125
1,708,2875417624540,2875417658004,1,0,0,1,0,7,7,0,0,0,4,0,0,729,2875412871700,2875409953,216,0,1,4786304,0.872192383,-0.0380859375,-0.0543823242,0.484619141,-1.01083767,-0.11942967,-0.0584002659,3.14160156,728,2875414839903,2875410150,215,3,1,2818101,0.33203125,0.203125,-0.0078125,729,2875411845298,2875409552,216,0,1,5812706,0,0.001953125,0
1,709,2875427624540,2875427656785,1,0,0,1,0,7,7,0,0,0,4,0,0,730,2875423872025,2875420053,217,0,1,3784760,0.872192383,-0.0381469727,-0.0543823242,0.484619141,-1.0108341,-0.119536906,-0.0583407842,3.14160156,729,2875425843046,2875420053,216,3,1,1813739,0.33203125,0.203125,-0.0078125,730,2875422845308,2875420352,217,0,1,4811477,0,0.00390625,0.001953125
1,710,2875437624540,2875437656195,1,0,0,1,0,7,7,0,0,0,4,0,0,731,2875433871250,2875430053,218,0,1,3784945,0.872192383,-0.0381469727,-0.0543212891,0.484619141,-1.01084793,-0.119477324,-0.0582337305,3.14160156,730,2875435841585,2875430252,217,3,1,1814610,0.32421875,0.203125,-0.0078125,731,2875432843440,2875430552,218,0,1,4812755,0,0.001953125,0
1,711,2875447624540,2875447655921,1,0,0,1,0,7,7,0,0,0,4,0,0,732,2875443871458,2875440053,219,0,1,3784463,0.872192383,-0.0381469727,-0.0543212891,0.484619141,-1.01084793,-0.119477324,-0.0582337305,3.14160156,731,2875445841144,2875439652,218,3,1,1814777,0.32421875,0.1953125,-0.0078125,732,2875442849449,2875440557,219,0,1,4806472,0.001953125,0,0
1,712,2875457624540,2875457656314,1,0,0,1,0,7,7,0,0,0,4,0,0,733,2875453869645,2875450052,220,0,1,3786669,0.872192383,-0.0380859375,-0.0543212891,0.484619141,-1.0108515,-0.119370088,-0.0582932122,3.14160156,732,2875455842594,2875450352,219,3,1,1813720,0.32421875,0.1953125,-0.0078125,733,2875452840500,2875450351,220,0,1,4815814,0.001953125,0,-0.001953125
1,713,2875467624540,2875467655929,1,0,0,1,0,7,7,0,0,0,4,0,0,734,2875463870113,2875459853,221,0,1,3785816,0.872192383,-0.0380859375,-0.0543212891,0.484619141,-1.0108515,-0.119370088,-0.0582932122,3.14160156,733,2875465841597,2875460252,220,3,1,1814332,0.32421875,0.1953125,-0.0078125,734,2875462843785,2875460551,221,0,1,4812144,0.001953125,0,-0.001953125
1,714,2875477624540,2875477656674,1,0,0,1,0,7,7,0,0,0,4,0,0,735,2875472869480,2875469952,222,0,1,4787194,0.872192383,-0.0380859375,-0.0542602539,0.484619141,-1.01086533,-0.119310506,-0.0581861585,3.14160156,734,2875474840242,2875470352,221,3,1,2816432,0.32421875,0.1953125,-0.0078125,735,2875471841206,2875469652,222,0,1,5815468,-0.001953125,0.00390625,0.001953125
1,715,2875487624540,2875487656103,1,0,0,1,0,7,7,0,0,0,4,0,0,736,2875482870986,2875479953,223,0,1,4785117,0.872192383,-0.0380859375,-0.0542602539,0.484619141,-1.01086533,-0.119310506,-0.0581861585,3.14160156,735,2875484841339,2875479752,222,3,1,2814764,0.31640625,0.1953125,-0.0078125,736,2875481843249,2875479552,223,0,1,5812854,0.00390625,0,-0.001953125
1,716,2875497624540,2875497656107,1,0,0,1,0,7,7,0,0,0,4,0,0,737,2875492870545,2875489953,224,0,1,4785562,0.872192383,-0.0380859375,-0.0542602539,0.484619141,-1.01086533,-0.119310506,-0.0581861585,3.14160156,736,2875494841362,2875490352,223,3,1,2814745,0.3125,0.1953125,-0.046875,737,2875491841455,2875489552,224,0,1,5814652,0,0.001953125,-0.001953125
1,717,2875507624540,2875507656204,1,0,0,1,0,7,7,0,0,0,4,0,0,738,2875502870493,2875499753,225,0,1,4785711,0.872192383,-0.0380859375,-0.0542602539,0.484619141,-1.01086533,-0.119310506,-0.0581861585,3.14160156,737,2875504841217,2875500152,224,3,1,2814987,0.31640625,0.1953125,-0.0078125,738,2875501840940,2875499552,225,0,1,5815264,0,0.001953125,0
1,718,2875517624540,2875517655948,1,0,0,1,0,7,7,0,0,0,4,0,0,739,2875512870182,2875509753,226,0,1,4785766,0.872192383,-0.0380859375,-0.0542602539,0.484619141,-1.01086533,-0.119310506,-0.0581861585,3.14160156,738,2875514841443,2875509952,225,3,1,2814505,0.3125,0.1953125,-0.046875,739,2875511841129,2875509552,226,0,1,5814819,-0.001953125,0.001953125,-0.001953125
1,719,2875527624540,2875527655804,1,0,0,1,0,7,7,0,0,0,4,0,0,740,2875523868023,2875519850,227,0,1,3787781,0.872192383,-0.0380859375,-0.0541992188,0.484619141,-1.01087904,-0.119250923,-0.0580791011,3.14160156,739,2875525837765,2875519849,226,3,1,1818039,0.3515625,0.17578125,-0.0078125,740,2875522840787,2875519952,227,0,1,4815017,0.00390625,-0.001953125,0.001953125
1,720,2875537624540,2875537656086,1,0,0,1,0,7,7,0,0,0,4,0,0,741,2875533871437,2875529853,228,0,1,3784649,0.872192383,-0.0380249023,-0.0541992188,0.484619141,-1.01088262,-0.119143695,-0.0581385866,3.14160156,740,2875535841383,2875530052,227,3,1,1814703,-0.00390625,0.0078125,0.0078125,741,2875532842477,2875530352,228,0,1,4813609,0.00390625,0.001953125,0
1,721,2875547624540,2875547656108,1,0,0,1,0,7,7,0,0,0,4,0,0,742,2875543872535,2875539852,229,0,1,3783573,0.872619629,-0.0274047852,-0.0601806641,0.483947754,-1.0084815,-0.106276445,-0.0790254921,3.14160156,741,2875545842128,2875539652,228,3,1,1813980,-0.00390625,0,0.0078125,742,2875542846485,2875540352,229,0,1,4809623,0.00390625,0.00390625,0
1,722,2875557624540,2875557656056,1,0,0,1,0,7,7,0,0,0,4,0,0,743,2875552869882,2875549753,230,0,1,4786174,0.872619629,-0.02734375,-0.0601806641,0.483947754,-1.00848544,-0.106169321,-0.0790847093,3.14160156,742,2875554840495,2875550152,229,3,1,2815561,-0.00390625,0,0.0078125,743,2875551837586,2875549349,230,0,1,5818470,0,0,0
1,723,2875567624540,2875567656635,1,0,0,1,0,7,7,0,0,0,4,0,0,744,2875563868909,2875559852,231,0,1,3787726,0.872619629,-0.0272216797,-0.0602416992,0.483886719,-1.0084219,-0.106007092,-0.0793226734,3.14160156,743,2875565839967,2875559852,230,3,1,1816668,-0.00390625,0.00390625,0.046875,744,2875562840506,2875559952,231,0,1,4816129,0,0,-0.001953125
1,724,2875577624540,2875577656361,1,0,0,1,0,7,7,0,0,0,4,0,0,745,2875572869982,2875569752,232,0,1,4786379,0.872619629,-0.0271606445,-0.0603027344,0.483886719,-1.00841153,-0.105959371,-0.0794886723,3.14160156,744,2875574834516,2875569952,231,3,1,2821845,-0.00390625,0,0.0078125,745,2875571837742,2875569349,232,0,1,5818619,0.001953125,0.001953125,-0.001953125
1,725,2875587624540,2875587656494,1,0,0,1,0,7,7,0,0,0,4,0,0,746,2875583870252,2875579653,233,0,1,3786242,0.872619629,-0.0270996094,-0.0603027344,0.483886719,-1.00841546,-0.105852246,-0.0795478895,3.14160156,745,2875585840550,2875579452,232,3,1,1815944,0.03125,-0.01171875,0.0078125,746,2875582842070,2875580351,233,0,1,4814424,0,0.001953125,0.001953125
1,726,2875597624540,2875597656517,1,0,0,1,0,7,7,0,0,0,4,0,0,747,2875593870738,2875589653,234,0,1,3785779,0.872619629,-0.0270385742,-0.0603637695,0.483886719,-1.00840509,-0.105804533,-0.0797138885,3.14160156,746,2875595840720,2875590052,233,3,1,1815797,-0.00390625,0,0.0078125,747,2875592841537,2875590152,234,0,1,4814980,0,0.00390625,0
1,727,2875607624540,2875607656428,1,0,0,1,0,7,7,0,0,0,4,0,0,748,2875602869623,2875599553,235,0,1,4786805,0.872619629,-0.0269165039,-0.0603637695,0.483886719,-1.00841296,-0.105590291,-0.0798323154,3.14160156,747,2875604841552,2875599952,234,3,1,2814876,-0.00390625,0,0.0078125,748,2875601838458,2875599149,235,0,1,5817970,0.00390625,0.001953125,0.001953125
1,728,2875617624540,2875617656710,1,0,0,1,0,7,7,0,0,0,4,0,0,749,2875612870294,2875609753,236,0,1,4786416,0.872619629,-0.0268554688,-0.0603637695,0.483886719,-1.00841689,-0.105483174,-0.0798915252,3.14160156,748,2875614837219,2875609952,235,3,1,2819491,0.03125,-0.01171875,0.0078125,749,2875611839815,2875609352,236,0,1,5816895,0.001953125,0,0
1,729,2875627624540,2875627656603,1,0,0,1,0,7,7,0,0,0,4,0,0,750,2875623870768,2875619653,237,0,1,3785835,0.872619629,-0.0267944336,-0.0604248047,0.483886719,-1.00840664,-0.105435461,-0.0800575167,3.14160156,749,2875625841640,2875619652,236,3,1,1814963,0.03125,-0.01171875,-0.03125,750,2875622844199,2875620352,237,0,1,4812404,0,0.001953125,0.001953125
1,730,2875637624540,2875637654363,1,0,0,1,0,7,7,0,0,0,4,0,0,751,2875633870735,2875629853,238,0,1,3783628,0.872619629,-0.0266723633,-0.0604248047,0.483886719,-1.00841451,-0.105221227,-0.0801759362,3.14160156,750,2875635842367,2875630052,237,3,1,1811996,0.00390625,0,0.0078125,751,2875632841348,2875630350,238,0,1,4813015,0.00390625,0.00390625,0.001953125
1,731,2875647624540,2875647653329,1,0,0,1,0,7,7,0,0,0,4,0,0,752,2875642867285,2875639750,239,0,1,4786044,0.872619629,-0.0266113281,-0.0604248047,0.483886719,-1.00841856,-0.105114117,-0.080235146,3.14160156,751,2875644844497,2875640153,238,3,1,2808832,0.0390625,-0.01171875,0.0078125,752,2875641841309,2875639352,239,0,1,5812020,0,0.00390625,0
1,732,2875657624540,2875657653444,1,0,0,1,0,7,7,0,0,0,4,0,0,753,2875652866603,2875649750,240,0,1,4786841,0.872619629,-0.026550293,-0.0604858398,0.483886719,-1.00840819,-0.105066396,-0.0804011226,3.14160156,752,2875654840997,2875649752,239,3,1,2812447,0.00390625,0,0.0078125,753,2875651841128,2875649351,240,0,1,5812316,0,0.001953125,0
1,733,2875667624540,2875667653967,1,0,0,1,0,7,7,0,0,0,4,0,0,754,2875663869523,2875659653,241,0,1,3784444,0.872619629,-0.0264892578,-0.0604858398,0.483886719,-1.00841212,-0.104959287,-0.0804603323,3.14160156,753,2875665840599,2875659652,240,3,1,1813368,0,0,-0.03125,754,2875662837504,2875659949,241,0,1,4816463,-0.001953125,0.001953125,-0.001953125
1,734,2875677624540,2875677653563,1,0,0,1,0,7,7,0,0,0,4,0,0,755,2875672867482,2875669550,242,0,1,4786081,0.872619629,-0.0264282227,-0.060546875,0.483886719,-1.00840175,-0.104911573,-0.0806263015,3.14160156,754,2875674840541,2875669952,241,3,1,2813022,0.00390625,0,0.0078125,755,2875671840431,2875669351,242,0,1,5813132,-0.00390625,0.001953125,-0.001953125
1,735,2875687624540,2875687655847,1,0,0,1,0,7,7,0,0,0,4,0,0,756,2875682866670,2875679751,243,0,1,4789177,0.872619629,-0.0264282227,-0.060546875,0.483886719,-1.00840175,-0.104911573,-0.0806263015,3.14160156,755,2875684840267,2875680152,242,3,1,2815580,0.0390625,-0.01171875,0.0078125,756,2875681839768,2875679351,243,0,1,5816079,-0.001953125,0.001953125,0
1,736,2875697624540,2875697655925,1,0,0,1,0,7,7,0,0,0,4,0,0,757,2875692869510,2875689453,244,0,1,4786415,0.872619629,-0.0263061523,-0.0606079102,0.483886719,-1.00839543,-0.10475675,-0.0808514804,3.14160156,756,2875694840457,2875689952,243,3,1,2815468,0.00390625,0,0.0078125,757,2875691839734,2875689351,244,0,1,5816191,0.001953125,0,0
1,737,2875707624540,2875707656059,1,0,0,1,0,7,7,0,0,0,4,0,0,758,2875703866480,2875699650,245,0,1,3789579,0.872619629,-0.0262451172,-0.0606079102,0.483886719,-1.00839937,-0.104649641,-0.0809106827,3.14160156,757,2875705840615,2875699652,244,3,1,1815444,0,0,-0.03125,758,2875702840634,2875700151,245,0,1,4815425,0.00390625,0.00390625,0
1,738,2875717624540,2875717656100,1,0,0,1,0,7,7,0,0,0,4,0,0,759,2875712869147,2875709552,246,0,1,4786953,0.872680664,-0.026184082,-0.0606079102,0.483886719,-1.00825381,-0.10454575,-0.0809599757,3.14160156,758,2875714840705,2875709952,245,3,1,2815395,0.00390625,0,0.0078125,759,2875711840632,2875709351,246,0,1,5815468,-0.00390625,0.00390625,-0.001953125
1,739,2875727624540,2875727656011,1,0,0,1,0,7,7,0,0,0,4,0,0,760,2875722869670,2875719553,247,0,1,4786341,0.872680664,-0.0261230469,-0.0606689453,0.483825684,-1.00818634,-0.104490586,-0.08113873,3.14160156,759,2875724840561,2875719252,246,3,1,2815450,0.00390625,0,0.0078125,760,2875721840728,2875719352,247,0,1,5815283,-0.001953125,-0.00390625,-0.001953125
1,740,2875737624540,2875737656886,1,0,0,1,0,7,7,0,0,0,4,0,0,761,2875733867789,2875729650,248,0,1,3789097,0.872680664,-0.0260620117,-0.0607299805,0.483825684,-1.00817597,-0.104442857,-0.0813046694,3.14160156,760,2875735841701,2875729852,247,3,1,1815185,0.00390625,0,0.0078125,761,2875732842425,2875730152,248,0,1,4814461,0.001953125,-0.00390625,0.001953125
1,741,2875747624540,2875747656297,1,0,0,1,0,7,7,0,0,0,4,0,0,762,2875742871123,2875739453,249,0,1,4785174,0.872680664,-0.0260009766,-0.0607299805,0.483825684,-1.0081799,-0.10433574,-0.0813638493,3.14160156,761,2875744847853,2875739756,248,3,1,2808444,0.0390625,-0.01171875,-0.03125,762,2875741842034,2875739352,249,0,1,5814263,0.001953125,0,0.00390625
1,742,2875757624540,2875757656189,1,0,0,1,0,7,7,0,0,0,4,0,0,763,2875752870293,2875749552,250,0,1,4785896,0.872619629,-0.0259399414,-0.0607910156,0.483886719,-1.00837624,-0.104292296,-0.0815269426,3.14160156,762,2875754842148,2875749952,249,3,1,2814041,0.03125,-0.01171875,0.0078125,763,2875751842649,2875749552,250,0,1,5813540,0.001953125,0.00390625,0.001953125
1,743,2875767624540,2875767655507,1,0,0,1,0,7,7,0,0,0,4,0,0,764,2875762869315,2875759453,251,0,1,4786192,0.872619629,-0.0258789062,-0.0607910156,0.483886719,-1.00838029,-0.104185194,-0.0815861374,3.14160156,763,2875764842319,2875759352,250,3,1,2813188,0.03125,-0.01171875,-0.03125,764,2875761840929,2875759352,251,0,1,5814578,0,0.001953125,0
1,744,2875777624540,2875777656179,1,0,0,1,0,7,7,0,0,0,4,0,0,765,2875773868713,2875769652,252,0,1,3787466,0.872680664,-0.0258178711,-0.0607910156,0.483825684,-1.00817764,-0.1040738,-0.0816481486,3.14160156,764,2875775840642,2875769852,251,3,1,1815537,-0.00390625,0,0.0078125,765,2875772840846,2875770152,252,0,1,4815333,0,0,-0.001953125
1,745,2875787624540,2875787655997,1,0,0,1,0,7,7,0,0,0,4,0,0,766,2875782870527,2875779553,253,0,1,4785470,0.872680664,-0.0257568359,-0.0608520508,0.483825684,-1.00816727,-0.104026072,-0.081814073,3.14160156,765,2875784839398,2875779950,252,3,1,2816599,-0.04296875,0.015625,0.0078125,766,2875781841604,2875779352,253,0,1,5814393,-0.001953125,-0.00390625,-0.001953125
1,746,2875797624540,2875797656668,1,0,0,1,0,7,7,0,0,0,4,0,0,767,2875792870420,2875789553,254,0,1,4786248,0.872680664,-0.0256958008,-0.0609130859,0.483825684,-1.00815701,-0.103978343,-0.0819799975,3.14160156,766,2875794839365,2875789550,253,3,1,2817303,-0.00390625,0,0.0078125,767,2875791841590,2875789352,254,0,1,5815078,-0.0078125,0.001953125,-0.00390625
1,747,2875807624540,2875807656524,1,0,0,1,0,7,7,0,0,0,4,0,0,768,2875803870856,2875799653,255,0,1,3785668,0.872680664,-0.0256347656,-0.0609130859,0.483825684,-1.00816095,-0.103871241,-0.0820391774,3.14160156,767,2875805842007,2875799652,254,3,1,1814517,0.03125,-0.01171875,0.0078125,768,2875802841581,2875799952,255,0,1,4814943,0.00390625,0.001953125,0
1,748,2875817624540,2875817656157,1,0,0,1,0,7,7,0,0,0,4,0,0,769,2875812870446,2875809452,0,0,1,4785711,0.872680664,-0.0255737305,-0.0609741211,0.483825684,-1.00815058,-0.103823513,-0.0822050944,3.14160156,768,2875814840169,2875809550,255,3,1,2815988,-0.00390625,0.00390625,0.046875,769,2875811841671,2875809352,0,0,1,5814486,0.00390625,0.001953125,0
1,749,2875827624540,2875827656105,1,0,0,1,0,7,7,0,0,0,4,0,0,770,2875822870598,2875819453,1,0,1,4785507,0.872680664,-0.0255126953,-0.0609741211,0.483825684,-1.00815463,-0.103716411,-0.0822642669,3.14160156,769,2875824839469,2875819750,0,3,1,2816636,-0.00390625,0.00390625,0.046875,770,2875821841564,2875819352,1,0,1,5814541,-0.001953125,0.00390625,0.001953125
1,750,2875837624540,2875837655942,1,0,0,1,0,7,7,0,0,0,4,0,0,771,2875832870546,2875829253,2,0,1,4785396,0.872680664,-0.0254516602,-0.0609741211,0.483825684,-1.00815856,-0.103609309,-0.0823234394,3.14160156,770,2875834841382,2875829752,1,3,1,2814560,-0.04296875,0.015625,-0.03125,771,2875831839381,2875829350,2,0,1,5816561,0.001953125,0.001953125,-0.001953125
1,751,2875847624540,2875847655798,1,0,0,1,0,7,7,0,0,0,4,0,0,772,2875843871483,2875839453,3,0,1,3784315,0.872680664,-0.025390625,-0.0610351562,0.483825684,-1.00814819,-0.103561588,-0.0824893489,3.14160156,771,2875845842022,2875839452,2,3,1,1813776,-0.0078125,0,-0.03125,772,2875842853423,2875839950,3,0,1,4802375,0,0.001953125,-0.001953125
1,752,2875857624540,2875857656265,1,0,0,1,0,7,7,0,0,0,4,0,0,773,2875852865994,2875849553,4,0,1,4790271,0.872680664,-0.025390625,-0.0610351562,0.483764648,-1.00809109,-0.103554092,-0.0825022459,3.14160156,772,2875854845616,2875849753,3,3,1,2810649,-0.04296875,0.015625,0.0078125,773,2875851843411,2875849553,4,0,1,5812854,0.001953125,0,0
1,753,2875867624540,2875867656047,1,0,0,1,0,7,7,0,0,0,4,0,0,774,2875862873431,2875859551,5,0,1,4782616,0.872680664,-0.0253295898,-0.0610961914,0.483764648,-1.00808072,-0.103506364,-0.0826681554,3.14160156,773,2875864845305,2875859252,4,3,1,2810742,-0.00390625,0,0.0078125,774,2875861842747,2875859350,5,0,1,5813300,-0.001953125,0,-0.001953125
1,754,2875877624540,2875877655958,1,0,0,1,0,7,7,0,0,0,4,0,0,775,2875872871266,2875869553,6,0,1,4784692,0.872680664,-0.0252685547,-0.0610961914,0.483764648,-1.00808477,-0.103399262,-0.0827273279,3.14160156,774,2875874844641,2875869752,5,3,1,2811317,0.03125,-0.01171875,-0.03125,775,2875871842937,2875869352,6,0,1,5813021,0,-0.001953125,-0.001953125
1,755,2875887624540,2875887656277,1,0,0,1,0,7,7,0,0,0,4,0,0,776,2875882870269,2875879253,7,0,1,4786008,0.872680664,-0.0252075195,-0.0611572266,0.483764648,-1.00807452,-0.103351533,-0.0828932375,3.14160156,775,2875884836007,2875879552,6,3,1,2820270,0.03125,-0.01171875,0.0078125,776,2875881841680,2875879352,7,0,1,5814597,0.001953125,-0.001953125,0
1,756,2875897624540,2875897656485,1,0,0,1,0,7,7,0,0,0,4,0,0,777,2875892871571,2875889553,8,0,1,4784914,0.872680664,-0.0251464844,-0.0611572266,0.483764648,-1.00807846,-0.103244431,-0.08295241,3.14160156,776,2875894841461,2875889552,7,3,1,2815024,-0.00390625,0,0.0078125,777,2875891845299,2875889552,8,0,1,5811186,0,0.001953125,0
1,757,2875907624540,2875907656192,1,0,0,1,0,7,7,0,0,0,4,0,0,778,2875902865291,2875899253,9,0,1,4790901,0.872680664,-0.0250854492,-0.0612182617,0.483764648,-1.00806808,-0.103196703,-0.0831183121,3.14160156,777,2875904843374,2875899352,8,3,1,2812818,-0.00390625,0,0.0078125,778,2875901843041,2875899350,9,0,1,5813151,0,0.00390625,-0.001953125
1,758,2875917624540,2875917656122,1,0,0,1,0,7,7,0,0,0,4,0,0,779,2875912872431,2875909452,10,0,1,4783691,0.872680664,-0.0250244141,-0.0612182617,0.483764648,-1.00807202,-0.103089608,-0.0831774771,3.14160156,778,2875914841283,2875909752,9,3,1,2814839,-0.0078125,0,-0.03125,779,2875911836131,2875909352,10,0,1,5819991,0,0.001953125,0.001953125
1,759,2875927624540,2875927655884,1,0,0,1,0,7,7,0,0,0,4,0,0,780,2875922865095,2875919453,11,0,1,4790789,0.872680664,-0.0250244141,-0.0612182617,0.483764648,-1.00807202,-0.103089608,-0.0831774771,3.14160156,779,2875924845532,2875919753,10,3,1,2810352,0.03125,-0.01171875,0.0078125,780,2875921841658,2875919352,11,0,1,5814226,0,0.001953125,-0.001953125
1,760,2875937624540,2875937656000,1,0,0,1,0,7,7,0,0,0,4,0,0,781,2875932870993,2875929453,12,0,1,4785007,0.872680664,-0.0249633789,-0.0612792969,0.483764648,-1.00806177,-0.10304188,-0.0833433717,3.14160156,780,2875934842644,2875929551,11,3,1,2813356,-0.0078125,0,-0.03125,781,2875931842052,2875929550,12,0,1,5813948,0,-0.001953125,0
1,761,2875947624540,2875947656745,1,0,0,1,0,7,7,0,0,0,4,0,0,782,2875942869199,2875939452,13,0,1,4787546,0.872680664,-0.0249023438,-0.0612792969,0.483764648,-1.00806582,-0.102934785,-0.0834025368,3.14160156,781,2875944840739,2875939352,12,3,1,2816006,0.03125,-0.01171875,0.0078125,782,2875941838923,2875938949,13,0,1,5817822,0,0,-0.001953125
1,762,2875957624540,2875957656619,1,0,0,1,0,7,7,0,0,0,4,0,0,783,2875952871705,2875949053,14,0,1,4784914,0.872741699,-0.0248413086,-0.061340332,0.483703613,-1.00784874,-0.102882572,-0.083570987,3.14160156,782,2875954841503,2875949352,13,3,1,2815116,-0.0078125,0,-0.03125,783,2875951839557,2875949350,14,0,1,5817062,0.001953125,0,0
1,763,2875967624540,2875967656641,1,0,0,1,0,7,7,0,0,0,4,0,0,784,2875962870727,2875959253,15,0,1,4785914,0.872741699,-0.0247802734,-0.061340332,0.483703613,-1.00785267,-0.102775477,-0.0836301297,3.14160156,783,2875964842007,2875959252,14,3,1,2814634,-0.00390625,0,0.0078125,784,2875961839190,2875959350,15,0,1,5817451,0,0.001953125,0.001953125
1,764,2875977624540,2875977656386,1,0,0,1,0,7,7,0,0,0,4,0,0,785,2875972871027,2875969053,16,0,1,4785359,0.872741699,-0.0247192383,-0.061340332,0.483703613,-1.00785673,-0.102668375,-0.0836892799,3.14160156,784,2875974841288,2875969552,15,3,1,2815098,-0.04296875,0.015625,0.0078125,785,2875971839490,2875969350,16,0,1,5816896,0.001953125,0.00390625,-0.001953125
1,765,2875987624540,2875987656538,1,0,0,1,0,7,7,0,0,0,4,0,0,786,2875982870975,2875979453,17,0,1,4785563,0.872741699,-0.0247192383,-0.0614013672,0.483703613,-1.00784242,-0.102727734,-0.083796002,3.14160156,785,2875984841922,2875979352,16,3,1,2814616,-0.0078125,0,-0.03125,786,2875981838215,2875979150,17,0,1,5818323,0,0.001953125,-0.001953125
1,766,2875997624540,2875997656227,1,0,0,1,0,7,7,0,0,0,4,0,0,787,2875992870849,2875989452,18,0,1,4785378,0.872741699,-0.0246582031,-0.0614013672,0.483703613,-1.00784647,-0.102620631,-0.0838551447,3.14160156,786,2875994842389,2875989752,17,3,1,2813838,-0.00390625,0.00390625,0.046875,787,2875991841704,2875989552,18,0,1,5814523,0.001953125,0.00390625,0
1,767,2876007624540,2876007655471,1,0,0,1,0,7,7,0,0,0,4,0,0,788,2876002870872,2875999453,19,0,1,4784599,0.872741699,-0.024597168,-0.0614013672,0.483703613,-1.00785053,-0.102513537,-0.0839142948,3.14160156,787,2876004841540,2875999052,18,3,1,2813931,-0.00390625,0.00390625,0.046875,788,2876001841226,2875999352,19,0,1,5814245,0,0.001953125,0
1,768,2876017624540,2876017654140,1,0,0,1,0,7,7,0,0,0,4,0,0,789,2876012872377,2876009451,20,0,1,4781763,0.872741699,-0.0245361328,-0.0614013672,0.483703613,-1.00785446,-0.102406435,-0.0839734375,3.14160156,788,2876014865123,2876009555,19,3,1,2789017,-0.00390625,0,0.0078125,789,2876011856634,2876009350,20,0,1,5797506,0.00390625,0.001953125,0.001953125
1,769,2876027624540,2876027653773,1,0,0,1,0,7,7,0,0,0,4,0,0,790,2876022868600,2876019050,21,0,1,4785173,0.872741699,-0.0245361328,-0.0614624023,0.483703613,-1.00784016,-0.102465793,-0.0840801522,3.14160156,789,2876024841882,2876019250,20,3,1,2811891,-0.00390625,0,0.0078125,790,2876021841883,2876019352,21,0,1,5811890,0,0,0.001953125
1,770,2876037624540,2876037654259,1,0,0,1,0,7,7,0,0,0,4,0,0,791,2876032868362,2876029250,22,0,1,4785897,0.872741699,-0.0244750977,-0.0614624023,0.483703613,-1.00784409,-0.102358699,-0.0841392949,3.14160156,790,2876034835565,2876029352,21,3,1,2818694,-0.04296875,0.015625,0.0078125,791,2876031840051,2876029150,22,0,1,5814208,0,-0.001953125,0
1,771,2876047624540,2876047658526,1,0,0,1,0,7,7,0,0,0,4,0,0,792,2876042868904,2876039051,23,0,1,4789622,0.872741699,-0.0244140625,-0.0614624023,0.483703613,-1.00784814,-0.102251597,-0.0841984376,3.14160156,791,2876044841834,2876039052,22,3,1,2816692,-0.00390625,0,0.0078125,792,2876041843948,2876039352,23,0,1,5814578,0.001953125,0.001953125,0
1,772,2876057624540,2876057655990,1,0,0,1,0,7,7,0,0,0,4,0,0,793,2876052870780,2876049253,24,0,1,4785210,0.872741699,-0.0243530273,-0.0615234375,0.483703613,-1.00783777,-0.102203861,-0.084364295,3.14160156,792,2876054841634,2876049552,23,3,1,2814356,-0.00390625,0,0.0078125,793,2876051843377,2876049352,24,0,1,5812613,-0.001953125,0.001953125,0
1,773,2876067624540,2876067655624,1,0,0,1,0,7,7,0,0,0,4,0,0,794,2876062870839,2876059253,25,0,1,4784785,0.872741699,-0.0243530273,-0.0615234375,0.483703613,-1.00783777,-0.102203861,-0.084364295,3.14160156,793,2876064842064,2876059552,24,3,1,2813560,-0.00390625,0,0.0078125,794,2876061841472,2876059352,25,0,1,5814152,-0.00390625,-0.001953125,0
1,774,2876077624540,2876077655924,1,0,0,1,0,7,7,0,0,0,4,0,0,795,2876072870250,2876069253,26,0,1,4785674,0.872741699,-0.0242919922,-0.0615844727,0.483703613,-1.00782752,-0.102156125,-0.0845301375,3.14160156,794,2876074841994,2876069352,25,3,1,2813930,-0.00390625,0,0.0078125,795,2876071842161,2876069551,26,0,1,5813763,-0.001953125,-0.001953125,0
1,775,2876087624540,2876087655613,1,0,0,1,0,7,7,0,0,0,4,0,0,796,2876082869772,2876079253,27,0,1,4785841,0.872741699,-0.0242919922,-0.0615844727,0.483703613,-1.00782752,-0.102156125,-0.0845301375,3.14160156,795,2876084840385,2876079252,26,3,1,2815228,-0.00390625,0,0.0078125,796,2876081842480,2876078952,27,0,1,5813133,0.001953125,0.001953125,-0.001953125
1,776,2876097624540,2876097655858,1,0,0,1,0,7,7,0,0,0,4,0,0,797,2876092870202,2876088853,28,0,1,4785656,0.872741699,-0.024230957,-0.0615844727,0.483703613,-1.00783157,-0.10204903,-0.0845892802,3.14160156,796,2876094840834,2876089252,27,3,1,2815024,-0.00390625,0,0.0078125,797,2876091840445,2876089352,28,0,1,5815413,0.00390625,0.00390625,0
1,777,2876107624540,2876107655472,1,0,0,1,0,7,7,0,0,0,4,0,0,798,2876102870169,2876099253,29,0,1,4785303,0.872741699,-0.0241699219,-0.0615844727,0.483703613,-1.00783563,-0.101941936,-0.0846484229,3.14160156,797,2876104840634,2876099052,28,3,1,2814838,-0.03515625,0.015625,0.046875,798,2876101840190,2876099352,29,0,1,5815282,0.00390625,0.00390625,0
1,778,2876117624540,2876117655884,1,0,0,1,0,7,7,0,0,0,4,0,0,799,2876112870006,2876109053,30,0,1,4785878,0.872741699,-0.0241088867,-0.0615844727,0.483703613,-1.00783956,-0.101834841,-0.0847075582,3.14160156,798,2876114840656,2876109552,29,3,1,2815228,-0.03515625,0.015625,0.0078125,799,2876111841454,2876109551,30,0,1,5814430,0,0,0.001953125
1,779,2876127624540,2876127655814,1,0,0,1,0,7,7,0,0,0,4,0,0,800,2876122869584,2876119253,31,0,1,4786230,0.872741699,-0.0241088867,-0.0616455078,0.483703613,-1.00782526,-0.1018942,-0.0848142579,3.14160156,799,2876124840901,2876119252,30,3,1,2814913,0.00390625,0,0.0078125,800,2876121840309,2876118951,31,0,1,5815505,-0.001953125,-0.001953125,-0.001953125
1,780,2876137624540,2876137656318,1,0,0,1,0,7,7,0,0,0,4,0,0,801,2876132867623,2876129250,32,0,1,4788695,0.872741699,-0.0240478516,-0.0616455078,0.483703613,-1.00782931,-0.101787105,-0.0848733932,3.14160156,800,2876134842388,2876129552,31,3,1,2813930,0.00390625,0,0.0078125,801,2876131839460,2876129550,32,0,1,5816858,-0.00390625,0,-0.001953125
1,781,2876147624540,2876147659417,1,0,0,1,0,7,7,0,0,0,4,0,0,802,2876142870741,2876139253,33,0,1,4788676,0.872741699,-0.0240478516,-0.061706543,0.483703613,-1.00781488,-0.101846464,-0.0849800929,3.14160156,801,2876144842540,2876138853,32,3,1,2816877,-0.03515625,0.015625,0.0078125,802,2876141841836,2876139352,33,0,1,5817581,0.00390625,-0.001953125,0.001953125
1,782,2876157624540,2876157656159,1,0,0,1,0,7,7,0,0,0,4,0,0,803,2876152869150,2876149251,34,0,1,4787009,0.872741699,-0.0239868164,-0.061706543,0.483703613,-1.00781894,-0.101739369,-0.0850392282,3.14160156,802,2876154839875,2876149350,33,3,1,2816284,0.00390625,0.00390625,0.046875,803,2876151843824,2876149352,34,0,1,5812335,-0.001953125,0,0
1,783,2876167624540,2876167656089,1,0,0,1,0,7,7,0,0,0,4,0,0,804,2876162871249,2876158653,35,0,1,4784840,0.872741699,-0.0239257812,-0.061706543,0.483703613,-1.00782287,-0.101632282,-0.0850983635,3.14160156,803,2876164838247,2876158850,34,3,1,2817842,-0.03515625,0.015625,0.0078125,804,2876161841585,2876159152,35,0,1,5814504,0.00390625,0.001953125,0
1,784,2876177624540,2876177655759,1,0,0,1,0,7,7,0,0,0,4,0,0,805,2876172869714,2876169252,36,0,1,4786045,0.872741699,-0.0238647461,-0.061706543,0.483703613,-1.00782692,-0.101525195,-0.0851574987,3.14160156,804,2876174839196,2876169250,35,3,1,2816563,0,0,-0.0390625,805,2876171840180,2876169551,36,0,1,5815579,0.00390625,0,0
1,785,2876187624540,2876187655726,1,0,0,1,0,7,7,0,0,0,4,0,0,806,2876182869607,2876179052,37,0,1,4786119,0.872741699,-0.0238647461,-0.061706543,0.483703613,-1.00782692,-0.101525195,-0.0851574987,3.14160156,805,2876184838681,2876179050,36,3,1,2817045,0.00390625,0.00390625,0.0390625,806,2876181839683,2876179351,37,0,1,5816043,0.00390625,0.001953125,0
1,786,2876197624540,2876197662569,1,0,0,1,0,7,7,0,0,0,4,0,0,807,2876192869574,2876189252,38,0,1,4792995,0.872741699,-0.0238037109,-0.0617675781,0.483703613,-1.00781667,-0.101477459,-0.0853233188,3.14160156,806,2876194840316,2876189352,37,3,1,2822253,-0.03515625,0.015625,0,807,2876191840187,2876189351,38,0,1,5822382,-0.001953125,0,0
1,787,2876207624540,2876207674363,1,0,0,1,0,7,7,0,0,0,4,0,0,808,2876202878735,2876199052,39,0,1,4795628,0.872741699,-0.0238037109,-0.0617675781,0.483703613,-1.00781667,-0.101477459,-0.0853233188,3.14160156,807,2876204859227,2876199350,38,3,1,2815136,0.00390625,0,0,808,2876201899990,2876199367,39,0,1,5774373,-0.001953125,-0.001953125,0
1,788,2876217624540,2876217662614,1,0,0,1,0,7,7,0,0,0,4,0,0,809,2876212934904,2876209071,40,0,1,4727710,0.872741699,-0.0237426758,-0.0617675781,0.483703613,-1.00782073,-0.101370372,-0.0853824541,3.14160156,808,2876214875117,2876209259,39,3,1,2787497,0.0390625,-0.01171875,0,809,2876211904183,2876209368,40,0,1,5758431,-0.001953125,0,-0.001953125
1,789,2876227624540,2876227660987,1,0,0,1,0,7,7,0,0,0,4,0,0,810,2876222877463,2876219052,41,0,1,4783524,0.872741699,-0.0237426758,-0.0618286133,0.483703613,-1.0078063,-0.101429723,-0.085489139,3.14160156,809,2876224892249,2876219270,40,3,1,2768738,0.00390625,0,0,810,2876221874547,2876219151,41,0,1,5786440,-0.001953125,0.001953125,0.001953125
1,790,2876237624540,2876237656023,1,0,0,1,0,7,7,0,0,0,4,0,0,811,2876231865709,2876228749,42,0,1,5790314,0.872741699,-0.0236816406,-0.0618286133,0.483703613,-1.00781035,-0.101322636,-0.0855482742,3.14160156,810,2876233835043,2876229147,41,3,1,3820980,0.00390625,0,0,811,2876230858344,2876228547,42,0,1,6797679,0,0,0
1,791,2876247624540,2876247656361,1,0,0,1,0,7,7,0,0,0,4,0,0,812,2876242872244,2876239053,43,0,1,4784117,0.872741699,-0.0236816406,-0.0618286133,0.483642578,-1.00775325,-0.101315051,-0.0855613127,3.14160156,811,2876244842931,2876238852,42,3,1,2813430,0.00390625,0,0,812,2876241846213,2876239352,43,0,1,5810148,-0.00390625,0.00390625,-0.001953125
1,792,2876257624540,2876257653732,1,0,0,1,0,7,7,0,0,0,4,0,0,813,2876252846704,2876248850,44,0,1,4807028,0.872741699,-0.0236816406,-0.0618286133,0.483642578,-1.00775325,-0.101315051,-0.0855613127,3.14160156,812,2876254817206,2876249350,43,3,1,2836526,-0.03515625,0.015625,-0.0390625,813,2876251827698,2876249550,44,0,1,5826034,0.001953125,0.001953125,-0.00390625
1,793,2876267624540,2876267652846,1,0,0,1,0,7,7,0,0,0,4,0,0,814,2876262845021,2876259050,45,0,1,4807825,0.872741699,-0.0236206055,-0.0618286133,0.483642578,-1.00775731,-0.101207964,-0.0856204405,3.14160156,813,2876264817933,2876259049,44,3,1,2834913,-0.03515625,0.015625,0,814,2876261821363,2876258950,45,0,1,5831483,-0.001953125,0,0.001953125
1,794,2876277624540,2876277653518,1,0,0,1,0,7,7,0,0,0,4,0,0,815,2876272845618,2876269050,46,0,1,4807900,0.872741699,-0.0236206055,-0.0618896484,0.483642578,-1.007743,-0.101267308,-0.0857271403,3.14160156,814,2876274819902,2876269350,45,3,1,2833616,0.0390625,-0.01953125,0,815,2876271818642,2876269547,46,0,1,5834876,-0.001953125,-0.00390625,-0.001953125
1,795,2876287624540,2876287653039,1,0,0,1,0,7,7,0,0,0,4,0,0,816,2876282844269,2876278850,47,0,1,4808770,0.872741699,-0.0235595703,-0.0618896484,0.483642578,-1.00774693,-0.101160221,-0.0857862681,3.14160156,815,2876284818015,2876278849,46,3,1,2835024,0.0390625,-0.01953125,0.03515625,816,2876281816977,2876279347,47,0,1,5836062,-0.00390625,0,-0.001953125
1,796,2876297624540,2876297652876,1,0,0,1,0,7,7,0,0,0,4,0,0,817,2876292843810,2876289050,48,0,1,4809066,0.872741699,-0.0235595703,-0.0619506836,0.483642578,-1.00773263,-0.101219565,-0.0858929604,3.14160156,816,2876294819984,2876289349,47,3,1,2832892,0.0390625,-0.01953125,-0.0390625,817,2876291815814,2876289147,48,0,1,5837062,0.001953125,0.00390625,0.001953125
1,797,2876307624540,2876307652954,1,0,0,1,0,7,7,0,0,0,4,0,0,818,2876301841509,2876298548,49,0,1,5811445,0.872741699,-0.0234985352,-0.0618896484,0.483642578,-1.00775099,-0.101053141,-0.0858453959,3.14160156,817,2876303817349,2876298949,48,3,1,3835605,0.00390625,-0.0078125,0,818,2876300817795,2876298349,49,0,1,6835159,0.00390625,0.00390625,-0.00390625
1,798,2876317624540,2876317653422,1,0,0,1,0,7,7,0,0,0,4,0,0,819,2876312844410,2876309050,50,0,1,4809012,0.872741699,-0.0234375,-0.0618896484,0.483642578,-1.00775504,-0.100946061,-0.0859045163,3.14160156,818,2876314817674,2876309249,49,3,1,2835748,-0.03515625,0.0078125,0,819,2876311815932,2876309547,50,0,1,5837490,0,0.001953125,-0.001953125
1,799,2876327624540,2876327652777,1,0,0,1,0,7,7,0,0,0,4,0,0,820,2876322844192,2876318850,51,0,1,4808585,0.872802734,-0.0234375,-0.0618896484,0.483642578,-1.00760567,-0.100948937,-0.0858937129,3.14160156,819,2876324817697,2876318649,50,3,1,2835080,0.00390625,-0.0078125,0,820,2876321815084,2876319347,51,0,1,5837693,-0.001953125,0,-0.001953125
1,800,2876337624540,2876337653708,1,0,0,1,0,7,7,0,0,0,4,0,0,821,2876332842305,2876329048,52,0,1,4811403,0.872802734,-0.0234375,-0.0619506836,0.483581543,-1.00753415,-0.101000674,-0.0860134438,3.14160156,820,2876334818627,2876329349,51,3,1,2835081,0.00390625,-0.0078125,0,821,2876331817164,2876329349,52,0,1,5836544,-0.0078125,0,-0.001953125
1,801,2876347624540,2876347652877,1,0,0,1,0,7,7,0,0,0,4,0,0,822,2876342845831,2876339048,53,0,1,4807046,0.872802734,-0.0234375,-0.0619506836,0.483581543,-1.00753415,-0.101000674,-0.0860134438,3.14160156,821,2876344818909,2876339349,52,3,1,2833968,0.00390625,-0.0078125,0,822,2876341833850,2876339350,53,0,1,5819027,-0.001953125,0,0
1,802,2876357624540,2876357654401,1,0,0,1,0,7,7,0,0,0,4,0,0,823,2876352869487,2876348652,54,0,1,4784914,0.872802734,-0.0233764648,-0.0620117188,0.483581543,-1.00752378,-0.100952923,-0.0861792415,3.14160156,822,2876354847292,2876349253,53,3,1,2807109,0.00390625,0,0,823,2876351831444,2876349350,54,0,1,5822957,0.001953125,0,0
1,803,2876367624540,2876367653923,1,0,0,1,0,7,7,0,0,0,4,0,0,824,2876362870121,2876358851,55,0,1,4783802,0.872802734,-0.0233154297,-0.0620117188,0.483581543,-1.00752783,-0.100845829,-0.0862383544,3.14160156,823,2876364844738,2876358852,54,3,1,2809185,0.00390625,0,0,824,2876361843738,2876358952,55,0,1,5810185,0.001953125,-0.001953125,0
1,804,2876377624540,2876377654057,1,0,0,1,0,7,7,0,0,0,4,0,0,825,2876371871584,2876368453,56,0,1,5782473,0.872802734,-0.0233154297,-0.0620117188,0.483581543,-1.00752783,-0.100845829,-0.0862383544,3.14160156,824,2876373842938,2876368752,55,3,1,3811119,0,0,-0.0390625,825,2876370842327,2876368552,56,0,1,6811730,0.001953125,0.00390625,0
1,805,2876387624540,2876387653393,1,0,0,1,0,7,7,0,0,0,4,0,0,826,2876381871161,2876378553,57,0,1,5782232,0.872802734,-0.0232543945,-0.0620117188,0.483581543,-1.00753188,-0.100738741,-0.0862974599,3.14160156,825,2876383840884,2876378950,56,3,1,3812509,0.00390625,0,0,826,2876380841478,2876378352,57,0,1,6811915,0.00390625,0.00390625,0
1,806,2876397624540,2876397656059,1,0,0,1,0,7,7,0,0,0,4,0,0,827,2876392869813,2876388851,58,0,1,4786246,0.872802734,-0.0232543945,-0.0620117188,0.483581543,-1.00753188,-0.100738741,-0.0862974599,3.14160156,826,2876394839977,2876389250,57,3,1,2816082,0.00390625,0,0,827,2876391847327,2876389552,58,0,1,5808732,0.001953125,0.001953125,0.001953125
1,807,2876407624540,2876407657459,1,0,0,1,0,7,7,0,0,0,4,0,0,828,2876402871788,2876398853,59,0,1,4785671,0.872802734,-0.0231933594,-0.0620117188,0.483581543,-1.00753593,-0.100631662,-0.0863565654,3.14160156,827,2876404842694,2876399052,58,3,1,2814765,0.00390625,0,0,828,2876401845799,2876399153,59,0,1,5811660,-0.001953125,-0.00390625,0.001953125
1,808,2876417624540,2876417656042,1,0,0,1,0,7,7,0,0,0,4,0,0,829,2876412872058,2876408853,60,0,1,4783984,0.872802734,-0.0231933594,-0.0620117188,0.483581543,-1.00753593,-0.100631662,-0.0863565654,3.14160156,828,2876414842796,2876409252,59,3,1,2813246,0.00390625,0,0,829,2876411846569,2876409352,60,0,1,5809473,-0.001953125,-0.001953125,0
1,809,2876427624540,2876427656312,1,0,0,1,0,7,7,0,0,0,4,0,0,830,2876422871253,2876418653,61,0,1,4785059,0.872802734,-0.0231323242,-0.0620727539,0.483581543,-1.00752568,-0.100583903,-0.0865223557,3.14160156,829,2876424842492,2876418653,60,3,1,2813820,0.0390625,-0.01171875,0,830,2876421843132,2876419352,61,0,1,5813180,0,-0.001953125,0.001953125
1,810,2876437624540,2876437656304,1,0,0,1,0,7,7,0,0,0,4,0,0,831,2876432867927,2876428850,62,0,1,4788377,0.872741699,-0.0231323242,-0.0620727539,0.483642578,-1.00773227,-0.100588679,-0.086520195,3.14160156,830,2876434842613,2876429253,61,3,1,2813691,0.00390625,0,0,831,2876431841807,2876429352,62,0,1,5814497,0.005859375,0.00390625,0.001953125
1,811,2876447624540,2876447656815,1,0,0,1,0,7,7,0,0,0,4,0,0,832,2876441870344,2876438453,63,0,1,5786471,0.872741699,-0.0230712891,-0.0620727539,0.483642578,-1.00773633,-0.100481607,-0.0865793079,3.14160156,831,2876443839358,2876438750,62,3,1,3817457,0.00390625,0.00390625,0.0390625,832,2876440841685,2876438352,63,0,1,6815130,0,-0.001953125,0
1,812,2876457624540,2876457655843,1,0,0,1,0,7,7,0,0,0,4,0,0,833,2876451870187,2876448953,64,0,1,5785656,0.872802734,-0.0230712891,-0.0620727539,0.483581543,-1.00752974,-0.100476824,-0.0865814611,3.14160156,832,2876453838015,2876449149,63,3,1,3817828,-0.03515625,0.015625,0,833,2876450845532,2876448554,64,0,1,6810311,-0.005859375,0.001953125,-0.00390625
1,813,2876467624540,2876467655742,1,0,0,1,0,7,7,0,0,0,4,0,0,834,2876462869236,2876458850,65,0,1,4786506,0.872802734,-0.0230712891,-0.0620727539,0.483581543,-1.00752974,-0.100476824,-0.0865814611,3.14160156,833,2876464841235,2876458652,64,3,1,2814507,-0.03515625,0.015625,0,834,2876461841746,2876459351,65,0,1,5813996,0,0.005859375,0
1,814,2876477624540,2876477655789,1,0,0,1,0,7,7,0,0,0,4,0,0,835,2876472869488,2876468853,66,0,1,4786301,0.872802734,-0.0230102539,-0.0620727539,0.483581543,-1.00753379,-0.100369737,-0.0866405666,3.14160156,834,2876474841153,2876469252,65,3,1,2814636,-0.03515625,0.015625,0,835,2876471840551,2876469352,66,0,1,5815238,0.001953125,0.001953125,-0.001953125
1,815,2876487624540,2876487652945,1,0,0,1,0,7,7,0,0,0,4,0,0,836,2876482869090,2876478650,67,0,1,4783855,0.872802734,-0.0230102539,-0.0621337891,0.483581543,-1.00751936,-0.100429066,-0.086747244,3.14160156,835,2876484832451,2876479049,66,3,1,2820494,0.00390625,0,0,836,2876481865640,2876479353,67,0,1,5787305,-0.001953125,-0.001953125,-0.001953125
1,816,2876497624540,2876497655235,1,0,0,1,0,7,7,0,0,0,4,0,0,837,2876491864575,2876488753,68,0,1,5790660,0.872802734,-0.0230102539,-0.0621337891,0.483581543,-1.00751936,-0.100429066,-0.086747244,3.14160156,836,2876493845156,2876488952,67,3,1,3810079,0.0390625,-0.01171875,0.03515625,837,2876490843590,2876488349,68,0,1,6811645,-0.001953125,-0.00390625,0
1,817,2876507624540,2876507655764,1,0,0,1,0,7,7,0,0,0,4,0,0,838,2876502863810,2876498853,69,0,1,4791954,0.872802734,-0.0229492188,-0.0621337891,0.483581543,-1.00752354,-0.100321986,-0.086806342,3.14160156,837,2876504841499,2876498850,68,3,1,2814265,0.00390625,0,0,838,2876501841675,2876499151,69,0,1,5814089,-0.001953125,0,0
1,818,2876517624540,2876517655997,1,0,0,1,0,7,7,0,0,0,4,0,0,839,2876511870675,2876508453,70,0,1,5785322,0.872802734,-0.0229492188,-0.0621337891,0.483581543,-1.00752354,-0.100321986,-0.086806342,3.14160156,838,2876513841803,2876508552,69,3,1,3814194,0.00390625,0,0,839,2876510842832,2876508352,70,0,1,6813165,0.0078125,0.00390625,0.001953125
1,819,2876527624540,2876527655859,1,0,0,1,0,7,7,0,0,0,4,0,0,840,2876521870667,2876518553,71,0,1,5785192,0.872802734,-0.0228881836,-0.0621337891,0.483581543,-1.00752759,-0.100214906,-0.0868654475,3.14160156,839,2876523841813,2876518352,70,3,1,3814046,0.00390625,0.00390625,0.0390625,840,2876520842490,2876518352,71,0,1,6813369,0.00390625,0.0078125,0
1,820,2876537624540,2876537655999,1,0,0,1,0,7,7,0,0,0,4,0,0,841,2876531870881,2876528753,72,0,1,5785118,0.872802734,-0.0228881836,-0.0621337891,0.483581543,-1.00752759,-0.100214906,-0.0868654475,3.14160156,840,2876533839506,2876529150,71,3,1,3816493,0.00390625,0.00390625,0.0390625,841,2876530842167,2876528552,72,0,1,6813832,-0.001953125,0,-0.001953125
1,821,2876547624540,2876547656120,1,0,0,1,0,7,7,0,0,0,4,0,0,842,2876542870579,2876538653,73,0,1,4785541,0.872802734,-0.0228881836,-0.0621337891,0.483581543,-1.00752759,-0.100214906,-0.0868654475,3.14160156,841,2876544842318,2876538652,72,3,1,2813802,0.00390625,0,0,842,2876541841531,2876538952,73,0,1,5814589,-0.00390625,0,-0.001953125
1,822,2876557624540,2876557656075,1,0,0,1,0,7,7,0,0,0,4,0,0,843,2876552870404,2876548653,74,0,1,4785671,0.872802734,-0.0228881836,-0.0621337891,0.483581543,-1.00752759,-0.100214906,-0.0868654475,3.14160156,842,2876554842551,2876548852,73,3,1,2813524,0.00390625,0,0,843,2876551841690,2876549152,74,0,1,5814385,-0.001953125,-0.001953125,0
1,823,2876567624540,2876567655029,1,0,0,1,0,7,7,0,0,0,4,0,0,844,2876561869559,2876558752,75,0,1,5785470,0.872802734,-0.0228271484,-0.0621948242,0.483581543,-1.00751722,-0.100167155,-0.0870312229,3.14160156,843,2876563840612,2876558352,74,3,1,3814417,0.00390625,0,0,844,2876560839528,2876558350,75,0,1,6815501,0,-0.001953125,0
1,824,2876577624540,2876577655817,1,0,0,1,0,7,7,0,0,0,4,0,0,845,2876571872331,2876568753,76,0,1,5783486,0.872802734,-0.0228271484,-0.0621948242,0.483581543,-1.00751722,-0.100167155,-0.0870312229,3.14160156,844,2876573842235,2876569152,75,3,1,3813582,0.0390625,-0.01171875,0,845,2876570842059,2876568350,76,0,1,6813758,0,0.00390625,0
1,825,2876587624540,2876587656032,1,0,0,1,0,7,7,0,0,0,4,0,0,846,2876581868096,2876578250,77,0,1,5787936,0.872802734,-0.0228271484,-0.0621948242,0.483581543,-1.00751722,-0.100167155,-0.0870312229,3.14160156,845,2876583842171,2876578552,76,3,1,3813861,0.00390625,0,0,846,2876580839975,2876578350,77,0,1,6816057,0,0.001953125,0
1,826,2876597624540,2876597656190,1,0,0,1,0,7,7,0,0,0,4,0,0,847,2876591871387,2876588553,78,0,1,5784803,0.872802734,-0.0227661133,-0.0621948242,0.483581543,-1.00752127,-0.100060076,-0.0870903209,3.14160156,846,2876593841421,2876588752,77,3,1,3814769,-0.03515625,0.015625,0,847,2876590838818,2876588349,78,0,1,6817372,0.00390625,0.00390625,0
1,827,2876607624540,2876607656256,1,0,0,1,0,7,7,0,0,0,4,0,0,848,2876602870400,2876598653,79,0,1,4785856,0.872802734,-0.0227661133,-0.0621948242,0.483581543,-1.00752127,-0.100060076,-0.0870903209,3.14160156,847,2876604841805,2876598452,78,3,1,2814451,0.00390625,0,0,848,2876601841760,2876599152,79,0,1,5814496,0,0.00390625,0
1,828,2876617624540,2876617655988,1,0,0,1,0,7,7,0,0,0,4,0,0,849,2876611870778,2876608753,80,0,1,5785210,0.872802734,-0.0227661133,-0.0621948242,0.483581543,-1.00752127,-0.100060076,-0.0870903209,3.14160156,848,2876613842257,2876608952,79,3,1,3813731,0.0390625,-0.01171875,0.03515625,849,2876610839858,2876608350,80,0,1,6816130,-0.001953125,-0.001953125,0.001953125
1,829,2876627624540,2876627655961,1,0,0,1,0,7,7,0,0,0,4,0,0,850,2876621870621,2876618753,81,0,1,5785340,0.872802734,-0.0227050781,-0.0621948242,0.483581543,-1.00752532,-0.0999529958,-0.0871494189,3.14160156,849,2876623841934,2876618952,80,3,1,3814027,0.0390625,-0.01171875,0.03515625,850,2876620841388,2876618352,81,0,1,6814573,-0.001953125,-0.005859375,0
1,830,2876637624540,2876637655657,1,0,0,1,0,7,7,0,0,0,4,0,0,851,2876631870761,2876628753,82,0,1,5784896,0.872802734,-0.0227050781,-0.0622558594,0.483581543,-1.0075109,-0.100012325,-0.0872560889,3.14160156,850,2876633843279,2876628753,81,3,1,3812378,0.0390625,-0.01171875,0,851,2876630841602,2876628552,82,0,1,6814055,-0.00390625,0,0
1,831,2876647624540,2876647656297,1,0,0,1,0,7,7,0,0,0,4,0,0,852,2876642872164,2876638453,83,0,1,4784133,0.872802734,-0.0227050781,-0.0622558594,0.483581543,-1.0075109,-0.100012325,-0.0872560889,3.14160156,851,2876644842347,2876638652,82,3,1,2813950,0.00390625,0,0,852,2876641844006,2876638949,83,0,1,5812291,0.00390625,0.00390625,-0.001953125
1,832,2876657624540,2876657655733,1,0,0,1,0,7,7,0,0,0,4,0,0,853,2876651868761,2876648250,84,0,1,5786972,0.872802734,-0.0227050781,-0.0622558594,0.483520508,-1.0074538,-0.100004688,-0.0872692093,3.14160156,852,2876653841149,2876648552,83,3,1,3814584,-0.03515625,0.015625,-0.078125,853,2876650849389,2876648356,84,0,1,6806344,0,0.01171875,-0.001953125
1,833,2876667624540,2876667655632,1,0,0,1,0,7,7,0,0,0,4,0,0,854,2876661867233,2876658450,85,0,1,5788399,0.872802734,-0.022644043,-0.0622558594,0.483520508,-1.00745785,-0.0998976082,-0.0873283073,3.14160156,853,2876663841030,2876658351,84,3,1,3814602,-0.03125,0.015625,0.07421875,854,2876660840298,2876658551,85,0,1,6815334,0.00390625,-0.0078125,-0.001953125
1,834,2876677624540,2876677655605,1,0,0,1,0,7,7,0,0,0,4,0,0,855,2876671866854,2876668550,86,0,1,5788751,0.872802734,-0.0225830078,-0.0623168945,0.483520508,-1.00744748,-0.0998498499,-0.0874940827,3.14160156,854,2876673841040,2876668951,85,3,1,3814565,0.00390625,0.00390625,0.18359375,855,2876670840512,2876668351,86,0,1,6815093,0.005859375,-0.01171875,-0.001953125
1,835,2876687624540,2876687655319,1,0,0,1,0,7,7,0,0,0,4,0,0,856,2876681866883,2876678550,87,0,1,5788436,0.872802734,-0.0225830078,-0.0623168945,0.483520508,-1.00744748,-0.0998498499,-0.0874940827,3.14160156,855,2876683840439,2876678951,86,3,1,3814880,0,0,-0.16015625,856,2876680840597,2876678351,87,0,1,6814722,-0.001953125,0.009765625,0
1,836,2876697624540,2876697655792,1,0,0,1,0,7,7,0,0,0,4,0,0,857,2876691867560,2876688550,88,0,1,5788232,0.872802734,-0.0225830078,-0.0622558594,0.483520508,-1.00746191,-0.0997905284,-0.0873874053,3.14160156,856,2876693840634,2876688952,87,3,1,3815158,-0.03515625,0.01171875,-0.15234375,857,2876690840681,2876688551,88,0,1,6815111,0.00390625,0.017578125,-0.001953125
1,837,2876707624540,2876707655506,1,0,0,1,0,7,7,0,0,0,4,0,0,858,2876701869350,2876698552,89,0,1,5786156,0.87286377,-0.0225219727,-0.0621948242,0.483520508,-1.00733089,-0.0996268988,-0.0873287395,3.14160156,857,2876703840570,2876698251,88,3,1,3814936,-0.03515625,0.0078125,-0.0078125,858,2876700840617,2876698551,89,0,1,6814889,0.01171875,-0.0078125,-0.00390625
1,838,2876717624540,2876717653274,1,0,0,1,0,7,7,0,0,0,4,0,0,859,2876711869138,2876708552,90,0,1,5784136,0.87286377,-0.0224609375,-0.0622558594,0.483520508,-1.00732064,-0.0995791331,-0.0874944851,3.14160156,858,2876713841267,2876708751,89,3,1,3812007,-0.03125,0.0078125,0.15234375,859,2876710840183,2876708351,90,0,1,6813091,0,-0.01953125,0
1,839,2876727624540,2876727652987,1,0,0,1,0,7,7,0,0,0,4,0,0,860,2876721869593,2876718052,91,0,1,5783394,0.87286377,-0.0224609375,-0.0623168945,0.483520508,-1.00730622,-0.0996384546,-0.0876011401,3.14160156,859,2876723840999,2876718352,90,3,1,3811988,0.0390625,-0.01953125,-0.0390625,860,2876720840323,2876718351,91,0,1,6812664,-0.015625,0.00390625,-0.001953125
1,840,2876737624540,2876737653405,1,0,0,1,0,7,7,0,0,0,4,0,0,861,2876731869399,2876728452,92,0,1,5784006,0.87286377,-0.0224609375,-0.0622558594,0.483459473,-1.00726354,-0.0995714962,-0.0875075981,3.14160156,860,2876733840657,2876728552,91,3,1,3812748,0,-0.0078125,-0.19140625,861,2876730839962,2876728351,92,0,1,6813443,0.00390625,0.01953125,-0.001953125
1,841,2876747624540,2876747653267,1,0,0,1,0,7,7,0,0,0,4,0,0,862,2876741869373,2876738452,93,0,1,5783894,0.87286377,-0.0224609375,-0.0622558594,0.483459473,-1.00726354,-0.0995714962,-0.0875075981,3.14160156,861,2876743840908,2876738252,92,3,1,3812359,0,-0.0078125,-0.0859375,862,2876740840418,2876738151,93,0,1,6812849,0.015625,0,-0.00390625
1,842,2876757624540,2876757653055,1,0,0,1,0,7,7,0,0,0,4,0,0,863,2876751871515,2876748452,94,0,1,5781540,0.87286377,-0.0223999023,-0.0622558594,0.483459473,-1.00726759,-0.0994644165,-0.0875666738,3.14160156,862,2876753840659,2876748751,93,3,1,3812396,0.0390625,-0.01953125,0.10546875,863,2876750845321,2876748351,94,0,1,6807734,-0.00390625,-0.015625,0
1,843,2876767624540,2876767655419,1,0,0,1,0,7,7,0,0,0,4,0,0,864,2876761869282,2876758452,95,0,1,5786137,0.87286377,-0.0223999023,-0.0623168945,0.483459473,-1.00725317,-0.0995237306,-0.0876733437,3.14160156,863,2876763841170,2876758752,94,3,1,3814249,0.0390625,-0.01953125,0,864,2876760839530,2876758351,95,0,1,6815889,-0.017578125,-0.00390625,0.00390625
1,844,2876777624540,2876777655596,1,0,0,1,0,7,7,0,0,0,4,0,0,865,2876771869700,2876768452,96,0,1,5785896,0.87286377,-0.0223999023,-0.0623168945,0.483459473,-1.00725317,-0.0995237306,-0.0876733437,3.14160156,864,2876773841106,2876768552,95,3,1,3814490,0.03515625,-0.01953125,-0.1171875,865,2876770840300,2876768351,96,0,1,6815296,0.001953125,0.013671875,0.001953125
1,845,2876787624540,2876787655199,1,0,0,1,0,7,7,0,0,0,4,0,0,866,2876781869377,2876778452,97,0,1,5785822,0.87286377,-0.0223388672,-0.0622558594,0.483459473,-1.00727165,-0.0993573368,-0.0876257569,3.14160156,865,2876783841394,2876778352,96,3,1,3813805,-0.04296875,0.0078125,-0.078125,866,2876780840384,2876777951,97,0,1,6814815,0.017578125,0.009765625,-0.00390625
1,846,2876797624540,2876797655376,1,0,0,1,0,7,7,0,0,0,4,0,0,867,2876791870128,2876788052,98,0,1,5785248,0.87286377,-0.022277832,-0.0622558594,0.483459473,-1.0072757,-0.099250257,-0.08768484,3.14160156,866,2876793838902,2876788350,97,3,1,3816474,-0.03125,0.0078125,0.12109375,867,2876790842007,2876788551,98,0,1,6813369,0.001953125,-0.001953125,-0.001953125
1,847,2876807624540,2876807655219,1,0,0,1,0,7,7,0,0,0,4,0,0,868,2876801870491,2876798252,99,0,1,5784728,0.87286377,-0.022277832,-0.0622558594,0.483459473,-1.0072757,-0.099250257,-0.08768484,3.14160156,867,2876803838023,2876798249,98,3,1,3817196,0.00390625,-0.00390625,0.046875,868,2876800840627,2876798351,99,0,1,6814592,-0.013671875,-0.00390625,0.001953125
1,848,2876817624540,2876817655489,1,0,0,1,0,7,7,0,0,0,4,0,0,869,2876811869129,2876808452,100,0,1,5786360,0.87286377,-0.0223388672,-0.0623168945,0.483459473,-1.00725722,-0.0994166508,-0.0877324268,3.14160156,868,2876813837514,2876808749,99,3,1,3817975,0,-0.0078125,-0.0703125,869,2876810840341,2876808151,100,0,1,6815148,-0.001953125,0.001953125,0
1,849,2876827624540,2876827655481,1,0,0,1,0,7,7,0,0,0,4,0,0,870,2876821869733,2876818452,101,0,1,5785748,0.87286377,-0.022277832,-0.0623168945,0.483459473,-1.00726128,-0.0993095711,-0.0877915025,3.14160156,869,2876823838525,2876818749,100,3,1,3816956,0.00390625,0,0.0078125,870,2876820840611,2876818351,101,0,1,6814870,0.01171875,0.001953125,-0.001953125
1,850,2876837624540,2876837655510,1,0,0,1,0,7,7,0,0,0,4,0,0,871,2876831869725,2876828452,102,0,1,5785785,0.87286377,-0.0222167969,-0.0623168945,0.483459473,-1.00726533,-0.0992024913,-0.0878505856,3.14160156,870,2876833838443,2876828749,101,3,1,3817067,0.00390625,0.00390625,0.046875,871,2876830840102,2876828551,102,0,1,6815408,0.00390625,-0.0078125,-0.00390625
1,851,2876847624540,2876847655427,1,0,0,1,0,7,7,0,0,0,4,0,0,872,2876841871996,2876838052,103,0,1,5783431,0.87286377,-0.0222167969,-0.0623168945,0.483459473,-1.00726533,-0.0992024913,-0.0878505856,3.14160156,871,2876843844199,2876838052,102,3,1,3811228,0.0390625,-0.01171875,0.08203125,872,2876840864635,2876838358,103,0,1,6790792,-0.009765625,0,0
1,852,2876857624540,2876857655845,1,0,0,1,0,7,7,0,0,0,4,0,0,873,2876851871710,2876848451,104,0,1,5784135,0.87286377,-0.0222167969,-0.0623168945,0.483459473,-1.00726533,-0.0992024913,-0.0878505856,3.14160156,872,2876853842875,2876848752,103,3,1,3812970,0.07421875,-0.0234375,0.0078125,873,2876850842643,2876848352,104,0,1,6813202,-0.001953125,0.009765625,-0.001953125
1,853,2876867624540,2876867656319,1,0,0,1,0,7,7,0,0,0,4,0,0,874,2876861871349,2876858753,105,0,1,5784970,0.87286377,-0.0222167969,-0.0623168945,0.483459473,-1.00726533,-0.0992024913,-0.0878505856,3.14160156,873,2876863835878,2876859152,104,3,1,3820441,-0.03515625,0.015625,0.0078125,874,2876860842783,2876858352,105,0,1,6813536,0.0078125,0.005859375,-0.001953125
1,854,2876877624540,2876877655884,1,0,0,1,0,7,7,0,0,0,4,0,0,875,2876871871916,2876868453,106,0,1,5783968,0.87286377,-0.0222167969,-0.0623168945,0.483459473,-1.00726533,-0.0992024913,-0.0878505856,3.14160156,874,2876873842487,2876868552,105,3,1,3813397,-0.03515625,0.015625,0.0078125,875,2876870845611,2876868552,106,0,1,6810273,0.001953125,-0.005859375,0
1,855,2876887624540,2876887655821,1,0,0,1,0,7,7,0,0,0,4,0,0,876,2876881870610,2876878453,107,0,1,5785211,0.87286377,-0.0222167969,-0.0623168945,0.483459473,-1.00726533,-0.0992024913,-0.0878505856,3.14160156,875,2876883842164,2876878252,106,3,1,3813657,-0.03515625,0.015625,0.046875,876,2876880841914,2876878152,107,0,1,6813907,-0.013671875,-0.001953125,0.001953125
1,856,2876897624540,2876897655998,1,0,0,1,0,7,7,0,0,0,4,0,0,877,2876891871065,2876888453,108,0,1,5784933,0.87286377,-0.0222167969,-0.0623779297,0.483459473,-1.00725114,-0.099261798,-0.0879572481,3.14160156,876,2876893841655,2876888752,107,3,1,3814343,-0.0078125,0,-0.0390625,877,2876890842740,2876888352,108,0,1,6813258,-0.001953125,-0.001953125,0
1,857,2876907624540,2876907656064,1,0,0,1,0,7,7,0,0,0,4,0,0,878,2876901871038,2876898453,109,0,1,5785026,0.87286377,-0.0222167969,-0.0623779297,0.483459473,-1.00725114,-0.099261798,-0.0879572481,3.14160156,877,2876903841517,2876898752,108,3,1,3814547,-0.0546875,-0.01953125,0,878,2876900841842,2876898352,109,0,1,6814222,0.00390625,0,0
1,858,2876917624540,2876917655740,1,0,0,1,0,7,7,0,0,0,4,0,0,879,2876911870381,2876908050,110,0,1,5785359,0.87286377,-0.0221557617,-0.0623779297,0.483398438,-1.00719798,-0.0991470665,-0.0880294591,3.14160156,878,2876913842213,2876908552,109,3,1,3813527,-0.00390625,0.00390625,0.0390625,879,2876910841111,2876908351,110,0,1,6814629,0.001953125,-0.001953125,-0.001953125
1,859,2876927624540,2876927655843,1,0,0,1,0,7,7,0,0,0,4,0,0,880,2876921871541,2876918253,111,0,1,5784302,0.87286377,-0.0221557617,-0.0624389648,0.483398438,-1.00718355,-0.0992063656,-0.0881361291,3.14160156,879,2876923842261,2876918252,110,3,1,3813582,-0.00390625,0.00390625,0.0390625,880,2876920844476,2876917953,111,0,1,6811367,-0.0078125,0,0
1,860,2876937624540,2876937656168,1,0,0,1,0,7,7,0,0,0,4,0,0,881,2876931872886,2876928554,112,0,1,5783282,0.87286377,-0.0221557617,-0.0624389648,0.483398438,-1.00718355,-0.0992063656,-0.0881361291,3.14160156,880,2876933842419,2876928953,111,3,1,3813749,-0.0078125,0,-0.0390625,881,2876930845450,2876928352,112,0,1,6810718,-0.001953125,0,0
1,861,2876947624540,2876947656068,1,0,0,1,0,7,7,0,0,0,4,0,0,882,2876941870950,2876938253,113,0,1,5785118,0.87286377,-0.0221557617,-0.0624389648,0.483398438,-1.00718355,-0.0992063656,-0.0881361291,3.14160156,881,2876943841354,2876937852,112,3,1,3814714,-0.00390625,0,0,882,2876940841364,2876938350,113,0,1,6814704,0.005859375,-0.001953125,0
1,862,2876957624540,2876957655818,1,0,0,1,0,7,7,0,0,0,4,0,0,883,2876951877317,2876948256,114,0,1,5778501,0.87286377,-0.0220947266,-0.0625,0.483398438,-1.00717318,-0.0991585925,-0.0883018747,3.14160156,882,2876953841587,2876948552,113,3,1,3814231,-0.00390625,0.00390625,0.0390625,883,2876950838817,2876948149,114,0,1,6817001,0,0.001953125,-0.001953125
1,863,2876967624540,2876967655903,1,0,0,1,0,7,7,0,0,0,4,0,0,884,2876961870896,2876958253,115,0,1,5785007,0.87286377,-0.0220947266,-0.0625,0.483398438,-1.00717318,-0.0991585925,-0.0883018747,3.14160156,883,2876963841579,2876958552,114,3,1,3814324,-0.0078125,0,-0.0390625,884,2876960839142,2876958349,115,0,1,6816761,-0.009765625,0,0
1,864,2876977624540,2876977655987,1,0,0,1,0,7,7,0,0,0,4,0,0,885,2876971870202,2876968253,116,0,1,5785785,0.87286377,-0.0221557617,-0.0625,0.483398438,-1.00716913,-0.0992656723,-0.088242799,3.14160156,884,2876973841645,2876968552,115,3,1,3814342,-0.0078125,0,-0.0390625,885,2876970839041,2876968549,116,0,1,6816946,-0.005859375,0.0078125,-0.001953125
1,865,2876987624540,2876987655960,1,0,0,1,0,7,7,0,0,0,4,0,0,886,2876981870917,2876978053,117,0,1,5785043,0.87286377,-0.0221557617,-0.0625,0.483398438,-1.00716913,-0.0992656723,-0.088242799,3.14160156,885,2876983842285,2876978052,116,3,1,3813675,-0.03515625,0.015625,-0.0390625,886,2876980838996,2876978350,117,0,1,6816964,0,0.00390625,-0.001953125
1,866,2876997624540,2876997655952,1,0,0,1,0,7,7,0,0,0,4,0,0,887,2876991870649,2876988253,118,0,1,5785303,0.87286377,-0.0221557617,-0.0625,0.483398438,-1.00716913,-0.0992656723,-0.088242799,3.14160156,886,2876993841128,2876988552,117,3,1,3814824,-0.03515625,0.015625,-0.0390625,887,2876990839099,2876988350,118,0,1,6816853,-0.005859375,-0.001953125,-0.001953125
1,867,2877007624540,2877007655981,1,0,0,1,0,7,7,0,0,0,4,0,0,888,2877001870307,2876998452,119,0,1,5785674,0.87286377,-0.0221557617,-0.0625610352,0.483398438,-1.0071547,-0.0993249714,-0.088349469,3.14160156,887,2877003841268,2876998752,118,3,1,3814713,0.0390625,-0.00390625,0.07421875,888,2877000840888,2876998352,119,0,1,6815093,-0.005859375,-0.00390625,0
1,868,2877017624540,2877017656084,1,0,0,1,0,7,7,0,0,0,4,0,0,889,2877011870113,2877008253,120,0,1,5785971,0.87286377,-0.0221557617,-0.0625610352,0.483398438,-1.0071547,-0.0993249714,-0.088349469,3.14160156,888,2877013841148,2877008252,119,3,1,3814936,0.03125,-0.00390625,0.07421875,889,2877010840380,2877008351,120,0,1,6815704,0,-0.001953125,0.001953125
1,869,2877027624540,2877027656094,1,0,0,1,0,7,7,0,0,0,4,0,0,890,2877021867899,2877018250,121,0,1,5788195,0.87286377,-0.0221557617,-0.0625610352,0.483398438,-1.0071547,-0.0993249714,-0.088349469,3.14160156,889,2877023841640,2877018052,120,3,1,3814454,0.0390625,-0.00390625,-0.0390625,890,2877020840686,2877018152,121,0,1,6815408,0.005859375,0.009765625,0.001953125
1,870,2877037624540,2877037656086,1,0,0,1,0,7,7,0,0,0,4,0,0,891,2877031867502,2877028250,122,0,1,5788584,0.87286377,-0.0220947266,-0.0625,0.483398438,-1.00717318,-0.0991585925,-0.0883018747,3.14160156,890,2877033842318,2877028350,121,3,1,3813768,-0.0703125,0.02734375,-0.078125,891,2877030841142,2877028351,122,0,1,6814944,0.0078125,0.00390625,0.001953125
1,871,2877047624540,2877047656003,1,0,0,1,0,7,7,0,0,0,4,0,0,892,2877041868513,2877038050,123,0,1,5787490,0.87286377,-0.0220947266,-0.0625,0.483398438,-1.00717318,-0.0991585925,-0.0883018747,3.14160156,891,2877043841587,2877038352,122,3,1,3814416,-0.03515625,0.015625,-0.0390625,892,2877040841652,2877038352,123,0,1,6814351,-0.001953125,-0.00390625,0
1,872,2877057624540,2877057656014,1,0,0,1,0,7,7,0,0,0,4,0,0,893,2877051872749,2877047850,124,0,1,5783265,0.87286377,-0.0220947266,-0.0625610352,0.483398438,-1.00715888,-0.0992178917,-0.0884085447,3.14160156,892,2877053843710,2877048352,123,3,1,3812304,0.00390625,0,0,893,2877050840810,2877048352,124,0,1,6815204,-0.009765625,-0.005859375,0
1,873,2877067624540,2877067656098,1,0,0,1,0,7,7,0,0,0,4,0,0,894,2877061867699,2877058051,125,0,1,5788399,0.87286377,-0.0220947266,-0.0626220703,0.483398438,-1.00714445,-0.0992771909,-0.0885152072,3.14160156,893,2877063841292,2877058252,124,3,1,3814806,0,0.0078125,-0.03125,894,2877060841599,2877057952,125,0,1,6814499,-0.00390625,0,0.001953125
1,874,2877077624540,2877077656108,1,0,0,1,0,7,7,0,0,0,4,0,0,895,2877071869748,2877068451,126,0,1,5786360,0.87286377,-0.0220947266,-0.0626220703,0.483398438,-1.00714445,-0.0992771909,-0.0885152072,3.14160156,894,2877073842174,2877068552,125,3,1,3813934,0.0390625,-0.00390625,0.0078125,895,2877070834714,2877068552,126,0,1,6821394,-0.001953125,0.00390625,-0.001953125
1,875,2877087624540,2877087655989,1,0,0,1,0,7,7,0,0,0,4,0,0,896,2877081871816,2877078053,127,0,1,5784173,0.87286377,-0.0220947266,-0.0625610352,0.483398438,-1.00715888,-0.0992178917,-0.0884085447,3.14160156,895,2877083842425,2877077652,126,3,1,3813564,0.00390625,0.01171875,0.046875,896,2877080841100,2877078352,127,0,1,6814889,0,0.0078125,0
1,876,2877097624540,2877097653886,1,0,0,1,0,7,7,0,0,0,4,0,0,897,2877091871363,2877088053,128,0,1,5782523,0.87286377,-0.0221557617,-0.0625610352,0.483398438,-1.0071547,-0.0993249714,-0.088349469,3.14160156,896,2877093841416,2877088350,127,3,1,3812470,-0.03515625,0.0234375,-0.03125,897,2877090841388,2877088152,128,0,1,6812498,-0.00390625,0.00390625,-0.00390625
1,877,2877107624540,2877107655787,1,0,0,1,0,7,7,0,0,0,4,0,0,898,2877101859863,2877098048,129,0,1,5795924,0.87286377,-0.0221557617,-0.0625610352,0.483398438,-1.0071547,-0.0993249714,-0.088349469,3.14160156,897,2877103839072,2877098350,128,3,1,3816715,-0.03515625,0.015625,0.0078125,898,2877100832057,2877098148,129,0,1,6823730,-0.00390625,0.00390625,0
1,878,2877117624540,2877117653573,1,0,0,1,0,7,7,0,0,0,4,0,0,899,2877111871903,2877108053,130,0,1,5781670,0.87286377,-0.0221557617,-0.0625610352,0.483398438,-1.0071547,-0.0993249714,-0.088349469,3.14160156,898,2877113842215,2877108052,129,3,1,3811358,-0.03515625,0.015625,0.0078125,899,2877110846877,2877108352,130,0,1,6806696,-0.00390625,0,-0.001953125
1,879,2877127624540,2877127653731,1,0,0,1,0,7,7,0,0,0,4,0,0,900,2877121871672,2877117853,131,0,1,5782059,0.87286377,-0.0221557617,-0.0626220703,0.483398438,-1.00714028,-0.0993842706,-0.088456139,3.14160156,899,2877123843022,2877117852,130,3,1,3810709,0.01171875,0.00390625,0.0390625,900,2877120844719,2877118352,131,0,1,6809012,-0.001953125,0.001953125,0
1,880,2877137624540,2877137653797,1,0,0,1,0,7,7,0,0,0,4,0,0,901,2877131870422,2877128053,132,0,1,5783375,0.87286377,-0.0222167969,-0.0625610352,0.483398438,-1.00715065,-0.0994320512,-0.0882903934,3.14160156,900,2877133839436,2877128350,131,3,1,3814361,-0.02734375,0.015625,0.0390625,901,2877130842097,2877128352,132,0,1,6811700,-0.0078125,0.009765625,0.001953125
1,881,2877147624540,2877147656106,1,0,0,1,0,7,7,0,0,0,4,0,0,902,2877141870247,2877138053,133,0,1,5785859,0.87286377,-0.0222167969,-0.0625610352,0.483398438,-1.00715065,-0.0994320512,-0.0882903934,3.14160156,901,2877143841986,2877138352,132,3,1,3814120,-0.0625,0.02734375,-0.0390625,902,2877140841125,2877138352,133,0,1,6814981,-0.00390625,0.01171875,0.001953125
1,882,2877157624540,2877157655746,1,0,0,1,0,7,7,0,0,0,4,0,0,903,2877151870442,2877148053,134,0,1,5785304,0.87286377,-0.0222167969,-0.0625610352,0.483398438,-1.00715065,-0.0994320512,-0.0882903934,3.14160156,902,2877153844980,2877148254,133,3,1,3810766,-0.02734375,0.015625,0.0390625,903,2877150841543,2877148552,134,0,1,6814203,0.001953125,-0.01171875,0
1,883,2877167624540,2877167655867,1,0,0,1,0,7,7,0,0,0,4,0,0,904,2877161871639,2877158053,135,0,1,5784228,0.87286377,-0.0222167969,-0.0625610352,0.483398438,-1.00715065,-0.0994320512,-0.0882903934,3.14160156,903,2877163842433,2877158052,134,3,1,3813434,0.046875,-0.01171875,0.07421875,904,2877160841775,2877157952,135,0,1,6814092,-0.005859375,-0.005859375,0
1,884,2877177624540,2877177655803,1,0,0,1,0,7,7,0,0,0,4,0,0,905,2877171871482,2877168053,136,0,1,5784321,0.87286377,-0.0222167969,-0.0626220703,0.483398438,-1.00713623,-0.0994913504,-0.0883970633,3.14160156,904,2877173839996,2877168350,135,3,1,3815807,0.046875,-0.01171875,-0.0390625,905,2877170842953,2877168352,136,0,1,6812850,-0.00390625,0.01171875,0
1,885,2877187624540,2877187655591,1,0,0,1,0,7,7,0,0,0,4,0,0,906,2877181870306,2877178053,137,0,1,5785285,0.87286377,-0.022277832,-0.0625610352,0.483398438,-1.00714648,-0.0995391309,-0.0882313251,3.14160156,905,2877183839228,2877177850,136,3,1,3816363,0.0078125,0,-0.078125,906,2877180841555,2877178352,137,0,1,6814036,0.001953125,0.013671875,-0.001953125
1,886,2877197624540,2877197655620,1,0,0,1,0,7,7,0,0,0,4,0,0,907,2877191870020,2877187853,138,0,1,5785600,0.87286377,-0.0222167969,-0.0625,0.483398438,-1.00716507,-0.0993727446,-0.0881837234,3.14160156,906,2877193838886,2877188350,137,3,1,3816734,-0.02734375,0.015625,-0.0390625,907,2877190842010,2877188552,138,0,1,6813610,0.00390625,-0.001953125,-0.001953125
1,887,2877207624540,2877207655686,1,0,0,1,0,7,7,0,0,0,4,0,0,908,2877201869381,2877198052,139,0,1,5786305,0.87286377,-0.0222167969,-0.0625,0.483398438,-1.00716507,-0.0993727446,-0.0881837234,3.14160156,907,2877203838081,2877198049,138,3,1,3817605,-0.02734375,0.015625,0,908,2877200840908,2877198151,139,0,1,6814778,-0.00390625,-0.001953125,0
1,888,2877217624540,2877217655566,1,0,0,1,0,7,7,0,0,0,4,0,0,909,2877211869633,2877208053,140,0,1,5785933,0.87286377,-0.0222167969,-0.0625610352,0.483398438,-1.00715065,-0.0994320512,-0.0882903934,3.14160156,908,2877213843411,2877208255,139,3,1,3812155,0.01171875,0.00390625,0.0390625,909,2877210840400,2877208351,140,0,1,6815166,-0.0078125,-0.005859375,0.001953125
1,889,2877227624540,2877227685622,1,0,0,1,0,7,7,0,0,0,4,0,0,910,2877221870996,2877218053,141,0,1,5814626,0.87286377,-0.0222167969,-0.0625610352,0.483398438,-1.00715065,-0.0994320512,-0.0882903934,3.14160156,909,2877223840659,2877217652,140,3,1,3844963,0.01171875,0.00390625,0.0390625,910,2877220840855,2877218351,141,0,1,6844767,0.00390625,0.005859375,0
1,890,2877237624540,2877237662389,1,0,0,1,0,7,7,0,0,0,4,0,0,911,2877231873472,2877228050,142,0,1,5788917,0.87286377,-0.0222167969,-0.0625,0.483398438,-1.00716507,-0.0993727446,-0.0881837234,3.14160156,910,2877233887787,2877228266,141,3,1,3774602,-0.02734375,0.015625,-0.078125,911,2877230879196,2877228350,142,0,1,6783193,0.00390625,0.01171875,-0.001953125
1,891,2877247624540,2877247662659,1,0,0,1,0,7,7,0,0,0,4,0,0,912,2877241878282,2877237854,143,0,1,5784377,0.87286377,-0.0222167969,-0.0625,0.483398438,-1.00716507,-0.0993727446,-0.0881837234,3.14160156,911,2877243910521,2877238274,142,3,1,3752138,0.01171875,0,0,912,2877240883469,2877238355,143,0,1,6779190,-0.00390625,-0.001953125,0
1,892,2877257624540,2877257654514,1,0,0,1,0,7,7,0,0,0,4,0,0,913,2877251885781,2877247856,144,0,1,5768733,0.87286377,-0.0222167969,-0.0625610352,0.483398438,-1.00715065,-0.0994320512,-0.0882903934,3.14160156,912,2877253857928,2877248053,143,3,1,3796586,-0.02734375,0.015625,0.0390625,913,2877250904035,2877248574,144,0,1,6750479,-0.0078125,-0.0078125,-0.001953125
1,893,2877267624540,2877267648463,1,0,0,1,0,7,7,0,0,0,4,0,0,914,2877261837303,2877257645,145,0,1,5811160,0.87286377,-0.0222167969,-0.0625610352,0.483398438,-1.00715065,-0.0994320512,-0.0882903934,3.14160156,913,2877263811155,2877257644,144,3,1,3837308,-0.02734375,0.015625,0.0390625,914,2877260842860,2877258346,145,0,1,6805603,-0.001953125,0.001953125,0
1,894,2877277624540,2877277653014,1,0,0,1,0,7,7,0,0,0,4,0,0,915,2877271847730,2877267848,146,0,1,5805284,0.87286377,-0.0222167969,-0.0625610352,0.483398438,-1.00715065,-0.0994320512,-0.0882903934,3.14160156,914,2877273820229,2877268250,145,3,1,3832785,0.01171875,0,0,915,2877270815661,2877268346,146,0,1,6837353,0.00390625,0.005859375,0.001953125
1,895,2877287624540,2877287653062,1,0,0,1,0,7,7,0,0,0,4,0,0,916,2877281845831,2877278050,147,0,1,5807231,0.87286377,-0.0222167969,-0.0625610352,0.483398438,-1.00715065,-0.0994320512,-0.0882903934,3.14160156,915,2877283819387,2877278249,146,3,1,3833675,0.046875,-0.01171875,0,916,2877280824086,2877278349,147,0,1,6828976,0,0,-0.00390625
1,896,2877297624540,2877297653220,1,0,0,1,0,7,7,0,0,0,4,0,0,917,2877291845174,2877287850,148,0,1,5808046,0.87286377,-0.0222167969,-0.0625610352,0.483398438,-1.00715065,-0.0994320512,-0.0882903934,3.14160156,916,2877293818785,2877288049,147,3,1,3834435,0.01171875,0,0,917,2877290819741,2877288550,148,0,1,6833479,-0.005859375,0.00390625,0
1,897,2877307624540,2877307653101,1,0,0,1,0,7,7,0,0,0,4,0,0,918,2877301844684,2877297850,149,0,1,5808417,0.872924805,-0.0222167969,-0.0625610352,0.483398438,-1.00700128,-0.0994347781,-0.0882791653,3.14160156,917,2877303818351,2877297849,148,3,1,3834750,-0.02734375,0.015625,-0.0390625,918,2877300818286,2877297947,149,0,1,6834815,-0.00390625,0.00390625,-0.001953125
1,898,2877317624540,2877317652666,1,0,0,1,0,7,7,0,0,0,4,0,0,919,2877311844379,2877307850,150,0,1,5808287,0.872924805,-0.0222167969,-0.0625610352,0.483337402,-1.00694406,-0.0994270965,-0.088292338,3.14160156,918,2877313818194,2877308249,149,3,1,3834472,-0.02734375,0.015625,0.0390625,919,2877310818575,2877308349,150,0,1,6834091,-0.001953125,0.001953125,-0.001953125
1,899,2877327624540,2877327652769,1,0,0,1,0,7,7,0,0,0,4,0,0,920,2877321844389,2877317850,151,0,1,5808380,0.872924805,-0.0222167969,-0.0625610352,0.483337402,-1.00694406,-0.0994270965,-0.088292338,3.14160156,919,2877323817797,2877317849,150,3,1,3834972,0.01953125,0,0,920,2877320815156,2877318347,151,0,1,6837613,0.001953125,0.00390625,-0.001953125
1,900,2877337624540,2877337653094,1,0,0,1,0,7,7,0,0,0,4,0,0,921,2877330841357,2877327748,152,0,1,6811737,0.872924805,-0.0222167969,-0.0625,0.483337402,-1.00695848,-0.0993678048,-0.088185668,3.14160156,920,2877332816877,2877327949,151,3,1,4836217,-0.01953125,0.015625,-0.0078125,921,2877329817425,2877327349,152,0,1,7835669,-0.001953125,0.001953125,0.001953125
1,901,2877347624540,2877347653309,1,0,0,1,0,7,7,0,0,0,4,0,0,922,2877341846319,2877337851,153,0,1,5806990,0.872924805,-0.0222167969,-0.0625,0.483337402,-1.00695848,-0.0993678048,-0.088185668,3.14160156,921,2877343823230,2877337850,152,3,1,3830079,-0.01953125,0.015625,-0.0390625,922,2877340836010,2877337951,153,0,1,6817299,0.001953125,0,0
1,902,2877357624540,2877357656507,1,0,0,1,0,7,7,0,0,0,4,0,0,923,2877350842211,2877347748,154,0,1,6814296,0.872924805,-0.0222167969,-0.0625,0.483337402,-1.00695848,-0.0993678048,-0.088185668,3.14160156,922,2877352813320,2877348149,153,3,1,4843187,0.01953125,0.00390625,0.03125,923,2877349819707,2877347349,154,0,1,7836800,-0.001953125,0.001953125,0.001953125
1,903,2877367624540,2877367656406,1,0,0,1,0,7,7,0,0,0,4,0,0,924,2877361871900,2877357653,155,0,1,5784506,0.872924805,-0.0222167969,-0.0625,0.483398438,-1.00701571,-0.0993754715,-0.0881725103,3.14160156,923,2877363836225,2877357452,154,3,1,3820181,0.01953125,0,-0.0078125,924,2877360844502,2877358352,155,0,1,6811904,-0.001953125,-0.001953125,0.001953125
1,904,2877377624540,2877377656231,1,0,0,1,0,7,7,0,0,0,4,0,0,925,2877371871743,2877367653,156,0,1,5784488,0.87286377,-0.0222167969,-0.0625610352,0.483398438,-1.00715065,-0.0994320512,-0.0882903934,3.14160156,924,2877373842982,2877368052,155,3,1,3813249,0.046875,-0.01171875,-0.0078125,925,2877370844048,2877368152,156,0,1,6812183,-0.001953125,-0.0078125,0.00390625
1,905,2877387624540,2877387656482,1,0,0,1,0,7,7,0,0,0,4,0,0,926,2877380871102,2877377553,157,0,1,6785380,0.87286377,-0.0221557617,-0.0625610352,0.483398438,-1.0071547,-0.0993249714,-0.088349469,3.14160156,925,2877382843712,2877377952,156,3,1,4812770,0.01171875,0.00390625,0.03125,926,2877379841998,2877377152,157,0,1,7814484,-0.001953125,0.001953125,0.001953125
1,906,2877397624540,2877397656336,1,0,0,1,0,7,7,0,0,0,4,0,0,927,2877390873231,2877387754,158,0,1,6783105,0.87286377,-0.0222167969,-0.0625,0.483398438,-1.00716507,-0.0993727446,-0.0881837234,3.14160156,926,2877392845018,2877387952,157,3,1,4811318,-0.0546875,0.02734375,-0.046875,927,2877389841897,2877387352,158,0,1,7814439,0,0.01171875,0
1,907,2877407624540,2877407656333,1,0,0,1,0,7,7,0,0,0,4,0,0,928,2877400878437,2877397552,159,0,1,6777896,0.87286377,-0.0222167969,-0.0625,0.483398438,-1.00716507,-0.0993727446,-0.0881837234,3.14160156,927,2877402843847,2877397553,158,3,1,4812486,-0.01953125,0.0078125,-0.0078125,928,2877399839044,2877397350,159,0,1,7817289,0.00390625,0.00390625,-0.001953125
1,908,2877417624540,2877417656756,1,0,0,1,0,7,7,0,0,0,4,0,0,929,2877411872102,2877407650,160,0,1,5784654,0.87286377,-0.0221557617,-0.0625,0.483398438,-1.00716913,-0.0992656723,-0.088242799,3.14160156,928,2877413841794,2877408052,159,3,1,3814962,0.015625,-0.0078125,-0.046875,929,2877410836454,2877408152,160,0,1,6820302,-0.00390625,-0.001953125,0.001953125
1,909,2877427624540,2877427656179,1,0,0,1,0,7,7,0,0,0,4,0,0,930,2877420871296,2877417753,161,0,1,6784883,0.87286377,-0.0221557617,-0.0625,0.483398438,-1.00716913,-0.0992656723,-0.088242799,3.14160156,929,2877422842581,2877417951,160,3,1,4813598,0.015625,0,-0.046875,930,2877419842671,2877417352,161,0,1,7813508,-0.001953125,-0.001953125,-0.001953125
1,910,2877437624540,2877437656084,1,0,0,1,0,7,7,0,0,0,4,0,0,931,2877430871033,2877427553,162,0,1,6785051,0.87286377,-0.0221557617,-0.0625,0.483398438,-1.00716913,-0.0992656723,-0.088242799,3.14160156,930,2877432842949,2877427752,161,3,1,4813135,0.01953125,0,-0.0078125,931,2877429842428,2877427352,162,0,1,7813656,0,-0.001953125,0
1,911,2877447624540,2877447656507,1,0,0,1,0,7,7,0,0,0,4,0,0,932,2877441871112,2877437653,163,0,1,5785395,0.87286377,-0.0221557617,-0.0625,0.483398438,-1.00716913,-0.0992656723,-0.088242799,3.14160156,931,2877443842027,2877437652,162,3,1,3814480,0.01953125,0.00390625,0.03125,932,2877440842135,2877437952,163,0,1,6814372,0,0.00390625,0
1,912,2877457624540,2877457653984,1,0,0,1,0,7,7,0,0,0,4,0,0,933,2877450870546,2877447553,164,0,1,6783438,0.87286377,-0.0221557617,-0.0625,0.483398438,-1.00716913,-0.0992656723,-0.088242799,3.14160156,932,2877452840905,2877447950,163,3,1,4813079,0.015625,0,-0.0390625,933,2877449841977,2877447352,164,0,1,7812007,0.00390625,0.005859375,-0.001953125
1,913,2877467624540,2877467653889,1,0,0,1,0,7,7,0,0,0,4,0,0,934,2877460870766,2877457753,165,0,1,6783123,0.872924805,-0.0221557617,-0.0624389648,0.483398438,-1.0070343,-0.0992090851,-0.088124916,3.14160156,933,2877462839457,2877457950,164,3,1,4814432,-0.01953125,0.0078125,-0.0390625,934,2877459843420,2877457352,165,0,1,7810469,-0.001953125,0,0
1,914,2877477624540,2877477653219,1,0,0,1,0,7,7,0,0,0,4,0,0,935,2877470869892,2877467449,166,0,1,6783327,0.872924805,-0.0221557617,-0.0625,0.483398438,-1.00701988,-0.0992683843,-0.088231571,3.14160156,934,2877472839361,2877467949,165,3,1,4813858,-0.01953125,0.015625,0,935,2877469842936,2877467352,166,0,1,7810283,0,-0.0078125,-0.001953125
1,915,2877487624540,2877487653549,1,0,0,1,0,7,7,0,0,0,4,0,0,936,2877481869822,2877477653,167,0,1,5783727,0.872924805,-0.0220947266,-0.0625,0.483398438,-1.00702393,-0.0991613045,-0.0882906318,3.14160156,935,2877483841015,2877477652,166,3,1,3812534,0.015625,0,-0.0390625,936,2877480840957,2877477951,167,0,1,6812592,-0.00390625,0.00390625,0
1,916,2877497624540,2877497659070,1,0,0,1,0,7,7,0,0,0,4,0,0,937,2877490869516,2877487752,168,0,1,6789554,0.872924805,-0.0221557617,-0.0625,0.483398438,-1.00701988,-0.0992683843,-0.088231571,3.14160156,936,2877492838207,2877487949,167,3,1,4820863,0.01953125,0,0,937,2877489840576,2877487551,168,0,1,7818494,-0.00390625,0,0
1,917,2877507624540,2877507655694,1,0,0,1,0,7,7,0,0,0,4,0,0,938,2877500870365,2877497553,169,0,1,6785329,0.872924805,-0.0221557617,-0.0625,0.483398438,-1.00701988,-0.0992683843,-0.088231571,3.14160156,937,2877502840280,2877497352,168,3,1,4815414,0.01953125,0.00390625,0.0390625,938,2877499840240,2877497351,169,0,1,7815454,-0.001953125,-0.001953125,0
1,918,2877517624540,2877517655988,1,0,0,1,0,7,7,0,0,0,4,0,0,939,2877510869529,2877507553,170,0,1,6786459,0.872924805,-0.0221557617,-0.0625,0.483398438,-1.00701988,-0.0992683843,-0.088231571,3.14160156,938,2877512840944,2877507952,169,3,1,4815044,0.01953125,0.00390625,0.0390625,939,2877509840460,2877507351,170,0,1,7815528,-0.005859375,0,-0.001953125
1,919,2877527624540,2877527655614,1,0,0,1,0,7,7,0,0,0,4,0,0,940,2877520869433,2877517453,171,0,1,6786181,0.872924805,-0.0221557617,-0.0625,0.483337402,-1.00696266,-0.0992607176,-0.0882447287,3.14160156,939,2877522841627,2877517552,170,3,1,4813987,0.01953125,0,0,940,2877519840939,2877517151,171,0,1,7814675,-0.00390625,0.0078125,-0.001953125
1,920,2877537624540,2877537655908,1,0,0,1,0,7,7,0,0,0,4,0,0,941,2877530870784,2877527553,172,0,1,6785124,0.872924805,-0.0221557617,-0.0625,0.483337402,-1.00696266,-0.0992607176,-0.0882447287,3.14160156,940,2877532841050,2877527952,171,3,1,4814858,0.01953125,0,0,941,2877529842289,2877527552,172,0,1,7813619,0,0,-0.00390625
1,921,2877547624540,2877547656091,1,0,0,1,0,7,7,0,0,0,4,0,0,942,2877540870447,2877537453,173,0,1,6785644,0.872924805,-0.0221557617,-0.0625,0.483337402,-1.00696266,-0.0992607176,-0.0882447287,3.14160156,941,2877542841121,2877537352,172,3,1,4814970,-0.01953125,0.015625,0,942,2877539841600,2877537352,173,0,1,7814491,-0.001953125,-0.00390625,-0.001953125
1,922,2877557624540,2877557656032,1,0,0,1,0,7,7,0,0,0,4,0,0,943,2877550870834,2877547553,174,0,1,6785198,0.872924805,-0.0221557617,-0.0625,0.483337402,-1.00696266,-0.0992607176,-0.0882447287,3.14160156,942,2877552841675,2877547952,173,3,1,4814357,0.01953125,0,0,943,2877549842006,2877547352,174,0,1,7814026,0,-0.001953125,0.001953125
1,923,2877567624540,2877567656901,1,0,0,1,0,7,7,0,0,0,4,0,0,944,2877560870479,2877557553,175,0,1,6786422,0.872924805,-0.0221557617,-0.0625,0.483337402,-1.00696266,-0.0992607176,-0.0882447287,3.14160156,943,2877562842117,2877557752,174,3,1,4814784,0.01953125,0,0,944,2877559844116,2877557352,175,0,1,7812785,0,0,0.005859375
1,924,2877577624540,2877577655304,1,0,0,1,0,7,7,0,0,0,4,0,0,945,2877570869883,2877567553,176,0,1,6785421,0.872924805,-0.0221557617,-0.0625,0.483337402,-1.00696266,-0.0992607176,-0.0882447287,3.14160156,944,2877572841095,2877567752,175,3,1,4814209,0.01953125,0,0,945,2877569842927,2877567552,176,0,1,7812377,-0.001953125,0.005859375,0
1,925,2877587624540,2877587655728,1,0,0,1,0,7,7,0,0,0,4,0,0,946,2877581869276,2877577452,177,0,1,5786452,0.872924805,-0.0221557617,-0.0625,0.483337402,-1.00696266,-0.0992607176,-0.0882447287,3.14160156,945,2877583840247,2877577651,176,3,1,3815481,0.0546875,-0.01171875,0,946,2877580840800,2877577951,177,0,1,6814928,-0.00390625,0,-0.001953125
1,926,2877597624540,2877597655410,1,0,0,1,0,7,7,0,0,0,4,0,0,947,2877590869451,2877587252,178,0,1,6785959,0.872924805,-0.0221557617,-0.0625,0.483398438,-1.00701988,-0.0992683843,-0.088231571,3.14160156,946,2877592840107,2877587352,177,3,1,4815303,-0.01953125,0.015625,0.0390625,947,2877589840660,2877587352,178,0,1,7814750,0,-0.00390625,0.00390625
1,927,2877607624540,2877607655759,1,0,0,1,0,7,7,0,0,0,4,0,0,948,2877600870357,2877597553,179,0,1,6785402,0.87286377,-0.0220947266,-0.0625,0.483398438,-1.00717318,-0.0991585925,-0.0883018747,3.14160156,947,2877602841457,2877597752,178,3,1,4814302,0.01953125,0,-0.0078125,948,2877599839749,2877597350,179,0,1,7816010,0,-0.001953125,0.001953125
1,928,2877617624540,2877617655849,1,0,0,1,0,7,7,0,0,0,4,0,0,949,2877610870261,2877607453,180,0,1,6785588,0.87286377,-0.0220947266,-0.0625,0.483398438,-1.00717318,-0.0991585925,-0.0883018747,3.14160156,948,2877612841139,2877607752,179,3,1,4814710,0.0078125,0,-0.046875,949,2877609839468,2877607550,180,0,1,7816381,0,0.001953125,0.001953125
1,929,2877627624540,2877627655754,1,0,0,1,0,7,7,0,0,0,4,0,0,950,2877621870136,2877617452,181,0,1,5785618,0.87286377,-0.0220947266,-0.0625,0.483398438,-1.00717318,-0.0991585925,-0.0883018747,3.14160156,949,2877623841681,2877617452,180,3,1,3814073,0.01171875,0,-0.0078125,950,2877620841567,2877617952,181,0,1,6814187,0,-0.001953125,-0.001953125
1,930,2877637624540,2877637655844,1,0,0,1,0,7,7,0,0,0,4,0,0,951,2877630870441,2877627453,182,0,1,6785403,0.87286377,-0.0220947266,-0.0625610352,0.483398438,-1.00715888,-0.0992178917,-0.0884085447,3.14160156,950,2877632841338,2877627752,181,3,1,4814506,0.01171875,0,-0.0078125,951,2877629838481,2877627349,182,0,1,7817363,-0.00390625,0,0
1,931,2877647624540,2877647656193,1,0,0,1,0,7,7,0,0,0,4,0,0,952,2877640870327,2877637553,183,0,1,6785866,0.87286377,-0.0220947266,-0.0625610352,0.483398438,-1.00715888,-0.0992178917,-0.0884085447,3.14160156,951,2877642841409,2877637252,182,3,1,4814784,-0.00390625,-0.03515625,-0.0078125,952,2877639839238,2877637350,183,0,1,7816955,0,0,0
1,932,2877657624540,2877657656005,1,0,0,1,0,7,7,0,0,0,4,0,0,953,2877651869850,2877647452,184,0,1,5786155,0.87286377,-0.0220947266,-0.0625610352,0.483398438,-1.00715888,-0.0992178917,-0.0884085447,3.14160156,952,2877653841618,2877647852,183,3,1,3814387,0.01171875,0.00390625,0.03125,953,2877650841225,2877647951,184,0,1,6814780,0.001953125,0.001953125,0
1,933,2877667624540,2877667653445,1,0,0,1,0,7,7,0,0,0,4,0,0,954,2877660870692,2877657253,185,0,1,6782753,0.87286377,-0.0220947266,-0.0625,0.483398438,-1.00717318,-0.0991585925,-0.0883018747,3.14160156,953,2877662835399,2877657352,184,3,1,4818046,-0.02734375,0.015625,-0.0078125,954,2877659841457,2877657352,185,0,1,7811988,0.00390625,0.0078125,0
1,934,2877677624540,2877677655944,1,0,0,1,0,7,7,0,0,0,4,0,0,955,2877670872395,2877667453,186,0,1,6783549,0.87286377,-0.0220947266,-0.0625,0.483398438,-1.00717318,-0.0991585925,-0.0883018747,3.14160156,954,2877672842773,2877667352,185,3,1,4813171,-0.0625,0.02734375,-0.046875,955,2877669847255,2877667352,186,0,1,7808689,-0.001953125,0.005859375,0
1,935,2877687624540,2877687655886,1,0,0,1,0,7,7,0,0,0,4,0,0,956,2877680869649,2877677251,187,0,1,6786237,0.87286377,-0.0220947266,-0.0625,0.483398438,-1.00717318,-0.0991585925,-0.0883018747,3.14160156,955,2877682842714,2877677252,186,3,1,4813172,-0.02734375,0.015625,-0.0078125,956,2877679842674,2877677352,187,0,1,7813212,-0.00390625,-0.001953125,0
1,936,2877697624540,2877697655994,1,0,0,1,0,7,7,0,0,0,4,0,0,957,2877690868330,2877687450,188,0,1,6787664,0.87286377,-0.0220947266,-0.0625,0.483398438,-1.00717318,-0.0991585925,-0.0883018747,3.14160156,956,2877692842230,2877687552,187,3,1,4813764,0.01171875,0,-0.0078125,957,2877689842004,2877687352,188,0,1,7813990,0.001953125,-0.005859375,0.001953125
1,937,2877707624540,2877707655899,1,0,0,1,0,7,7,0,0,0,4,0,0,958,2877700868050,2877697450,189,0,1,6787849,0.87286377,-0.0220336914,-0.0625,0.483398438,-1.00717735,-0.0990515128,-0.0883609504,3.14160156,957,2877702841838,2877697752,188,3,1,4814061,0.01171875,0,-0.0078125,958,2877699841798,2877697352,189,0,1,7814101,-0.001953125,0,0
1,938,2877717624540,2877717654413,1,0,0,1,0,7,7,0,0,0,4,0,0,959,2877710868232,2877707450,190,0,1,6786181,0.87286377,-0.0220336914,-0.0625610352,0.483398438,-1.00716293,-0.0991108119,-0.0884676129,3.14160156,958,2877712841742,2877707352,189,3,1,4812671,0.01171875,0,-0.0078125,959,2877709841461,2877707352,190,0,1,7812952,-0.00390625,0.001953125,-0.001953125
1,939,2877727624540,2877727655819,1,0,0,1,0,7,7,0,0,0,4,0,0,960,2877720869193,2877717451,191,0,1,6786626,0.87286377,-0.0220336914,-0.0625,0.483398438,-1.00717735,-0.0990515128,-0.0883609504,3.14160156,959,2877722841832,2877717352,190,3,1,4813987,0.01171875,0,-0.0078125,960,2877719847779,2877717152,191,0,1,7808040,0,0.005859375,-0.001953125
1,940,2877737624540,2877737656206,1,0,0,1,0,7,7,0,0,0,4,0,0,961,2877730871155,2877727053,192,0,1,6785051,0.87286377,-0.0220947266,-0.0625,0.483398438,-1.00717318,-0.0991585925,-0.0883018747,3.14160156,960,2877732842015,2877727352,191,3,1,4814191,0.01171875,0,-0.0078125,961,2877729844940,2877727352,192,0,1,7811266,-0.00390625,0.00390625,0.001953125
1,941,2877747624540,2877747656685,1,0,0,1,0,7,7,0,0,0,4,0,0,962,2877740872079,2877737454,193,0,1,6784606,0.87286377,-0.0220947266,-0.0625,0.483398438,-1.00717318,-0.0991585925,-0.0883018747,3.14160156,961,2877742843495,2877737252,192,3,1,4813190,-0.02734375,0.015625,-0.0078125,962,2877739847106,2877737353,193,0,1,7809579,0,0,0.001953125
1,942,2877757624540,2877757656645,1,0,0,1,0,7,7,0,0,0,4,0,0,963,2877750870927,2877747253,194,0,1,6785718,0.87286377,-0.0220336914,-0.0625,0.483398438,-1.00717735,-0.0990515128,-0.0883609504,3.14160156,962,2877752843233,2877747752,193,3,1,4813412,0.01171875,0,-0.0078125,963,2877749842118,2877747552,194,0,1,7814527,0,0,0.001953125
1,943,2877767624540,2877767655957,1,0,0,1,0,7,7,0,0,0,4,0,0,964,2877760871314,2877757453,195,0,1,6784643,0.87286377,-0.0220336914,-0.0625,0.483398438,-1.00717735,-0.0990515128,-0.0883609504,3.14160156,963,2877762841692,2877757352,194,3,1,4814265,0.01171875,0,-0.0078125,964,2877759842838,2877757152,195,0,1,7813119,0.001953125,0.001953125,0
1,944,2877777624540,2877777656028,1,0,0,1,0,7,7,0,0,0,4,0,0,965,2877770870588,2877767452,196,0,1,6785440,0.87286377,-0.0220336914,-0.0625,0.483398438,-1.00717735,-0.0990515128,-0.0883609504,3.14160156,964,2877772841800,2877767552,195,3,1,4814228,-0.02734375,0.015625,-0.046875,965,2877769841297,2877767652,196,0,1,7814731,0,0.001953125,0
1,945,2877787624540,2877787656192,1,0,0,1,0,7,7,0,0,0,4,0,0,966,2877780870215,2877777452,197,0,1,6785977,0.87286377,-0.0220336914,-0.0625,0.483398438,-1.00717735,-0.0990515128,-0.0883609504,3.14160156,965,2877782841556,2877777052,196,3,1,4814636,-0.02734375,0.015625,-0.0078125,966,2877779842239,2877777552,197,0,1,7813953,0,0,-0.001953125
1,946,2877797624540,2877797656412,1,0,0,1,0,7,7,0,0,0,4,0,0,967,2877790870824,2877787453,198,0,1,6785588,0.87286377,-0.0220336914,-0.0625,0.483398438,-1.00717735,-0.0990515128,-0.0883609504,3.14160156,966,2877792841795,2877787552,197,3,1,4814617,0.01171875,0,-0.0078125,967,2877789841755,2877787552,198,0,1,7814657,0,0.001953125,0.001953125
1,947,2877807624540,2877807655946,1,0,0,1,0,7,7,0,0,0,4,0,0,968,2877799870351,2877796753,199,0,1,7785595,0.87286377,-0.0220336914,-0.0625,0.483398438,-1.00717735,-0.0990515128,-0.0883609504,3.14160156,967,2877801838819,2877797150,198,3,1,5817127,0.01171875,0,-0.0078125,968,2877798841263,2877796552,199,0,1,8814683,0,0,-0.001953125
1,948,2877817624540,2877817656462,1,0,0,1,0,7,7,0,0,0,4,0,0,969,2877810870318,2877807252,200,0,1,6786144,0.87286377,-0.0219726562,-0.0625,0.483398438,-1.00718141,-0.0989444405,-0.0884200186,3.14160156,968,2877812841659,2877807352,199,3,1,4814803,0.0078125,0,-0.046875,969,2877809841545,2877807652,200,0,1,7814917,0.001953125,-0.00390625,-0.001953125
1,949,2877827624540,2877827653753,1,0,0,1,0,7,7,0,0,0,4,0,0,970,2877820870408,2877817053,201,0,1,6783345,0.87286377,-0.0219726562,-0.0625,0.483398438,-1.00718141,-0.0989444405,-0.0884200186,3.14160156,969,2877822841657,2877817050,200,3,1,4812096,0.01171875,0,0,970,2877819838966,2877817549,201,0,1,7814787,0,-0.00390625,0
1,950,2877837624540,2877837653584,1,0,0,1,0,7,7,0,0,0,4,0,0,971,2877830870535,2877827253,202,0,1,6783049,0.87286377,-0.0219726562,-0.0625,0.483398438,-1.00718141,-0.0989444405,-0.0884200186,3.14160156,970,2877832839133,2877827550,201,3,1,4814451,0.01171875,0.00390625,0.0390625,971,2877829841354,2877827551,202,0,1,7812230,0.001953125,0.001953125,0
1,951,2877847624540,2877847653173,1,0,0,1,0,7,7,0,0,0,4,0,0,972,2877840875110,2877837255,203,0,1,6778063,0.87286377,-0.0219116211,-0.0625,0.483398438,-1.00718546,-0.0988373682,-0.0884790942,3.14160156,971,2877842842281,2877837350,202,3,1,4810892,-0.02734375,0.015625,0,972,2877839868264,2877837562,203,0,1,7784909,0.001953125,0.00390625,-0.001953125
1,952,2877857624540,2877857652151,1,0,0,1,0,7,7,0,0,0,4,0,0,973,2877850888044,2877847259,204,0,1,6764107,0.87286377,-0.0219116211,-0.0625,0.483398438,-1.00718546,-0.0988373682,-0.0884790942,3.14160156,972,2877852835124,2877847348,203,3,1,4817027,0.01171875,0,-0.0078125,973,2877849857789,2877847649,204,0,1,7794362,0.001953125,0.001953125,0
1,953,2877867624540,2877867653779,1,0,0,1,0,7,7,0,0,0,4,0,0,974,2877860874345,2877857251,205,0,1,6779434,0.87286377,-0.0219116211,-0.0625,0.483398438,-1.00718546,-0.0988373682,-0.0884790942,3.14160156,973,2877862841108,2877857250,204,3,1,4812671,0.01171875,0,-0.0078125,974,2877859836805,2877857149,205,0,1,7816974,-0.001953125,0.00390625,-0.001953125
1,954,2877877624540,2877877656038,1,0,0,1,0,7,7,0,0,0,4,0,0,975,2877869870925,2877866753,206,0,1,7785113,0.87286377,-0.0219116211,-0.0625,0.483398438,-1.00718546,-0.0988373682,-0.0884790942,3.14160156,974,2877871844601,2877866952,205,3,1,5811437,0.01171875,0,-0.0078125,975,2877868842208,2877866552,206,0,1,8813830,0,0,0.001953125
1,955,2877887624540,2877887655831,1,0,0,1,0,7,7,0,0,0,4,0,0,976,2877880870892,2877877052,207,0,1,6784939,0.87286377,-0.0219116211,-0.0625,0.483398438,-1.00718546,-0.0988373682,-0.0884790942,3.14160156,975,2877882840769,2877876852,206,3,1,4815062,0.01171875,0,-0.0078125,976,2877879842379,2877877552,207,0,1,7813452,-0.001953125,0,0.001953125
1,956,2877897624540,2877897655550,1,0,0,1,0,7,7,0,0,0,4,0,0,977,2877890869740,2877887052,208,0,1,6785810,0.87286377,-0.0219116211,-0.0625,0.483398438,-1.00718546,-0.0988373682,-0.0884790942,3.14160156,976,2877892840507,2877887552,207,3,1,4815043,0.046875,-0.01171875,-0.046875,977,2877889840560,2877887652,208,0,1,7814990,-0.001953125,0,-0.001953125
1,957,2877907624540,2877907655992,1,0,0,1,0,7,7,0,0,0,4,0,0,978,2877900870645,2877897252,209,0,1,6785347,0.87286377,-0.0219116211,-0.0625,0.483398438,-1.00718546,-0.0988373682,-0.0884790942,3.14160156,977,2877902841931,2877897252,208,3,1,4814061,0.01171875,0,-0.0078125,978,2877899843578,2877897352,209,0,1,7812414,0,-0.001953125,0.001953125
1,958,2877917624540,2877917655953,1,0,0,1,0,7,7,0,0,0,4,0,0,979,2877910870810,2877907253,210,0,1,6785143,0.87286377,-0.0219116211,-0.0625,0.483398438,-1.00718546,-0.0988373682,-0.0884790942,3.14160156,978,2877912842095,2877907552,209,3,1,4813858,0.01171875,0,-0.0078125,979,2877909841518,2877907352,210,0,1,7814435,0,0.001953125,0
1,959,2877927624540,2877927656006,1,0,0,1,0,7,7,0,0,0,4,0,0,980,2877920869546,2877916850,211,0,1,6786460,0.87286377,-0.0219116211,-0.0625,0.483398438,-1.00718546,-0.0988373682,-0.0884790942,3.14160156,979,2877922843001,2877917052,210,3,1,4813005,0.01171875,0,-0.0078125,980,2877919849541,2877917552,211,0,1,7806465,-0.001953125,0.001953125,0
1,960,2877937624540,2877937656077,1,0,0,1,0,7,7,0,0,0,4,0,0,981,2877930871434,2877927053,212,0,1,6784643,0.87286377,-0.0219116211,-0.0625,0.483398438,-1.00718546,-0.0988373682,-0.0884790942,3.14160156,980,2877932842405,2877927352,211,3,1,4813672,0.01171875,0,-0.0078125,981,2877929845145,2877927553,212,0,1,7810932,0.001953125,0.001953125,-0.001953125
1,961,2877947624540,2877947655463,1,0,0,1,0,7,7,0,0,0,4,0,0,982,2877939869719,2877936551,213,0,1,7785744,0.87286377,-0.0218505859,-0.0625,0.483398438,-1.00718963,-0.0987302959,-0.0885381624,3.14160156,981,2877941841061,2877936951,212,3,1,5814402,0.0078125,0,-0.0390625,982,2877938834700,2877936550,213,0,1,8820763,0,0.001953125,-0.001953125
1,962,2877957624540,2877957650604,1,0,0,1,0,7,7,0,0,0,4,0,0,983,2877950870539,2877947252,214,0,1,6780065,0.87286377,-0.0218505859,-0.0625,0.483398438,-1.00718963,-0.0987302959,-0.0885381624,3.14160156,982,2877952840824,2877947252,213,3,1,4809780,0.01171875,0.00390625,0.0390625,983,2877949840580,2877947651,214,0,1,7810024,-0.001953125,0,-0.001953125
1,963,2877967624540,2877967655939,1,0,0,1,0,7,7,0,0,0,4,0,0,984,2877960871000,2877956853,215,0,1,6784939,0.872924805,-0.0218505859,-0.0625,0.483398438,-1.00704038,-0.0987329781,-0.0885268748,3.14160156,983,2877962840673,2877956852,214,3,1,4815266,0.01171875,0,-0.0078125,984,2877959850994,2877957555,215,0,1,7804945,-0.001953125,-0.001953125,-0.001953125
1,964,2877977624540,2877977656196,1,0,0,1,0,7,7,0,0,0,4,0,0,985,2877970870589,2877967053,216,0,1,6785607,0.872924805,-0.0218505859,-0.0625,0.483398438,-1.00704038,-0.0987329781,-0.0885268748,3.14160156,984,2877972841820,2877967352,215,3,1,4814376,0.01171875,0,-0.0078125,985,2877969840056,2877967550,216,0,1,7816140,0,-0.001953125,0
1,965,2877987624540,2877987655563,1,0,0,1,0,7,7,0,0,0,4,0,0,986,2877980870827,2877977053,217,0,1,6784736,0.872924805,-0.0218505859,-0.0625,0.483398438,-1.00704038,-0.0987329781,-0.0885268748,3.14160156,985,2877982841965,2877977352,216,3,1,4813598,-0.02734375,0.015625,-0.0078125,986,2877979839312,2877977550,217,0,1,7816251,0.00390625,0.00390625,-0.001953125
1,966,2877997624540,2877997656024,1,0,0,1,0,7,7,0,0,0,4,0,0,987,2877990870398,2877986853,218,0,1,6785626,0.872924805,-0.0218505859,-0.0625,0.483398438,-1.00704038,-0.0987329781,-0.0885268748,3.14160156,986,2877992840795,2877987352,217,3,1,4815229,0.01171875,0,-0.0078125,987,2877989839309,2877987550,218,0,1,7816715,0.00390625,0.00390625,0
1,967,2878007624540,2878007656076,1,0,0,1,0,7,7,0,0,0,4,0,0,988,2878000870303,2877997053,219,0,1,6785773,0.872924805,-0.0218505859,-0.0624389648,0.483398438,-1.00705469,-0.0986736789,-0.0884202272,3.14160156,987,2878002841367,2877997052,218,3,1,4814709,-0.02734375,0.015625,-0.0078125,988,2877999838528,2877997350,219,0,1,7817548,0.001953125,0.005859375,0.001953125
1,968,2878017624540,2878017655962,1,0,0,1,0,7,7,0,0,0,4,0,0,989,2878009867717,2878006550,220,0,1,7788245,0.872924805,-0.0217895508,-0.0624389648,0.483398438,-1.00705886,-0.0985665992,-0.0884792879,3.14160156,988,2878011841283,2878006752,219,3,1,5814679,0.0078125,0,-0.046875,989,2878008840705,2878006552,220,0,1,8815257,0.001953125,-0.001953125,-0.001953125
1,969,2878027624540,2878027655830,1,0,0,1,0,7,7,0,0,0,4,0,0,990,2878019869345,2878016751,221,0,1,7786485,0.872924805,-0.0217895508,-0.0624389648,0.483398438,-1.00705886,-0.0985665992,-0.0884792879,3.14160156,989,2878021842003,2878017152,220,3,1,5813827,0.01171875,0,-0.0078125,990,2878018850099,2878016552,221,0,1,8805731,0,-0.00390625,0.001953125
1,970,2878037624540,2878037655957,1,0,0,1,0,7,7,0,0,0,4,0,0,991,2878029871048,2878026753,222,0,1,7784909,0.872924805,-0.0217895508,-0.0625,0.483398438,-1.00704443,-0.0986258984,-0.0885859355,3.14160156,990,2878031842018,2878027352,221,3,1,5813939,0.01171875,0,0,991,2878028842016,2878026650,222,0,1,8813941,0,-0.001953125,0
1,971,2878047624540,2878047655825,1,0,0,1,0,7,7,0,0,0,4,0,0,992,2878040872368,2878036854,223,0,1,6783457,0.872924805,-0.0217895508,-0.0625,0.483398438,-1.00704443,-0.0986258984,-0.0885859355,3.14160156,991,2878042842894,2878037052,222,3,1,4812931,0.01171875,0,0,992,2878039847525,2878037153,223,0,1,7808300,0,0.005859375,0
1,972,2878057624540,2878057655803,1,0,0,1,0,7,7,0,0,0,4,0,0,993,2878049871246,2878046953,224,0,1,7784557,0.872924805,-0.0217895508,-0.0624389648,0.483398438,-1.00705886,-0.0985665992,-0.0884792879,3.14160156,992,2878051841865,2878047352,223,3,1,5813938,-0.02734375,0.015625,0,993,2878048842140,2878046552,224,0,1,8813663,0.00390625,0.001953125,-0.001953125
1,973,2878067624540,2878067655745,1,0,0,1,0,7,7,0,0,0,4,0,0,994,2878060868322,2878056850,225,0,1,6787423,0.872924805,-0.0217895508,-0.0624389648,0.483398438,-1.00705886,-0.0985665992,-0.0884792879,3.14160156,993,2878062841554,2878056852,224,3,1,4814191,0.01171875,0,0,994,2878059844961,2878057553,225,0,1,7810784,0.001953125,0.001953125,-0.001953125
1,974,2878077624540,2878077655650,1,0,0,1,0,7,7,0,0,0,4,0,0,995,2878070862555,2878067050,226,0,1,6793095,0.872924805,-0.0217285156,-0.0624389648,0.483398438,-1.00706291,-0.0984595194,-0.0885383412,3.14160156,994,2878072842738,2878067352,225,3,1,4812912,-0.02734375,0.015625,0,995,2878069841215,2878067552,226,0,1,7814435,0,0,0.001953125
1,975,2878087624540,2878087655721,1,0,0,1,0,7,7,0,0,0,4,0,0,996,2878079869848,2878076452,227,0,1,7785873,0.872924805,-0.0217285156,-0.0624389648,0.483398438,-1.00706291,-0.0984595194,-0.0885383412,3.14160156,995,2878081840893,2878076752,226,3,1,5814828,0.01171875,0,0,996,2878078840964,2878076152,227,0,1,8814757,0,0,0
1,976,2878097624540,2878097655700,1,0,0,1,0,7,7,0,0,0,4,0,0,997,2878090867350,2878087050,228,0,1,6788350,0.872924805,-0.0217285156,-0.0624389648,0.483398438,-1.00706291,-0.0984595194,-0.0885383412,3.14160156,996,2878092840897,2878087052,227,3,1,4814803,0.0078125,0,-0.0390625,997,2878089840338,2878087551,228,0,1,7815362,-0.00390625,0,-0.001953125
1,977,2878107624540,2878107655715,1,0,0,1,0,7,7,0,0,0,4,0,0,998,2878100869219,2878097052,229,0,1,6786496,0.872924805,-0.0217285156,-0.0624389648,0.483398438,-1.00706291,-0.0984595194,-0.0885383412,3.14160156,997,2878102841061,2878096852,228,3,1,4814654,0.01171875,0,0,998,2878099840613,2878097151,229,0,1,7815102,0,0.001953125,0
1,978,2878117624540,2878117655713,1,0,0,1,0,7,7,0,0,0,4,0,0,999,2878110869235,2878106852,230,0,1,6786478,0.872924805,-0.0217285156,-0.0624389648,0.483398438,-1.00706291,-0.0984595194,-0.0885383412,3.14160156,998,2878112840688,2878107252,229,3,1,4815025,0.01171875,0,0,999,2878109840166,2878107351,230,0,1,7815547,0.00390625,-0.001953125,0
1,979,2878127624540,2878127656136,1,0,0,1,0,7,7,0,0,0,4,0,0,1000,2878120869696,2878116852,231,0,1,6786440,0.872924805,-0.0217285156,-0.0624389648,0.483398438,-1.00706291,-0.0984595194,-0.0885383412,3.14160156,999,2878122843002,2878117252,230,3,1,4813134,-0.02734375,0.015625,0.0390625,1000,2878119840293,2878117352,231,0,1,7815843,0.001953125,0.00390625,0
1,980,2878137624540,2878137656004,1,0,0,1,0,7,7,0,0,0,4,0,0,1001,2878129870724,2878126752,232,0,1,7785280,0.872924805,-0.0217285156,-0.0624389648,0.483398438,-1.00706291,-0.0984595194,-0.0885383412,3.14160156,1000,2878131839433,2878126950,231,3,1,5816571,0.01171875,0.00390625,0.0390625,1001,2878128841191,2878126352,232,0,1,8814813,0,0,0.001953125
1,981,2878147624540,2878147656131,1,0,0,1,0,7,7,0,0,0,4,0,0,1002,2878140870432,2878136852,233,0,1,6785699,0.872924805,-0.0217285156,-0.0624389648,0.483398438,-1.00706291,-0.0984595194,-0.0885383412,3.14160156,1001,2878142841662,2878136852,232,3,1,4814469,0.01171875,0.00390625,0.03125,1002,2878139840973,2878136952,233,0,1,7815158,-0.005859375,0.001953125,-0.001953125
1,982,2878157624540,2878157655998,1,0,0,1,0,7,7,0,0,0,4,0,0,1003,2878149870403,2878146452,234,0,1,7785595,0.872924805,-0.0217285156,-0.0624389648,0.483398438,-1.00706291,-0.0984595194,-0.0885383412,3.14160156,1002,2878151838909,2878146550,233,3,1,5817089,0.0078125,0,-0.046875,1003,2878148841297,2878146352,234,0,1,8814701,0.001953125,0,0
1,983,2878167624540,2878167655996,1,0,0,1,0,7,7,0,0,0,4,0,0,1004,2878159872402,2878156552,235,0,1,7783594,0.872924805,-0.0217285156,-0.0625,0.483398438,-1.00704849,-0.0985188186,-0.0886449888,3.14160156,1003,2878161839444,2878156550,234,3,1,5816552,0.01171875,0,-0.0078125,1004,2878158845835,2878156552,235,0,1,8810161,-0.001953125,-0.00390625,0
1,984,2878177624540,2878177656493,1,0,0,1,0,7,7,0,0,0,4,0,0,1005,2878170870868,2878166852,236,0,1,6785625,0.872924805,-0.0217285156,-0.0625,0.483398438,-1.00704849,-0.0985188186,-0.0886449888,3.14160156,1004,2878172840820,2878167051,235,3,1,4815673,0.01171875,0,-0.0078125,1005,2878169841280,2878166752,236,0,1,7815213,-0.001953125,0,0
1,985,2878187624540,2878187656175,1,0,0,1,0,7,7,0,0,0,4,0,0,1006,2878180870347,2878176853,237,0,1,6785828,0.872924805,-0.0217285156,-0.0625,0.483398438,-1.00704849,-0.0985188186,-0.0886449888,3.14160156,1005,2878182841113,2878177252,236,3,1,4815062,0.01171875,0,-0.0078125,1006,2878179841259,2878177352,237,0,1,7814916,-0.001953125,0.001953125,0
1,986,2878197624540,2878197656210,1,0,0,1,0,7,7,0,0,0,4,0,0,1007,2878189870874,2878186753,238,0,1,7785336,0.872924805,-0.0217285156,-0.0625,0.483398438,-1.00704849,-0.0985188186,-0.0886449888,3.14160156,1006,2878191841734,2878187152,237,3,1,5814476,-0.02734375,0.015625,-0.0078125,1007,2878188841027,2878186552,238,0,1,8815183,0,0.001953125,0
1,987,2878207624540,2878207653464,1,0,0,1,0,7,7,0,0,0,4,0,0,1008,2878199870093,2878196753,239,0,1,7783371,0.872924805,-0.0217285156,-0.0625,0.483398438,-1.00704849,-0.0985188186,-0.0886449888,3.14160156,1007,2878201841082,2878196352,238,3,1,5812382,-0.02734375,0.015625,0.03125,1008,2878198841580,2878196352,239,0,1,8811884,0.001953125,-0.001953125,0
1,988,2878217624540,2878217653461,1,0,0,1,0,7,7,0,0,0,4,0,0,1009,2878209870498,2878206753,240,0,1,7782963,0.872924805,-0.0216674805,-0.0625,0.483398438,-1.00705266,-0.0984117389,-0.0887040496,3.14160156,1008,2878211841228,2878207152,239,3,1,5812233,0.01171875,0,-0.0078125,1009,2878208842356,2878206352,240,0,1,8811105,0.001953125,0,-0.001953125
1,989,2878227624540,2878227653310,1,0,0,1,0,7,7,0,0,0,4,0,0,1010,2878219869346,2878216453,241,0,1,7783964,0.872924805,-0.0216674805,-0.0625,0.483398438,-1.00705266,-0.0984117389,-0.0887040496,3.14160156,1009,2878221840113,2878216552,240,3,1,5813197,0.01171875,0,-0.0078125,1010,2878218840740,2878216352,241,0,1,8812570,0.001953125,-0.00390625,0
1,990,2878237624540,2878237653752,1,0,0,1,0,7,7,0,0,0,4,0,0,1011,2878229869584,2878226752,242,0,1,7784168,0.872924805,-0.0216674805,-0.0625,0.483398438,-1.00705266,-0.0984117389,-0.0887040496,3.14160156,1010,2878231840036,2878226751,241,3,1,5813716,0.01171875,0,-0.0078125,1011,2878228840348,2878226352,242,0,1,8813404,-0.00390625,0,-0.001953125
1,991,2878247624540,2878247653805,1,0,0,1,0,7,7,0,0,0,4,0,0,1012,2878240869756,2878236853,243,0,1,6784049,0.872924805,-0.0216674805,-0.0625,0.483398438,-1.00705266,-0.0984117389,-0.0887040496,3.14160156,1011,2878242839336,2878236650,242,3,1,4814469,0.01171875,0,-0.0078125,1012,2878239841224,2878237152,243,0,1,7812581,0.001953125,-0.001953125,-0.001953125
1,992,2878257624540,2878257655897,1,0,0,1,0,7,7,0,0,0,4,0,0,1013,2878249870413,2878246753,244,0,1,7785484,0.872924805,-0.0216064453,-0.0625,0.483398438,-1.00705671,-0.0983046666,-0.0887631029,3.14160156,1012,2878251841106,2878247152,243,3,1,5814791,0.01171875,0.00390625,0.03125,1013,2878248841047,2878246352,244,0,1,8814850,0.00390625,0.001953125,0
1,993,2878267624540,2878267656024,1,0,0,1,0,7,7,0,0,0,4,0,0,1014,2878259905718,2878256767,245,0,1,7750306,0.872924805,-0.0216064453,-0.0625,0.483398438,-1.00705671,-0.0983046666,-0.0887631029,3.14160156,1013,2878261860694,2878257149,244,3,1,5795330,-0.02734375,0.015625,0.03125,1014,2878258884378,2878256371,245,0,1,8771646,-0.001953125,0.001953125,-0.001953125
1,994,2878277624540,2878277662545,1,0,0,1,0,7,7,0,0,0,4,0,0,1015,2878269898302,2878266567,246,0,1,7764243,0.872924805,-0.0216064453,-0.0625,0.483398438,-1.00705671,-0.0983046666,-0.0887631029,3.14160156,1014,2878271864083,2878266754,245,3,1,5798462,-0.02734375,0.015625,-0.0078125,1015,2878268896071,2878266369,246,0,1,8766474,-0.001953125,-0.001953125,0.001953125
1,995,2878287624540,2878287697980,1,0,0,1,0,7,7,0,0,0,4,0,0,1016,2878280919510,2878276669,247,0,1,6778470,0.872924805,-0.0216064453,-0.0625,0.483398438,-1.00705671,-0.0983046666,-0.0887631029,3.14160156,1015,2878282885235,2878276664,246,3,1,4812745,0.01171875,0,-0.0078125,1016,2878279888012,2878276956,247,0,1,7809968,-0.001953125,-0.001953125,0
1,996,2878297624540,2878297650233,1,0,0,1,0,7,7,0,0,0,4,0,0,1017,2878289881930,2878286254,248,0,1,7768303,0.872924805,-0.0216674805,-0.0625,0.483398438,-1.00705266,-0.0984117389,-0.0887040496,3.14160156,1016,2878291878664,2878286554,247,3,1,5771569,0.046875,-0.01171875,-0.0078125,1017,2878288879551,2878286554,248,0,1,8770682,0,0.001953125,0
1,997,2878307624540,2878307653288,1,0,0,1,0,7,7,0,0,0,4,0,0,1018,2878299861540,2878296548,249,0,1,7791748,0.872924805,-0.0216064453,-0.0625,0.483398438,-1.00705671,-0.0983046666,-0.0887631029,3.14160156,1017,2878301831491,2878296346,248,3,1,5821797,-0.02734375,0.015625,0.03125,1018,2878298840088,2878296546,249,0,1,8813200,0.0078125,0.001953125,0
1,998,2878317624540,2878317656474,1,0,0,1,0,7,7,0,0,0,4,0,0,1019,2878310873462,2878306654,250,0,1,6783012,0.872924805,-0.0216064453,-0.0625,0.483398438,-1.00705671,-0.0983046666,-0.0887631029,3.14160156,1018,2878312843117,2878307052,249,3,1,4813357,-0.02734375,0.015625,-0.0078125,1019,2878309858201,2878307353,250,0,1,7798273,0.005859375,0,0.001953125
1,999,2878327624540,2878327656638,1,0,0,1,0,7,7,0,0,0,4,0,0,1020,2878319873971,2878316553,251,0,1,7782667,0.872924805,-0.0215454102,-0.0625,0.483398438,-1.00706077,-0.0981975943,-0.0888221562,3.14160156,1019,2878321843033,2878316952,250,3,1,5813605,0.01171875,0,-0.0078125,1020,2878318842789,2878316352,251,0,1,8813849,-0.001953125,0,0
1,1000,2878337624540,2878337652947,1,0,0,1,0,7,7,0,0,0,4,0,0,1021,2878329872652,2878326551,252,0,1,7780295,0.872924805,-0.0215454102,-0.0625,0.483398438,-1.00706077,-0.0981975943,-0.0888221562,3.14160156,1020,2878331843456,2878326952,251,3,1,5809491,0.01171875,0,-0.0078125,1021,2878328845381,2878326352,252,0,1,8807566,-0.001953125,-0.00390625,-0.00390625
