schema_ver,pub_seq,sched_ns,actual_ns,epoch,deadline,gates_skipped,sample_ready,not_ready,valid_mask,fresh_mask,stale_mask,missing_mask,multi_mask,reader_state,reader_flags,logger_drops,rv_seq,rv_host_ns,rv_sensor_us,rv_report_seq,rv_status,rv_age_valid,rv_age_ns,rv_qw,rv_qx,rv_qy,rv_qz,rv_yaw_rad,rv_pitch_rad,rv_roll_rad,rv_err_rad,acc_seq,acc_host_ns,acc_sensor_us,acc_report_seq,acc_status,acc_age_valid,acc_age_ns,acc_x,acc_y,acc_z,gyr_seq,gyr_host_ns,gyr_sensor_us,gyr_report_seq,gyr_status,gyr_age_valid,gyr_age_ns,gyr_x,gyr_y,gyr_z
1,1,1710401133859,1710401169539,1,0,0,1,0,7,7,0,0,7,4,0,0,22,1710400385192,1710395864,21,0,1,784347,0.76739502,-0.415710449,0.106750488,0.476318359,-1.33083999,-0.566087246,0.725299835,3.14160156,21,1710396758079,1710394565,20,3,1,4411460,-0.01953125,0.00390625,-0.01953125,22,1710399347871,1710395763,21,0,1,1821668,0,0,0
1,2,1710411133859,1710411168367,1,0,0,1,0,7,7,0,0,2,4,0,0,23,1710408382525,1710404764,22,0,1,2785842,0.76739502,-0.415710449,0.106750488,0.476318359,-1.33083999,-0.566087246,0.725299835,3.14160156,23,1710410352873,1710404863,22,3,1,815494,-0.0546875,0.01953125,-0.01171875,23,1710407352890,1710405063,22,0,1,3815477,0,0.001953125,0
1,3,1710421133859,1710421167585,1,0,0,1,0,7,7,0,0,0,4,0,0,24,1710417381736,1710414264,23,0,1,3785849,0.76739502,-0.415771484,0.106750488,0.476379395,-1.33086991,-0.566182911,0.725304961,3.14160156,24,1710419352306,1710414463,23,3,1,1815279,-0.01171875,0.00390625,-0.01171875,24,1710416353359,1710413863,23,0,1,4814226,0.001953125,-0.001953125,0
1,4,1710431133859,1710431168506,1,0,0,1,0,7,7,0,0,0,4,0,0,25,1710428382886,1710424764,24,0,1,2785620,0.767333984,-0.415771484,0.106750488,0.476379395,-1.33106923,-0.566122711,0.725440681,3.14160156,25,1710430352827,1710424763,24,3,1,815679,-0.01171875,0.00390625,0.02734375,25,1710427356084,1710425163,24,0,1,3812422,0,-0.001953125,-0.001953125
1,5,1710441133859,1710441168575,1,0,0,1,0,7,7,0,0,0,4,0,0,26,1710438383548,1710434565,25,0,1,2785027,0.767333984,-0.415771484,0.106811523,0.476379395,-1.33105361,-0.566053808,0.72552371,3.14160156,26,1710440352285,1710434563,25,3,1,816290,-0.0234375,-0.03125,-0.01171875,26,1710437354857,1710435062,25,0,1,3813718,-0.001953125,0,0
1,6,1710451133859,1710451168570,1,0,0,1,0,7,7,0,0,0,4,0,0,27,1710448383339,1710444763,26,0,1,2785231,0.767333984,-0.415771484,0.106811523,0.476379395,-1.33105361,-0.566053808,0.72552371,3.14160156,27,1710450352725,1710445062,26,3,1,815845,-0.0234375,-0.03125,-0.01171875,27,1710447347500,1710444663,26,0,1,3821070,-0.00390625,0.001953125,0.001953125
1,7,1710461133859,1710461162769,1,0,0,1,0,7,7,0,0,0,4,0,0,28,1710458335929,1710454759,27,0,1,2826840,0.767333984,-0.415771484,0.106811523,0.476379395,-1.33105361,-0.566053808,0.72552371,3.14160156,28,1710460309369,1710455056,27,3,1,853400,-0.0234375,-0.03125,0.02734375,28,1710457312515,1710455058,27,0,1,3850254,0.001953125,0,0
1,8,1710471133859,1710471168783,1,0,0,1,0,7,7,0,0,0,4,0,0,29,1710468334850,1710464559,28,0,1,2833933,0.767333984,-0.415771484,0.106811523,0.476379395,-1.33105361,-0.566053808,0.72552371,3.14160156,29,1710470332956,1710465059,28,3,1,835827,-0.01171875,0.00390625,-0.01171875,29,1710467310788,1710465158,28,0,1,3857995,0,0,0
1,9,1710481133859,1710481175889,1,0,0,1,0,7,7,0,0,0,4,0,0,30,1710478341123,1710474559,29,0,1,2834766,0.767333984,-0.41583252,0.106872559,0.476379395,-1.33104157,-0.566095948,0.725658298,3.14160156,30,1710480367321,1710474776,29,3,1,808568,-0.01171875,0.00390625,-0.05078125,30,1710477346338,1710474858,29,0,1,3829551,0,0.00390625,0
1,10,1710491133859,1710491179458,1,0,0,1,0,7,7,0,0,0,4,0,0,31,1710487344407,1710484061,30,0,1,3835051,0.767272949,-0.41583252,0.106872559,0.476379395,-1.33124077,-0.566035807,0.725794017,3.14160156,31,1710489344291,1710484460,30,3,1,1835167,-0.01171875,0.00390625,-0.01171875,31,1710486348696,1710483860,30,0,1,4830762,0.001953125,0,-0.001953125
1,11,1710501133859,1710501159787,1,0,0,1,0,7,7,0,0,0,4,0,0,32,1710497342921,1710494260,31,0,1,3816866,0.767272949,-0.41583252,0.106872559,0.476379395,-1.33124077,-0.566035807,0.725794017,3.14160156,32,1710499304658,1710494654,31,3,1,1855129,-0.00390625,0.00390625,-0.01171875,32,1710496368320,1710494071,31,0,1,4791467,-0.001953125,0.001953125,-0.001953125
1,12,1710511133859,1710511163338,1,0,0,1,0,7,7,0,0,0,4,0,0,33,1710508336923,1710504558,32,0,1,2826415,0.767272949,-0.415893555,0.106872559,0.476318359,-1.331218,-0.566162109,0.725892007,3.14160156,33,1710510312623,1710504858,32,3,1,850715,-0.015625,-0.03125,-0.01171875,33,1710507324972,1710505056,32,0,1,3838366,-0.001953125,0,0
1,13,1710521133859,1710521162944,1,0,0,1,0,7,7,0,0,0,4,0,0,34,1710518336622,1710514559,33,0,1,2826322,0.767272949,-0.415893555,0.106933594,0.476379395,-1.33122861,-0.566077828,0.725928605,3.14160156,34,1710520311988,1710514558,33,3,1,850956,0.03125,-0.0078125,-0.01171875,34,1710517314264,1710514658,33,0,1,3848680,0,0,0.001953125
1,14,1710531133859,1710531160736,1,0,0,1,0,7,7,0,0,0,4,0,0,35,1710528335895,1710524560,34,0,1,2824841,0.767272949,-0.415893555,0.106933594,0.476379395,-1.33122861,-0.566077828,0.725928605,3.14160156,35,1710530311132,1710524858,34,3,1,849604,-0.00390625,0.00390625,-0.05078125,35,1710527315426,1710525059,34,0,1,3845310,0.00390625,0,0.001953125
1,15,1710541133859,1710541162009,1,0,0,1,0,7,7,0,0,0,4,0,0,36,1710538334631,1710534359,35,0,1,2827378,0.767272949,-0.415893555,0.106994629,0.476379395,-1.33121288,-0.566008866,0.726011634,3.14160156,36,1710540306146,1710534358,35,3,1,855863,-0.00390625,0.00390625,-0.01171875,36,1710537312125,1710535059,35,0,1,3849884,0,0,0.001953125
1,16,1710551133859,1710551161911,1,0,0,1,0,7,7,0,0,0,4,0,0,37,1710548335626,1710544559,36,0,1,2826285,0.767211914,-0.415893555,0.106994629,0.476379395,-1.3314122,-0.565948784,0.726147413,3.14160156,37,1710550311307,1710544862,36,3,1,850604,-0.00390625,0.00390625,-0.00390625,37,1710547313324,1710544858,36,0,1,3848587,-0.00390625,0,-0.001953125
1,17,1710561133859,1710561165129,1,0,0,1,0,7,7,0,0,0,4,0,0,38,1710557357169,1710554062,37,0,1,3807960,0.767211914,-0.415893555,0.106994629,0.476379395,-1.3314122,-0.565948784,0.726147413,3.14160156,38,1710559325758,1710554261,37,3,1,1839371,0.03125,-0.0078125,-0.00390625,38,1710556333200,1710553861,37,0,1,4831929,0.001953125,-0.001953125,0
1,18,1710571133859,1710571164865,1,0,0,1,0,7,7,0,0,0,4,0,0,39,1710567356535,1710564462,38,0,1,3808330,0.767211914,-0.415893555,0.106994629,0.476379395,-1.3314122,-0.565948784,0.726147413,3.14160156,39,1710569329661,1710564860,38,3,1,1835204,-0.00390625,0.00390625,0.03515625,39,1710566331047,1710564060,38,0,1,4833818,0.001953125,-0.001953125,-0.001953125
1,19,1710581133859,1710581162471,1,0,0,1,0,7,7,0,0,0,4,0,0,40,1710578351315,1710574358,39,0,1,2811156,0.767211914,-0.41595459,0.106994629,0.476379395,-1.33141589,-0.566059709,0.726198912,3.14160156,40,1710580324830,1710574158,39,3,1,837641,-0.00390625,0.00390625,-0.00390625,40,1710577330327,1710574857,39,0,1,3832144,0.001953125,0,0
1,20,1710591133859,1710591164874,1,0,0,1,0,7,7,0,0,0,4,0,0,41,1710588355143,1710584361,40,0,1,2809731,0.767211914,-0.41595459,0.107055664,0.476379395,-1.33140004,-0.565990865,0.726281881,3.14160156,41,1710590328991,1710584760,40,3,1,835883,-0.00390625,0.00390625,-0.04296875,41,1710587331767,1710584860,40,0,1,3833107,0.001953125,0.001953125,0
1,21,1710601133859,1710601164387,1,0,0,1,0,7,7,0,0,0,4,0,0,42,1710597357354,1710594261,41,0,1,3807033,0.767211914,-0.41595459,0.107055664,0.476379395,-1.33140004,-0.565990865,0.726281881,3.14160156,42,1710599330405,1710594660,41,3,1,1833982,-0.00390625,0.00390625,-0.00390625,42,1710596334403,1710593860,41,0,1,4829984,0.00390625,0.00390625,0.001953125
1,22,1710611133859,1710611164142,1,0,0,1,0,7,7,0,0,0,4,0,0,43,1710607356182,1710604261,42,0,1,3807960,0.767211914,-0.41595459,0.107116699,0.476379395,-1.33138418,-0.565921962,0.726364791,3.14160156,43,1710609329623,1710604460,42,3,1,1834519,-0.00390625,0.00390625,-0.00390625,43,1710606329639,1710603860,42,0,1,4834503,0.00390625,0,0
1,23,1710621133859,1710621164915,1,0,0,1,0,7,7,0,0,0,4,0,0,44,1710618354944,1710614361,43,0,1,2809971,0.767211914,-0.41595459,0.107116699,0.476379395,-1.33138418,-0.565921962,0.726364791,3.14160156,44,1710620328588,1710614360,43,3,1,836327,-0.00390625,0.00390625,-0.00390625,44,1710617329104,1710614660,43,0,1,3835811,-0.001953125,0,0
1,24,1710631133859,1710631164465,1,0,0,1,0,7,7,0,0,0,4,0,0,45,1710627354284,1710623760,44,0,1,3810181,0.767150879,-0.41595459,0.107116699,0.476379395,-1.33158338,-0.565861821,0.726500511,3.14160156,45,1710629329965,1710624061,44,3,1,1834500,-0.00390625,0.00390625,-0.04296875,45,1710626333518,1710623861,44,0,1,4830947,0.001953125,0,0.001953125
1,25,1710641133859,1710641164312,1,0,0,1,0,7,7,0,0,0,4,0,0,46,1710637355538,1710634061,45,0,1,3808774,0.767150879,-0.416015625,0.107177734,0.476379395,-1.33157122,-0.565903783,0.726634979,3.14160156,46,1710639329516,1710633860,45,3,1,1834796,-0.00390625,0.00390625,-0.00390625,46,1710636329328,1710633860,45,0,1,4834984,-0.001953125,0.001953125,0
1,26,1710651133859,1710651168438,1,0,0,1,0,7,7,0,0,0,4,0,0,47,1710647356515,1710644262,46,0,1,3811923,0.767150879,-0.416015625,0.107177734,0.476379395,-1.33157122,-0.565903783,0.726634979,3.14160156,47,1710649329604,1710644460,46,3,1,1838834,0.01953125,-0.04296875,-0.00390625,47,1710646329157,1710643860,46,0,1,4839281,0.001953125,0.001953125,0.001953125
1,27,1710661133859,1710661166508,1,0,0,1,0,7,7,0,0,0,4,0,0,48,1710657383232,1710654064,47,0,1,3783276,0.767150879,-0.416015625,0.10723877,0.476379395,-1.33155537,-0.565834939,0.72671783,3.14160156,48,1710659351951,1710654463,47,3,1,1814557,-0.01953125,-0.03125,-0.04296875,48,1710656356097,1710653863,47,0,1,4810411,0,0.00390625,0
1,28,1710671133859,1710671166541,1,0,0,1,0,7,7,0,0,0,4,0,0,49,1710667380877,1710664263,48,0,1,3785664,0.767150879,-0.416015625,0.10723877,0.476379395,-1.33155537,-0.565834939,0.72671783,3.14160156,49,1710669351632,1710664462,48,3,1,1814909,-0.015625,-0.03125,-0.00390625,49,1710666350871,1710664062,48,0,1,4815670,0,0.001953125,-0.001953125
1,29,1710681133859,1710681167630,1,0,0,1,0,7,7,0,0,0,4,0,0,50,1710677382854,1710674264,49,0,1,3784776,0.767089844,-0.41607666,0.10723877,0.476379395,-1.33175826,-0.565885723,0.726905227,3.14160156,50,1710679353203,1710673863,49,3,1,1814427,-0.00390625,0.00390625,-0.00390625,50,1710676355089,1710674063,49,0,1,4812541,0,0.001953125,0
1,30,1710691133859,1710691168107,1,0,0,1,0,7,7,0,0,0,4,0,0,51,1710687377091,1710684064,50,0,1,3791016,0.767089844,-0.41607666,0.107299805,0.476379395,-1.33174241,-0.56581682,0.726988137,3.14160156,51,1710689353828,1710684463,50,3,1,1814279,-0.00390625,0.00390625,-0.00390625,51,1710686352548,1710683863,50,0,1,4815559,0.001953125,0.001953125,0
1,31,1710701133859,1710701167733,1,0,0,1,0,7,7,0,0,0,4,0,0,52,1710697382217,1710693764,51,0,1,3785516,0.767089844,-0.41607666,0.107299805,0.476379395,-1.33174241,-0.56581682,0.726988137,3.14160156,52,1710699353195,1710693863,51,3,1,1814538,0.03125,-0.0078125,-0.00390625,52,1710696353174,1710693863,51,0,1,4814559,-0.001953125,0.00390625,0.001953125
1,32,1710711133859,1710711166803,1,0,0,1,0,7,7,0,0,0,4,0,0,53,1710707381843,1710704064,52,0,1,3784960,0.767089844,-0.41607666,0.10736084,0.476379395,-1.33172643,-0.565747976,0.727070987,3.14160156,53,1710709352117,1710704263,52,3,1,1814686,-0.0390625,0.01953125,-0.04296875,53,1710706352781,1710703663,52,0,1,4814022,0.001953125,0.001953125,0.001953125
1,33,1710721133859,1710721167466,1,0,0,1,0,7,7,0,0,0,4,0,0,54,1710717381561,1710714064,53,0,1,3785905,0.767089844,-0.41607666,0.10736084,0.476318359,-1.33170021,-0.565763414,0.727117538,3.14160156,54,1710719353002,1710713763,53,3,1,1814464,-0.00390625,0.00390625,-0.00390625,54,1710716354296,1710713663,53,0,1,4813170,0.001953125,-0.001953125,-0.00390625
1,34,1710731133859,1710731167073,1,0,0,1,0,7,7,0,0,0,4,0,0,55,1710727379242,1710724064,54,0,1,3787831,0.767089844,-0.416137695,0.10736084,0.476318359,-1.3317039,-0.565874457,0.727169037,3.14160156,55,1710729355109,1710724464,54,3,1,1811964,-0.00390625,0.00390625,-0.04296875,55,1710726352718,1710723863,54,0,1,4814355,-0.00390625,0,-0.001953125
1,35,1710741133859,1710741166829,1,0,0,1,0,7,7,0,0,0,4,0,0,56,1710737381387,1710734063,55,0,1,3785442,0.767089844,-0.416137695,0.10736084,0.476318359,-1.3317039,-0.565874457,0.727169037,3.14160156,56,1710739351772,1710734463,55,3,1,1815057,-0.00390625,0.00390625,-0.03515625,56,1710736351381,1710734062,55,0,1,4815448,0.00390625,0,0
1,36,1710751133859,1710751169121,1,0,0,1,0,7,7,0,0,0,4,0,0,57,1710747380938,1710743964,56,0,1,3788183,0.767089844,-0.416137695,0.10736084,0.476318359,-1.3317039,-0.565874457,0.727169037,3.14160156,57,1710749351657,1710744063,56,3,1,1817464,0.01953125,-0.04296875,0.04296875,57,1710746351043,1710744062,56,0,1,4818078,0.001953125,-0.001953125,-0.00390625
1,37,1710761133859,1710761167543,1,0,0,1,0,7,7,0,0,0,4,0,0,58,1710757382694,1710753965,57,0,1,3784849,0.767089844,-0.416137695,0.107421875,0.476318359,-1.33168793,-0.565805495,0.727251887,3.14160156,58,1710759353746,1710753863,57,3,1,1813797,-0.015625,-0.03125,0.00390625,58,1710756353984,1710753463,57,0,1,4813559,-0.001953125,0,0.001953125
1,38,1710771133859,1710771167428,1,0,0,1,0,7,7,0,0,0,4,0,0,59,1710767382282,1710763564,58,0,1,3785146,0.767028809,-0.416137695,0.107421875,0.476318359,-1.33188713,-0.565745354,0.727387786,3.14160156,59,1710769352964,1710763763,58,3,1,1814464,-0.015625,-0.03125,0.00390625,59,1710766352850,1710763863,58,0,1,4814578,0,-0.001953125,0.001953125
1,39,1710781133859,1710781167313,1,0,0,1,0,7,7,0,0,0,4,0,0,60,1710777382056,1710773764,59,0,1,3785257,0.767028809,-0.41619873,0.107421875,0.476318359,-1.33189082,-0.565856278,0.727439225,3.14160156,60,1710779353664,1710773763,59,3,1,1813649,-0.015625,-0.03125,0.04296875,60,1710776354846,1710774063,59,0,1,4812467,0,-0.001953125,0
1,40,1710791133859,1710791167272,1,0,0,1,0,7,7,0,0,0,4,0,0,61,1710787381997,1710783964,60,0,1,3785275,0.767028809,-0.416137695,0.107421875,0.476379395,-1.33191347,-0.565729856,0.727341115,3.14160156,61,1710789352641,1710784263,60,3,1,1814631,-0.00390625,0.00390625,0.04296875,61,1710786352435,1710783663,60,0,1,4814837,0.005859375,0,0.005859375
1,41,1710801133859,1710801167750,1,0,0,1,0,7,7,0,0,0,4,0,0,62,1710797382086,1710793964,61,0,1,3785664,0.767028809,-0.41619873,0.10748291,0.476379395,-1.33190119,-0.565771818,0.727475405,3.14160156,62,1710799351138,1710794261,61,3,1,1816612,-0.03125,0.01953125,0.00390625,62,1710796354153,1710793863,61,0,1,4813597,0,0.001953125,0
1,42,1710811133859,1710811167505,1,0,0,1,0,7,7,0,0,0,4,0,0,63,1710807382785,1710803964,62,0,1,3784720,0.767028809,-0.41619873,0.10748291,0.476379395,-1.33190119,-0.565771818,0.727475405,3.14160156,63,1710809352856,1710804063,62,3,1,1814649,0.00390625,0.00390625,0.04296875,63,1710806352705,1710803663,62,0,1,4814800,-0.005859375,0,0
1,43,1710821133859,1710821167261,1,0,0,1,0,7,7,0,0,0,4,0,0,64,1710817381745,1710813564,63,0,1,3785516,0.767028809,-0.41619873,0.10748291,0.476379395,-1.33190119,-0.565771818,0.727475405,3.14160156,64,1710819353426,1710813763,63,3,1,1813835,-0.0078125,-0.03125,-0.00390625,64,1710816352275,1710813863,63,0,1,4814986,-0.001953125,0,-0.001953125
1,44,1710831133859,1710831167423,1,0,0,1,0,7,7,0,0,0,4,0,0,65,1710827381555,1710823764,64,0,1,3785868,0.766967773,-0.416259766,0.10748291,0.476318359,-1.33207786,-0.565838158,0.727709532,3.14160156,65,1710829352274,1710824063,64,3,1,1815149,0.00390625,0.00390625,-0.04296875,65,1710826352179,1710823863,64,0,1,4815244,-0.001953125,-0.001953125,-0.001953125
1,45,1710841133859,1710841167364,1,0,0,1,0,7,7,0,0,0,4,0,0,66,1710837381385,1710833564,65,0,1,3785979,0.766967773,-0.416259766,0.10748291,0.476318359,-1.33207786,-0.565838158,0.727709532,3.14160156,66,1710839352604,1710833763,65,3,1,1814760,0.00390625,0.01171875,-0.00390625,66,1710836352175,1710833862,65,0,1,4815189,0.005859375,0.001953125,0.001953125
1,46,1710851133859,1710851168638,1,0,0,1,0,7,7,0,0,0,4,0,0,67,1710847381492,1710843964,66,0,1,3787146,0.766967773,-0.416259766,0.107543945,0.476379395,-1.33208811,-0.565753698,0.727745652,3.14160156,67,1710849352137,1710843863,66,3,1,1816501,0.00390625,0.01171875,-0.00390625,67,1710846352764,1710844063,66,0,1,4815874,0.00390625,-0.001953125,0
1,47,1710861133859,1710861166930,1,0,0,1,0,7,7,0,0,0,4,0,0,68,1710857381007,1710853764,67,0,1,3785923,0.766967773,-0.416259766,0.107543945,0.476379395,-1.33208811,-0.565753698,0.727745652,3.14160156,68,1710859351799,1710853563,67,3,1,1815131,0.00390625,0.00390625,0.03515625,68,1710856353186,1710853662,67,0,1,4813744,0.001953125,0,0
1,48,1710871133859,1710871166537,1,0,0,1,0,7,7,0,0,0,4,0,0,69,1710867380503,1710863763,68,0,1,3786034,0.766967773,-0.416259766,0.107543945,0.476379395,-1.33208811,-0.565753698,0.727745652,3.14160156,69,1710869351870,1710864063,68,3,1,1814667,0.00390625,0.00390625,0.03515625,69,1710866350738,1710863862,68,0,1,4815799,0,0.001953125,0.001953125
1,49,1710881133859,1710881167237,1,0,0,1,0,7,7,0,0,0,4,0,0,70,1710877380795,1710873764,69,0,1,3786442,0.766967773,-0.416259766,0.10760498,0.476379395,-1.33207202,-0.565684795,0.727828503,3.14160156,70,1710879352829,1710874063,69,3,1,1814408,0.00390625,0.00390625,-0.00390625,70,1710876354067,1710874063,69,0,1,4813170,0,0,0
1,50,1710891133859,1710891166900,1,0,0,1,0,7,7,0,0,0,4,0,0,71,1710887380680,1710883564,70,0,1,3786220,0.766967773,-0.416259766,0.10760498,0.476379395,-1.33207202,-0.565684795,0.727828503,3.14160156,71,1710889350973,1710883863,70,3,1,1815927,-0.0078125,-0.03125,0.03515625,71,1710886351119,1710883862,70,0,1,4815781,-0.00390625,0,0
1,51,1710901133859,1710901167507,1,0,0,1,0,7,7,0,0,0,4,0,0,72,1710897382251,1710893764,71,0,1,3785256,0.766906738,-0.416320801,0.10760498,0.476379395,-1.33227491,-0.565735459,0.72801578,3.14160156,72,1710899353228,1710893763,71,3,1,1814279,0.00390625,0.00390625,-0.00390625,72,1710896360226,1710893661,71,0,1,4807281,-0.001953125,0.001953125,0
1,52,1710911133859,1710911167855,1,0,0,1,0,7,7,0,0,0,4,0,0,73,1710907381765,1710904064,72,0,1,3786090,0.766906738,-0.416320801,0.10760498,0.476379395,-1.33227491,-0.565735459,0.72801578,3.14160156,73,1710909352391,1710904263,72,3,1,1815464,0.00390625,0.00390625,0.03515625,73,1710906353944,1710904063,72,0,1,4813911,-0.00390625,0,-0.001953125
1,53,1710921133859,1710921167888,1,0,0,1,0,7,7,0,0,0,4,0,0,74,1710917383780,1710913764,73,0,1,3784108,0.766906738,-0.416381836,0.10760498,0.476379395,-1.33227849,-0.565846384,0.728067219,3.14160156,74,1710919352443,1710913363,73,3,1,1815445,0.00390625,0.00390625,0.03515625,74,1710916346978,1710913863,73,0,1,4820910,-0.001953125,0.001953125,-0.001953125
1,54,1710931133859,1710931167422,1,0,0,1,0,7,7,0,0,0,4,0,0,75,1710927381387,1710923764,74,0,1,3786035,0.766906738,-0.416381836,0.10760498,0.476379395,-1.33227849,-0.565846384,0.728067219,3.14160156,75,1710929352309,1710923863,74,3,1,1815113,0.0390625,-0.0078125,-0.00390625,75,1710926352585,1710923863,74,0,1,4814837,0,-0.001953125,0
1,55,1710941133859,1710941167621,1,0,0,1,0,7,7,0,0,0,4,0,0,76,1710937381013,1710933764,75,0,1,3786608,0.766906738,-0.416381836,0.107666016,0.476379395,-1.33226264,-0.56577754,0.728149951,3.14160156,76,1710939352454,1710933863,75,3,1,1815167,0.00390625,0.00390625,-0.00390625,76,1710936352544,1710933863,75,0,1,4815077,0.00390625,0,0
1,56,1710951133859,1710951170062,1,0,0,1,0,7,7,0,0,0,4,0,0,77,1710947383416,1710943564,76,0,1,3786646,0.766906738,-0.416381836,0.107666016,0.476379395,-1.33226264,-0.56577754,0.728149951,3.14160156,77,1710949353690,1710943863,76,3,1,1816372,-0.0078125,-0.03125,-0.00390625,77,1710946354058,1710944061,76,0,1,4816004,0,0.001953125,0
1,57,1710961133859,1710961164873,1,0,0,1,0,7,7,0,0,0,4,0,0,78,1710957378450,1710953361,77,0,1,3786423,0.766906738,-0.416381836,0.107666016,0.476379395,-1.33226264,-0.56577754,0.728149951,3.14160156,78,1710959353131,1710953563,77,3,1,1811742,0.00390625,0.00390625,-0.00390625,78,1710956352499,1710954061,77,0,1,4812374,0,0.001953125,0
1,58,1710971133859,1710971167350,1,0,0,1,0,7,7,0,0,0,4,0,0,79,1710967376835,1710963564,78,0,1,3790515,0.766845703,-0.416381836,0.107666016,0.476379395,-1.33246183,-0.56571728,0.728285909,3.14160156,79,1710969354886,1710963864,78,3,1,1812464,0.00390625,0.00390625,-0.00390625,79,1710966349902,1710963660,78,0,1,4817448,-0.001953125,0.00390625,-0.001953125
1,59,1710981133859,1710981167069,1,0,0,1,0,7,7,0,0,0,4,0,0,80,1710977381553,1710973764,79,0,1,3785516,0.766845703,-0.416442871,0.107727051,0.476318359,-1.33242321,-0.565774858,0.728466868,3.14160156,80,1710979352938,1710974063,79,3,1,1814131,0.00390625,0.00390625,-0.00390625,80,1710976355639,1710973863,79,0,1,4811430,0.001953125,0,0
1,60,1710991133859,1710991167269,1,0,0,1,0,7,7,0,0,0,4,0,0,81,1710987381808,1710983564,80,0,1,3785461,0.766845703,-0.416442871,0.107727051,0.476318359,-1.33242321,-0.565774858,0.728466868,3.14160156,81,1710989351619,1710983563,80,3,1,1815650,0.02734375,-0.04296875,-0.00390625,81,1710986352024,1710983862,80,0,1,4815245,0,-0.001953125,0
1,61,1711001133859,1711001167061,1,0,0,1,0,7,7,0,0,0,4,0,0,82,1710997381415,1710993364,81,0,1,3785646,0.766845703,-0.416442871,0.107727051,0.476379395,-1.33244944,-0.565759361,0.728420079,3.14160156,82,1710999353041,1710993363,81,3,1,1814020,-0.0078125,-0.03125,-0.00390625,82,1710996351854,1710993663,81,0,1,4815207,0.001953125,-0.00390625,0.001953125
1,62,1711011133859,1711011163298,1,0,0,1,0,7,7,0,0,0,4,0,0,83,1711007377819,1711003361,82,0,1,3785479,0.766845703,-0.416442871,0.107727051,0.476379395,-1.33244944,-0.565759361,0.728420079,3.14160156,83,1711009347964,1711003760,82,3,1,1815334,0.0390625,-0.0078125,-0.00390625,83,1711006351683,1711003860,82,0,1,4811615,0,0,0
1,63,1711021133859,1711021167146,1,0,0,1,0,7,7,0,0,0,4,0,0,84,1711017381241,1711013364,83,0,1,3785905,0.766845703,-0.416442871,0.107727051,0.476379395,-1.33244944,-0.565759361,0.728420079,3.14160156,84,1711019351645,1711013363,83,3,1,1815501,0.00390625,0.00390625,-0.00390625,84,1711016351420,1711013862,83,0,1,4815726,0,0.001953125,0
1,64,1711031133859,1711031166901,1,0,0,1,0,7,7,0,0,0,4,0,0,85,1711027381200,1711023164,84,0,1,3785701,0.766845703,-0.416442871,0.107788086,0.476379395,-1.33243346,-0.565690458,0.72850281,3.14160156,85,1711029351530,1711023763,84,3,1,1815371,0.00390625,0.00390625,-0.00390625,85,1711026351509,1711023862,84,0,1,4815392,0,0.00390625,0
1,65,1711041133859,1711041167360,1,0,0,1,0,7,7,0,0,0,4,0,0,86,1711037379326,1711033361,85,0,1,3788034,0.766845703,-0.416442871,0.107788086,0.476379395,-1.33243346,-0.565690458,0.72850281,3.14160156,86,1711039353656,1711033363,85,3,1,1813704,0.00390625,0.00390625,-0.00390625,86,1711036353820,1711033463,85,0,1,4813540,0.001953125,0,0.001953125
1,66,1711051133859,1711051169486,1,0,0,1,0,7,7,0,0,0,4,0,0,87,1711047381803,1711043564,86,0,1,3787683,0.766845703,-0.416442871,0.107788086,0.476379395,-1.33243346,-0.565690458,0.72850281,3.14160156,87,1711049353337,1711043863,86,3,1,1816149,-0.0078125,-0.03125,-0.00390625,87,1711046352149,1711043863,86,0,1,4817337,0.00390625,0,-0.001953125
1,67,1711061133859,1711061167149,1,0,0,1,0,7,7,0,0,0,4,0,0,88,1711057381244,1711053364,87,0,1,3785905,0.766845703,-0.416442871,0.107849121,0.476379395,-1.33241737,-0.565621614,0.728585541,3.14160156,88,1711059352389,1711052963,87,3,1,1814760,0.00390625,0.00390625,-0.00390625,88,1711056353719,1711054063,87,0,1,4813430,0.00390625,0,-0.001953125
1,68,1711071133859,1711071167682,1,0,0,1,0,7,7,0,0,0,4,0,0,89,1711067381351,1711063364,88,0,1,3786331,0.766845703,-0.416442871,0.107849121,0.476318359,-1.33239114,-0.565637171,0.72863239,3.14160156,89,1711069352866,1711063563,88,3,1,1814816,0.0390625,0,-0.04296875,89,1711066352271,1711063663,88,0,1,4815411,0,-0.001953125,-0.001953125
1,69,1711081133859,1711081167437,1,0,0,1,0,7,7,0,0,0,4,0,0,90,1711077381310,1711073364,89,0,1,3786127,0.766845703,-0.416442871,0.107849121,0.476318359,-1.33239114,-0.565637171,0.72863239,3.14160156,90,1711079353436,1711073763,89,3,1,1814001,-0.0078125,-0.0234375,-0.00390625,90,1711076354767,1711073863,89,0,1,4812670,-0.001953125,0.001953125,0
1,70,1711091133859,1711091166989,1,0,0,1,0,7,7,0,0,0,4,0,0,91,1711086381170,1711083264,90,0,1,4785819,0.766784668,-0.416503906,0.107849121,0.476318359,-1.33259404,-0.565687776,0.728819728,3.14160156,91,1711088353129,1711083663,90,3,1,2813860,-0.03125,0.02734375,-0.00390625,91,1711085352238,1711083063,90,0,1,5814751,-0.001953125,0,0
1,71,1711101133859,1711101166800,1,0,0,1,0,7,7,0,0,0,4,0,0,92,1711096381314,1711093264,91,0,1,4785486,0.766784668,-0.416503906,0.107849121,0.476318359,-1.33259404,-0.565687776,0.728819728,3.14160156,92,1711098352273,1711092863,91,3,1,2814527,0.00390625,0.01171875,-0.00390625,92,1711095352030,1711092863,91,0,1,5814770,-0.001953125,0.001953125,-0.001953125
1,72,1711111133859,1711111166741,1,0,0,1,0,7,7,0,0,0,4,0,0,93,1711106380458,1711103264,92,0,1,4786283,0.766784668,-0.416503906,0.107849121,0.476318359,-1.33259404,-0.565687776,0.728819728,3.14160156,93,1711108351825,1711103663,92,3,1,2814916,0.00390625,0.01171875,-0.00390625,93,1711105351952,1711102862,92,0,1,5814789,0,-0.001953125,0
1,73,1711121133859,1711121167829,1,0,0,1,0,7,7,0,0,0,4,0,0,94,1711117381239,1711113564,93,0,1,3786590,0.766784668,-0.416503906,0.107849121,0.476318359,-1.33259404,-0.565687776,0.728819728,3.14160156,94,1711119349921,1711113764,93,3,1,1817908,-0.03125,0.02734375,-0.00390625,94,1711116353529,1711113863,93,0,1,4814300,0,-0.00390625,-0.001953125
1,74,1711131133859,1711131166844,1,0,0,1,0,7,7,0,0,0,4,0,0,95,1711126381654,1711123264,94,0,1,4785190,0.766784668,-0.416564941,0.107849121,0.476318359,-1.33259773,-0.565798581,0.728871107,3.14160156,95,1711128352391,1711123262,94,3,1,2814453,-0.0078125,-0.0234375,-0.00390625,95,1711125355259,1711122863,94,0,1,5811585,0,0.001953125,-0.001953125
1,75,1711141133859,1711141166729,1,0,0,1,0,7,7,0,0,0,4,0,0,96,1711137380361,1711133163,95,0,1,3786368,0.766784668,-0.416564941,0.107849121,0.476318359,-1.33259773,-0.565798581,0.728871107,3.14160156,96,1711139351821,1711133163,95,3,1,1814908,0.00390625,0.01171875,-0.00390625,96,1711136351299,1711133462,95,0,1,4815430,0,0.001953125,0
1,76,1711151133859,1711151169410,1,0,0,1,0,7,7,0,0,0,4,0,0,97,1711146380387,1711143063,96,0,1,4789023,0.766784668,-0.416564941,0.107849121,0.476318359,-1.33259773,-0.565798581,0.728871107,3.14160156,97,1711148351087,1711143462,96,3,1,2818323,0.00390625,0.00390625,-0.00390625,97,1711145350881,1711142862,96,0,1,5818529,0.005859375,0.001953125,0
1,77,1711161133859,1711161166925,1,0,0,1,0,7,7,0,0,0,4,0,0,98,1711156381235,1711153064,97,0,1,4785690,0.766784668,-0.416564941,0.107910156,0.476318359,-1.33258164,-0.565729737,0.728953838,3.14160156,98,1711158352602,1711153463,97,3,1,2814323,-0.0078125,-0.03125,0.03515625,98,1711155353414,1711152863,97,0,1,5813511,0,0.001953125,-0.001953125
1,78,1711171133859,1711171166791,1,0,0,1,0,7,7,0,0,0,4,0,0,99,1711166381380,1711163064,98,0,1,4785411,0.766784668,-0.416564941,0.107910156,0.476318359,-1.33258164,-0.565729737,0.728953838,3.14160156,99,1711168352561,1711163463,98,3,1,2814230,0.00390625,0.00390625,-0.00390625,99,1711165352003,1711162863,98,0,1,5814788,0,-0.001953125,-0.001953125
1,79,1711181133859,1711181167417,1,0,0,1,0,7,7,0,0,0,4,0,0,100,1711177381549,1711173164,99,0,1,3785868,0.766784668,-0.416564941,0.107910156,0.476318359,-1.33258164,-0.565729737,0.728953838,3.14160156,100,1711179352435,1711173163,99,3,1,1814982,0.00390625,0.00390625,-0.00390625,100,1711176354913,1711173663,99,0,1,4812504,0,0.001953125,0
1,80,1711191133859,1711191166969,1,0,0,1,0,7,7,0,0,0,4,0,0,101,1711186381261,1711183064,100,0,1,4785708,0.766784668,-0.416564941,0.107910156,0.476318359,-1.33258164,-0.565729737,0.728953838,3.14160156,101,1711188352239,1711183463,100,3,1,2814730,0.00390625,0.00390625,-0.00390625,101,1711185352403,1711182863,100,0,1,5814566,0.001953125,0,0
1,81,1711201133859,1711201166613,1,0,0,1,0,7,7,0,0,0,4,0,0,102,1711196379812,1711193063,101,0,1,4786801,0.766784668,-0.416564941,0.107910156,0.476318359,-1.33258164,-0.565729737,0.728953838,3.14160156,102,1711198351642,1711192763,101,3,1,2814971,0.00390625,0.00390625,-0.00390625,102,1711195351825,1711193063,101,0,1,5814788,-0.001953125,0,0
1,82,1711211133859,1711211166554,1,0,0,1,0,7,7,0,0,0,4,0,0,103,1711206380253,1711203064,102,0,1,4786301,0.766784668,-0.416564941,0.107971191,0.476318359,-1.33256555,-0.565660894,0.72903651,3.14160156,103,1711208350990,1711203263,102,3,1,2815564,0.00390625,0.00390625,-0.00390625,103,1711205351321,1711202663,102,0,1,5815233,0.00390625,-0.00390625,0
1,83,1711221133859,1711221166902,1,0,0,1,0,7,7,0,0,0,4,0,0,104,1711216380693,1711212964,103,0,1,4786209,0.766784668,-0.416564941,0.107971191,0.476318359,-1.33256555,-0.565660894,0.72903651,3.14160156,104,1711218351264,1711213263,103,3,1,2815638,0.0390625,-0.0078125,-0.00390625,104,1711215350706,1711212662,103,0,1,5816196,0.001953125,0.001953125,-0.001953125
1,84,1711231133859,1711231168027,1,0,0,1,0,7,7,0,0,0,4,0,0,105,1711228379926,1711223064,104,0,1,2788101,0.766784668,-0.416564941,0.107971191,0.476318359,-1.33256555,-0.565660894,0.72903651,3.14160156,105,1711230351830,1711223463,104,3,1,816197,0.00390625,0.00390625,-0.00390625,105,1711227350846,1711223362,104,0,1,3817181,0.001953125,0,0.001953125
1,85,1711241133859,1711241166801,1,0,0,1,0,7,7,0,0,0,4,0,0,106,1711236380093,1711232963,105,0,1,4786708,0.766784668,-0.416564941,0.107971191,0.476318359,-1.33256555,-0.565660894,0.72903651,3.14160156,106,1711238350941,1711232762,105,3,1,2815860,0.00390625,0.00390625,0.03515625,106,1711235350772,1711233063,105,0,1,5816029,0,0,0
1,86,1711251133859,1711251168131,1,0,0,1,0,7,7,0,0,0,4,0,0,107,1711246380311,1711243063,106,0,1,4787820,0.766784668,-0.416564941,0.107971191,0.476318359,-1.33256555,-0.565660894,0.72903651,3.14160156,107,1711248350956,1711243262,106,3,1,2817175,0.00390625,0.00390625,-0.00390625,107,1711245351472,1711243063,106,0,1,5816659,0,0,0
1,87,1711261133859,1711261167182,1,0,0,1,0,7,7,0,0,0,4,0,0,108,1711256382437,1711253064,107,0,1,4784745,0.766784668,-0.416564941,0.107971191,0.476318359,-1.33256555,-0.565660894,0.72903651,3.14160156,108,1711258352693,1711253263,107,3,1,2814489,0.00390625,0.00390625,-0.00390625,108,1711255353783,1711253063,107,0,1,5813399,0,0,0
1,88,1711271133859,1711271166808,1,0,0,1,0,7,7,0,0,0,4,0,0,109,1711266381804,1711262964,108,0,1,4785004,0.766723633,-0.416564941,0.108032227,0.476318359,-1.33274865,-0.56553179,0.729255378,3.14160156,109,1711268353170,1711263063,108,3,1,2813638,0.0390625,-0.0078125,-0.04296875,109,1711265352520,1711263163,108,0,1,5814288,0,0,0
1,89,1711281133859,1711281166952,1,0,0,1,0,7,7,0,0,0,4,0,0,110,1711276381670,1711272964,109,0,1,4785282,0.766723633,-0.416564941,0.108032227,0.476318359,-1.33274865,-0.56553179,0.729255378,3.14160156,110,1711278352592,1711272863,109,3,1,2814360,-0.0078125,-0.03125,-0.00390625,110,1711275354627,1711272663,109,0,1,5812325,0,0,0
1,90,1711291133859,1711291167356,1,0,0,1,0,7,7,0,0,0,4,0,0,111,1711286381407,1711282964,110,0,1,4785949,0.766723633,-0.416625977,0.108032227,0.476318359,-1.33275235,-0.565642655,0.729306757,3.14160156,111,1711288352885,1711283263,110,3,1,2814471,0.00390625,0.00390625,0.03515625,111,1711285350938,1711283061,110,0,1,5816418,0,0,0
1,91,1711301133859,1711301167148,1,0,0,1,0,7,7,0,0,0,4,0,0,112,1711296381033,1711292964,111,0,1,4786115,0.766723633,-0.416625977,0.108032227,0.476318359,-1.33275235,-0.565642655,0.729306757,3.14160156,112,1711298352640,1711293263,111,3,1,2814508,0.00390625,0.00390625,0.03515625,112,1711295349730,1711293061,111,0,1,5817418,0,0,0
1,92,1711311133859,1711311167256,1,0,0,1,0,7,7,0,0,0,4,0,0,113,1711306381622,1711302764,112,0,1,4785634,0.766723633,-0.416625977,0.108032227,0.476318359,-1.33275235,-0.565642655,0.729306757,3.14160156,113,1711308352414,1711303263,112,3,1,2814842,0.00390625,0.00390625,-0.00390625,113,1711305352597,1711303163,112,0,1,5814659,0,0,0
1,93,1711321133859,1711321167141,1,0,0,1,0,7,7,0,0,0,4,0,0,114,1711316381395,1711312964,113,0,1,4785746,0.766723633,-0.416625977,0.108032227,0.476318359,-1.33275235,-0.565642655,0.729306757,3.14160156,114,1711318352540,1711312863,113,3,1,2814601,0.00390625,0.00390625,-0.00390625,114,1711315352611,1711312863,113,0,1,5814530,0,0,0
1,94,1711331133859,1711331167174,1,0,0,1,0,7,7,0,0,0,4,0,0,115,1711326381614,1711322764,114,0,1,4785560,0.766723633,-0.416625977,0.108032227,0.476318359,-1.33275235,-0.565642655,0.729306757,3.14160156,115,1711328352481,1711323063,114,3,1,2814693,0.00390625,0.00390625,-0.00390625,115,1711325352200,1711323062,114,0,1,5814974,0,0,0
1,95,1711341133859,1711341167429,1,0,0,1,0,7,7,0,0,0,4,0,0,116,1711336380832,1711332764,115,0,1,4786597,0.766723633,-0.416625977,0.108093262,0.476318359,-1.33273613,-0.565573812,0.729389369,3.14160156,116,1711338352643,1711332363,115,3,1,2814786,0.00390625,0.00390625,0.03515625,116,1711335352215,1711333063,115,0,1,5815214,0,0,0
1,96,1711351133859,1711351168629,1,0,0,1,0,7,7,0,0,0,4,0,0,117,1711346381995,1711342764,116,0,1,4786634,0.766723633,-0.416625977,0.108093262,0.476318359,-1.33273613,-0.565573812,0.729389369,3.14160156,117,1711348352436,1711343063,116,3,1,2816193,0.015625,0.04296875,0.03515625,117,1711345352396,1711342863,116,0,1,5816233,0,0,0
1,97,1711361133859,1711361167403,1,0,0,1,0,7,7,0,0,0,4,0,0,118,1711356383435,1711352562,117,0,1,4783968,0.766723633,-0.416625977,0.108093262,0.476318359,-1.33273613,-0.565573812,0.729389369,3.14160156,118,1711358353691,1711352863,117,3,1,2813712,-0.0078125,-0.03125,-0.00390625,118,1711355354522,1711352863,117,0,1,5812881,0,0,0
1,98,1711371133859,1711371164418,1,0,0,1,0,7,7,0,0,0,4,0,0,119,1711366379728,1711362762,118,0,1,4784690,0.766723633,-0.416625977,0.108093262,0.476318359,-1.33273613,-0.565573812,0.729389369,3.14160156,119,1711368351206,1711362863,118,3,1,2813212,0.02734375,-0.04296875,0.03515625,119,1711365353018,1711363163,118,0,1,5811400,0,0,0
1,99,1711381133859,1711381167006,1,0,0,1,0,7,7,0,0,0,4,0,0,120,1711376379298,1711372361,119,0,1,4787708,0.766723633,-0.416625977,0.108093262,0.476318359,-1.33273613,-0.565573812,0.729389369,3.14160156,120,1711378352850,1711372563,119,3,1,2814156,-0.0078125,-0.03125,-0.00390625,120,1711375356088,1711373063,119,0,1,5810918,0,0,0
1,100,1711391133859,1711391167151,1,0,0,1,0,7,7,0,0,0,4,0,0,121,1711386380998,1711382564,120,0,1,4786153,0.766723633,-0.416625977,0.108093262,0.476318359,-1.33273613,-0.565573812,0.729389369,3.14160156,121,1711388351865,1711382863,120,3,1,2815286,-0.0078125,-0.03125,-0.00390625,121,1711385351862,1711383063,120,0,1,5815289,0,0,0
1,101,1711401133859,1711401167128,1,0,0,1,0,7,7,0,0,0,4,0,0,122,1711396381642,1711392762,121,0,1,4785486,0.766662598,-0.416687012,0.108093262,0.476318359,-1.33293903,-0.565624356,0.729576826,3.14160156,122,1711398353305,1711392863,121,3,1,2813823,0.00390625,0.00390625,0.02734375,122,1711395362395,1711393063,121,0,1,5804733,0,0,0
1,102,1711411133859,1711411166865,1,0,0,1,0,7,7,0,0,0,4,0,0,123,1711406381231,1711402762,122,0,1,4785634,0.766662598,-0.416687012,0.108093262,0.476318359,-1.33293903,-0.565624356,0.729576826,3.14160156,123,1711408353412,1711402763,122,3,1,2813453,0.00390625,0.00390625,0.02734375,123,1711405347595,1711403163,122,0,1,5819270,0,0,0
1,103,1711421133859,1711421166694,1,0,0,1,0,7,7,0,0,0,4,0,0,124,1711416375672,1711412764,123,0,1,4791022,0.766662598,-0.416687012,0.108093262,0.476318359,-1.33293903,-0.565624356,0.729576826,3.14160156,124,1711418354668,1711412763,123,3,1,2812026,0.00390625,0.00390625,-0.01171875,124,1711415352610,1711412663,123,0,1,5814084,0,0,0
1,104,1711431133859,1711431166505,1,0,0,1,0,7,7,0,0,0,4,0,0,125,1711426380779,1711422564,124,0,1,4785726,0.766662598,-0.416687012,0.108154297,0.476318359,-1.33292294,-0.565555513,0.729659438,3.14160156,125,1711428351794,1711422863,124,3,1,2814711,0.00390625,0.00390625,-0.01171875,125,1711425352402,1711423062,124,0,1,5814103,0,0,0
1,105,1711441133859,1711441166539,1,0,0,1,0,7,7,0,0,0,4,0,0,126,1711436380034,1711432563,125,0,1,4786505,0.766662598,-0.416687012,0.108154297,0.476318359,-1.33292294,-0.565555513,0.729659438,3.14160156,126,1711438351197,1711432562,125,3,1,2815342,0.02734375,-0.04296875,0.02734375,126,1711435350824,1711433062,125,0,1,5815715,0,0,0
1,106,1711451133859,1711451169072,1,0,0,1,0,7,7,0,0,0,4,0,0,127,1711446379475,1711442363,126,0,1,4789597,0.766662598,-0.416687012,0.108154297,0.476318359,-1.33292294,-0.565555513,0.729659438,3.14160156,127,1711448353119,1711442863,126,3,1,2815953,0.00390625,0.00390625,0.02734375,127,1711445350394,1711443062,126,0,1,5818678,0,0,0
1,107,1711461133859,1711461167086,1,0,0,1,0,7,7,0,0,0,4,0,0,128,1711456380767,1711452563,127,0,1,4786319,0.766662598,-0.416687012,0.108154297,0.476318359,-1.33292294,-0.565555513,0.729659438,3.14160156,128,1711458351652,1711452563,127,3,1,2815434,-0.03125,0.01953125,-0.01171875,128,1711455353298,1711452862,127,0,1,5813788,0,0,0
1,108,1711471133859,1711471166749,1,0,0,1,0,7,7,0,0,0,4,0,0,129,1711465380145,1711462463,128,0,1,5786604,0.766662598,-0.416687012,0.108154297,0.476318359,-1.33292294,-0.565555513,0.729659438,3.14160156,129,1711467351086,1711462863,128,3,1,3815663,0.00390625,0.00390625,0.02734375,129,1711464351250,1711462162,128,0,1,6815499,0,0,0
1,109,1711481133859,1711481166875,1,0,0,1,0,7,7,0,0,0,4,0,0,130,1711476380741,1711472564,129,0,1,4786134,0.766662598,-0.416687012,0.108154297,0.476318359,-1.33292294,-0.565555513,0.729659438,3.14160156,130,1711478351756,1711472163,129,3,1,2815119,-0.0078125,-0.03125,-0.01171875,130,1711475354327,1711473062,129,0,1,5812548,0,0,0
1,110,1711491133859,1711491166890,1,0,0,1,0,7,7,0,0,0,4,0,0,131,1711487381985,1711482464,130,0,1,3784905,0.766662598,-0.416687012,0.108154297,0.476318359,-1.33292294,-0.565555513,0.729659438,3.14160156,131,1711489360759,1711482762,130,3,1,1806131,0.00390625,0.00390625,0.02734375,131,1711486353923,1711482961,130,0,1,4812967,0,0,0
1,111,1711501133859,1711501183811,1,0,0,1,0,7,7,0,0,0,4,0,0,132,1711495380819,1711492263,131,0,1,5802992,0.766662598,-0.416687012,0.108154297,0.476318359,-1.33292294,-0.565555513,0.729659438,3.14160156,132,1711497382647,1711492482,131,3,1,3801164,0.0390625,-0.0078125,0.02734375,132,1711494351905,1711491862,131,0,1,6831906,0,0,0
1,112,1711511133859,1711511168308,1,0,0,1,0,7,7,0,0,0,4,0,0,133,1711505390259,1711502462,132,0,1,5778049,0.766662598,-0.416687012,0.108154297,0.476318359,-1.33292294,-0.565555513,0.729659438,3.14160156,133,1711507367088,1711502860,132,3,1,3801220,0.00390625,0.00390625,-0.01171875,133,1711504393863,1711502168,132,0,1,6774445,0,0,0
1,113,1711521133859,1711521206432,1,0,0,1,0,7,7,0,0,0,4,0,0,134,1711515404847,1711512067,133,0,1,5801585,0.766662598,-0.416687012,0.108154297,0.476318359,-1.33292294,-0.565555513,0.729659438,3.14160156,134,1711517370121,1711512263,133,3,1,3836311,-0.00390625,0.00390625,-0.05078125,134,1711514405710,1711512071,133,0,1,6800722,0,0,0
1,114,1711531133859,1711531174689,1,0,0,1,0,7,7,0,0,0,4,0,0,135,1711525418047,1711522274,134,0,1,5756642,0.766662598,-0.416687012,0.108154297,0.476318359,-1.33292294,-0.565555513,0.729659438,3.14160156,135,1711527383006,1711522665,134,3,1,3791683,-0.00390625,0.00390625,-0.01171875,135,1711524416280,1711522077,134,0,1,6758409,0,0,0
1,115,1711541133859,1711541167815,1,0,0,1,0,7,7,0,0,0,4,0,0,136,1711535378896,1711532461,135,0,1,5788919,0.766662598,-0.416687012,0.108154297,0.476318359,-1.33292294,-0.565555513,0.729659438,3.14160156,136,1711537347818,1711532660,135,3,1,3819997,-0.00390625,0.00390625,-0.01171875,136,1711534378481,1711532060,135,0,1,6789334,0,0,0
1,116,1711551133859,1711551171922,1,0,0,1,0,7,7,0,0,0,4,0,0,137,1711545383132,1711542464,136,0,1,5788790,0.766662598,-0.416687012,0.108154297,0.476318359,-1.33292294,-0.565555513,0.729659438,3.14160156,137,1711547353333,1711542463,136,3,1,3818589,0.01953125,-0.04296875,0.02734375,137,1711544359663,1711542163,136,0,1,6812259,0,0,0
1,117,1711561133859,1711561165233,1,0,0,1,0,7,7,0,0,0,4,0,0,138,1711556356933,1711552362,137,0,1,4808300,0.766662598,-0.416687012,0.108215332,0.476318359,-1.3329066,-0.56548667,0.72974205,3.14160156,138,1711558330096,1711552360,137,3,1,2835137,0.01953125,-0.04296875,0.06640625,138,1711555336371,1711552661,137,0,1,5828862,0,0,0
1,118,1711571133859,1711571163914,1,0,0,1,0,7,7,0,0,0,4,0,0,139,1711565356551,1711562061,138,0,1,5807363,0.766662598,-0.416687012,0.108215332,0.476379395,-1.33293271,-0.565470994,0.729695261,3.14160156,139,1711567329992,1711562460,138,3,1,3833922,-0.00390625,0.00390625,-0.01171875,139,1711564333564,1711561860,138,0,1,6830350,0,0,0
1,119,1711581133859,1711581164132,1,0,0,1,0,7,7,0,0,0,4,0,0,140,1711575357288,1711572261,139,0,1,5806844,0.766662598,-0.416687012,0.108215332,0.476379395,-1.33293271,-0.565470994,0.729695261,3.14160156,140,1711577329970,1711572660,139,3,1,3834162,-0.00390625,0.00390625,0.02734375,140,1711574338523,1711572060,139,0,1,6825609,0,0,0
1,120,1711591133859,1711591163777,1,0,0,1,0,7,7,0,0,0,4,0,0,141,1711585357025,1711582062,140,0,1,5806752,0.766662598,-0.416687012,0.108215332,0.476379395,-1.33293271,-0.565470994,0.729695261,3.14160156,141,1711587329651,1711582660,140,3,1,3834126,-0.00390625,0.00390625,-0.01171875,141,1711584334389,1711582162,140,0,1,6829388,0,0,0
1,121,1711601133859,1711601163495,1,0,0,1,0,7,7,0,0,0,4,0,0,142,1711596355362,1711592161,141,0,1,4808133,0.766662598,-0.416687012,0.108215332,0.476379395,-1.33293271,-0.565470994,0.729695261,3.14160156,142,1711598330636,1711592160,141,3,1,2832859,-0.00390625,0.00390625,-0.01171875,142,1711595329207,1711592660,141,0,1,5834288,0,0,0
1,122,1711611133859,1711611163528,1,0,0,1,0,7,7,0,0,0,4,0,0,143,1711605354851,1711602261,142,0,1,5808677,0.766662598,-0.416687012,0.108215332,0.476379395,-1.33293271,-0.565470994,0.729695261,3.14160156,143,1711607329051,1711602460,142,3,1,3834477,0.03125,-0.0078125,-0.01171875,143,1711604327789,1711602060,142,0,1,6835739,0,0,0
1,123,1711621133859,1711621163395,1,0,0,1,0,7,7,0,0,0,4,0,0,144,1711615353754,1711612261,143,0,1,5809641,0.766662598,-0.416687012,0.108215332,0.476379395,-1.33293271,-0.565470994,0.729695261,3.14160156,144,1711617329010,1711611860,143,3,1,3834385,-0.00390625,0.00390625,-0.01171875,144,1711614327915,1711612060,143,0,1,6835480,0,0,0
1,124,1711631133859,1711631163520,1,0,0,1,0,7,7,0,0,0,4,0,0,145,1711625354380,1711622261,144,0,1,5809140,0.766662598,-0.416687012,0.108215332,0.476379395,-1.33293271,-0.565470994,0.729695261,3.14160156,145,1711627328154,1711622660,144,3,1,3835366,-0.00390625,0.00390625,-0.01171875,145,1711624329022,1711621861,144,0,1,6834498,0,0,0
1,125,1711641133859,1711641163720,1,0,0,1,0,7,7,0,0,0,4,0,0,146,1711635355950,1711631961,145,0,1,5807770,0.766662598,-0.416687012,0.108215332,0.476379395,-1.33293271,-0.565470994,0.729695261,3.14160156,146,1711637329613,1711632260,145,3,1,3834107,-0.00390625,0.00390625,-0.01171875,146,1711634330129,1711632060,145,0,1,6833591,0,0,0
1,126,1711651133859,1711651167532,1,0,0,1,0,7,7,0,0,0,4,0,0,147,1711645355909,1711642061,146,0,1,5811623,0.766662598,-0.416687012,0.108215332,0.476379395,-1.33293271,-0.565470994,0.729695261,3.14160156,147,1711647330739,1711642461,146,3,1,3836793,-0.00390625,0.00390625,-0.05078125,147,1711644329477,1711642060,146,0,1,6838055,0,0,0
1,127,1711661133859,1711661167195,1,0,0,1,0,7,7,0,0,0,4,0,0,148,1711655383683,1711651965,147,0,1,5783512,0.766662598,-0.416687012,0.108215332,0.476379395,-1.33293271,-0.565470994,0.729695261,3.14160156,148,1711657352754,1711651863,147,3,1,3814441,-0.00390625,0.00390625,-0.05078125,148,1711654359714,1711652066,147,0,1,6807481,0,0,0
1,128,1711671133859,1711671167174,1,0,0,1,0,7,7,0,0,0,4,0,0,149,1711665382199,1711662064,148,0,1,5784975,0.766662598,-0.416687012,0.108215332,0.476379395,-1.33293271,-0.565470994,0.729695261,3.14160156,149,1711667351936,1711662263,148,3,1,3815238,0.03125,-0.0078125,-0.01171875,149,1711664353026,1711662063,148,0,1,6814148,0,0,0
1,129,1711681133859,1711681167467,1,0,0,1,0,7,7,0,0,0,4,0,0,150,1711675380603,1711672062,149,0,1,5786864,0.766662598,-0.416687012,0.108215332,0.476379395,-1.33293271,-0.565470994,0.729695261,3.14160156,150,1711677352489,1711672463,149,3,1,3814978,-0.00390625,0.00390625,-0.01171875,150,1711674355189,1711672063,149,0,1,6812278,0,0,0
1,130,1711691133859,1711691167038,1,0,0,1,0,7,7,0,0,0,4,0,0,151,1711685379119,1711681961,150,0,1,5787919,0.766662598,-0.416687012,0.108215332,0.476379395,-1.33293271,-0.565470994,0.729695261,3.14160156,151,1711687353023,1711682063,150,3,1,3814015,-0.00390625,0.00390625,-0.01171875,151,1711684351964,1711682063,150,0,1,6815074,0,0,0
1,131,1711701133859,1711701167165,1,0,0,1,0,7,7,0,0,0,4,0,0,152,1711695381153,1711691964,151,0,1,5786012,0.766662598,-0.416687012,0.108215332,0.476379395,-1.33293271,-0.565470994,0.729695261,3.14160156,152,1711697352298,1711691863,151,3,1,3814867,-0.00390625,0.00390625,0.02734375,152,1711694351887,1711691663,151,0,1,6815278,0,0,0
1,132,1711711133859,1711711167180,1,0,0,1,0,7,7,0,0,0,4,0,0,153,1711705381502,1711701764,152,0,1,5785678,0.766662598,-0.416687012,0.108215332,0.476379395,-1.33293271,-0.565470994,0.729695261,3.14160156,153,1711707351795,1711701862,152,3,1,3815385,-0.0390625,0.01953125,-0.01171875,153,1711704351995,1711702063,152,0,1,6815185,0,0,0
1,133,1711721133859,1711721166807,1,0,0,1,0,7,7,0,0,0,4,0,0,154,1711715382795,1711711964,153,0,1,5784012,0.766662598,-0.416687012,0.108215332,0.476379395,-1.33293271,-0.565470994,0.729695261,3.14160156,154,1711717351662,1711712062,153,3,1,3815145,-0.0390625,0.01953125,0.02734375,154,1711714355733,1711712062,153,0,1,6811074,0,0,0
1,134,1711731133859,1711731166489,1,0,0,1,0,7,7,0,0,0,4,0,0,155,1711725381718,1711721764,154,0,1,5784771,0.766662598,-0.416687012,0.108215332,0.476379395,-1.33293271,-0.565470994,0.729695261,3.14160156,155,1711727352770,1711722263,154,3,1,3813719,-0.00390625,0.00390625,-0.01171875,155,1711724352508,1711722062,154,0,1,6813981,0,0,0
1,135,1711741133859,1711741166653,1,0,0,1,0,7,7,0,0,0,4,0,0,156,1711735380808,1711731963,155,0,1,5785845,0.766662598,-0.416687012,0.108215332,0.476379395,-1.33293271,-0.565470994,0.729695261,3.14160156,156,1711737351508,1711731862,155,3,1,3815145,-0.00390625,0.00390625,0.02734375,156,1711734350820,1711731662,155,0,1,6815833,0,0,0
1,136,1711751133859,1711751169631,1,0,0,1,0,7,7,0,0,0,4,0,0,157,1711746380701,1711741963,156,0,1,4788930,0.766662598,-0.416687012,0.108215332,0.476379395,-1.33293271,-0.565470994,0.729695261,3.14160156,157,1711748351808,1711742163,156,3,1,2817823,0.03125,-0.0078125,-0.01171875,157,1711745350546,1711742262,156,0,1,5819085,0,0,0
1,137,1711761133859,1711761164425,1,0,0,1,0,7,7,0,0,0,4,0,0,158,1711755380172,1711751963,157,0,1,5784253,0.766662598,-0.416687012,0.108215332,0.476379395,-1.33293271,-0.565470994,0.729695261,3.14160156,158,1711758352787,1711752362,157,3,1,2811638,-0.015625,-0.03125,0.02734375,158,1711754352795,1711752062,157,0,1,6811630,0,0,0
1,138,1711771133859,1711771166570,1,0,0,1,0,7,7,0,0,0,4,0,0,159,1711765380354,1711761963,158,0,1,5786216,0.766662598,-0.416687012,0.108215332,0.476379395,-1.33293271,-0.565470994,0.729695261,3.14160156,159,1711767351962,1711762263,158,3,1,3814608,-0.00390625,0.00390625,-0.01171875,159,1711764351274,1711761862,158,0,1,6815296,0,0,0
1,139,1711781133859,1711781166197,1,0,0,1,0,7,7,0,0,0,4,0,0,160,1711775380981,1711771563,159,0,1,5785216,0.766662598,-0.416687012,0.108215332,0.476379395,-1.33293271,-0.565470994,0.729695261,3.14160156,160,1711777351866,1711771863,159,3,1,3814331,-0.00390625,0.00390625,0.02734375,160,1711774352808,1711772060,159,0,1,6813389,0,0,0
1,140,1711791133859,1711791166509,1,0,0,1,0,7,7,0,0,0,4,0,0,161,1711785381200,1711781763,160,0,1,5785309,0.766662598,-0.416687012,0.108215332,0.476379395,-1.33293271,-0.565470994,0.729695261,3.14160156,161,1711787351549,1711781863,160,3,1,3814960,-0.00390625,0.00390625,-0.01171875,161,1711784351768,1711782062,160,0,1,6814741,0,0,0
1,141,1711801133859,1711801166302,1,0,0,1,0,7,7,0,0,0,4,0,0,162,1711795379957,1711791563,161,0,1,5786345,0.766662598,-0.416687012,0.108215332,0.476379395,-1.33293271,-0.565470994,0.729695261,3.14160156,162,1711797351675,1711791563,161,3,1,3814627,-0.00390625,0.00390625,-0.01171875,162,1711794351302,1711792062,161,0,1,6815000,0,0,0
1,142,1711811133859,1711811166688,1,0,0,1,0,7,7,0,0,0,4,0,0,163,1711805380620,1711801763,162,0,1,5786068,0.766662598,-0.416687012,0.108215332,0.476379395,-1.33293271,-0.565470994,0.729695261,3.14160156,163,1711807351561,1711802063,162,3,1,3815127,-0.00390625,0.00390625,-0.05078125,163,1711804351077,1711801862,162,0,1,6815611,0,0,0
1,143,1711821133859,1711821166129,1,0,0,1,0,7,7,0,0,0,4,0,0,164,1711815380580,1711811763,163,0,1,5785549,0.766662598,-0.416687012,0.108215332,0.476379395,-1.33293271,-0.565470994,0.729695261,3.14160156,164,1711817351521,1711812063,163,3,1,3814608,0.01953125,-0.04296875,-0.01171875,164,1711814351444,1711812062,163,0,1,6814685,0,0,0
1,144,1711831133859,1711831166126,1,0,0,1,0,7,7,0,0,0,4,0,0,165,1711825379614,1711821763,164,0,1,5786512,0.766662598,-0.416687012,0.108215332,0.476379395,-1.33293271,-0.565470994,0.729695261,3.14160156,165,1711827350389,1711821862,164,3,1,3815737,0.03125,-0.0078125,-0.01171875,165,1711824350830,1711822062,164,0,1,6815296,0,0,0
1,145,1711841133859,1711841166253,1,0,0,1,0,7,7,0,0,0,4,0,0,166,1711835379741,1711831763,165,0,1,5786512,0.766662598,-0.416687012,0.108215332,0.476379395,-1.33293271,-0.565470994,0.729695261,3.14160156,166,1711837351108,1711831762,165,3,1,3815145,-0.00390625,0.00390625,0.02734375,166,1711834349531,1711831862,165,0,1,6816722,0,0,0
1,146,1711851133859,1711851168176,1,0,0,1,0,7,7,0,0,0,4,0,0,167,1711844379768,1711841263,166,0,1,6788408,0.766662598,-0.416687012,0.108215332,0.476379395,-1.33293271,-0.565470994,0.729695261,3.14160156,167,1711846350228,1711841662,166,3,1,4817948,-0.00390625,0.00390625,-0.01171875,167,1711843350354,1711840862,166,0,1,7817822,0,0,0
1,147,1711861133859,1711861166488,1,0,0,1,0,7,7,0,0,0,4,0,0,168,1711855380902,1711851764,167,0,1,5785586,0.766662598,-0.416687012,0.108215332,0.476379395,-1.33293271,-0.565470994,0.729695261,3.14160156,168,1711857351787,1711851563,167,3,1,3814701,-0.00390625,0.00390625,-0.01171875,168,1711854352729,1711852062,167,0,1,6813759,0,0,0
1,148,1711871133859,1711871166559,1,0,0,1,0,7,7,0,0,0,4,0,0,169,1711865380491,1711861363,168,0,1,5786068,0.766662598,-0.416687012,0.108215332,0.476379395,-1.33293271,-0.565470994,0.729695261,3.14160156,169,1711867351155,1711861863,168,3,1,3815404,-0.015625,-0.03125,0.02734375,169,1711864351096,1711862062,168,0,1,6815463,0,0,0
1,149,1711881133859,1711881166501,1,0,0,1,0,7,7,0,0,0,4,0,0,170,1711875380507,1711871563,169,0,1,5785994,0.766662598,-0.416687012,0.108215332,0.476379395,-1.33293271,-0.565470994,0.729695261,3.14160156,170,1711877351541,1711871563,169,3,1,3814960,0.03125,-0.0078125,-0.01171875,170,1711874353260,1711871662,169,0,1,6813241,0,0,0
1,150,1711891133859,1711891166405,1,0,0,1,0,7,7,0,0,0,4,0,0,171,1711885380560,1711881563,170,0,1,5785845,0.766662598,-0.416687012,0.108215332,0.476379395,-1.33293271,-0.565470994,0.729695261,3.14160156,171,1711887351390,1711881863,170,3,1,3815015,-0.00390625,0.00390625,-0.01171875,171,1711884351868,1711882062,170,0,1,6814537,0,0,0
1,151,1711901133859,1711901166828,1,0,0,1,0,7,7,0,0,0,4,0,0,172,1711895382371,1711891564,171,0,1,5784457,0.766662598,-0.416687012,0.108215332,0.476379395,-1.33293271,-0.565470994,0.729695261,3.14160156,172,1711897354461,1711891563,171,3,1,3812367,-0.00390625,0.00390625,-0.01171875,172,1711894366457,1711892063,171,0,1,6800371,0,0,0
1,152,1711911133859,1711911166918,1,0,0,1,0,7,7,0,0,0,4,0,0,173,1711905378961,1711901564,172,0,1,5787957,0.766662598,-0.416687012,0.108215332,0.476379395,-1.33293271,-0.565470994,0.729695261,3.14160156,173,1711907355439,1711901864,172,3,1,3811479,-0.00390625,0.00390625,-0.01171875,173,1711904352529,1711902063,172,0,1,6814389,0,0,0
1,153,1711921133859,1711921166507,1,0,0,1,0,7,7,0,0,0,4,0,0,174,1711914381470,1711911264,173,0,1,6785037,0.766662598,-0.416687012,0.108215332,0.476379395,-1.33293271,-0.565470994,0.729695261,3.14160156,174,1711916347263,1711911463,173,3,1,4819244,-0.00390625,0.00390625,0.02734375,174,1711913353037,1711911063,173,0,1,7813470,0,0,0
1,154,1711931133859,1711931166078,1,0,0,1,0,7,7,0,0,0,4,0,0,175,1711925381603,1711921564,174,0,1,5784475,0.766662598,-0.416687012,0.108215332,0.476379395,-1.33293271,-0.565470994,0.729695261,3.14160156,175,1711927351878,1711921762,174,3,1,3814200,0.03125,-0.0078125,-0.01171875,175,1711924354949,1711922163,174,0,1,6811129,0,0,0
1,155,1711941133859,1711941167131,1,0,0,1,0,7,7,0,0,0,4,0,0,176,1711935379804,1711931163,175,0,1,5787327,0.766662598,-0.416687012,0.108215332,0.476379395,-1.33293271,-0.565470994,0.729695261,3.14160156,176,1711937362041,1711931366,175,3,1,3805090,-0.00390625,0.00390625,-0.01171875,176,1711934351520,1711932063,175,0,1,6815611,0,0,0
1,156,1711951133859,1711951170183,1,0,0,1,0,7,7,0,0,0,4,0,0,177,1711945381690,1711941564,176,0,1,5788493,0.766662598,-0.416687012,0.108215332,0.476379395,-1.33293271,-0.565470994,0.729695261,3.14160156,177,1711947352409,1711941863,176,3,1,3817774,-0.015625,-0.03125,-0.01171875,177,1711944353869,1711942063,176,0,1,6816314,0,0,0
1,157,1711961133859,1711961166792,1,0,0,1,0,7,7,0,0,0,4,0,0,178,1711955382076,1711951564,177,0,1,5784716,0.766662598,-0.416687012,0.108215332,0.476379395,-1.33293271,-0.565470994,0.729695261,3.14160156,178,1711957352054,1711951863,177,3,1,3814738,-0.00390625,0.00390625,-0.01171875,178,1711954353755,1711952063,177,0,1,6813037,0,0,0
1,158,1711971133859,1711971166918,1,0,0,1,0,7,7,0,0,0,4,0,0,179,1711964382918,1711961464,178,0,1,6784000,0.766662598,-0.416687012,0.108215332,0.476379395,-1.33293271,-0.565470994,0.729695261,3.14160156,179,1711966358099,1711961463,178,3,1,4808819,0.03125,-0.0078125,-0.05078125,179,1711963352689,1711961061,178,0,1,7814229,0,0,0
1,159,1711981133859,1711981166675,1,0,0,1,0,7,7,0,0,0,4,0,0,180,1711975389051,1711971563,179,0,1,5777624,0.766662598,-0.416687012,0.108215332,0.476379395,-1.33293271,-0.565470994,0.729695261,3.14160156,180,1711977356418,1711971562,179,3,1,3810257,-0.00390625,0.00390625,-0.01171875,180,1711974359619,1711971863,179,0,1,6807056,0,0,0
1,160,1711991133859,1711991167061,1,0,0,1,0,7,7,0,0,0,4,0,0,181,1711984381060,1711980964,180,0,1,6786001,0.766662598,-0.416687012,0.108215332,0.476379395,-1.33293271,-0.565470994,0.729695261,3.14160156,181,1711986350964,1711981263,180,3,1,4816097,-0.00390625,0.00390625,0.02734375,181,1711983352887,1711981062,180,0,1,7814174,0,0,0
1,161,1712001133859,1712001166372,1,0,0,1,0,7,7,0,0,0,4,0,0,182,1711994382557,1711991064,181,0,1,6783815,0.766662598,-0.416687012,0.108215332,0.476379395,-1.33293271,-0.565470994,0.729695261,3.14160156,182,1711996352202,1711991463,181,3,1,4814170,0.03125,-0.0078125,-0.01171875,182,1711993356217,1711991063,181,0,1,7810155,0,0,0
1,162,1712011133859,1712011172110,1,0,0,1,0,7,7,0,0,0,4,0,0,183,1712006380902,1712001264,182,0,1,4791208,0.766662598,-0.416687012,0.108276367,0.476379395,-1.33291662,-0.565402091,0.729777813,3.14160156,183,1712008365879,1712001667,182,3,1,2806231,0.03125,-0.0078125,-0.01171875,183,1712005353729,1712001962,182,0,1,5818381,0,0,0
1,163,1712021133859,1712021167533,1,0,0,1,0,7,7,0,0,0,4,0,0,184,1712015417557,1712011182,183,0,1,5749976,0.766662598,-0.416687012,0.108276367,0.476379395,-1.33291662,-0.565402091,0.729777813,3.14160156,184,1712017356240,1712011364,183,3,1,3811293,0.03125,-0.0078125,0.02734375,184,1712014395273,1712011477,183,0,1,6772260,0,0,0
1,164,1712031133859,1712031166530,1,0,0,1,0,7,7,0,0,0,4,0,0,185,1712024383604,1712021462,184,0,1,6782926,0.766662598,-0.416687012,0.108276367,0.476379395,-1.33291662,-0.565402091,0.729777813,3.14160156,185,1712026353026,1712021663,184,3,1,4813504,-0.00390625,0.00390625,-0.01171875,185,1712023348061,1712021163,184,0,1,7818469,0,0,0
1,165,1712041133859,1712041167305,1,0,0,1,0,7,7,0,0,0,4,0,0,186,1712034375008,1712031264,185,0,1,6792297,0.766662598,-0.416687012,0.108276367,0.476379395,-1.33291662,-0.565402091,0.729777813,3.14160156,186,1712036357690,1712030863,185,3,1,4809615,-0.00390625,0.00390625,-0.01171875,186,1712033351539,1712031062,185,0,1,7815766,0,0,0
1,166,1712051133859,1712051170043,1,0,0,1,0,7,7,0,0,0,4,0,0,187,1712044382264,1712041264,186,0,1,6787779,0.766662598,-0.416687012,0.108276367,0.476379395,-1.33291662,-0.565402091,0.729777813,3.14160156,187,1712046353613,1712041663,186,3,1,4816430,-0.00390625,0.00390625,-0.01171875,187,1712043353110,1712041063,186,0,1,7816933,0,0,0
1,167,1712061133859,1712061167336,1,0,0,1,0,7,7,0,0,0,4,0,0,188,1712054387465,1712050967,187,0,1,6779871,0.766662598,-0.416687012,0.108276367,0.476379395,-1.33291662,-0.565402091,0.729777813,3.14160156,188,1712056353517,1712051063,187,3,1,4813819,-0.00390625,0.00390625,0.02734375,188,1712053348070,1712051063,187,0,1,7819266,0,0,0
1,168,1712071133859,1712071166518,1,0,0,1,0,7,7,0,0,0,4,0,0,189,1712064382518,1712061264,188,0,1,6784000,0.766662598,-0.416687012,0.108276367,0.476379395,-1.33291662,-0.565402091,0.729777813,3.14160156,189,1712066352588,1712061263,188,3,1,4813930,-0.00390625,0.00390625,-0.01171875,189,1712063353178,1712061063,188,0,1,7813340,0,0,0
1,169,1712081133859,1712081168089,1,0,0,1,0,7,7,0,0,0,4,0,0,190,1712074381607,1712071064,189,0,1,6786482,0.766662598,-0.416687012,0.108276367,0.476379395,-1.33291662,-0.565402091,0.729777813,3.14160156,190,1712076356196,1712071063,189,3,1,4811893,-0.00390625,0.00390625,-0.01171875,190,1712073353768,1712071062,189,0,1,7814321,0,0,0
1,170,1712091133859,1712091167420,1,0,0,1,0,7,7,0,0,0,4,0,0,191,1712084382604,1712081264,190,0,1,6784816,0.766662598,-0.416687012,0.108276367,0.476379395,-1.33291662,-0.565402091,0.729777813,3.14160156,191,1712086353194,1712081663,190,3,1,4814226,-0.00390625,0.00390625,-0.01171875,191,1712083356635,1712081063,190,0,1,7810785,0,0,0
1,171,1712101133859,1712101167361,1,0,0,1,0,7,7,0,0,0,4,0,0,192,1712094381972,1712091264,191,0,1,6785389,0.766662598,-0.416687012,0.108276367,0.476379395,-1.33291662,-0.565402091,0.729777813,3.14160156,192,1712096352635,1712091663,191,3,1,4814726,0.03125,-0.0078125,0.02734375,192,1712093352706,1712091063,191,0,1,7814655,0,0,0
1,172,1712111133859,1712111167229,1,0,0,1,0,7,7,0,0,0,4,0,0,193,1712104381450,1712101264,192,0,1,6785779,0.766601562,-0.416687012,0.108276367,0.476379395,-1.33311582,-0.56534189,0.72991395,3.14160156,193,1712106353188,1712101263,192,3,1,4814041,-0.015625,-0.03125,-0.01171875,193,1712103352315,1712101163,192,0,1,7814914,0,0,0
1,173,1712121133859,1712121167837,1,0,0,1,0,7,7,0,0,0,4,0,0,194,1712114381281,1712111264,193,0,1,6786556,0.766601562,-0.416687012,0.108276367,0.476379395,-1.33311582,-0.56534189,0.72991395,3.14160156,194,1712116352500,1712111263,193,3,1,4815337,0.03125,-0.0078125,-0.01171875,194,1712113352719,1712110863,193,0,1,7815118,0,0,0
1,174,1712131133859,1712131167001,1,0,0,1,0,7,7,0,0,0,4,0,0,195,1712124380519,1712120564,194,0,1,6786482,0.766601562,-0.416687012,0.108276367,0.476379395,-1.33311582,-0.56534189,0.72991395,3.14160156,195,1712126355145,1712120863,194,3,1,4811856,-0.00390625,0.00390625,-0.01171875,195,1712123353864,1712121062,194,0,1,7813137,0,0,0
1,175,1712141133859,1712141174183,1,0,0,1,0,7,7,0,0,0,4,0,0,196,1712134382145,1712130964,195,0,1,6792038,0.766601562,-0.416687012,0.108276367,0.476379395,-1.33311582,-0.56534189,0.72991395,3.14160156,196,1712136353605,1712130763,195,3,1,4820578,-0.00390625,0.00390625,-0.01171875,196,1712133359028,1712131063,195,0,1,7815155,0,0,0
1,176,1712151133859,1712151183420,1,0,0,1,0,7,7,0,0,0,4,0,0,197,1712144426030,1712140969,196,0,1,6757390,0.766601562,-0.416687012,0.108276367,0.476379395,-1.33311582,-0.56534189,0.72991395,3.14160156,197,1712146391841,1712141470,196,3,1,4791579,0.0078125,0.04296875,-0.01171875,197,1712143397949,1712141165,196,0,1,7785471,0,0,0
1,177,1712161133859,1712161163918,1,0,0,1,0,7,7,0,0,0,4,0,0,198,1712154371010,1712151058,197,0,1,6792908,0.766601562,-0.416687012,0.108276367,0.476379395,-1.33311582,-0.56534189,0.72991395,3.14160156,198,1712156339321,1712151057,197,3,1,4824597,0.03125,-0.0078125,0.02734375,198,1712153380891,1712150660,197,0,1,7783027,0,0,0
1,178,1712171133859,1712171167248,1,0,0,1,0,7,7,0,0,0,4,0,0,199,1712164371933,1712161058,198,0,1,6795315,0.766601562,-0.416687012,0.108276367,0.476379395,-1.33311582,-0.56534189,0.72991395,3.14160156,199,1712166356318,1712161462,198,3,1,4810930,-0.00390625,0.00390625,-0.01171875,199,1712163343334,1712161158,198,0,1,7823914,0,0,0
1,179,1712181133859,1712181166616,1,0,0,1,0,7,7,0,0,0,4,0,0,200,1712174382893,1712171064,199,0,1,6783723,0.766601562,-0.416687012,0.108276367,0.476379395,-1.33311582,-0.56534189,0.72991395,3.14160156,200,1712176353260,1712170763,199,3,1,4813356,-0.00390625,0.00390625,0.02734375,200,1712173353923,1712171063,199,0,1,7812693,0,0,0
1,180,1712191133859,1712191166761,1,0,0,1,0,7,7,0,0,0,4,0,0,201,1712184382316,1712181064,200,0,1,6784445,0.766601562,-0.416687012,0.108276367,0.476379395,-1.33311582,-0.56534189,0.72991395,3.14160156,201,1712186352368,1712181463,200,3,1,4814393,0.01953125,-0.04296875,-0.01171875,201,1712183355309,1712181063,200,0,1,7811452,0,0,0
1,181,1712201133859,1712201167110,1,0,0,1,0,7,7,0,0,0,4,0,0,202,1712194380813,1712190563,201,0,1,6786297,0.766601562,-0.416687012,0.108276367,0.476379395,-1.33311582,-0.56534189,0.72991395,3.14160156,202,1712196357216,1712190863,201,3,1,4809894,-0.00390625,0.00390625,-0.05078125,202,1712193351732,1712191062,201,0,1,7815378,0,0,0
1,182,1712211133859,1712211167588,1,0,0,1,0,7,7,0,0,0,4,0,0,203,1712204382439,1712201064,202,0,1,6785149,0.766601562,-0.416687012,0.108276367,0.476379395,-1.33311582,-0.56534189,0.72991395,3.14160156,203,1712206353195,1712201063,202,3,1,4814393,0.03125,-0.0078125,-0.01171875,203,1712203355711,1712201163,202,0,1,7811877,0,0,0
1,183,1712221133859,1712221168085,1,0,0,1,0,7,7,0,0,0,4,0,0,204,1712214382862,1712210964,203,0,1,6785223,0.766601562,-0.416687012,0.108276367,0.476379395,-1.33311582,-0.56534189,0.72991395,3.14160156,204,1712216353396,1712210863,203,3,1,4814689,-0.00390625,0.00390625,-0.01171875,204,1712213356911,1712211063,203,0,1,7811174,0,0,0
1,184,1712231133859,1712231167304,1,0,0,1,0,7,7,0,0,0,4,0,0,205,1712224382378,1712220964,204,0,1,6784926,0.766601562,-0.416687012,0.108276367,0.476379395,-1.33311582,-0.56534189,0.72991395,3.14160156,205,1712226352634,1712221263,204,3,1,4814670,-0.015625,-0.03125,-0.01171875,205,1712223355131,1712221063,204,0,1,7812173,0,0,0
1,185,1712241133859,1712241167172,1,0,0,1,0,7,7,0,0,0,4,0,0,206,1712234381967,1712230964,205,0,1,6785205,0.766601562,-0.416687012,0.108276367,0.476379395,-1.33311582,-0.56534189,0.72991395,3.14160156,206,1712236353094,1712231263,205,3,1,4814078,-0.00390625,0.00390625,0.02734375,206,1712233352850,1712231063,205,0,1,7814322,0,0,0
1,186,1712251133859,1712251169132,1,0,0,1,0,7,7,0,0,0,4,0,0,207,1712244381557,1712240964,206,0,1,6787575,0.766601562,-0.416687012,0.108276367,0.476379395,-1.33311582,-0.56534189,0.72991395,3.14160156,207,1712246352961,1712241063,206,3,1,4816171,0.01953125,-0.04296875,0.02734375,207,1712243352588,1712241163,206,0,1,7816544,0,0,0
1,187,1712261133859,1712261167221,1,0,0,1,0,7,7,0,0,0,4,0,0,208,1712254382813,1712250964,207,0,1,6784408,0.766601562,-0.416687012,0.108276367,0.476379395,-1.33311582,-0.56534189,0.72991395,3.14160156,208,1712256353199,1712250863,207,3,1,4814022,-0.00390625,0.00390625,-0.01171875,208,1712253355677,1712250664,207,0,1,7811544,0,0,0
1,188,1712271133859,1712271167256,1,0,0,1,0,7,7,0,0,0,4,0,0,209,1712264382033,1712260564,208,0,1,6785223,0.766601562,-0.416687012,0.108276367,0.476379395,-1.33311582,-0.56534189,0.72991395,3.14160156,209,1712266353029,1712260863,208,3,1,4814227,-0.00390625,0.00390625,0.02734375,209,1712263353304,1712260263,208,0,1,7813952,0,0,0
1,189,1712281133859,1712281167216,1,0,0,1,0,7,7,0,0,0,4,0,0,210,1712274380696,1712270564,209,0,1,6786520,0.766601562,-0.416687012,0.108276367,0.476379395,-1.33311582,-0.56534189,0.72991395,3.14160156,210,1712276356785,1712270363,209,3,1,4810431,-0.0390625,0.01953125,-0.01171875,210,1712273353042,1712271063,209,0,1,7814174,0,0,0
1,190,1712291133859,1712291167083,1,0,0,1,0,7,7,0,0,0,4,0,0,211,1712284381564,1712280764,210,0,1,6785519,0.766601562,-0.416687012,0.108276367,0.476379395,-1.33311582,-0.56534189,0.72991395,3.14160156,211,1712286353375,1712281063,210,3,1,4813708,-0.0390625,0.01953125,-0.05078125,211,1712283353854,1712281063,210,0,1,7813229,0,0,0
1,191,1712301133859,1712301166950,1,0,0,1,0,7,7,0,0,0,4,0,0,212,1712294381987,1712290764,211,0,1,6784963,0.766601562,-0.416687012,0.108276367,0.476379395,-1.33311582,-0.56534189,0.72991395,3.14160156,212,1712296352946,1712291063,211,3,1,4814004,-0.015625,-0.03125,0.02734375,212,1712293353221,1712290863,211,0,1,7813729,0,0,0
1,192,1712311133859,1712311167410,1,0,0,1,0,7,7,0,0,0,4,0,0,213,1712304382539,1712300764,212,0,1,6784871,0.766601562,-0.416687012,0.108276367,0.476379395,-1.33311582,-0.56534189,0.72991395,3.14160156,213,1712306352832,1712301063,212,3,1,4814578,0.03125,-0.0078125,-0.01171875,213,1712303352718,1712301061,212,0,1,7814692,0,0,0
1,193,1712321133859,1712321167037,1,0,0,1,0,7,7,0,0,0,4,0,0,214,1712314381073,1712310564,213,0,1,6785964,0.766601562,-0.416687012,0.108276367,0.476379395,-1.33311582,-0.56534189,0.72991395,3.14160156,214,1712316352792,1712310763,213,3,1,4814245,-0.015625,-0.03125,-0.01171875,214,1712313350512,1712311061,213,0,1,7816525,0,0,0
1,194,1712331133859,1712331167367,1,0,0,1,0,7,7,0,0,0,4,0,0,215,1712324382274,1712320764,214,0,1,6785093,0.766601562,-0.416687012,0.108276367,0.476379395,-1.33311582,-0.56534189,0.72991395,3.14160156,215,1712326353197,1712321063,214,3,1,4814170,-0.00390625,0.00390625,-0.01171875,215,1712323352379,1712321063,214,0,1,7814988,0,0,0
1,195,1712341133859,1712341166716,1,0,0,1,0,7,7,0,0,0,4,0,0,216,1712333381616,1712330264,215,0,1,7785100,0.766601562,-0.416687012,0.108276367,0.476379395,-1.33311582,-0.56534189,0.72991395,3.14160156,216,1712335352020,1712330663,215,3,1,5814696,-0.0390625,0.01953125,-0.01171875,216,1712332352591,1712330063,215,0,1,8814125,0,0,0
1,196,1712351133859,1712351168695,1,0,0,1,0,7,7,0,0,0,4,0,0,217,1712344380750,1712340764,216,0,1,6787945,0.766601562,-0.416687012,0.108276367,0.476379395,-1.33311582,-0.56534189,0.72991395,3.14160156,217,1712346351098,1712340763,216,3,1,4817597,-0.00390625,0.00390625,-0.05078125,217,1712343351132,1712341062,216,0,1,7817563,0,0,0
1,197,1712361133859,1712361167210,1,0,0,1,0,7,7,0,0,0,4,0,0,218,1712354382636,1712350764,217,0,1,6784574,0.766601562,-0.416687012,0.108276367,0.476379395,-1.33311582,-0.56534189,0.72991395,3.14160156,218,1712356353447,1712350564,217,3,1,4813763,0.03125,-0.0078125,-0.00390625,218,1712353354185,1712351063,217,0,1,7813025,0,0,0
1,198,1712371133859,1712371166541,1,0,0,1,0,7,7,0,0,0,4,0,0,219,1712364381596,1712360762,218,0,1,6784945,0.766601562,-0.416687012,0.108276367,0.476379395,-1.33311582,-0.56534189,0.72991395,3.14160156,219,1712366352240,1712361062,218,3,1,4814301,0.03125,-0.0078125,-0.00390625,219,1712363354349,1712361063,218,0,1,7812192,0,0,0
1,199,1712381133859,1712381166482,1,0,0,1,0,7,7,0,0,0,4,0,0,220,1712374380982,1712370764,219,0,1,6785500,0.766601562,-0.416687012,0.108276367,0.476379395,-1.33311582,-0.56534189,0.72991395,3.14160156,220,1712376355515,1712370863,219,3,1,4810967,-0.00390625,0.00390625,0.03515625,220,1712373352475,1712371062,219,0,1,7814007,0,0,0
1,200,1712391133859,1712391166516,1,0,0,1,0,7,7,0,0,0,4,0,0,221,1712384379627,1712380361,220,0,1,6786889,0.766601562,-0.416687012,0.108276367,0.476379395,-1.33311582,-0.56534189,0.72991395,3.14160156,221,1712386351475,1712380863,220,3,1,4815041,-0.00390625,0.00390625,-0.00390625,221,1712383351361,1712381162,220,0,1,7815155,0,0,0
1,201,1712401133859,1712401167495,1,0,0,1,0,7,7,0,0,0,4,0,0,222,1712394379550,1712390562,221,0,1,6787945,0.766601562,-0.416687012,0.108276367,0.476379395,-1.33311582,-0.56534189,0.72991395,3.14160156,222,1712396352528,1712390761,221,3,1,4814967,-0.00390625,0.00390625,-0.00390625,222,1712393366932,1712390867,221,0,1,7800563,0,0,0
1,202,1712411133859,1712411167436,1,0,0,1,0,7,7,0,0,0,4,0,0,223,1712403381595,1712400264,222,0,1,7785841,0.766601562,-0.416687012,0.108276367,0.476379395,-1.33311582,-0.56534189,0.72991395,3.14160156,223,1712405352684,1712400463,222,3,1,5814752,-0.00390625,0.00390625,-0.00390625,223,1712402353367,1712400163,222,0,1,8814069,0,0,0
1,203,1712421133859,1712421166989,1,0,0,1,0,7,7,0,0,0,4,0,0,224,1712413382537,1712410464,223,0,1,7784452,0.766601562,-0.416687012,0.108276367,0.476379395,-1.33311582,-0.56534189,0.72991395,3.14160156,224,1712415348070,1712410464,223,3,1,5818919,-0.015625,-0.03125,-0.00390625,224,1712412354456,1712410063,223,0,1,8812533,0,0,0
1,204,1712431133859,1712431166282,1,0,0,1,0,7,7,0,0,0,4,0,0,225,1712424382263,1712420364,224,0,1,6784019,0.766601562,-0.416687012,0.108276367,0.476379395,-1.33311582,-0.56534189,0.72991395,3.14160156,225,1712426352019,1712420763,224,3,1,4814263,0.01953125,-0.04296875,-0.00390625,225,1712423357460,1712421061,224,0,1,7808822,0,0,0
1,205,1712441133859,1712441166761,1,0,0,1,0,7,7,0,0,0,4,0,0,226,1712434381149,1712430563,225,0,1,6785612,0.766601562,-0.416748047,0.108276367,0.476379395,-1.33311951,-0.565452754,0.72996527,3.14160156,226,1712436351775,1712430863,225,3,1,4814986,0.03125,-0.0078125,0.03515625,226,1712433352069,1712431062,225,0,1,7814692,0,0,0
1,206,1712451133859,1712451170221,1,0,0,1,0,7,7,0,0,0,4,0,0,227,1712443380880,1712440464,226,0,1,7789341,0.766601562,-0.416748047,0.108276367,0.476379395,-1.33311951,-0.565452754,0.72996527,3.14160156,227,1712445352117,1712440863,226,3,1,5818104,0.0078125,0.04296875,-0.00390625,227,1712442351448,1712440063,226,0,1,8818773,0,0,0
1,207,1712461133859,1712461166459,1,0,0,1,0,7,7,0,0,0,4,0,0,228,1712453383562,1712450464,227,0,1,7782897,0.766601562,-0.416748047,0.108276367,0.476379395,-1.33311951,-0.565452754,0.72996527,3.14160156,228,1712455354281,1712450063,227,3,1,5812178,-0.00390625,0.00390625,-0.00390625,228,1712452357722,1712450063,227,0,1,8808737,0,0,0
1,208,1712471133859,1712471166696,1,0,0,1,0,7,7,0,0,0,4,0,0,229,1712464382103,1712460364,228,0,1,6784593,0.766601562,-0.416748047,0.108276367,0.476379395,-1.33311951,-0.565452754,0.72996527,3.14160156,229,1712466354229,1712460763,228,3,1,4812467,-0.0546875,-0.01953125,-0.00390625,229,1712463354615,1712461063,228,0,1,7812081,0,0,0
1,209,1712481133859,1712481167490,1,0,0,1,0,7,7,0,0,0,4,0,0,230,1712474382433,1712470764,229,0,1,6785057,0.766601562,-0.416748047,0.108276367,0.476379395,-1.33311951,-0.565452754,0.72996527,3.14160156,230,1712476355523,1712471063,229,3,1,4811967,-0.00390625,0.00390625,-0.00390625,230,1712473355557,1712471063,229,0,1,7811933,0,0,0
1,210,1712491133859,1712491167209,1,0,0,1,0,7,7,0,0,0,4,0,0,231,1712483381516,1712480264,230,0,1,7785693,0.766601562,-0.416748047,0.108276367,0.476379395,-1.33311951,-0.565452754,0.72996527,3.14160156,231,1712485354494,1712480463,230,3,1,5812715,-0.015625,-0.03125,-0.00390625,231,1712482353825,1712480063,230,0,1,8813384,0,0,0
1,211,1712501133859,1712501167169,1,0,0,1,0,7,7,0,0,0,4,0,0,232,1712494380724,1712490364,231,0,1,6786445,0.766601562,-0.416748047,0.108276367,0.476379395,-1.33311951,-0.565452754,0.72996527,3.14160156,232,1712496353109,1712490163,231,3,1,4814060,-0.00390625,0.00390625,0.03515625,232,1712493352662,1712490663,231,0,1,7814507,0,0,0
1,212,1712511133859,1712511167148,1,0,0,1,0,7,7,0,0,0,4,0,0,233,1712503380788,1712500264,232,0,1,7786360,0.766601562,-0.416748047,0.108276367,0.476379395,-1.33311951,-0.565452754,0.72996527,3.14160156,233,1712505352266,1712500663,232,3,1,5814882,0.03125,-0.0078125,0.03515625,233,1712502352578,1712500063,232,0,1,8814570,0,0,0
1,213,1712521133859,1712521167348,1,0,0,1,0,7,7,0,0,0,4,0,0,234,1712513381303,1712510264,233,0,1,7786045,0.766601562,-0.416748047,0.108276367,0.476379395,-1.33311951,-0.565452754,0.72996527,3.14160156,234,1712515352726,1712510663,233,3,1,5814622,-0.00390625,0.00390625,-0.00390625,234,1712512352834,1712510063,233,0,1,8814514,0,0,0
1,214,1712531133859,1712531178493,1,0,0,1,0,7,7,0,0,0,4,0,0,235,1712524381345,1712520164,234,0,1,6797148,0.766601562,-0.416748047,0.108276367,0.476379395,-1.33311951,-0.565452754,0.72996527,3.14160156,235,1712526352656,1712520563,234,3,1,4825837,-0.00390625,0.00390625,-0.00390625,235,1712523352246,1712520063,234,0,1,7826247,0,0,0
1,215,1712541133859,1712541186897,1,0,0,1,0,7,7,0,0,0,4,0,0,236,1712534408933,1712530175,235,0,1,6777964,0.766601562,-0.416748047,0.108276367,0.476379395,-1.33311951,-0.565452754,0.72996527,3.14160156,236,1712536376060,1712530163,235,3,1,4810837,-0.00390625,0.00390625,-0.00390625,236,1712533409723,1712530674,235,0,1,7777174,0,0,0
1,216,1712551133859,1712551168728,1,0,0,1,0,7,7,0,0,0,4,0,0,237,1712543409183,1712540474,236,0,1,7759545,0.766601562,-0.416748047,0.108276367,0.476379395,-1.33311951,-0.565452754,0.72996527,3.14160156,237,1712545394642,1712540868,236,3,1,5774086,-0.00390625,0.00390625,-0.00390625,237,1712542433767,1712540194,236,0,1,8734961,0,0,0
1,217,1712561133859,1712561160707,1,0,0,1,0,7,7,0,0,0,4,0,0,238,1712553378532,1712550262,237,0,1,7782175,0.766601562,-0.416748047,0.108276367,0.476379395,-1.33311951,-0.565452754,0.72996527,3.14160156,238,1712555327511,1712550258,237,3,1,5833196,0.01953125,-0.04296875,-0.00390625,238,1712552373785,1712550061,237,0,1,8786922,0,0,0
1,218,1712571133859,1712571160871,1,0,0,1,0,7,7,0,0,0,4,0,0,239,1712563350197,1712560258,238,0,1,7810674,0.766601562,-0.416748047,0.108276367,0.476379395,-1.33311951,-0.565452754,0.72996527,3.14160156,239,1712565324675,1712560658,238,3,1,5836196,0.01953125,-0.04296875,-0.00390625,239,1712562327802,1712559858,238,0,1,8833069,0,0,0
1,219,1712581133859,1712581163942,1,0,0,1,0,7,7,0,0,0,4,0,0,240,1712573352435,1712570258,239,0,1,7811507,0.766601562,-0.416748047,0.108276367,0.476379395,-1.33311951,-0.565452754,0.72996527,3.14160156,240,1712575328431,1712570458,239,3,1,5835511,-0.00390625,0.00390625,-0.00390625,240,1712572328762,1712569858,239,0,1,8835180,0,0,0
1,220,1712591133859,1712591164050,1,0,0,1,0,7,7,0,0,0,4,0,0,241,1712583356913,1712580261,240,0,1,7807137,0.766601562,-0.416748047,0.108276367,0.476379395,-1.33311951,-0.565452754,0.72996527,3.14160156,241,1712585330150,1712580660,240,3,1,5833900,-0.0390625,0.01953125,-0.00390625,241,1712582334166,1712580161,240,0,1,8829884,0,0,0
1,221,1712601133859,1712601163843,1,0,0,1,0,7,7,0,0,0,4,0,0,242,1712593355373,1712590261,241,0,1,7808470,0.766601562,-0.416748047,0.108276367,0.476379395,-1.33311951,-0.565452754,0.72996527,3.14160156,242,1712595330647,1712589861,241,3,1,5833196,-0.00390625,0.00390625,-0.00390625,242,1712592332219,1712590060,241,0,1,8831624,0,0,0
1,222,1712611133859,1712611164025,1,0,0,1,0,7,7,0,0,0,4,0,0,243,1712603355870,1712600261,242,0,1,7808155,0.766601562,-0.416748047,0.108337402,0.476379395,-1.33310318,-0.565383911,0.730047882,3.14160156,243,1712605329144,1712600460,242,3,1,5834881,-0.00390625,0.00390625,-0.04296875,243,1712602331919,1712600060,242,0,1,8832106,0,0,0
1,223,1712621133859,1712621163671,1,0,0,1,0,7,7,0,0,0,4,0,0,244,1712613358904,1712610262,243,0,1,7804767,0.766601562,-0.416748047,0.108337402,0.476379395,-1.33310318,-0.565383911,0.730047882,3.14160156,244,1712615330345,1712610661,243,3,1,5833326,0.03125,-0.0078125,-0.00390625,244,1712612332028,1712610059,243,0,1,8831643,0,0,0
1,224,1712631133859,1712631163816,1,0,0,1,0,7,7,0,0,0,4,0,0,245,1712623356624,1712620061,244,0,1,7807192,0.766601562,-0.416748047,0.108337402,0.476379395,-1.33310318,-0.565383911,0.730047882,3.14160156,245,1712625325546,1712620260,244,3,1,5838270,0.01953125,-0.04296875,-0.00390625,245,1712622331284,1712620158,244,0,1,8832532,0,0,0
1,225,1712641133859,1712641164831,1,0,0,1,0,7,7,0,0,0,4,0,0,246,1712633357658,1712630061,245,0,1,7807173,0.766601562,-0.416748047,0.108337402,0.476379395,-1.33310318,-0.565383911,0.730047882,3.14160156,246,1712635329673,1712629860,245,3,1,5835158,-0.00390625,0.00390625,-0.00390625,246,1712632357002,1712629660,245,0,1,8807829,0,0,0
1,226,1712651133859,1712651167940,1,0,0,1,0,7,7,0,0,0,4,0,0,247,1712643358006,1712640061,246,0,1,7809934,0.766601562,-0.416748047,0.108337402,0.476379395,-1.33310318,-0.565383911,0.730047882,3.14160156,247,1712645329947,1712640460,246,3,1,5837993,-0.015625,-0.03125,-0.00390625,247,1712642332833,1712640060,246,0,1,8835107,0,0,0
1,227,1712661133859,1712661166919,1,0,0,1,0,7,7,0,0,0,4,0,0,248,1712653370022,1712650062,247,0,1,7796897,0.766601562,-0.416809082,0.108337402,0.476379395,-1.33310688,-0.565494716,0.730099142,3.14160156,248,1712655355685,1712650263,247,3,1,5811234,-0.00390625,0.01171875,-0.00390625,248,1712652333220,1712650061,247,0,1,8833699,0,0,0
1,228,1712671133859,1712671167158,1,0,0,1,0,7,7,0,0,0,4,0,0,249,1712663384668,1712659964,248,0,1,7782490,0.766601562,-0.416809082,0.108337402,0.476379395,-1.33310688,-0.565494716,0.730099142,3.14160156,249,1712665353387,1712660463,248,3,1,5813771,-0.015625,-0.0234375,-0.00390625,249,1712662353032,1712660163,248,0,1,8814126,0,0,0
1,229,1712681133859,1712681167100,1,0,0,1,0,7,7,0,0,0,4,0,0,250,1712673384073,1712670064,249,0,1,7783027,0.766601562,-0.416809082,0.108337402,0.476379395,-1.33310688,-0.565494716,0.730099142,3.14160156,250,1712675352570,1712670063,249,3,1,5814530,-0.00390625,0.01171875,-0.00390625,250,1712672352993,1712669863,249,0,1,8814107,0,0,0
1,230,1712691133859,1712691166858,1,0,0,1,0,7,7,0,0,0,4,0,0,251,1712683384016,1712680064,250,0,1,7782842,0.766601562,-0.416809082,0.108337402,0.476318359,-1.33308077,-0.565510392,0.73014605,3.14160156,251,1712685352475,1712680463,250,3,1,5814383,0.03125,0,-0.00390625,251,1712682353824,1712680063,250,0,1,8813034,0,0,0
1,231,1712701133859,1712701167022,1,0,0,1,0,7,7,0,0,0,4,0,0,252,1712693383699,1712689962,251,0,1,7783323,0.766601562,-0.416809082,0.108276367,0.476318359,-1.3330971,-0.565579236,0.730063498,3.14160156,252,1712695353714,1712689563,251,3,1,5813308,0.03125,0,-0.00390625,252,1712692352878,1712690063,251,0,1,8814144,0,0,0
1,232,1712711133859,1712711166816,1,0,0,1,0,7,7,0,0,0,4,0,0,253,1712703385197,1712699965,252,0,1,7781619,0.766601562,-0.416809082,0.108276367,0.476318359,-1.3330971,-0.565579236,0.730063498,3.14160156,253,1712705353120,1712700263,252,3,1,5813696,0.01953125,-0.03515625,-0.00390625,253,1712702353635,1712699863,252,0,1,8813181,0,0,0
1,233,1712721133859,1712721167185,1,0,0,1,0,7,7,0,0,0,4,0,0,254,1712713383917,1712709964,253,0,1,7783268,0.766601562,-0.416809082,0.108276367,0.476318359,-1.3330971,-0.565579236,0.730063498,3.14160156,254,1712715352710,1712710263,253,3,1,5814475,0.0078125,0.05078125,0.03515625,254,1712712353188,1712709863,253,0,1,8813997,0,0,0
1,234,1712731133859,1712731166905,1,0,0,1,0,7,7,0,0,0,4,0,0,255,1712723457690,1712719964,254,0,1,7709215,0.766601562,-0.416809082,0.108276367,0.476318359,-1.3330971,-0.565579236,0.730063498,3.14160156,255,1712725353949,1712720263,254,3,1,5812956,-0.0390625,0.02734375,-0.00390625,255,1712722352964,1712720163,254,0,1,8813941,0,0,0
1,235,1712741133859,1712741167551,1,0,0,1,0,7,7,0,0,0,4,0,0,256,1712733381672,1712729564,255,0,1,7785879,0.766601562,-0.416809082,0.108276367,0.476318359,-1.3330971,-0.565579236,0.730063498,3.14160156,256,1712735350002,1712729763,255,3,1,5817549,-0.0390625,0.02734375,-0.00390625,256,1712732352444,1712730063,255,0,1,8815107,0,0,0
1,236,1712751133859,1712751169290,1,0,0,1,0,7,7,0,0,0,4,0,0,257,1712743382041,1712739964,0,0,1,7787249,0.766601562,-0.416809082,0.108276367,0.476318359,-1.3330971,-0.565579236,0.730063498,3.14160156,257,1712745355333,1712740263,0,3,1,5813957,-0.00390625,0.01171875,-0.00390625,257,1712742356534,1712740063,0,0,1,8812756,0,0,0
1,237,1712761133859,1712761167121,1,0,0,1,0,7,7,0,0,0,4,0,0,258,1712753382094,1712750064,1,0,1,7785027,0.766601562,-0.416809082,0.108276367,0.476318359,-1.3330971,-0.565579236,0.730063498,3.14160156,258,1712755355109,1712750463,1,3,1,5812012,0.01953125,-0.03515625,0.03515625,258,1712752355421,1712750063,1,0,1,8811700,0,0,0
1,238,1712771133859,1712771166860,1,0,0,1,0,7,7,0,0,0,4,0,0,259,1712763381685,1712759964,2,0,1,7785175,0.766540527,-0.416809082,0.108276367,0.476318359,-1.3332963,-0.565518975,0.730199695,3.14160156,259,1712765355070,1712759863,2,3,1,5811790,0.0546875,-0.046875,-0.00390625,259,1712762353234,1712760163,2,0,1,8813626,0,0,0
1,239,1712781133859,1712781166858,1,0,0,1,0,7,7,0,0,0,4,0,0,260,1712773381516,1712769964,3,0,1,7785342,0.766540527,-0.416809082,0.108276367,0.476318359,-1.3332963,-0.565518975,0.730199695,3.14160156,260,1712775355438,1712769863,3,3,1,5811420,-0.00390625,0.01171875,-0.00390625,260,1712772352991,1712769663,3,0,1,8813867,0,0,0
1,240,1712791133859,1712791166670,1,0,0,1,0,7,7,0,0,0,4,0,0,261,1712784384984,1712779863,4,0,1,6781686,0.766540527,-0.416870117,0.108276367,0.476318359,-1.33329999,-0.56562978,0.730250955,3.14160156,261,1712786352481,1712780163,4,3,1,4814189,-0.00390625,0.01171875,-0.00390625,261,1712783349256,1712780063,4,0,1,7817414,0,0,0
1,241,1712801133859,1712801166687,1,0,0,1,0,7,7,0,0,0,4,0,0,262,1712793380604,1712789764,5,0,1,7786083,0.766540527,-0.416870117,0.108276367,0.476318359,-1.33329999,-0.56562978,0.730250955,3.14160156,262,1712795354860,1712790063,5,3,1,5811827,-0.00390625,0.01171875,-0.00390625,262,1712792352413,1712790063,5,0,1,8814274,0,0,0
1,242,1712811133859,1712811166666,1,0,0,1,0,7,7,0,0,0,4,0,0,263,1712803381084,1712799564,6,0,1,7785582,0.766540527,-0.416870117,0.108276367,0.476318359,-1.33329999,-0.56562978,0.730250955,3.14160156,263,1712805355784,1712800063,6,3,1,5810882,-0.01953125,-0.0234375,-0.04296875,263,1712802352318,1712800063,6,0,1,8814348,0,0,0
1,243,1712821133859,1712821166905,1,0,0,1,0,7,7,0,0,0,4,0,0,264,1712813380971,1712809764,7,0,1,7785934,0.766540527,-0.416870117,0.108276367,0.476318359,-1.33329999,-0.56562978,0.730250955,3.14160156,264,1712815354375,1712809763,7,3,1,5812530,0.03125,0,0.03515625,264,1712812352538,1712809863,7,0,1,8814367,0,0,0
1,244,1712831133859,1712831166496,1,0,0,1,0,7,7,0,0,0,4,0,0,265,1712823381191,1712819764,8,0,1,7785305,0.766540527,-0.416870117,0.108276367,0.476318359,-1.33329999,-0.56562978,0.730250955,3.14160156,265,1712825354502,1712820063,8,3,1,5811994,-0.00390625,0.01171875,-0.00390625,265,1712822352555,1712820162,8,0,1,8813941,0,0,0
1,245,1712841133859,1712841166808,1,0,0,1,0,7,7,0,0,0,4,0,0,266,1712833380874,1712829764,9,0,1,7785934,0.766540527,-0.416870117,0.108276367,0.476318359,-1.33329999,-0.56562978,0.730250955,3.14160156,266,1712835354760,1712829363,9,3,1,5812048,-0.00390625,0.01171875,-0.00390625,266,1712832352312,1712830062,9,0,1,8814496,0,0,0
1,246,1712851133859,1712851168510,1,0,0,1,0,7,7,0,0,0,4,0,0,267,1712843380613,1712839764,10,0,1,7787897,0.766540527,-0.416870117,0.108276367,0.476318359,-1.33329999,-0.56562978,0.730250955,3.14160156,267,1712845354776,1712840063,10,3,1,5813734,-0.01953125,-0.0234375,-0.04296875,267,1712842352699,1712839863,10,0,1,8815811,0,0,0
1,247,1712861133859,1712861166656,1,0,0,1,0,7,7,0,0,0,4,0,0,268,1712853382444,1712849564,11,0,1,7784212,0.766540527,-0.416870117,0.108276367,0.476318359,-1.33329999,-0.56562978,0.730250955,3.14160156,268,1712855355459,1712849863,11,3,1,5811197,-0.00390625,0.01171875,-0.00390625,268,1712852354863,1712850063,11,0,1,8811793,0,0,0
1,248,1712871133859,1712871167284,1,0,0,1,0,7,7,0,0,0,4,0,0,269,1712863380349,1712859764,12,0,1,7786935,0.766540527,-0.416870117,0.108276367,0.476318359,-1.33329999,-0.56562978,0.730250955,3.14160156,269,1712865355179,1712859762,12,3,1,5812105,-0.00390625,0.01171875,-0.00390625,269,1712862352695,1712860162,12,0,1,8814589,0,0,0
1,249,1712881133859,1712881167282,1,0,0,1,0,7,7,0,0,0,4,0,0,270,1712873382199,1712869364,13,0,1,7785083,0.766540527,-0.416870117,0.108276367,0.476318359,-1.33329999,-0.56562978,0.730250955,3.14160156,270,1712875351826,1712869561,13,3,1,5815456,-0.00390625,0.01171875,0.03515625,270,1712872354008,1712870063,13,0,1,8813274,0,0,0
1,250,1712891133859,1712891167243,1,0,0,1,0,7,7,0,0,0,4,0,0,271,1712883381901,1712879564,14,0,1,7785342,0.766540527,-0.416870117,0.108276367,0.476318359,-1.33329999,-0.56562978,0.730250955,3.14160156,271,1712885378156,1712879863,14,3,1,5789087,-0.015625,-0.0234375,0.03515625,271,1712882354802,1712880063,14,0,1,8812441,0,0,0
1,251,1712901133859,1712901359790,1,0,0,1,0,7,7,0,0,4,4,0,0,272,1712893392121,1712889566,15,0,1,7967669,0.766540527,-0.416870117,0.108276367,0.476318359,-1.33329999,-0.56562978,0.730250955,3.14160156,272,1712895352895,1712889763,15,3,1,6006895,-0.015625,-0.0234375,-0.00390625,273,1712901354809,1712899163,16,0,1,4981,0,0,0
1,252,1712911133859,1712911167424,1,0,0,1,0,7,3,4,0,0,4,0,0,273,1712902382112,1712899664,16,0,1,8785312,0.766540527,-0.416870117,0.108276367,0.476318359,-1.33329999,-0.56562978,0.730250955,3.14160156,273,1712904353386,1712899663,16,3,1,6814038,-0.00390625,0.01171875,-0.04296875,273,1712901354809,1712899163,16,0,1,9812615,0,0,0
1,253,1712921133859,1712921360138,1,0,0,1,0,7,7,0,0,4,4,0,0,274,1712913382691,1712909564,17,0,1,7977447,0.766540527,-0.416870117,0.108276367,0.476318359,-1.33329999,-0.56562978,0.730250955,3.14160156,274,1712915352743,1712909563,17,3,1,6007395,-0.0390625,0.02734375,-0.00390625,275,1712921355360,1712919063,18,0,1,4778,0,0,0
1,254,1712931133859,1712931358747,1,0,0,1,0,7,7,0,0,0,4,0,0,275,1712922382959,1712919464,18,0,1,8975788,0.766540527,-0.416870117,0.108276367,0.476318359,-1.33329999,-0.56562978,0.730250955,3.14160156,275,1712924353271,1712919663,18,3,1,7005476,-0.00390625,0.01171875,-0.00390625,276,1712931353840,1712929063,19,0,1,4907,0,0,0
1,255,1712941133859,1712941359041,1,0,0,1,0,7,7,0,0,0,4,0,0,276,1712932382180,1712929464,19,0,1,8976861,0.766540527,-0.416931152,0.108276367,0.476318359,-1.33330369,-0.565740645,0.730302334,3.14160156,276,1712934353195,1712929863,19,3,1,7005846,0.03125,0,0.07421875,277,1712941354116,1712939063,20,0,1,4925,0,0,0
1,256,1712951133859,1712951167434,1,0,0,1,0,7,3,4,0,0,4,0,0,277,1712942382344,1712939464,20,0,1,8785090,0.766540527,-0.416931152,0.108276367,0.476318359,-1.33330369,-0.565740645,0.730302334,3.14160156,277,1712944352637,1712939663,20,3,1,6814797,0.03125,0,-0.00390625,277,1712941354116,1712939063,20,0,1,9813318,0,0,0
1,257,1712961133859,1712961359278,1,0,0,1,0,7,7,0,0,4,4,0,0,278,1712953386183,1712949564,21,0,1,7973095,0.766540527,-0.416931152,0.108276367,0.476318359,-1.33330369,-0.565740645,0.730302334,3.14160156,278,1712955354235,1712949363,21,3,1,6005043,-0.00390625,0.01171875,0.03515625,279,1712961354389,1712959163,22,0,1,4889,0,0,0
1,258,1712971133859,1712971360591,1,0,0,1,0,7,7,0,0,0,4,0,0,279,1712962382525,1712959464,22,0,1,8978066,0.766540527,-0.416931152,0.108276367,0.476318359,-1.33330369,-0.565740645,0.730302334,3.14160156,279,1712964352022,1712959661,22,3,1,7008569,0.01953125,-0.03515625,-0.00390625,280,1712971355739,1712969063,23,0,1,4852,0,0,0
1,259,1712981133859,1712981166965,1,0,0,1,0,7,3,4,0,0,4,0,0,280,1712972385486,1712969464,23,0,1,8781479,0.766540527,-0.416931152,0.108276367,0.476318359,-1.33330369,-0.565740645,0.730302334,3.14160156,280,1712974347502,1712969263,23,3,1,6819463,-0.00390625,0.01171875,-0.04296875,280,1712971355739,1712969063,23,0,1,9811226,0,0,0
1,260,1712991133859,1712991351717,1,0,0,1,0,7,7,0,0,4,4,0,0,281,1712983382362,1712979364,24,0,1,7969355,0.766540527,-0.416931152,0.108276367,0.476318359,-1.33330369,-0.565740645,0.730302334,3.14160156,281,1712985352359,1712979763,24,3,1,5999358,-0.00390625,0.01171875,-0.04296875,282,1712991346828,1712988863,25,0,1,4889,0,0,0
1,261,1713001133859,1713001357622,1,0,0,1,0,7,7,0,0,0,4,0,0,282,1712992383630,1712989063,25,0,1,8973992,0.766540527,-0.416931152,0.108276367,0.476318359,-1.33330369,-0.565740645,0.730302334,3.14160156,282,1712994352460,1712989463,25,3,1,7005162,-0.00390625,0.01171875,-0.00390625,283,1713001352770,1712999063,26,0,1,4852,0,0,0
1,262,1713011133859,1713011356583,1,0,0,1,0,7,7,0,0,0,4,0,0,283,1713002384239,1712999264,26,0,1,8972344,0.766540527,-0.416931152,0.108276367,0.476318359,-1.33330369,-0.565740645,0.730302334,3.14160156,283,1713004352847,1712999663,26,3,1,7003736,-0.00390625,0.01171875,-0.00390625,284,1713011351768,1713009063,27,0,1,4815,0,0,0
1,263,1713021133859,1713021357396,1,0,0,1,0,7,7,0,0,0,4,0,0,284,1713012384163,1713009064,27,0,1,8973233,0.766540527,-0.416931152,0.108276367,0.476318359,-1.33330369,-0.565740645,0.730302334,3.14160156,284,1713014352475,1713009063,27,3,1,7004921,-0.00390625,0.01171875,-0.00390625,285,1713021352433,1713019063,28,0,1,4963,0,0,0
1,264,1713031133859,1713031358042,1,0,0,1,0,7,7,0,0,0,4,0,0,285,1713022382791,1713019261,28,0,1,8975251,0.766540527,-0.416931152,0.108276367,0.476257324,-1.33327758,-0.565756321,0.730349243,3.14160156,285,1713024353658,1713019463,28,3,1,7004384,-0.00390625,0.01171875,0.03515625,286,1713031353264,1713029063,29,0,1,4778,0,0,0
1,265,1713041133859,1713041166916,1,0,0,1,0,7,3,4,0,0,4,0,0,286,1713032381900,1713029262,29,0,1,8785016,0.766540527,-0.416931152,0.108276367,0.476257324,-1.33327758,-0.565756321,0.730349243,3.14160156,286,1713034353063,1713029663,29,3,1,6813853,-0.00390625,0.01171875,0.03515625,286,1713031353264,1713029063,29,0,1,9813652,0,0,0
1,266,1713051133859,1713051169469,1,0,0,1,0,7,7,0,0,0,4,0,0,287,1713043382535,1713038964,30,0,1,7786934,0.766540527,-0.416931152,0.108276367,0.476257324,-1.33327758,-0.565756321,0.730349243,3.14160156,287,1713045352494,1713039563,30,3,1,5816975,0.0078125,0.05078125,0.03515625,287,1713042367676,1713039063,30,0,1,8801793,0,0,0
1,267,1713061133859,1713061357406,1,0,0,1,0,7,7,0,0,4,4,0,0,288,1713053383588,1713049163,31,0,1,7973818,0.766540527,-0.416931152,0.108276367,0.476257324,-1.33327758,-0.565756321,0.730349243,3.14160156,288,1713055353141,1713049163,31,3,1,6004265,-0.00390625,0.00390625,0.03515625,289,1713061352554,1713059063,32,0,1,4852,0,0,0
1,268,1713071133859,1713071357478,1,0,0,1,0,7,7,0,0,0,4,0,0,289,1713062381653,1713058964,32,0,1,8975825,0.766540527,-0.416931152,0.108276367,0.476257324,-1.33327758,-0.565756321,0.730349243,3.14160156,289,1713064354613,1713059263,32,3,1,7002865,-0.00390625,0.00390625,-0.00390625,290,1713071352589,1713069062,33,0,1,4889,0,0,0
1,269,1713081133859,1713081360550,1,0,0,1,0,7,7,0,0,0,4,0,0,290,1713072381133,1713069264,33,0,1,8979417,0.766540527,-0.416931152,0.108276367,0.476257324,-1.33327758,-0.565756321,0.730349243,3.14160156,290,1713074355018,1713069463,33,3,1,7005532,-0.00390625,0.00390625,-0.00390625,291,1713081355680,1713079163,34,0,1,4870,0,0,0
1,270,1713091133859,1713091357178,1,0,0,1,0,7,7,0,0,0,4,0,0,291,1713082382186,1713078964,34,0,1,8974992,0.766540527,-0.416931152,0.108276367,0.476257324,-1.33327758,-0.565756321,0.730349243,3.14160156,291,1713084355294,1713079463,34,3,1,7001884,-0.015625,-0.03125,-0.00390625,292,1713091352289,1713088662,35,0,1,4889,0,0,0
1,271,1713101133859,1713101357731,1,0,0,1,0,7,7,0,0,0,4,0,0,292,1713092382277,1713089064,35,0,1,8975454,0.766540527,-0.416931152,0.108276367,0.476257324,-1.33327758,-0.565756321,0.730349243,3.14160156,292,1713094355162,1713089063,35,3,1,7002569,-0.00390625,0.00390625,-0.00390625,293,1713101352842,1713099163,36,0,1,4889,0,0,0
1,272,1713111133859,1713111357914,1,0,0,1,0,7,7,0,0,0,4,0,0,293,1713102381330,1713099064,36,0,1,8976584,0.766540527,-0.416931152,0.108276367,0.476257324,-1.33327758,-0.565756321,0.730349243,3.14160156,293,1713104357123,1713099463,36,3,1,7000791,0.03125,-0.0078125,0.03515625,294,1713111353192,1713109063,37,0,1,4722,0,0,0
1,273,1713121133859,1713121357042,1,0,0,1,0,7,7,0,0,0,4,0,0,294,1713112381939,1713109064,37,0,1,8975103,0.766540527,-0.416931152,0.108276367,0.476257324,-1.33327758,-0.565756321,0.730349243,3.14160156,294,1713114355065,1713108763,37,3,1,7001977,-0.00390625,0.00390625,-0.01171875,295,1713121352338,1713118863,38,0,1,4704,0,0,0
1,274,1713131133859,1713131357947,1,0,0,1,0,7,7,0,0,0,4,0,0,295,1713122381548,1713119064,38,0,1,8976399,0.766540527,-0.416931152,0.108276367,0.476257324,-1.33327758,-0.565756321,0.730349243,3.14160156,295,1713124354897,1713119263,38,3,1,7003050,-0.00390625,0.00390625,-0.01171875,296,1713131353058,1713128863,39,0,1,4889,0,0,0
1,275,1713141133859,1713141358482,1,0,0,1,0,7,7,0,0,0,4,0,0,296,1713132382268,1713128764,39,0,1,8976214,0.766540527,-0.416931152,0.108276367,0.476257324,-1.33327758,-0.565756321,0.730349243,3.14160156,296,1713134355598,1713129063,39,3,1,7002884,-0.00390625,0.00390625,-0.01171875,297,1713141353575,1713139063,40,0,1,4907,0,0,0
1,276,1713151133859,1713151359610,1,0,0,1,0,7,7,0,0,0,4,0,0,297,1713142381396,1713138964,40,0,1,8978214,0.766540527,-0.416931152,0.108276367,0.476318359,-1.33330369,-0.565740645,0.730302334,3.14160156,297,1713144355300,1713139262,40,3,1,7004310,-0.00390625,0.00390625,-0.01171875,298,1713151354536,1713149064,41,0,1,5074,0,0,0
1,277,1713161133859,1713161423661,1,0,0,1,0,7,7,0,0,0,4,0,0,298,1713152397893,1713148969,41,0,1,9025768,0.766540527,-0.416931152,0.108276367,0.476318359,-1.33330369,-0.565740645,0.730302334,3.14160156,298,1713154405574,1713148881,41,3,1,7018087,-0.00390625,0.00390625,0.02734375,299,1713161411032,1713158877,42,0,1,12629,0,0,0
1,278,1713171133859,1713171436492,1,0,0,1,0,7,7,0,0,0,4,0,0,299,1713162404688,1713158972,42,0,1,9031804,0.766540527,-0.416931152,0.108276367,0.476318359,-1.33330369,-0.565740645,0.730302334,3.14160156,299,1713164394147,1713159266,42,3,1,7042345,-0.00390625,0.00390625,0.02734375,300,1713171425048,1713169089,43,0,1,11444,0,0,0
1,279,1713181133859,1713181409713,1,0,0,1,0,7,7,0,0,0,4,0,0,300,1713172448388,1713168996,43,0,1,8961325,0.766540527,-0.416931152,0.108276367,0.476318359,-1.33330369,-0.565740645,0.730302334,3.14160156,300,1713174393645,1713169274,43,3,1,7016068,-0.00390625,0.00390625,-0.01171875,301,1713181398547,1713179064,44,0,1,11166,0,0,0
1,280,1713191133859,1713191363009,1,0,0,1,0,7,7,0,0,0,4,0,0,301,1713182444830,1713178980,44,0,1,8918179,0.766540527,-0.416931152,0.108276367,0.476318359,-1.33330369,-0.565740645,0.730302334,3.14160156,301,1713184420642,1713178874,44,3,1,6942367,-0.00390625,0.00390625,-0.01171875,302,1713191357546,1713188458,45,0,1,5463,0,0,0
1,281,1713201133859,1713201364710,1,0,0,1,0,7,7,0,0,0,4,0,0,302,1713192370386,1713188958,45,0,1,8994324,0.766540527,-0.416931152,0.108276367,0.476318359,-1.33330369,-0.565740645,0.730302334,3.14160156,302,1713194341827,1713188857,45,3,1,7022883,-0.00390625,0.00390625,0.02734375,303,1713201359544,1713199063,46,0,1,5166,0,0,0
1,282,1713211133859,1713211362579,1,0,0,1,0,7,7,0,0,0,4,0,0,303,1713202383736,1713198564,46,0,1,8978843,0.766540527,-0.416931152,0.108276367,0.476318359,-1.33330369,-0.565740645,0.730302334,3.14160156,303,1713204348418,1713198864,46,3,1,7014161,-0.0390625,0.01953125,-0.01171875,304,1713211357634,1713209063,47,0,1,4945,0,0,0
1,283,1713221133859,1713221359743,1,0,0,1,0,7,7,0,0,0,4,0,0,304,1713212384808,1713208965,47,0,1,8974935,0.766540527,-0.416931152,0.108276367,0.476318359,-1.33330369,-0.565740645,0.730302334,3.14160156,304,1713214354304,1713208763,47,3,1,7005439,-0.00390625,0.00390625,-0.01171875,305,1713221354707,1713219063,48,0,1,5036,0,0,0
1,284,1713231133859,1713231356204,1,0,0,1,0,7,7,0,0,0,4,0,0,305,1713222383194,1713218564,48,0,1,8973010,0.766540527,-0.416931152,0.108276367,0.476318359,-1.33330369,-0.565740645,0.730302334,3.14160156,305,1713224352895,1713219062,48,3,1,7003309,0.03125,-0.0078125,-0.01171875,306,1713231351094,1713228662,49,0,1,5110,0,0,0
1,285,1713241133859,1713241357499,1,0,0,1,0,7,7,0,0,0,4,0,0,306,1713232380304,1713228763,49,0,1,8977195,0.766540527,-0.416931152,0.108276367,0.476318359,-1.33330369,-0.565740645,0.730302334,3.14160156,306,1713234350115,1713228762,49,3,1,7007384,0.03125,-0.0078125,-0.01171875,307,1713241352499,1713239062,50,0,1,5000,0,0,0
1,286,1713251133859,1713251365700,1,0,0,1,0,7,7,0,0,0,4,0,0,307,1713242379950,1713238763,50,0,1,8985750,0.766540527,-0.416931152,0.108276367,0.476318359,-1.33330369,-0.565740645,0.730302334,3.14160156,307,1713244349576,1713239062,50,3,1,7016124,-0.00390625,0.00390625,0.02734375,308,1713251360034,1713249067,51,0,1,5666,0,0,0
1,287,1713261133859,1713261335847,1,0,0,1,0,7,7,0,0,0,4,0,0,308,1713252384577,1713248765,51,0,1,8951270,0.766540527,-0.416931152,0.108276367,0.476318359,-1.33330369,-0.565740645,0.730302334,3.14160156,308,1713254336537,1713248363,51,3,1,6999310,-0.00390625,0.00390625,-0.01171875,309,1713261331421,1713258861,52,0,1,4426,0,0,0
1,288,1713271133859,1713271334438,1,0,0,1,0,7,7,0,0,0,4,0,0,309,1713262356298,1713258761,52,0,1,8978140,0.766540527,-0.416931152,0.108276367,0.476318359,-1.33330369,-0.565740645,0.730302334,3.14160156,309,1713264329906,1713259060,52,3,1,7004532,-0.00390625,0.00390625,-0.01171875,310,1713271330142,1713268860,53,0,1,4296,0,0,0
1,289,1713281133859,1713281340195,1,0,0,1,0,7,7,0,0,0,4,0,0,310,1713272356500,1713268361,53,0,1,8983695,0.766540527,-0.416870117,0.108276367,0.476318359,-1.33329999,-0.56562978,0.730250955,3.14160156,310,1713274330108,1713268760,53,3,1,7010087,-0.0390625,0.01953125,-0.01171875,311,1713281335899,1713279060,54,0,1,4296,0,0,0
1,290,1713291133859,1713291333026,1,0,0,1,0,7,7,0,0,0,4,0,0,311,1713282356424,1713278761,54,0,1,8976602,0.766540527,-0.416870117,0.108276367,0.476318359,-1.33329999,-0.56562978,0.730250955,3.14160156,311,1713284328902,1713278760,54,3,1,7004124,-0.00390625,0.00390625,-0.01171875,312,1713291328656,1713289060,55,0,1,4370,0,0,0
1,291,1713301133859,1713301164251,1,0,0,1,0,7,3,4,0,0,4,0,0,312,1713292355903,1713288561,55,0,1,8808348,0.766540527,-0.416870117,0.108276367,0.476318359,-1.33329999,-0.56562978,0.730250955,3.14160156,312,1713294328585,1713288560,55,3,1,6835666,-0.00390625,0.00390625,-0.01171875,312,1713291328656,1713289060,55,0,1,9835595,0,0,0
1,292,1713311133859,1713311332763,1,0,0,1,0,7,7,0,0,4,4,0,0,313,1713303355019,1713298661,56,0,1,7977744,0.766540527,-0.416870117,0.108276367,0.476318359,-1.33329999,-0.56562978,0.730250955,3.14160156,313,1713305329035,1713298960,56,3,1,6003728,0.01953125,-0.04296875,-0.05078125,314,1713311328337,1713309060,57,0,1,4426,0,0,0
1,293,1713321133859,1713321332835,1,0,0,1,0,7,7,0,0,0,4,0,0,314,1713312354899,1713308761,57,0,1,8977936,0.766540527,-0.416870117,0.108276367,0.476318359,-1.33329999,-0.56562978,0.730250955,3.14160156,314,1713314328803,1713308860,57,3,1,7004032,-0.00390625,0.00390625,-0.01171875,315,1713321328483,1713319160,58,0,1,4352,0,0,0
1,294,1713331133859,1713331333611,1,0,0,1,0,7,7,0,0,0,4,0,0,315,1713322354823,1713318761,58,0,1,8978788,0.766540527,-0.416870117,0.108276367,0.476318359,-1.33329999,-0.56562978,0.730250955,3.14160156,315,1713324328634,1713318860,58,3,1,7004977,-0.00390625,0.00390625,0.02734375,316,1713331329296,1713328659,59,0,1,4315,0,0,0
1,295,1713341133859,1713341360145,1,0,0,1,0,7,7,0,0,1,4,0,0,317,1713341354497,1713338261,60,0,1,5648,0.766540527,-0.416870117,0.108276367,0.476318359,-1.33329999,-0.56562978,0.730250955,3.14160156,316,1713334330558,1713328761,59,3,1,7029587,0.0078125,0.04296875,-0.01171875,317,1713340329231,1713338060,60,0,1,1030914,0,0,0
1,296,1713351133859,1713351337773,1,0,0,1,0,7,6,1,0,0,4,0,0,317,1713341354497,1713338261,60,0,1,9983276,0.766540527,-0.416870117,0.108276367,0.476318359,-1.33329999,-0.56562978,0.730250955,3.14160156,317,1713343328605,1713338660,60,3,1,8009168,-0.00390625,0.00390625,0.02734375,318,1713351333236,1713349062,61,0,1,4537,0,0,0
1,297,1713361133859,1713361358048,1,0,0,1,0,7,7,0,0,0,4,0,0,318,1713352357446,1713348562,61,0,1,9000602,0.766540527,-0.416870117,0.108276367,0.476318359,-1.33329999,-0.56562978,0.730250955,3.14160156,318,1713354358257,1713348366,61,3,1,6999791,0.03125,-0.0078125,-0.01171875,319,1713361353048,1713359162,62,0,1,5000,0,0,0
1,298,1713371133859,1713371358861,1,0,0,1,0,7,7,0,0,0,4,0,0,319,1713362381795,1713358364,62,0,1,8977066,0.766540527,-0.416870117,0.108276367,0.476318359,-1.33329999,-0.56562978,0.730250955,3.14160156,319,1713364353626,1713358863,62,3,1,7005235,-0.00390625,0.00390625,0.02734375,320,1713371353898,1713368663,63,0,1,4963,0,0,0
1,299,1713381133859,1713381388673,1,0,0,1,0,7,7,0,0,1,4,0,0,321,1713381381877,1713378663,64,0,1,6796,0.766540527,-0.416870117,0.108276367,0.476318359,-1.33329999,-0.56562978,0.730250955,3.14160156,320,1713374351401,1713368562,63,3,1,7037272,-0.00390625,0.00390625,0.02734375,321,1713380355630,1713378162,64,0,1,1033043,0,0,0
1,300,1713391133859,1713391355376,1,0,0,1,0,7,6,1,0,0,4,0,0,321,1713381381877,1713378663,64,0,1,9973499,0.766540527,-0.416870117,0.108276367,0.476318359,-1.33329999,-0.56562978,0.730250955,3.14160156,321,1713383350874,1713378862,64,3,1,8004502,-0.015625,-0.03125,-0.01171875,322,1713391350524,1713389062,65,0,1,4852,0,0,0
1,301,1713401133859,1713401360392,1,0,0,1,0,7,7,0,0,0,4,0,0,322,1713392379456,1713388363,65,0,1,8980936,0.766540527,-0.416870117,0.108276367,0.476318359,-1.33329999,-0.56562978,0.730250955,3.14160156,322,1713394363304,1713388365,65,3,1,6997088,-0.00390625,0.00390625,-0.01171875,323,1713401355299,1713399063,66,0,1,5093,0,0,0
1,302,1713411133859,1713411390259,1,0,0,1,0,7,7,0,0,1,4,0,0,324,1713411383334,1713408064,67,0,1,6925,0.766540527,-0.416870117,0.108276367,0.476318359,-1.33329999,-0.56562978,0.730250955,3.14160156,323,1713404354043,1713398863,66,3,1,7036216,-0.00390625,0.00390625,-0.01171875,324,1713410355679,1713408063,67,0,1,1034580,0,0,0
1,303,1713421133859,1713421390350,1,0,0,1,0,7,7,0,0,0,4,0,0,325,1713421383387,1713418464,68,0,1,6963,0.766540527,-0.416870117,0.108276367,0.476318359,-1.33329999,-0.56562978,0.730250955,3.14160156,324,1713413353478,1713408263,67,3,1,8036872,-0.00390625,0.00390625,0.02734375,325,1713420354510,1713418163,68,0,1,1035840,0,0,0
1,304,1713431133859,1713431398810,1,0,0,1,0,7,7,0,0,0,4,0,0,326,1713431386848,1713428265,69,0,1,11962,0.766540527,-0.416870117,0.108276367,0.476318359,-1.33329999,-0.56562978,0.730250955,3.14160156,325,1713423354106,1713418864,68,3,1,8044704,0.03125,-0.0078125,-0.01171875,326,1713430353434,1713428061,69,0,1,1045376,0,0,0
1,305,1713441133859,1713441354736,1,0,0,1,0,7,6,1,0,0,4,0,0,326,1713431386848,1713428265,69,0,1,9967888,0.766540527,-0.416870117,0.108276367,0.476318359,-1.33329999,-0.56562978,0.730250955,3.14160156,326,1713433355678,1713428264,69,3,1,7999058,-0.015625,-0.03125,-0.01171875,327,1713441349699,1713439063,70,0,1,5037,0,0,0
1,306,1713451133859,1713451390899,1,0,0,1,0,7,7,0,0,1,4,0,0,328,1713451383455,1713448265,71,0,1,7444,0.766540527,-0.416870117,0.108276367,0.476318359,-1.33329999,-0.56562978,0.730250955,3.14160156,327,1713444353517,1713438764,70,3,1,7037382,0.04296875,0.02734375,-0.01171875,328,1713450363708,1713448069,71,0,1,1027191,0,0,0
1,307,1713461133859,1713461389360,1,0,0,1,0,7,7,0,0,0,4,0,0,329,1713461382397,1713458265,72,0,1,6963,0.766540527,-0.416870117,0.108276367,0.476318359,-1.33329999,-0.56562978,0.730250955,3.14160156,328,1713453353915,1713448664,71,3,1,8035445,0.03125,-0.0078125,0.02734375,329,1713460351965,1713458061,72,0,1,1037395,0,0,0
1,308,1713471133859,1713471370285,1,0,0,1,0,7,6,1,0,0,4,0,0,329,1713461382397,1713458265,72,0,1,9987888,0.766540527,-0.416870117,0.108276367,0.476318359,-1.33329999,-0.56562978,0.730250955,3.14160156,329,1713463354357,1713458464,72,3,1,8015928,0.0078125,0.04296875,-0.05078125,330,1713471364766,1713468670,73,0,1,5519,0,0,0
1,309,1713481133859,1713481389060,1,0,0,1,0,7,7,0,0,1,4,0,0,331,1713481382004,1713477964,74,0,1,7056,0.766540527,-0.416870117,0.108276367,0.476318359,-1.33329999,-0.56562978,0.730250955,3.14160156,330,1713474354436,1713468364,73,3,1,7034624,-0.0390625,0.01953125,-0.01171875,331,1713480355313,1713478063,74,0,1,1033747,0,0,0
1,310,1713491133859,1713491388650,1,0,0,1,0,7,7,0,0,0,4,0,0,332,1713491381539,1713488064,75,0,1,7111,0.766540527,-0.416870117,0.108276367,0.476318359,-1.33329999,-0.56562978,0.730250955,3.14160156,331,1713483351668,1713478260,74,3,1,8036982,0.01953125,-0.04296875,-0.01171875,332,1713490353366,1713488063,75,0,1,1035284,0,0,0
1,311,1713501133859,1713501388371,1,0,0,1,0,7,7,0,0,0,4,0,0,333,1713501381704,1713498064,76,0,1,6667,0.766540527,-0.416870117,0.108276367,0.476318359,-1.33329999,-0.56562978,0.730250955,3.14160156,332,1713493353555,1713488463,75,3,1,8034816,-0.00390625,0.00390625,0.02734375,333,1713500353383,1713498063,76,0,1,1034988,0,0,0
1,312,1713511133859,1713511361795,1,0,0,1,0,7,6,1,0,0,4,0,0,333,1713501381704,1713498064,76,0,1,9980091,0.766540527,-0.416870117,0.108276367,0.476318359,-1.33329999,-0.56562978,0.730250955,3.14160156,333,1713503347368,1713498463,76,3,1,8014427,-0.00390625,0.00390625,0.02734375,334,1713511356888,1713508863,77,0,1,4907,0,0,0
1,313,1713521133859,1713521388644,1,0,0,1,0,7,7,0,0,1,4,0,0,335,1713521381793,1713518064,78,0,1,6851,0.766540527,-0.416870117,0.108276367,0.476318359,-1.33329999,-0.56562978,0.730250955,3.14160156,334,1713514347743,1713508363,77,3,1,7040901,0.03125,-0.0078125,-0.01171875,335,1713520354083,1713518063,78,0,1,1034561,0,0,0
1,314,1713531133859,1713531386476,1,0,0,1,0,7,7,0,0,0,4,0,0,336,1713531379883,1713528064,79,0,1,6593,0.766540527,-0.416870117,0.108276367,0.476318359,-1.33329999,-0.56562978,0.730250955,3.14160156,335,1713523352919,1713518463,78,3,1,8033557,0.0078125,0.04296875,-0.01171875,336,1713530352136,1713528063,79,0,1,1034340,0,0,0
1,315,1713541133859,1713541387103,1,0,0,1,0,7,7,0,0,0,4,0,0,337,1713541380437,1713538064,80,0,1,6666,0.766540527,-0.416870117,0.108276367,0.476318359,-1.33329999,-0.56562978,0.730250955,3.14160156,336,1713533351787,1713527763,79,3,1,8035316,0.01953125,-0.04296875,0.02734375,337,1713540351690,1713538063,80,0,1,1035413,0,0,0
1,316,1713551133859,1713551389564,1,0,0,1,0,7,7,0,0,0,4,0,0,338,1713551383083,1713547765,81,0,1,6481,0.766540527,-0.416809082,0.108276367,0.476318359,-1.3332963,-0.565518975,0.730199695,3.14160156,337,1713543351878,1713538463,80,3,1,8037686,-0.02734375,0.0546875,-0.01171875,338,1713550358484,1713548066,81,0,1,1031080,0,0,0
1,317,1713561133859,1713561357841,1,0,0,1,0,7,6,1,0,0,4,0,0,338,1713551383083,1713547765,81,0,1,9974758,0.766540527,-0.416809082,0.108276367,0.476318359,-1.3332963,-0.565518975,0.730199695,3.14160156,338,1713553352413,1713548063,81,3,1,8005428,0.03125,-0.0078125,-0.01171875,339,1713561352878,1713558063,82,0,1,4963,0,0,0
1,318,1713571133859,1713571388597,1,0,0,1,0,7,7,0,0,1,4,0,0,340,1713571382060,1713567964,83,0,1,6537,0.766540527,-0.416809082,0.108276367,0.476318359,-1.3332963,-0.565518975,0.730199695,3.14160156,339,1713564351529,1713558160,82,3,1,7037068,0.0078125,0.04296875,-0.01171875,340,1713570352869,1713568063,83,0,1,1035728,0,0,0
1,319,1713581133859,1713581388428,1,0,0,1,0,7,7,0,0,0,4,0,0,341,1713581381780,1713578064,84,0,1,6648,0.766540527,-0.416809082,0.108276367,0.476318359,-1.3332963,-0.565518975,0.730199695,3.14160156,340,1713573352724,1713567763,83,3,1,8035704,-0.00390625,0.00390625,0.02734375,341,1713580356292,1713578063,84,0,1,1032136,0,0,0
1,320,1713591133859,1713591386908,1,0,0,1,0,7,7,0,0,0,4,0,0,342,1713591380315,1713588063,85,0,1,6593,0.766540527,-0.416809082,0.108276367,0.476318359,-1.3332963,-0.565518975,0.730199695,3.14160156,341,1713583353110,1713578463,84,3,1,8033798,-0.015625,-0.03125,-0.01171875,342,1713590352828,1713588063,85,0,1,1034080,0,0,0
1,321,1713601133859,1713601387350,1,0,0,1,0,7,7,0,0,0,4,0,0,343,1713601380702,1713598063,86,0,1,6648,0.766601562,-0.416809082,0.108276367,0.476318359,-1.3330971,-0.565579236,0.730063498,3.14160156,342,1713593351608,1713588263,85,3,1,8035742,-0.0390625,0.01953125,0.02734375,343,1713600351363,1713598163,86,0,1,1035987,0,0,0
1,322,1713611133859,1713611387200,1,0,0,1,0,7,7,0,0,0,4,0,0,344,1713611380774,1713608064,87,0,1,6426,0.766601562,-0.416809082,0.108276367,0.476318359,-1.3330971,-0.565579236,0.730063498,3.14160156,343,1713603351829,1713598263,86,3,1,8035371,0.01953125,-0.04296875,0.02734375,344,1713610351749,1713607863,87,0,1,1035451,0,0,0
1,323,1713621133859,1713621386957,1,0,0,1,0,7,7,0,0,0,4,0,0,345,1713621380402,1713617564,88,0,1,6555,0.766601562,-0.416809082,0.108276367,0.476318359,-1.3330971,-0.565579236,0.730063498,3.14160156,344,1713613351197,1713608062,87,3,1,8035760,-0.00390625,0.00390625,-0.05078125,345,1713620350784,1713618162,88,0,1,1036173,0,0,0
1,324,1713631133859,1713631386677,1,0,0,1,0,7,7,0,0,0,4,0,0,346,1713631380381,1713627764,89,0,1,6296,0.766601562,-0.416809082,0.108276367,0.476318359,-1.3330971,-0.565579236,0.730063498,3.14160156,345,1713623352917,1713617863,88,3,1,8033760,0.03125,-0.0078125,0.02734375,346,1713630351227,1713628063,89,0,1,1035450,0,0,0
1,325,1713641133859,1713641389509,1,0,0,1,0,7,7,0,0,0,4,0,0,347,1713641382731,1713637765,90,0,1,6778,0.766601562,-0.416809082,0.108276367,0.476318359,-1.3330971,-0.565579236,0.730063498,3.14160156,346,1713633351693,1713627563,89,3,1,8037816,0.01953125,-0.04296875,-0.05078125,347,1713640352651,1713638162,90,0,1,1036858,0,0,0
1,326,1713651133859,1713651392970,1,0,0,1,0,7,7,0,0,0,4,0,0,348,1713651384174,1713647965,91,0,1,8796,0.766601562,-0.416809082,0.108276367,0.476318359,-1.3330971,-0.565579236,0.730063498,3.14160156,347,1713643354283,1713638263,90,3,1,8038687,-0.0390625,0.01953125,-0.01171875,348,1713650370278,1713647865,91,0,1,1022692,0,0,0
1,327,1713661133859,1713661389728,1,0,0,1,0,7,7,0,0,0,4,0,0,349,1713661382636,1713657964,92,0,1,7092,0.766601562,-0.416809082,0.108276367,0.476318359,-1.3330971,-0.565579236,0.730063498,3.14160156,348,1713653353523,1713648063,91,3,1,8036205,0.046875,0.02734375,0.02734375,349,1713660356611,1713658063,92,0,1,1033117,0,0,0
1,328,1713671133859,1713671389634,1,0,0,1,0,7,7,0,0,0,4,0,0,350,1713671382820,1713667964,93,0,1,6814,0.766601562,-0.416809082,0.108276367,0.476318359,-1.3330971,-0.565579236,0.730063498,3.14160156,349,1713663353799,1713658263,92,3,1,8035835,-0.00390625,0.00390625,0.02734375,350,1713670358146,1713668063,93,0,1,1031488,0,0,0
1,329,1713681133859,1713681389244,1,0,0,1,0,7,7,0,0,0,4,0,0,351,1713681382633,1713677964,94,0,1,6611,0.766601562,-0.416809082,0.108276367,0.476318359,-1.3330971,-0.565579236,0.730063498,3.14160156,350,1713673353428,1713667763,93,3,1,8035816,-0.00390625,0.00390625,0.02734375,351,1713680358053,1713677863,94,0,1,1031191,0,0,0
1,330,1713691133859,1713691389465,1,0,0,1,0,7,7,0,0,0,4,0,0,352,1713691382706,1713687364,95,0,1,6759,0.766601562,-0.416809082,0.108276367,0.476318359,-1.3330971,-0.565579236,0.730063498,3.14160156,351,1713683347334,1713678063,94,3,1,8042131,0.01953125,-0.04296875,-0.01171875,352,1713690353922,1713688063,95,0,1,1035543,0,0,0
1,331,1713701133859,1713701387075,1,0,0,1,0,7,7,0,0,0,4,0,0,353,1713701380335,1713697762,96,0,1,6740,0.766601562,-0.416809082,0.108276367,0.476318359,-1.3330971,-0.565579236,0.730063498,3.14160156,352,1713693352944,1713687763,95,3,1,8034131,0.0078125,0.04296875,-0.01171875,353,1713700354328,1713698062,96,0,1,1032747,0,0,0
1,332,1713711133859,1713711389445,1,0,0,1,0,7,7,0,0,0,4,0,0,354,1713711382593,1713707764,97,0,1,6852,0.766601562,-0.416809082,0.108276367,0.476318359,-1.3330971,-0.565579236,0.730063498,3.14160156,353,1713703354961,1713697864,96,3,1,8034484,-0.0390625,0.01953125,-0.01171875,354,1713710353475,1713708063,97,0,1,1035970,0,0,0
1,333,1713721133859,1713721389277,1,0,0,1,0,7,7,0,0,0,4,0,0,355,1713721382629,1713717764,98,0,1,6648,0.766601562,-0.416809082,0.108276367,0.476318359,-1.3330971,-0.565579236,0.730063498,3.14160156,354,1713713353460,1713707561,97,3,1,8035817,-0.00390625,0.0078125,0.06640625,355,1713720353826,1713718063,98,0,1,1035451,0,0,0
1,334,1713731133859,1713731386183,1,0,0,1,0,7,7,0,0,0,4,0,0,356,1713731379720,1713727762,99,0,1,6463,0.766601562,-0.416809082,0.108276367,0.476318359,-1.3330971,-0.565579236,0.730063498,3.14160156,355,1713723347681,1713718063,98,3,1,8038502,-0.00390625,0.00390625,-0.08984375,356,1713730356214,1713728063,99,0,1,1029969,0,0,0
1,335,1713741133859,1713741387034,1,0,0,1,0,7,7,0,0,0,4,0,0,357,1713741380682,1713737564,100,0,1,6352,0.766601562,-0.416809082,0.108276367,0.476318359,-1.3330971,-0.565579236,0.730063498,3.14160156,356,1713733353032,1713728063,99,3,1,8034002,-0.00390625,0.00390625,0.02734375,357,1713740353324,1713738062,100,0,1,1033710,0,0,0
1,336,1713751133859,1713751390236,1,0,0,1,0,7,7,0,0,0,4,0,0,358,1713751383792,1713747765,101,0,1,6444,0.766601562,-0.416809082,0.108276367,0.476318359,-1.3330971,-0.565579236,0.730063498,3.14160156,357,1713743351586,1713738062,100,3,1,8038650,0.01953125,-0.04296875,-0.01171875,358,1713750358471,1713747866,101,0,1,1031765,0,0,0
1,337,1713761133859,1713761169353,1,0,0,1,0,7,7,0,0,0,4,0,0,359,1713760391024,1713757270,102,0,1,778329,0.766601562,-0.416809082,0.108276367,0.476318359,-1.3330971,-0.565579236,0.730063498,3.14160156,358,1713753353067,1713747763,101,3,1,7816286,-0.015625,-0.03125,-0.01171875,359,1713759347037,1713757163,102,0,1,1822316,0,0,0
1,338,1713771133859,1713771388253,1,0,0,1,0,7,7,0,0,0,4,0,0,360,1713771381901,1713767364,103,0,1,6352,0.766601562,-0.416809082,0.108276367,0.476318359,-1.3330971,-0.565579236,0.730063498,3.14160156,359,1713762353558,1713757664,102,3,1,9034695,-0.015625,-0.03125,-0.01171875,360,1713770352802,1713768063,103,0,1,1035451,0,0,0
1,339,1713781133859,1713781388381,1,0,0,1,0,7,7,0,0,0,4,0,0,361,1713781381918,1713777564,104,0,1,6463,0.766601562,-0.416809082,0.108276367,0.476318359,-1.3330971,-0.565579236,0.730063498,3.14160156,360,1713773353935,1713766964,103,3,1,8034446,0.03125,-0.0078125,0.02734375,361,1713780356227,1713778163,104,0,1,1032154,0,0,0
1,340,1713791133859,1713791386936,1,0,0,1,0,7,7,0,0,0,4,0,0,362,1713791380454,1713787764,105,0,1,6482,0.766601562,-0.416809082,0.108276367,0.476318359,-1.3330971,-0.565579236,0.730063498,3.14160156,361,1713783353100,1713778063,104,3,1,8033836,-0.00390625,0.00390625,-0.01171875,362,1713790352411,1713788063,105,0,1,1034525,0,0,0
1,341,1713801133859,1713801387175,1,0,0,1,0,7,7,0,0,0,4,0,0,363,1713801380694,1713797564,106,0,1,6481,0.766601562,-0.416809082,0.108276367,0.476318359,-1.3330971,-0.565579236,0.730063498,3.14160156,362,1713793351914,1713788063,105,3,1,8035261,-0.00390625,0.00390625,0.02734375,363,1713800351058,1713798062,106,0,1,1036117,0,0,0
1,342,1713811133859,1713811388211,1,0,0,1,0,7,7,0,0,0,4,0,0,364,1713811381730,1713807364,107,0,1,6481,0.766601562,-0.416809082,0.108276367,0.476318359,-1.3330971,-0.565579236,0.730063498,3.14160156,363,1713803354450,1713797863,106,3,1,8033761,-0.00390625,0.00390625,0.02734375,364,1713810352408,1713808063,107,0,1,1035803,0,0,0
1,343,1713821133859,1713821357377,1,0,0,1,0,7,6,1,0,0,4,0,0,364,1713811381730,1713807364,107,0,1,9975647,0.766601562,-0.416809082,0.108276367,0.476318359,-1.3330971,-0.565579236,0.730063498,3.14160156,364,1713813353412,1713807363,107,3,1,8003965,-0.00390625,0.00390625,0.02734375,365,1713821352396,1713817963,108,0,1,4981,0,0,0
1,344,1713831133859,1713831168623,1,0,0,1,0,7,7,0,0,1,4,0,0,366,1713830381628,1713827264,109,0,1,786995,0.766601562,-0.416809082,0.108276367,0.476318359,-1.3330971,-0.565579236,0.730063498,3.14160156,365,1713824352936,1713817763,108,3,1,6815687,-0.00390625,0.00390625,-0.01171875,366,1713829352066,1713827063,109,0,1,1816557,0,0,0
1,345,1713841133859,1713841387819,1,0,0,1,0,7,7,0,0,0,4,0,0,367,1713841381560,1713837564,110,0,1,6259,0.766601562,-0.416809082,0.108276367,0.476318359,-1.3330971,-0.565579236,0.730063498,3.14160156,366,1713832353217,1713827463,109,3,1,9034602,0.01953125,-0.04296875,-0.01171875,367,1713840352424,1713838063,110,0,1,1035395,0,0,0
1,346,1713851133859,1713851390317,1,0,0,1,0,7,7,0,0,0,4,0,0,368,1713851383688,1713847565,111,0,1,6629,0.766601562,-0.416809082,0.108276367,0.476318359,-1.3330971,-0.565579236,0.730063498,3.14160156,367,1713843352557,1713837563,110,3,1,8037760,0.01953125,-0.04296875,0.02734375,368,1713850357756,1713848066,111,0,1,1032561,0,0,0
1,347,1713861133859,1713861388150,1,0,0,1,0,7,7,0,0,0,4,0,0,369,1713861381761,1713857564,112,0,1,6389,0.766601562,-0.416809082,0.108276367,0.476318359,-1.3330971,-0.565579236,0.730063498,3.14160156,368,1713853353370,1713847364,111,3,1,8034780,0.0703125,-0.01953125,0.02734375,369,1713860352569,1713858063,112,0,1,1035581,0,0,0
1,348,1713871133859,1713871381945,1,0,0,1,0,7,7,0,0,0,4,0,0,370,1713871375593,1713867364,113,0,1,6352,0.766601562,-0.416809082,0.108276367,0.476318359,-1.3330971,-0.565579236,0.730063498,3.14160156,369,1713863353091,1713857763,112,3,1,8028854,-0.00390625,0.00390625,0.02734375,370,1713870352328,1713868063,113,0,1,1029617,0,0,0
1,349,1713881133859,1713881168506,1,0,0,1,0,7,7,0,0,0,4,0,0,371,1713880382326,1713877464,114,0,1,786180,0.766601562,-0.416809082,0.108276367,0.476379395,-1.33312321,-0.56556356,0.730016589,3.14160156,370,1713873353183,1713867763,113,3,1,7815323,-0.00390625,0.00390625,-0.01171875,371,1713879355189,1713877063,114,0,1,1813317,0,0,0
1,350,1713891133859,1713891387276,1,0,0,1,0,7,7,0,0,0,4,0,0,372,1713891380906,1713887564,115,0,1,6370,0.766601562,-0.416809082,0.108276367,0.476379395,-1.33312321,-0.56556356,0.730016589,3.14160156,371,1713882352063,1713877463,114,3,1,9035213,-0.00390625,0.00390625,-0.01171875,372,1713890353381,1713887863,115,0,1,1033895,0,0,0
1,351,1713901133859,1713901168170,1,0,0,1,0,7,7,0,0,0,4,0,0,373,1713900382842,1713896964,116,0,1,785328,0.766601562,-0.416809082,0.108276367,0.476379395,-1.33312321,-0.56556356,0.730016589,3.14160156,372,1713893363699,1713887565,115,3,1,7804471,-0.00390625,0.00390625,-0.01171875,373,1713899354558,1713897063,116,0,1,1813612,0,0,0
1,352,1713911133859,1713911168539,1,0,0,1,0,7,7,0,0,0,4,0,0,374,1713910382970,1713907064,117,0,1,785569,0.766601562,-0.416809082,0.108276367,0.476379395,-1.33312321,-0.56556356,0.730016589,3.14160156,373,1713902353413,1713897263,116,3,1,8815126,0.03125,-0.0078125,-0.01171875,374,1713909355742,1713907063,117,0,1,1812797,0,0,0
1,353,1713921133859,1713921168631,1,0,0,1,0,7,7,0,0,0,4,0,0,375,1713920382154,1713917264,118,0,1,786477,0.766601562,-0.416809082,0.108276367,0.476379395,-1.33312321,-0.56556356,0.730016589,3.14160156,374,1713912353486,1713907063,117,3,1,8815145,0.03125,-0.0078125,0.02734375,375,1713919356222,1713917063,118,0,1,1812409,0,0,0
1,354,1713931133859,1713931168482,1,0,0,1,0,7,7,0,0,0,4,0,0,376,1713930381598,1713927264,119,0,1,786884,0.766601562,-0.416809082,0.108276367,0.476379395,-1.33312321,-0.56556356,0.730016589,3.14160156,375,1713922352818,1713917663,118,3,1,8815664,-0.01171875,0.00390625,-0.01171875,376,1713929352888,1713926863,119,0,1,1815594,0,0,0
1,355,1713941133859,1713941168555,1,0,0,1,0,7,7,0,0,0,4,0,0,377,1713940381837,1713937264,120,0,1,786718,0.766601562,-0.416809082,0.108276367,0.476379395,-1.33312321,-0.56556356,0.730016589,3.14160156,376,1713932354132,1713927663,119,3,1,8814423,-0.01171875,0.00390625,-0.01171875,377,1713939352553,1713937063,120,0,1,1816002,0,0,0
1,356,1713951133859,1713951168757,1,0,0,1,0,7,7,0,0,0,4,0,0,378,1713950388280,1713947268,121,0,1,780477,0.766601562,-0.416809082,0.108276367,0.476379395,-1.33312321,-0.56556356,0.730016589,3.14160156,377,1713942353630,1713937663,120,3,1,8815127,-0.046875,0.01953125,-0.01171875,378,1713949355107,1713947063,121,0,1,1813650,0,0,0
1,357,1713961133859,1713961168126,1,0,0,1,0,7,7,0,0,0,4,0,0,379,1713960381409,1713957264,122,0,1,786717,0.766601562,-0.416748047,0.108276367,0.476379395,-1.33311951,-0.565452754,0.72996527,3.14160156,378,1713952353592,1713946863,121,3,1,8814534,-0.01171875,0.00390625,0.02734375,379,1713959355625,1713957063,122,0,1,1812501,0,0,0
1,358,1713971133859,1713971388471,1,0,0,1,0,7,7,0,0,0,4,0,0,380,1713971381804,1713967564,123,0,1,6667,0.766601562,-0.416748047,0.108276367,0.476379395,-1.33311951,-0.565452754,0.72996527,3.14160156,379,1713962352258,1713957663,122,3,1,9036213,-0.00390625,0.00390625,-0.01171875,380,1713970355390,1713968063,123,0,1,1033081,0,0,0
1,359,1713981133859,1713981168643,1,0,0,1,0,7,7,0,0,0,4,0,0,381,1713980382018,1713977264,124,0,1,786625,0.766601562,-0.416748047,0.108276367,0.476379395,-1.33311951,-0.565452754,0.72996527,3.14160156,380,1713973352264,1713967863,123,3,1,7816379,-0.015625,-0.03125,-0.01171875,381,1713979357715,1713977163,124,0,1,1810928,0,0,0
1,360,1713991133859,1713991387894,1,0,0,1,0,7,7,0,0,0,4,0,0,382,1713991381413,1713987164,125,0,1,6481,0.766601562,-0.416748047,0.108276367,0.476379395,-1.33311951,-0.565452754,0.72996527,3.14160156,381,1713982353089,1713977463,124,3,1,9034805,-0.00390625,0.00390625,-0.01171875,382,1713990352740,1713987663,125,0,1,1035154,0,0,0
1,361,1714001133859,1714001168418,1,0,0,1,0,7,7,0,0,0,4,0,0,383,1714000381201,1713997064,126,0,1,787217,0.766601562,-0.416748047,0.108276367,0.476379395,-1.33311951,-0.565452754,0.72996527,3.14160156,382,1713993352558,1713986963,125,3,1,7815860,-0.00390625,0.00390625,0.02734375,383,1713999352028,1713997063,126,0,1,1816390,0,0,0
1,362,1714011133859,1714011168417,1,0,0,1,0,7,7,0,0,0,4,0,0,384,1714010380885,1714007064,127,0,1,787532,0.766601562,-0.416748047,0.108276367,0.476379395,-1.33311951,-0.565452754,0.72996527,3.14160156,383,1714002351938,1713997463,126,3,1,8816479,-0.00390625,0.00390625,-0.01171875,384,1714009351971,1714007063,127,0,1,1816446,0,0,0
1,363,1714021133859,1714021168638,1,0,0,1,0,7,7,0,0,0,4,0,0,385,1714020381643,1714017064,128,0,1,786995,0.766601562,-0.416748047,0.108276367,0.476379395,-1.33311951,-0.565452754,0.72996527,3.14160156,384,1714012352252,1714007463,127,3,1,8816386,0.03125,-0.0078125,-0.01171875,385,1714019353637,1714017063,128,0,1,1815001,0,0,0
1,364,1714031133859,1714031168785,1,0,0,1,0,7,7,0,0,0,4,0,0,386,1714030381290,1714027064,129,0,1,787495,0.766601562,-0.416748047,0.108276367,0.476379395,-1.33311951,-0.565452754,0.72996527,3.14160156,385,1714022352436,1714017463,128,3,1,8816349,-0.00390625,0.00390625,0.02734375,386,1714029351876,1714026663,129,0,1,1816909,0,0,0
1,365,1714041133859,1714041168414,1,0,0,1,0,7,7,0,0,0,4,0,0,387,1714040381789,1714037464,130,0,1,786625,0.766601562,-0.416748047,0.108276367,0.476379395,-1.33311951,-0.565452754,0.72996527,3.14160156,386,1714032352435,1714027063,129,3,1,8815979,-0.00390625,0.00390625,-0.01171875,387,1714039351727,1714037163,130,0,1,1816687,0,0,0
1,366,1714051133859,1714051169227,1,0,0,1,0,7,7,0,0,0,4,0,0,388,1714050385695,1714047065,131,0,1,783532,0.766601562,-0.416748047,0.108276367,0.476379395,-1.33311951,-0.565452754,0.72996527,3.14160156,387,1714042351508,1714037663,130,3,1,8817719,-0.00390625,0.00390625,-0.01171875,388,1714049350985,1714047062,131,0,1,1818242,0,0,0
1,367,1714061133859,1714061168856,1,0,0,1,0,7,7,0,0,0,4,0,0,389,1714060378990,1714057062,132,0,1,789866,0.766601562,-0.416748047,0.108276367,0.476379395,-1.33311951,-0.565452754,0.72996527,3.14160156,388,1714052353673,1714047063,131,3,1,8815183,-0.015625,-0.03125,-0.01171875,389,1714059352373,1714056863,132,0,1,1816483,0,0,0
1,368,1714071133859,1714071168781,1,0,0,1,0,7,7,0,0,0,4,0,0,390,1714070381285,1714067064,133,0,1,787496,0.766601562,-0.416748047,0.108276367,0.476379395,-1.33311951,-0.565452754,0.72996527,3.14160156,389,1714062352709,1714057463,132,3,1,8816072,-0.0546875,-0.01953125,-0.01171875,390,1714069352131,1714067063,133,0,1,1816650,0,0,0
1,369,1714081133859,1714081388569,1,0,0,1,0,7,7,0,0,0,4,0,0,391,1714081382180,1714076964,134,0,1,6389,0.766601562,-0.416748047,0.108276367,0.476379395,-1.33311951,-0.565452754,0.72996527,3.14160156,390,1714072352727,1714067463,133,3,1,9035842,-0.00390625,0.00390625,0.02734375,391,1714080355081,1714077063,134,0,1,1033488,0,0,0
1,370,1714091133859,1714091168815,1,0,0,1,0,7,7,0,0,0,4,0,0,392,1714090381024,1714086964,135,0,1,787791,0.766601562,-0.416748047,0.108276367,0.476379395,-1.33311951,-0.565452754,0.72996527,3.14160156,391,1714083352844,1714076963,134,3,1,7815971,-0.00390625,0.00390625,-0.01171875,392,1714089352351,1714087063,135,0,1,1816464,0,0,0
1,371,1714101133859,1714101168444,1,0,0,1,0,7,7,0,0,0,4,0,0,393,1714100381782,1714096964,136,0,1,786662,0.766601562,-0.416748047,0.108276367,0.476379395,-1.33311951,-0.565452754,0.72996527,3.14160156,392,1714092353502,1714086763,135,3,1,8814942,-0.00390625,0.00390625,-0.01171875,393,1714099352516,1714097063,136,0,1,1815928,0,0,0
1,372,1714111133859,1714111168795,1,0,0,1,0,7,7,0,0,0,4,0,0,394,1714110381207,1714107264,137,0,1,787588,0.766601562,-0.416748047,0.108276367,0.476379395,-1.33311951,-0.565452754,0.72996527,3.14160156,393,1714102352890,1714097263,136,3,1,8815905,-0.00390625,0.00390625,0.02734375,394,1714109352941,1714107063,137,0,1,1815854,0,0,0
1,373,1714121133859,1714121168497,1,0,0,1,0,7,7,0,0,0,4,0,0,395,1714120381502,1714116964,138,0,1,786995,0.766601562,-0.416748047,0.108276367,0.476379395,-1.33311951,-0.565452754,0.72996527,3.14160156,394,1714112353259,1714107463,137,3,1,8815238,-0.00390625,0.00390625,-0.01171875,395,1714119352310,1714117063,138,0,1,1816187,0,0,0
1,374,1714131133859,1714131168792,1,0,0,1,0,7,7,0,0,0,4,0,0,396,1714130381427,1714126964,139,0,1,787365,0.766601562,-0.416748047,0.108276367,0.476379395,-1.33311951,-0.565452754,0.72996527,3.14160156,395,1714122352462,1714117063,138,3,1,8816330,-0.015625,-0.03125,0.02734375,396,1714129352143,1714126663,139,0,1,1816649,0,0,0
1,375,1714141133859,1714141166199,1,0,0,1,0,7,7,0,0,0,4,0,0,397,1714140382277,1714136964,140,0,1,783922,0.766601562,-0.416748047,0.108276367,0.476379395,-1.33311951,-0.565452754,0.72996527,3.14160156,396,1714132352868,1714126863,139,3,1,8813331,-0.00390625,0.00390625,0.02734375,397,1714139353715,1714137063,140,0,1,1812484,0,0,0
1,376,1714151133859,1714151169179,1,0,0,1,0,7,7,0,0,0,4,0,0,398,1714150388072,1714146968,141,0,1,781107,0.766601562,-0.416748047,0.108276367,0.476379395,-1.33311951,-0.565452754,0.72996527,3.14160156,397,1714142353163,1714137264,140,3,1,8816016,-0.00390625,0.00390625,-0.01171875,398,1714149353048,1714147062,141,0,1,1816131,0,0,0
1,377,1714161133859,1714161167937,1,0,0,1,0,7,7,0,0,0,4,0,0,399,1714160380720,1714156763,142,0,1,787217,0.766601562,-0.416748047,0.108276367,0.476379395,-1.33311951,-0.565452754,0.72996527,3.14160156,398,1714152354792,1714147263,141,3,1,8813145,-0.00390625,0.00390625,0.02734375,399,1714159351695,1714157162,142,0,1,1816242,0,0,0
1,378,1714171133859,1714171167917,1,0,0,1,0,7,7,0,0,0,4,0,0,400,1714170380978,1714166963,143,0,1,786939,0.766601562,-0.416748047,0.108276367,0.476379395,-1.33311951,-0.565452754,0.72996527,3.14160156,399,1714162352013,1714157263,142,3,1,8815904,-0.00390625,0.00390625,-0.01171875,400,1714169352008,1714166662,143,0,1,1815909,0,0,0
1,379,1714181133859,1714181167861,1,0,0,1,0,7,7,0,0,0,4,0,0,401,1714180380754,1714176963,144,0,1,787107,0.766601562,-0.416748047,0.108276367,0.476379395,-1.33311951,-0.565452754,0.72996527,3.14160156,400,1714172352030,1714166863,143,3,1,8815831,-0.00390625,0.00390625,0.02734375,401,1714179354081,1714177062,144,0,1,1813780,0,0,0
1,380,1714191133859,1714191177341,1,0,0,1,0,7,7,0,0,0,4,0,0,402,1714190385864,1714186963,145,0,1,791477,0.766601562,-0.416748047,0.108276367,0.476379395,-1.33311951,-0.565452754,0.72996527,3.14160156,401,1714182351714,1714177263,144,3,1,8825627,0.03125,-0.0078125,0.02734375,402,1714189387820,1714187063,145,0,1,1789521,0,0,0
1,381,1714201133859,1714201181488,1,0,0,1,0,7,7,0,0,0,4,0,0,403,1714200416399,1714196772,146,0,1,765089,0.766601562,-0.416748047,0.108276367,0.476379395,-1.33311951,-0.565452754,0.72996527,3.14160156,402,1714192372935,1714186562,145,3,1,8808553,-0.00390625,0.00390625,-0.01171875,403,1714199413429,1714196879,146,0,1,1768059,0,0,0
1,382,1714211133859,1714211175320,1,0,0,1,0,7,7,0,0,0,4,0,0,404,1714210406676,1714206769,147,0,1,768644,0.766601562,-0.416748047,0.108276367,0.476379395,-1.33311951,-0.565452754,0.72996527,3.14160156,403,1714202393489,1714197071,146,3,1,8781831,-0.00390625,0.00390625,-0.01171875,404,1714209414132,1714207071,147,0,1,1761188,0,0,0
1,383,1714221133859,1714221163856,1,0,0,1,0,7,7,0,0,0,4,0,0,405,1714220368769,1714216758,148,0,1,795087,0.766601562,-0.416748047,0.108276367,0.476379395,-1.33311951,-0.565452754,0.72996527,3.14160156,404,1714212371562,1714207063,147,3,1,8792294,-0.00390625,0.00390625,0.02734375,405,1714219381428,1714217061,148,0,1,1782428,0,0,0
1,384,1714231133859,1714231168688,1,0,0,1,0,7,7,0,0,0,4,0,0,406,1714230385637,1714226565,149,0,1,783051,0.766601562,-0.416748047,0.108276367,0.476379395,-1.33311951,-0.565452754,0.72996527,3.14160156,405,1714222346488,1714217059,148,3,1,8822200,-0.015625,-0.03125,-0.01171875,406,1714229356946,1714227060,149,0,1,1811742,0,0,0
1,385,1714241133859,1714241168724,1,0,0,1,0,7,7,0,0,0,4,0,0,407,1714240383470,1714236764,150,0,1,785254,0.766601562,-0.416748047,0.108276367,0.476379395,-1.33311951,-0.565452754,0.72996527,3.14160156,406,1714232356986,1714226562,149,3,1,8811738,-0.00390625,0.00390625,0.02734375,407,1714239354704,1714237063,150,0,1,1814020,0,0,0
1,386,1714251133859,1714251171260,1,0,0,1,0,7,7,0,0,0,4,0,0,408,1714250392598,1714246770,151,0,1,778662,0.766601562,-0.416748047,0.108276367,0.476379395,-1.33311951,-0.565452754,0.72996527,3.14160156,407,1714242348300,1714237063,150,3,1,8822960,-0.00390625,0.00390625,-0.01171875,408,1714249358444,1714247063,151,0,1,1812816,0,0,0
1,387,1714261133859,1714261164944,1,0,0,1,0,7,7,0,0,0,4,0,0,409,1714260356079,1714256761,152,0,1,808865,0.766601562,-0.416748047,0.108276367,0.476379395,-1.33311951,-0.565452754,0.72996527,3.14160156,408,1714252356577,1714247064,151,3,1,8808367,0.03125,-0.0078125,-0.01171875,409,1714259332795,1714257060,152,0,1,1832149,0,0,0
1,388,1714271133859,1714271164684,1,0,0,1,0,7,7,0,0,0,4,0,0,410,1714270354301,1714266760,153,0,1,810383,0.766601562,-0.416748047,0.108276367,0.476379395,-1.33311951,-0.565452754,0.72996527,3.14160156,409,1714262328984,1714256760,152,3,1,8835700,-0.00390625,0.00390625,-0.01171875,410,1714269329183,1714266660,153,0,1,1835501,0,0,0
1,389,1714281133859,1714281164627,1,0,0,1,0,7,7,0,0,0,4,0,0,411,1714280356336,1714276561,154,0,1,808291,0.766601562,-0.416748047,0.108276367,0.476379395,-1.33311951,-0.565452754,0.72996527,3.14160156,410,1714272328408,1714266760,153,3,1,8836219,-0.00390625,0.00390625,0.02734375,411,1714279336441,1714277060,154,0,1,1828186,0,0,0
1,390,1714291133859,1714291164811,1,0,0,1,0,7,7,0,0,0,4,0,0,412,1714290355076,1714286561,155,0,1,809735,0.766601562,-0.416748047,0.108276367,0.476379395,-1.33311951,-0.565452754,0.72996527,3.14160156,411,1714282330574,1714276860,154,3,1,8834237,-0.00390625,0.00390625,-0.01171875,412,1714289329199,1714287060,155,0,1,1835612,0,0,0
1,391,1714301133859,1714301165569,1,0,0,1,0,7,7,0,0,0,4,0,0,413,1714300357241,1714296361,156,0,1,808328,0.766601562,-0.416748047,0.108276367,0.476379395,-1.33311951,-0.565452754,0.72996527,3.14160156,412,1714292329184,1714286560,155,3,1,8836385,-0.00390625,0.00390625,-0.01171875,413,1714299343179,1714297061,156,0,1,1822390,0,0,0
1,392,1714311133859,1714311165476,1,0,0,1,0,7,7,0,0,0,4,0,0,414,1714310355703,1714306561,157,0,1,809773,0.766601562,-0.416748047,0.108276367,0.476379395,-1.33311951,-0.565452754,0.72996527,3.14160156,413,1714302330442,1714296860,156,3,1,8835034,-0.00390625,0.00390625,-0.01171875,414,1714309333808,1714306661,157,0,1,1831668,0,0,0
1,393,1714321133859,1714321165808,1,0,0,1,0,7,7,0,0,0,4,0,0,415,1714320357239,1714316561,158,0,1,808569,0.766601562,-0.416748047,0.108276367,0.476379395,-1.33311951,-0.565452754,0.72996527,3.14160156,414,1714312329830,1714306561,157,3,1,8835978,-0.00390625,0.00390625,0.02734375,415,1714319340732,1714317161,158,0,1,1825076,0,0,0
1,394,1714331133859,1714331165751,1,0,0,1,0,7,7,0,0,0,4,0,0,416,1714330358164,1714326561,159,0,1,807587,0.766601562,-0.416748047,0.108276367,0.476379395,-1.33311951,-0.565452754,0.72996527,3.14160156,415,1714322331162,1714316861,158,3,1,8834589,-0.00390625,0.00390625,-0.01171875,416,1714329328639,1714327060,159,0,1,1837112,0,0,0
1,395,1714341133859,1714341364318,1,0,0,1,0,7,7,0,0,0,4,0,0,417,1714341357948,1714336661,160,0,1,6370,0.766601562,-0.416748047,0.108276367,0.476379395,-1.33311951,-0.565452754,0.72996527,3.14160156,416,1714332329550,1714326160,159,3,1,9034768,0.01953125,-0.04296875,-0.01171875,417,1714340323831,1714336960,160,0,1,1040487,0,0,0
1,396,1714351133859,1714351166878,1,0,0,1,0,7,7,0,0,0,4,0,0,418,1714350361106,1714346363,161,0,1,805772,0.766601562,-0.416748047,0.108276367,0.476379395,-1.33311951,-0.565452754,0.72996527,3.14160156,417,1714343330723,1714336961,160,3,1,7836155,-0.015625,-0.03125,-0.01171875,418,1714349329729,1714347059,161,0,1,1837149,0,0,0
1,397,1714361133859,1714361359057,1,0,0,1,0,7,7,0,0,2,4,0,0,419,1714359383875,1714356465,162,0,1,1975182,0.766601562,-0.416748047,0.108276367,0.476379395,-1.33311951,-0.565452754,0.72996527,3.14160156,419,1714361353649,1714356863,162,3,1,5408,-0.00390625,0.00390625,-0.01171875,419,1714358360387,1714356163,162,0,1,2998670,0,0,0
1,398,1714371133859,1714371168524,1,0,0,1,0,7,5,2,0,0,4,0,0,420,1714370381825,1714366164,163,0,1,786699,0.766601562,-0.416748047,0.108276367,0.476379395,-1.33311951,-0.565452754,0.72996527,3.14160156,419,1714361353649,1714356863,162,3,1,9814875,-0.00390625,0.00390625,-0.01171875,420,1714369355615,1714367063,163,0,1,1812909,0,0,0
1,399,1714381133859,1714381168930,1,0,0,1,0,7,7,0,0,0,4,0,0,421,1714380384287,1714376364,164,0,1,784643,0.766601562,-0.416748047,0.108276367,0.476379395,-1.33311951,-0.565452754,0.72996527,3.14160156,420,1714372352470,1714366163,163,3,1,8816460,-0.00390625,0.00390625,-0.01171875,421,1714379362799,1714376863,164,0,1,1806131,0,0,0
1,400,1714391133859,1714391358239,1,0,0,1,0,7,7,0,0,2,4,0,0,422,1714389383371,1714386464,165,0,1,1974868,0.766601562,-0.416748047,0.108276367,0.476379395,-1.33311951,-0.565452754,0.72996527,3.14160156,422,1714391353165,1714386663,165,3,1,5074,-0.00390625,0.00390625,0.02734375,422,1714388362254,1714386063,165,0,1,2995985,0,0,0
1,401,1714401133859,1714401358997,1,0,0,1,0,7,7,0,0,0,4,0,0,423,1714399383555,1714396464,166,0,1,1975442,0.766601562,-0.416748047,0.108276367,0.476379395,-1.33311951,-0.565452754,0.72996527,3.14160156,423,1714401353830,1714396463,166,3,1,5167,-0.00390625,0.00390625,-0.01171875,423,1714398361345,1714396163,166,0,1,2997652,0,0,0
1,402,1714411133859,1714411168446,1,0,0,1,0,7,5,2,0,0,4,0,0,424,1714410381987,1714406364,167,0,1,786459,0.766601562,-0.416748047,0.108276367,0.476379395,-1.33311951,-0.565452754,0.72996527,3.14160156,423,1714401353830,1714396463,166,3,1,9814616,-0.00390625,0.00390625,-0.01171875,424,1714409356333,1714406662,167,0,1,1812113,0,0,0
1,403,1714421133859,1714421360291,1,0,0,1,0,7,7,0,0,2,4,0,0,425,1714419383794,1714416064,168,0,1,1976497,0.766601562,-0.416748047,0.108276367,0.476379395,-1.33311951,-0.565452754,0.72996527,3.14160156,425,1714421355087,1714416463,168,3,1,5204,-0.00390625,0.00390625,-0.01171875,425,1714418357491,1714415863,168,0,1,3002800,0,0,0
1,404,1714431133859,1714431359456,1,0,0,1,0,7,7,0,0,0,4,0,0,426,1714429383682,1714426465,169,0,1,1975774,0.766601562,-0.416748047,0.108337402,0.476379395,-1.33310318,-0.565383911,0.730047882,3.14160156,426,1714431353993,1714426664,169,3,1,5463,-0.00390625,0.00390625,0.02734375,426,1714428362138,1714426063,169,0,1,2997318,0,0,0
1,405,1714441133859,1714441357529,1,0,0,1,0,7,7,0,0,0,4,0,0,427,1714439381792,1714436064,170,0,1,1975737,0.766601562,-0.416748047,0.108337402,0.476379395,-1.33310318,-0.565383911,0.730047882,3.14160156,427,1714441352326,1714436663,170,3,1,5203,-0.015625,-0.03125,-0.01171875,427,1714438354526,1714436163,170,0,1,3003003,0,0,0
1,406,1714451133859,1714451169200,1,0,0,1,0,7,5,2,0,0,4,0,0,428,1714450390464,1714446169,171,0,1,778736,0.766601562,-0.416748047,0.108337402,0.476379395,-1.33310318,-0.565383911,0.730047882,3.14160156,427,1714441352326,1714436663,170,3,1,9816874,-0.015625,-0.03125,-0.01171875,428,1714449362161,1714446663,171,0,1,1807039,0,0,0
1,407,1714461133859,1714461357101,1,0,0,1,0,7,7,0,0,2,4,0,0,429,1714459381289,1714456264,172,0,1,1975812,0.766601562,-0.416748047,0.108337402,0.476379395,-1.33310318,-0.565383911,0.730047882,3.14160156,429,1714461351990,1714456663,172,3,1,5111,-0.015625,-0.03125,0.02734375,429,1714458355616,1714456063,172,0,1,3001485,0,0,0
1,408,1714471133859,1714471358433,1,0,0,1,0,7,7,0,0,0,4,0,0,430,1714469383547,1714466264,173,0,1,1974886,0.766601562,-0.416748047,0.108337402,0.476379395,-1.33310318,-0.565383911,0.730047882,3.14160156,430,1714471353396,1714465863,173,3,1,5037,0.00390625,0.00390625,0.02734375,430,1714468360541,1714466064,173,0,1,2997892,0,0,0
1,409,1714481133859,1714481360506,1,0,0,1,0,7,7,0,0,0,4,0,0,431,1714479389750,1714476264,174,0,1,1970756,0.766601562,-0.416748047,0.108337402,0.476379395,-1.33310318,-0.565383911,0.730047882,3.14160156,431,1714481355377,1714476663,174,3,1,5129,-0.0078125,-0.03125,-0.01171875,431,1714478354003,1714475863,174,0,1,3006503,0,0,0
1,410,1714491133859,1714491359172,1,0,0,1,0,7,7,0,0,0,4,0,0,432,1714489383767,1714485964,175,0,1,1975405,0.766601562,-0.416748047,0.108337402,0.476379395,-1.33310318,-0.565383911,0.730047882,3.14160156,432,1714491354042,1714486263,175,3,1,5130,0.00390625,0.00390625,-0.01171875,432,1714488364983,1714486063,175,0,1,2994189,0,0,0
1,411,1714501133859,1714501354782,1,0,0,1,0,7,7,0,0,0,4,0,0,433,1714499381933,1714496264,176,0,1,1972849,0.766601562,-0.416748047,0.108337402,0.476379395,-1.33310318,-0.565383911,0.730047882,3.14160156,433,1714501349782,1714496661,176,3,1,5000,-0.0078125,-0.03125,-0.01171875,433,1714498355315,1714496163,176,0,1,2999467,0,0,0
1,412,1714511133859,1714511358762,1,0,0,1,0,7,7,0,0,0,4,0,0,434,1714509384709,1714506065,177,0,1,1974053,0.766601562,-0.416748047,0.108337402,0.476379395,-1.33310318,-0.565383911,0.730047882,3.14160156,434,1714511353632,1714506063,177,3,1,5130,0.0546875,0.03515625,0.02734375,434,1714508356462,1714506063,177,0,1,3002300,0,0,0
1,413,1714521133859,1714521359057,1,0,0,1,0,7,7,0,0,0,4,0,0,435,1714519383560,1714516264,178,0,1,1975497,0.766601562,-0.416748047,0.108337402,0.476379395,-1.33310318,-0.565383911,0.730047882,3.14160156,435,1714521353742,1714516463,178,3,1,5315,-0.0078125,-0.0234375,0.02734375,435,1714518361998,1714516063,178,0,1,2997059,0,0,0
1,414,1714531133859,1714531357278,1,0,0,1,0,7,7,0,0,0,4,0,0,436,1714529381652,1714526064,179,0,1,1975626,0.766601562,-0.416748047,0.108337402,0.476379395,-1.33310318,-0.565383911,0.730047882,3.14160156,436,1714531352204,1714526463,179,3,1,5074,0.00390625,0.01171875,0.02734375,436,1714528354942,1714526062,179,0,1,3002336,0,0,0
1,415,1714541133859,1714541359518,1,0,0,1,0,7,7,0,0,0,4,0,0,437,1714539386780,1714536064,180,0,1,1972738,0.766601562,-0.416748047,0.108337402,0.476379395,-1.33310318,-0.565383911,0.730047882,3.14160156,437,1714541354536,1714536263,180,3,1,4982,0.00390625,0.01171875,-0.01171875,437,1714538357070,1714536163,180,0,1,3002448,0,0,0
1,416,1714551133859,1714551169244,1,0,0,1,0,7,5,2,0,0,4,0,0,438,1714550389934,1714546169,181,0,1,779310,0.766601562,-0.416748047,0.108337402,0.476379395,-1.33310318,-0.565383911,0.730047882,3.14160156,437,1714541354536,1714536263,180,3,1,9814708,0.00390625,0.01171875,-0.01171875,438,1714549363169,1714546663,181,0,1,1806075,0,0,0
1,417,1714561133859,1714561356627,1,0,0,1,0,7,7,0,0,2,4,0,0,439,1714559381945,1714555764,182,0,1,1974682,0.766601562,-0.416748047,0.108337402,0.476379395,-1.33310318,-0.565383911,0.730047882,3.14160156,439,1714561351608,1714556063,182,3,1,5019,0.00390625,0.01171875,-0.01171875,439,1714558355864,1714556062,182,0,1,3000763,0,0,0
1,418,1714571133859,1714571359014,1,0,0,1,0,7,7,0,0,0,4,0,0,440,1714569383443,1714566064,183,0,1,1975571,0.766601562,-0.416748047,0.108337402,0.476379395,-1.33310318,-0.565383911,0.730047882,3.14160156,440,1714571353922,1714566263,183,3,1,5092,-0.0078125,-0.0234375,-0.01171875,440,1714568357381,1714566063,183,0,1,3001633,0,0,0
1,419,1714581133859,1714581360180,1,0,0,1,0,7,7,0,0,0,4,0,0,441,1714579390424,1714575964,184,0,1,1969756,0.766601562,-0.416748047,0.108337402,0.476379395,-1.33310318,-0.565383911,0.730047882,3.14160156,441,1714581355069,1714576463,184,3,1,5111,0.00390625,0.01171875,-0.01171875,441,1714578361973,1714576163,184,0,1,2998207,0,0,0
1,420,1714591133859,1714591357531,1,0,0,1,0,7,7,0,0,0,4,0,0,442,1714589382849,1714586064,185,0,1,1974682,0.766601562,-0.416748047,0.108337402,0.476379395,-1.33310318,-0.565383911,0.730047882,3.14160156,442,1714591352531,1714586063,185,3,1,5000,0.0390625,0,-0.01171875,442,1714588356731,1714585862,185,0,1,3000800,0,0,0
1,421,1714601133859,1714601168831,1,0,0,1,0,7,5,2,0,0,4,0,0,443,1714600383447,1714595964,186,0,1,785384,0.766601562,-0.416748047,0.108337402,0.476379395,-1.33310318,-0.565383911,0.730047882,3.14160156,442,1714591352531,1714586063,185,3,1,9816300,0.0390625,0,-0.01171875,443,1714599362033,1714596268,186,0,1,1806798,0,0,0
1,422,1714611133859,1714611168127,1,0,0,1,0,7,7,0,0,0,4,0,0,444,1714609375624,1714606064,187,0,1,1792503,0.766601562,-0.416748047,0.108337402,0.476379395,-1.33310318,-0.565383911,0.730047882,3.14160156,443,1714602354111,1714596363,186,3,1,8814016,-0.03125,0.02734375,0.02734375,444,1714608353877,1714606063,187,0,1,2814250,0,0,0
1,423,1714621133859,1714621357249,1,0,0,1,0,7,7,0,0,2,4,0,0,445,1714619380956,1714615964,188,0,1,1976293,0.766601562,-0.416748047,0.108337402,0.476379395,-1.33310318,-0.565383911,0.730047882,3.14160156,445,1714621352194,1714616263,188,3,1,5055,-0.015625,-0.0234375,-0.01171875,445,1714618354691,1714615863,188,0,1,3002558,0,0,0
1,424,1714631133859,1714631358433,1,0,0,1,0,7,7,0,0,0,4,0,0,446,1714629381918,1714625564,189,0,1,1976515,0.766601562,-0.416748047,0.108337402,0.476379395,-1.33310318,-0.565383911,0.730047882,3.14160156,446,1714631353360,1714625863,189,3,1,5073,0.03125,0,0.02734375,446,1714628355263,1714626063,189,0,1,3003170,0,0,0
1,425,1714641133859,1714641358858,1,0,0,1,0,7,7,0,0,0,4,0,0,447,1714639379565,1714635964,190,0,1,1979293,0.766601562,-0.416809082,0.108337402,0.476379395,-1.33310688,-0.565494716,0.730099142,3.14160156,447,1714641353803,1714636063,190,3,1,5055,-0.00390625,0.01171875,-0.01171875,447,1714638354003,1714636162,190,0,1,3004855,0,0,0
1,426,1714651133859,1714651362265,1,0,0,1,0,7,7,0,0,0,4,0,0,448,1714649381120,1714645761,191,0,1,1981145,0.766601562,-0.416809082,0.108337402,0.476379395,-1.33310688,-0.565494716,0.730099142,3.14160156,448,1714651357024,1714645765,191,3,1,5241,0.03125,0,-0.01171875,448,1714648351021,1714646060,191,0,1,3011244,0,0,0
1,427,1714661133859,1714661359116,1,0,0,1,0,7,7,0,0,0,4,0,0,449,1714659376509,1714655964,192,0,1,1982607,0.766601562,-0.416809082,0.108337402,0.476379395,-1.33310688,-0.565494716,0.730099142,3.14160156,449,1714661354043,1714656263,192,3,1,5073,-0.00390625,0.01171875,0.02734375,449,1714658354872,1714656063,192,0,1,3004244,0,0,0
1,428,1714671133859,1714671358376,1,0,0,1,0,7,7,0,0,0,4,0,0,450,1714669381916,1714665964,193,0,1,1976460,0.766601562,-0.416809082,0.108337402,0.476379395,-1.33310688,-0.565494716,0.730099142,3.14160156,450,1714671353005,1714666263,193,3,1,5371,-0.00390625,0.01171875,-0.01171875,450,1714668353020,1714666063,193,0,1,3005356,0,0,0
1,429,1714681133859,1714681358783,1,0,0,1,0,7,7,0,0,0,4,0,0,451,1714679384489,1714675764,194,0,1,1974294,0.766601562,-0.416809082,0.108337402,0.476379395,-1.33310688,-0.565494716,0.730099142,3.14160156,451,1714681353690,1714675863,194,3,1,5093,-0.00390625,0.01171875,-0.01171875,451,1714678352057,1714676063,194,0,1,3006726,0,0,0
1,430,1714691133859,1714691357708,1,0,0,1,0,7,7,0,0,0,4,0,0,452,1714689381471,1714685764,195,0,1,1976237,0.766601562,-0.416809082,0.108337402,0.476379395,-1.33310688,-0.565494716,0.730099142,3.14160156,452,1714691352616,1714685763,195,3,1,5092,-0.015625,-0.0234375,-0.01171875,452,1714688352483,1714685663,195,0,1,3005225,0,0,0
1,431,1714701133859,1714701168325,1,0,0,1,0,7,7,0,0,0,4,0,0,453,1714698382019,1714695264,196,0,1,2786306,0.766601562,-0.416809082,0.108337402,0.476379395,-1.33310688,-0.565494716,0.730099142,3.14160156,453,1714700352479,1714695663,196,3,1,815846,-0.00390625,0.01171875,-0.01171875,453,1714697352827,1714695063,196,0,1,3815498,0,0,0
1,432,1714711133859,1714711356949,1,0,0,1,0,7,7,0,0,0,4,0,0,454,1714709381896,1714705765,197,0,1,1975053,0.766601562,-0.416809082,0.108276367,0.476379395,-1.33312321,-0.56556356,0.730016589,3.14160156,454,1714711351838,1714705563,197,3,1,5111,-0.015625,-0.0234375,-0.01171875,454,1714708352630,1714706063,197,0,1,3004319,0,0,0
1,433,1714721133859,1714721356319,1,0,0,1,0,7,7,0,0,0,4,0,0,455,1714719380229,1714715564,198,0,1,1976090,0.766601562,-0.416809082,0.108276367,0.476318359,-1.3330971,-0.565579236,0.730063498,3.14160156,455,1714721351282,1714716063,198,3,1,5037,-0.00390625,0.01171875,-0.01171875,455,1714718351426,1714716162,198,0,1,3004893,0,0,0
1,434,1714731133859,1714731358281,1,0,0,1,0,7,7,0,0,0,4,0,0,456,1714729379155,1714725761,199,0,1,1979126,0.766601562,-0.416809082,0.108276367,0.476318359,-1.3330971,-0.565579236,0.730063498,3.14160156,456,1714731353189,1714725763,199,3,1,5092,-0.00390625,0.01171875,0.02734375,456,1714728354593,1714725663,199,0,1,3003688,0,0,0
1,435,1714741133859,1714741357337,1,0,0,1,0,7,7,0,0,0,4,0,0,457,1714739381469,1714735764,200,0,1,1975868,0.766601562,-0.416809082,0.108276367,0.476318359,-1.3330971,-0.565579236,0.730063498,3.14160156,457,1714741352281,1714736063,200,3,1,5056,-0.00390625,0.01171875,-0.01171875,457,1714738352481,1714736163,200,0,1,3004856,0,0,0
1,436,1714751133859,1714751360244,1,0,0,1,0,7,7,0,0,0,4,0,0,458,1714749381729,1714745764,201,0,1,1978515,0.766601562,-0.416809082,0.108276367,0.476318359,-1.3330971,-0.565579236,0.730063498,3.14160156,458,1714751354985,1714745564,201,3,1,5259,-0.00390625,0.01171875,0.02734375,458,1714748352296,1714746063,201,0,1,3007948,0,0,0
1,437,1714761133859,1714761357429,1,0,0,1,0,7,7,0,0,0,4,0,0,459,1714759381265,1714755764,202,0,1,1976164,0.766601562,-0.416809082,0.108276367,0.476318359,-1.3330971,-0.565579236,0.730063498,3.14160156,459,1714761352485,1714756063,202,3,1,4944,-0.00390625,0.01171875,-0.01171875,459,1714758352185,1714756063,202,0,1,3005244,0,0,0
1,438,1714771133859,1714771168508,1,0,0,1,0,7,7,0,0,0,4,0,0,460,1714768381924,1714765064,203,0,1,2786584,0.766601562,-0.416809082,0.108276367,0.476318359,-1.3330971,-0.565579236,0.730063498,3.14160156,460,1714770353255,1714765463,203,3,1,815253,-0.015625,-0.0234375,-0.01171875,460,1714767352899,1714764863,203,0,1,3815609,0,0,0
1,439,1714781133859,1714781358003,1,0,0,1,0,7,7,0,0,0,4,0,0,461,1714779385209,1714775764,204,0,1,1972794,0.766601562,-0.416809082,0.108276367,0.476318359,-1.3330971,-0.565579236,0.730063498,3.14160156,461,1714781352836,1714775763,204,3,1,5167,-0.00390625,0.01171875,-0.01171875,461,1714778352277,1714776163,204,0,1,3005726,0,0,0
1,440,1714791133859,1714791358521,1,0,0,1,0,7,7,0,0,0,4,0,0,462,1714789383394,1714785364,205,0,1,1975127,0.766601562,-0.416809082,0.108276367,0.476318359,-1.3330971,-0.565579236,0.730063498,3.14160156,462,1714791353539,1714785563,205,3,1,4982,-0.00390625,0.01171875,0.02734375,462,1714788356610,1714786063,205,0,1,3001911,0,0,0
1,441,1714801133859,1714801358428,1,0,0,1,0,7,7,0,0,0,4,0,0,463,1714799382172,1714795564,206,0,1,1976256,0.766601562,-0.416809082,0.108276367,0.476318359,-1.3330971,-0.565579236,0.730063498,3.14160156,463,1714801353391,1714795863,206,3,1,5037,-0.00390625,0.01171875,-0.01171875,463,1714798352332,1714796063,206,0,1,3006096,0,0,0
1,442,1714811133859,1714811356039,1,0,0,1,0,7,7,0,0,0,4,0,0,464,1714809380653,1714805564,207,0,1,1975386,0.766601562,-0.416809082,0.108276367,0.476318359,-1.3330971,-0.565579236,0.730063498,3.14160156,464,1714811351021,1714805862,207,3,1,5018,-0.00390625,0.00390625,0.02734375,464,1714808352258,1714806061,207,0,1,3003781,0,0,0
1,443,1714821133859,1714821167822,1,0,0,1,0,7,7,0,0,0,4,0,0,465,1714818379608,1714815663,208,0,1,2788214,0.766601562,-0.416809082,0.108276367,0.476318359,-1.3330971,-0.565579236,0.730063498,3.14160156,465,1714820348180,1714815660,208,3,1,819642,-0.0390625,0.01953125,-0.01171875,465,1714817351935,1714815162,208,0,1,3815887,0,0,0
1,444,1714831133859,1714831356964,1,0,0,1,0,7,7,0,0,0,4,0,0,466,1714829379671,1714825563,209,0,1,1977293,0.766601562,-0.416809082,0.108276367,0.476318359,-1.3330971,-0.565579236,0.730063498,3.14160156,466,1714831351761,1714825563,209,3,1,5203,-0.015625,-0.03125,-0.01171875,466,1714828349628,1714825862,209,0,1,3007336,0,0,0
1,445,1714841133859,1714841167581,1,0,0,1,0,7,7,0,0,0,4,0,0,467,1714838379830,1714835064,210,0,1,2787751,0.766601562,-0.416809082,0.108276367,0.476318359,-1.3330971,-0.565579236,0.730063498,3.14160156,467,1714840350698,1714835462,210,3,1,816883,0.0078125,0.04296875,-0.01171875,467,1714837350379,1714835062,210,0,1,3817202,0,0,0
1,446,1714851133859,1714851168766,1,0,0,1,0,7,7,0,0,0,4,0,0,468,1714848379645,1714845263,211,0,1,2789121,0.766601562,-0.416809082,0.108276367,0.476318359,-1.3330971,-0.565579236,0.730063498,3.14160156,468,1714850357234,1714845666,211,3,1,811532,-0.00390625,0.00390625,0.02734375,468,1714847350546,1714845062,211,0,1,3818220,0,0,0
1,447,1714861133859,1714861168247,1,0,0,1,0,7,5,2,0,0,4,0,0,469,1714860380918,1714855464,212,0,1,787329,0.766601562,-0.416809082,0.108276367,0.476318359,-1.3330971,-0.565579236,0.730063498,3.14160156,468,1714850357234,1714845666,211,3,1,10811013,-0.00390625,0.00390625,0.02734375,469,1714859351505,1714855962,212,0,1,1816742,0,0,0
1,448,1714871133859,1714871356834,1,0,0,1,0,7,7,0,0,2,4,0,0,470,1714869380689,1714865564,213,0,1,1976145,0.766601562,-0.416809082,0.108276367,0.476318359,-1.3330971,-0.565579236,0.730063498,3.14160156,470,1714871351889,1714865563,213,3,1,4945,-0.00390625,0.00390625,0.02734375,470,1714868351701,1714865662,213,0,1,3005133,0,0,0
1,449,1714881133859,1714881168154,1,0,0,1,0,7,7,0,0,0,4,0,0,471,1714878380774,1714875464,214,0,1,2787380,0.766601562,-0.416809082,0.108276367,0.476318359,-1.3330971,-0.565579236,0.730063498,3.14160156,471,1714880354919,1714875863,214,3,1,813235,-0.00390625,0.00390625,-0.01171875,471,1714877351415,1714875163,214,0,1,3816739,0,0,0
1,450,1714891133859,1714891167894,1,0,0,1,0,7,7,0,0,0,4,0,0,472,1714888380922,1714885463,215,0,1,2786972,0.766601562,-0.416809082,0.108276367,0.476318359,-1.3330971,-0.565579236,0.730063498,3.14160156,472,1714890351808,1714885062,215,3,1,816086,-0.00390625,0.00390625,-0.01171875,472,1714887351693,1714885062,215,0,1,3816201,0,0,0
1,451,1714901133859,1714901166709,1,0,0,1,0,7,7,0,0,0,4,0,0,473,1714898382847,1714895464,216,0,1,2783862,0.766601562,-0.416809082,0.108276367,0.476318359,-1.3330971,-0.565579236,0.730063498,3.14160156,473,1714900357715,1714895665,216,3,1,808994,-0.00390625,0.00390625,-0.01171875,473,1714897363303,1714895063,216,0,1,3803406,0,0,0
1,452,1714911133859,1714911168894,1,0,0,1,0,7,7,0,0,0,4,0,0,474,1714908382995,1714904964,217,0,1,2785899,0.766601562,-0.416809082,0.108276367,0.476318359,-1.3330971,-0.565579236,0.730063498,3.14160156,474,1714910355937,1714905264,217,3,1,812957,0.00390625,0.00390625,-0.01171875,474,1714907353489,1714905063,217,0,1,3815405,0,0,0
1,453,1714921133859,1714921168431,1,0,0,1,0,7,7,0,0,0,4,0,0,475,1714918381476,1714915264,218,0,1,2786955,0.766601562,-0.416809082,0.108276367,0.476318359,-1.3330971,-0.565579236,0.730063498,3.14160156,475,1714920347196,1714915463,218,3,1,821235,0.00390625,0.00390625,-0.01171875,475,1714917352618,1714915063,218,0,1,3815813,0,0,0
1,454,1714931133859,1714931167616,1,0,0,1,0,7,7,0,0,0,4,0,0,476,1714928381624,1714925064,219,0,1,2785992,0.766601562,-0.416809082,0.108276367,0.476318359,-1.3330971,-0.565579236,0.730063498,3.14160156,476,1714930351788,1714925062,219,3,1,815828,0.00390625,0.00390625,0.02734375,476,1714927355358,1714925063,219,0,1,3812258,0,0,0
1,455,1714941133859,1714941167856,1,0,0,1,0,7,7,0,0,0,4,0,0,477,1714938380994,1714935264,220,0,1,2786862,0.766601562,-0.416809082,0.108276367,0.476318359,-1.3330971,-0.565579236,0.730063498,3.14160156,477,1714940352177,1714935663,220,3,1,815679,-0.0078125,-0.03125,-0.01171875,477,1714937351506,1714935062,220,0,1,3816350,0,0,0
1,456,1714951133859,1714951168560,1,0,0,1,0,7,7,0,0,0,4,0,0,478,1714948380420,1714945263,221,0,1,2788140,0.766601562,-0.416809082,0.108276367,0.476318359,-1.3330971,-0.565579236,0.730063498,3.14160156,478,1714950358158,1714945667,221,3,1,810402,0.02734375,-0.04296875,0.02734375,478,1714947351099,1714945062,221,0,1,3817461,0,0,0
1,457,1714961133859,1714961168319,1,0,0,1,0,7,7,0,0,0,4,0,0,479,1714958380772,1714955263,222,0,1,2787547,0.766601562,-0.416809082,0.108276367,0.476379395,-1.33312321,-0.56556356,0.730016589,3.14160156,479,1714960353028,1714955263,222,3,1,815291,0.00390625,0.00390625,-0.01171875,479,1714957352136,1714955063,222,0,1,3816183,0,0,0
1,458,1714971133859,1714971357998,1,0,0,1,0,7,7,0,0,0,4,0,0,480,1714969381871,1714965164,223,0,1,1976127,0.766601562,-0.416809082,0.108337402,0.476379395,-1.33310688,-0.565494716,0.730099142,3.14160156,480,1714971353054,1714965163,223,3,1,4944,0.00390625,0.00390625,0.02734375,480,1714968354920,1714965663,223,0,1,3003078,0,0,0
1,459,1714981133859,1714981168596,1,0,0,1,0,7,7,0,0,0,4,0,0,481,1714978381179,1714974764,224,0,1,2787417,0.766601562,-0.416809082,0.108337402,0.476379395,-1.33310688,-0.565494716,0.730099142,3.14160156,481,1714980356305,1714974863,224,3,1,812291,0.00390625,0.00390625,-0.01171875,481,1714977350894,1714975060,224,0,1,3817702,0,0,0
1,460,1714991133859,1714991168392,1,0,0,1,0,7,7,0,0,0,4,0,0,482,1714988382086,1714984964,225,0,1,2786306,0.766601562,-0.416809082,0.108337402,0.476379395,-1.33310688,-0.565494716,0.730099142,3.14160156,482,1714990352620,1714984763,225,3,1,815772,-0.03125,0.01953125,0.02734375,482,1714987356709,1714985063,225,0,1,3811683,0,0,0
1,461,1715001133859,1715001167799,1,0,0,1,0,7,7,0,0,0,4,0,0,483,1714998380197,1714994964,226,0,1,2787602,0.766601562,-0.416809082,0.108337402,0.476379395,-1.33310688,-0.565494716,0.730099142,3.14160156,483,1715000350564,1714995463,226,3,1,817235,-0.03125,0.01953125,0.02734375,483,1714997352616,1714995162,226,0,1,3815183,0,0,0
1,462,1715011133859,1715011163003,1,0,0,1,0,7,7,0,0,0,4,0,0,484,1715008372160,1715005260,227,0,1,2790843,0.766601562,-0.416809082,0.108337402,0.476379395,-1.33310688,-0.565494716,0.730099142,3.14160156,484,1715010345509,1715005458,227,3,1,817494,0.0390625,-0.0078125,-0.01171875,484,1715007351634,1715005059,227,0,1,3811369,0,0,0
1,463,1715021133859,1715021168447,1,0,0,1,0,7,7,0,0,0,4,0,0,485,1715018383122,1715015064,228,0,1,2785325,0.766601562,-0.416809082,0.108337402,0.476379395,-1.33310688,-0.565494716,0.730099142,3.14160156,485,1715020352953,1715015463,228,3,1,815494,0.00390625,0.00390625,-0.01171875,485,1715017357560,1715015163,228,0,1,3810887,0,0,0
1,464,1715031133859,1715031168724,1,0,0,1,0,7,7,0,0,0,4,0,0,486,1715028381677,1715025064,229,0,1,2787047,0.766540527,-0.416809082,0.108337402,0.476379395,-1.33330607,-0.565434456,0.730235279,3.14160156,486,1715030352841,1715024763,229,3,1,815883,0.00390625,0.00390625,0.02734375,486,1715027353412,1715025063,229,0,1,3815312,0,0,0
1,465,1715041133859,1715041169169,1,0,0,1,0,7,7,0,0,0,4,0,0,487,1715038382159,1715035064,230,0,1,2787010,0.766540527,-0.416809082,0.108337402,0.476379395,-1.33330607,-0.565434456,0.730235279,3.14160156,487,1715040354211,1715035462,230,3,1,814958,0.00390625,0.00390625,-0.01171875,487,1715037352208,1715035063,230,0,1,3816961,0,0,0
1,466,1715051133859,1715051168909,1,0,0,1,0,7,7,0,0,0,4,0,0,488,1715048381399,1715044764,231,0,1,2787510,0.766540527,-0.416809082,0.108337402,0.476379395,-1.33330607,-0.565434456,0.730235279,3.14160156,488,1715050360526,1715044867,231,3,1,808383,0.00390625,0.00390625,-0.01171875,488,1715047353170,1715045063,231,0,1,3815739,0,0,0
1,467,1715061133859,1715061168631,1,0,0,1,0,7,7,0,0,0,4,0,0,489,1715058379232,1715054962,232,0,1,2789399,0.766540527,-0.416809082,0.108337402,0.476379395,-1.33330607,-0.565434456,0.730235279,3.14160156,489,1715060352618,1715055063,232,3,1,816013,0.00390625,0.00390625,-0.01171875,489,1715057354078,1715055063,232,0,1,3814553,0,0,0
1,468,1715071133859,1715071168298,1,0,0,1,0,7,7,0,0,0,4,0,0,490,1715068381232,1715064964,233,0,1,2787066,0.766540527,-0.416809082,0.108337402,0.476379395,-1.33330607,-0.565434456,0.730235279,3.14160156,490,1715070352655,1715064763,233,3,1,815643,-0.0078125,-0.03125,0.02734375,490,1715067352651,1715065063,233,0,1,3815647,0,0,0
1,469,1715081133859,1715081168316,1,0,0,1,0,7,7,0,0,0,4,0,0,491,1715078381750,1715074964,234,0,1,2786566,0.766540527,-0.416809082,0.108337402,0.476379395,-1.33330607,-0.565434456,0.730235279,3.14160156,491,1715080355784,1715075263,234,3,1,812532,0.00390625,0.00390625,-0.01171875,491,1715077352096,1715075063,234,0,1,3816220,0,0,0
1,470,1715091133859,1715091168556,1,0,0,1,0,7,7,0,0,0,4,0,0,492,1715088381732,1715084964,235,0,1,2786824,0.766540527,-0.416809082,0.108337402,0.476379395,-1.33330607,-0.565434456,0.730235279,3.14160156,492,1715090352747,1715085263,235,3,1,815809,0.00390625,0.00390625,-0.01171875,492,1715087353040,1715085063,235,0,1,3815516,0,0,0
1,471,1715101133859,1715101168426,1,0,0,1,0,7,7,0,0,0,4,0,0,493,1715098381898,1715094964,236,0,1,2786528,0.766540527,-0.416809082,0.108337402,0.476379395,-1.33330607,-0.565434456,0.730235279,3.14160156,493,1715100352543,1715095063,236,3,1,815883,0.00390625,0.00390625,-0.01171875,493,1715097352280,1715095063,236,0,1,3816146,0,0,0
1,472,1715111133859,1715111168185,1,0,0,1,0,7,7,0,0,0,4,0,0,494,1715108381101,1715104964,237,0,1,2787084,0.766540527,-0.416809082,0.108337402,0.476379395,-1.33330607,-0.565434456,0.730235279,3.14160156,494,1715110352247,1715104863,237,3,1,815938,0.0390625,-0.0078125,-0.01171875,494,1715107352299,1715104863,237,0,1,3815886,0,0,0
1,473,1715121133859,1715121168333,1,0,0,1,0,7,7,0,0,0,4,0,0,495,1715118381138,1715114364,238,0,1,2787195,0.766540527,-0.416809082,0.108337402,0.476379395,-1.33330607,-0.565434456,0.730235279,3.14160156,495,1715120352709,1715114763,238,3,1,815624,0.0390625,-0.0078125,-0.01171875,495,1715117352335,1715114063,238,0,1,3815998,0,0,0
1,474,1715131133859,1715131168370,1,0,0,1,0,7,7,0,0,0,4,0,0,496,1715128381416,1715124764,239,0,1,2786954,0.766540527,-0.416809082,0.108337402,0.476379395,-1.33330607,-0.565434456,0.730235279,3.14160156,496,1715130351950,1715124563,239,3,1,816420,0.00390625,0.00390625,-0.01171875,496,1715127352150,1715125063,239,0,1,3816220,0,0,0
1,475,1715141133859,1715141168296,1,0,0,1,0,7,7,0,0,0,4,0,0,497,1715138380323,1715134764,240,0,1,2787973,0.766540527,-0.416809082,0.108337402,0.476379395,-1.33330607,-0.565434456,0.730235279,3.14160156,497,1715140351672,1715135263,240,3,1,816624,0.00390625,0.00390625,-0.01171875,497,1715137353372,1715135163,240,0,1,3814924,0,0,0
1,476,1715151133859,1715151168759,1,0,0,1,0,7,7,0,0,0,4,0,0,498,1715148381175,1715144964,241,0,1,2787584,0.766540527,-0.416809082,0.108398438,0.476379395,-1.33328986,-0.565365553,0.730317891,3.14160156,498,1715150358190,1715145267,241,3,1,810569,0.00390625,0.00390625,-0.01171875,498,1715147352909,1715145062,241,0,1,3815850,0,0,0
1,477,1715161133859,1715161169018,1,0,0,1,0,7,7,0,0,0,4,0,0,499,1715158381193,1715154764,242,0,1,2787825,0.766540527,-0.416809082,0.108398438,0.476379395,-1.33328986,-0.565365553,0.730317891,3.14160156,499,1715160356301,1715155064,242,3,1,812717,0.00390625,0.00390625,-0.01171875,499,1715157352149,1715155063,242,0,1,3816869,0,0,0
1,478,1715171133859,1715171168129,1,0,0,1,0,7,7,0,0,0,4,0,0,500,1715168383656,1715164564,243,0,1,2784473,0.766540527,-0.416809082,0.108398438,0.476379395,-1.33328986,-0.565365553,0.730317891,3.14160156,500,1715170352430,1715164563,243,3,1,815699,0.0390625,-0.0078125,-0.01171875,500,1715167346983,1715165063,243,0,1,3821146,0,0,0
1,479,1715181133859,1715181168295,1,0,0,1,0,7,7,0,0,0,4,0,0,501,1715178380822,1715174764,244,0,1,2787473,0.766540527,-0.416809082,0.108398438,0.476379395,-1.33328986,-0.565365553,0.730317891,3.14160156,501,1715180354671,1715175063,244,3,1,813624,0.00390625,0.00390625,-0.01171875,501,1715177351186,1715174863,244,0,1,3817109,0,0,0
1,480,1715191133859,1715191166406,1,0,0,1,0,7,7,0,0,0,4,0,0,502,1715187379889,1715184263,245,0,1,3786517,0.766540527,-0.416809082,0.108398438,0.476379395,-1.33328986,-0.565365553,0.730317891,3.14160156,502,1715189350645,1715184662,245,3,1,1815761,0.03125,-0.0078125,-0.01171875,502,1715186352697,1715184063,245,0,1,4813709,0,0,0
1,481,1715201133859,1715201167832,1,0,0,1,0,7,7,0,0,0,4,0,0,503,1715198379192,1715194763,246,0,1,2788640,0.766540527,-0.416809082,0.108398438,0.476379395,-1.33328986,-0.565365553,0.730317891,3.14160156,503,1715200350263,1715194762,246,3,1,817569,-0.00390625,0.00390625,-0.05078125,503,1715197349852,1715195062,246,0,1,3817980,0,0,0
1,482,1715211133859,1715211167720,1,0,0,1,0,7,7,0,0,0,4,0,0,504,1715208379081,1715204763,247,0,1,2788639,0.766540527,-0.416809082,0.108398438,0.476379395,-1.33328986,-0.565365553,0.730317891,3.14160156,504,1715210350541,1715204562,247,3,1,817179,-0.00390625,0.00390625,-0.01171875,504,1715207349963,1715204862,247,0,1,3817757,0,0,0
1,483,1715221133859,1715221171146,1,0,0,1,0,7,7,0,0,0,4,0,0,505,1715218397191,1715214771,248,0,1,2773955,0.766540527,-0.416809082,0.108398438,0.476379395,-1.33328986,-0.565365553,0.730317891,3.14160156,505,1715220373410,1715214862,248,3,1,797736,0.03125,-0.0078125,-0.05078125,505,1715217351185,1715215062,248,0,1,3819961,0,0,0
1,484,1715231133859,1715231171664,1,0,0,1,0,7,7,0,0,0,4,0,0,506,1715228388728,1715224564,249,0,1,2782936,0.766540527,-0.416809082,0.108398438,0.476379395,-1.33328986,-0.565365553,0.730317891,3.14160156,506,1715230380484,1715224864,249,3,1,791180,-0.00390625,0.00390625,0.02734375,506,1715227390498,1715225064,249,0,1,3781166,0,0,0
1,485,1715241133859,1715241187700,1,0,0,1,0,7,7,0,0,0,4,0,0,507,1715238440967,1715234371,250,0,1,2746733,0.766540527,-0.416809082,0.108398438,0.476379395,-1.33328986,-0.565365553,0.730317891,3.14160156,507,1715240395187,1715234874,250,3,1,792513,0.0078125,0.04296875,-0.01171875,507,1715237416886,1715235076,250,0,1,3770814,0,0,0
1,486,1715251133859,1715251201200,1,0,0,1,0,7,7,0,0,0,4,0,0,508,1715248432689,1715244581,251,0,1,2768511,0.766540527,-0.416809082,0.108398438,0.476379395,-1.33328986,-0.565365553,0.730317891,3.14160156,508,1715250414964,1715244591,251,3,1,786236,-0.00390625,0.00390625,-0.01171875,508,1715247392183,1715244664,251,0,1,3809017,0,0,0
1,487,1715261133859,1715261161571,1,0,0,1,0,7,7,0,0,0,4,0,0,509,1715258344766,1715254956,252,0,1,2816805,0.766540527,-0.416809082,0.108398438,0.476379395,-1.33328986,-0.565365553,0.730317891,3.14160156,509,1715260322726,1715255258,252,3,1,838845,-0.00390625,0.00390625,0.02734375,509,1715257341481,1715255056,252,0,1,3820090,0,0,0
1,488,1715271133859,1715271161960,1,0,0,1,0,7,7,0,0,0,4,0,0,510,1715268351191,1715264759,253,0,1,2810769,0.766540527,-0.416809082,0.108398438,0.476379395,-1.33328986,-0.565365553,0.730317891,3.14160156,510,1715270323355,1715264357,253,3,1,838605,-0.00390625,0.00390625,0.02734375,510,1715267327555,1715265057,253,0,1,3834405,0,0,0
1,489,1715281133859,1715281163478,1,0,0,1,0,7,7,0,0,0,4,0,0,511,1715278357783,1715274562,254,0,1,2805695,0.766540527,-0.416809082,0.108398438,0.476379395,-1.33328986,-0.565365553,0.730317891,3.14160156,511,1715280338002,1715274861,254,3,1,825476,-0.015625,-0.03125,0.02734375,511,1715277336240,1715274861,254,0,1,3827238,0,0,0
1,490,1715291133859,1715291165292,1,0,0,1,0,7,7,0,0,0,4,0,0,512,1715288356950,1715284561,255,0,1,2808342,0.766540527,-0.416809082,0.108398438,0.476379395,-1.33328986,-0.565365553,0.730317891,3.14160156,512,1715290331317,1715284861,255,3,1,833975,-0.00390625,0.00390625,-0.01171875,512,1715287331147,1715284860,255,0,1,3834145,0,0,0
1,491,1715301133859,1715301164144,1,0,0,1,0,7,7,0,0,0,4,0,0,513,1715297355998,1715294459,0,0,1,3808146,0.766540527,-0.416809082,0.108398438,0.476379395,-1.33328986,-0.565365553,0.730317891,3.14160156,513,1715299330124,1715294860,0,3,1,1834020,-0.0390625,0.01953125,0.02734375,513,1715296325362,1715294060,0,0,1,4838782,0,0,0
1,492,1715311133859,1715311165107,1,0,0,1,0,7,7,0,0,0,4,0,0,514,1715308355986,1715304361,1,0,1,2809121,0.766540527,-0.416809082,0.108398438,0.476379395,-1.33328986,-0.565365553,0.730317891,3.14160156,514,1715310329020,1715304360,1,3,1,836087,-0.00390625,0.00390625,0.02734375,514,1715307329313,1715305060,1,0,1,3835794,0,0,0
1,493,1715321133859,1715321161884,1,0,0,1,0,7,7,0,0,0,4,0,0,515,1715318352301,1715314558,2,0,1,2809583,0.766540527,-0.416809082,0.108398438,0.476379395,-1.33328986,-0.565365553,0.730317891,3.14160156,515,1715320325780,1715314858,2,3,1,836104,-0.00390625,0.00390625,-0.01171875,515,1715317330424,1715315058,2,0,1,3831460,0,0,0
1,494,1715331133859,1715331165069,1,0,0,1,0,7,7,0,0,0,4,0,0,516,1715328355282,1715324761,3,0,1,2809787,0.766540527,-0.416748047,0.108398438,0.476379395,-1.33328617,-0.565254748,0.730266571,3.14160156,516,1715330328983,1715324860,3,3,1,836086,0.0546875,-0.0546875,0.02734375,516,1715327331479,1715325061,3,0,1,3833590,0,0,0
1,495,1715341133859,1715341164884,1,0,0,1,0,7,7,0,0,0,4,0,0,517,1715337358386,1715334460,4,0,1,3806498,0.766540527,-0.416748047,0.108398438,0.476379395,-1.33328617,-0.565254748,0.730266571,3.14160156,517,1715339331272,1715334661,4,3,1,1833612,-0.00390625,0.00390625,-0.05078125,517,1715336324101,1715334160,4,0,1,4840783,0,0,0
1,496,1715351133859,1715351166587,1,0,0,1,0,7,7,0,0,0,4,0,0,518,1715348357911,1715344361,5,0,1,2808676,0.766540527,-0.416748047,0.108398438,0.476379395,-1.33328617,-0.565254748,0.730266571,3.14160156,518,1715350341667,1715344165,5,3,1,824920,-0.02734375,0.0546875,-0.01171875,518,1715347325738,1715344860,5,0,1,3840849,0,0,0
1,497,1715361133859,1715361168105,1,0,0,1,0,7,7,0,0,0,4,0,0,519,1715357384088,1715354265,6,0,1,3784017,0.766540527,-0.416748047,0.108398438,0.476379395,-1.33328617,-0.565254748,0.730266571,3.14160156,519,1715359354030,1715354663,6,3,1,1814075,-0.00390625,0.00390625,-0.01171875,519,1715356357378,1715354064,6,0,1,4810727,0,0,0
1,498,1715371133859,1715371168087,1,0,0,1,0,7,7,0,0,0,4,0,0,520,1715367380181,1715364262,7,0,1,3787906,0.766540527,-0.416748047,0.108398438,0.476379395,-1.33328617,-0.565254748,0.730266571,3.14160156,520,1715369353400,1715364663,7,3,1,1814687,0.0078125,0.04296875,-0.01171875,520,1715366354655,1715364063,7,0,1,4813432,0,0,0
1,499,1715381133859,1715381168735,1,0,0,1,0,7,7,0,0,0,4,0,0,521,1715378380465,1715374161,8,0,1,2788270,0.766540527,-0.416748047,0.108398438,0.476379395,-1.33328617,-0.565254748,0.730266571,3.14160156,521,1715380356370,1715374763,8,3,1,812365,-0.015625,-0.03125,-0.01171875,521,1715377353681,1715374063,8,0,1,3815054,0,0,0
1,500,1715391133859,1715391168383,1,0,0,1,0,7,7,0,0,0,4,0,0,522,1715388382465,1715384364,9,0,1,2785918,0.766540527,-0.416748047,0.108398438,0.476379395,-1.33328617,-0.565254748,0.730266571,3.14160156,522,1715390353388,1715384363,9,3,1,814995,0.01953125,-0.04296875,0.02734375,522,1715387353440,1715384663,9,0,1,3814943,0,0,0
1,501,1715401133859,1715401168105,1,0,0,1,0,7,7,0,0,0,4,0,0,523,1715397387920,1715394466,10,0,1,3780185,0.766540527,-0.416748047,0.108398438,0.476379395,-1.33328617,-0.565254748,0.730266571,3.14160156,523,1715399354251,1715394863,10,3,1,1813854,0.0078125,0.04296875,0.02734375,523,1715396373543,1715394164,10,0,1,4794562,0,0,0
1,502,1715411133859,1715411167512,1,0,0,1,0,7,7,0,0,0,4,0,0,524,1715407382809,1715404263,11,0,1,3784703,0.766540527,-0.416748047,0.108398438,0.476379395,-1.33328617,-0.565254748,0.730266571,3.14160156,524,1715409353140,1715404063,11,3,1,1814372,-0.00390625,0.00390625,0.02734375,524,1715406348192,1715404063,11,0,1,4819320,0,0,0
1,503,1715421133859,1715421167752,1,0,0,1,0,7,7,0,0,0,4,0,0,525,1715417375494,1715414264,12,0,1,3792258,0.766540527,-0.416748047,0.108398438,0.476379395,-1.33328617,-0.565254748,0.730266571,3.14160156,525,1715419358343,1715414664,12,3,1,1809409,-0.00390625,0.00390625,-0.01171875,525,1715416351877,1715413862,12,0,1,4815875,0,0,0
1,504,1715431133859,1715431166956,1,0,0,1,0,7,7,0,0,0,4,0,0,526,1715427381994,1715424264,13,0,1,3784962,0.766540527,-0.416748047,0.108337402,0.476379395,-1.33330238,-0.565323651,0.730184019,3.14160156,526,1715429354306,1715424463,13,3,1,1812650,-0.00390625,0.00390625,-0.01171875,526,1715426353747,1715423863,13,0,1,4813209,0,0,0
1,505,1715441133859,1715441167215,1,0,0,1,0,7,7,0,0,0,4,0,0,527,1715437381383,1715434264,14,0,1,3785832,0.766540527,-0.416748047,0.108337402,0.476379395,-1.33330238,-0.565323651,0.730184019,3.14160156,527,1715439351694,1715434663,14,3,1,1815521,-0.00390625,0.00390625,-0.01171875,527,1715436353672,1715434163,14,0,1,4813543,0,0,0
1,506,1715451133859,1715451166900,1,0,0,1,0,7,7,0,0,0,4,0,0,528,1715447381160,1715444264,15,0,1,3785740,0.766540527,-0.416748047,0.108337402,0.476379395,-1.33330238,-0.565323651,0.730184019,3.14160156,528,1715449351342,1715443863,15,3,1,1815558,-0.015625,-0.03125,-0.01171875,528,1715446351302,1715444062,15,0,1,4815598,0,0,0
1,507,1715461133859,1715461167085,1,0,0,1,0,7,7,0,0,0,4,0,0,529,1715457381789,1715454264,16,0,1,3785296,0.766540527,-0.416748047,0.108337402,0.476379395,-1.33330238,-0.565323651,0.730184019,3.14160156,529,1715459352213,1715454663,16,3,1,1814872,0.03125,-0.0078125,0.02734375,529,1715456356005,1715454063,16,0,1,4811080,0,0,0
1,508,1715471133859,1715471167140,1,0,0,1,0,7,7,0,0,0,4,0,0,530,1715467381660,1715464264,17,0,1,3785480,0.766540527,-0.416748047,0.108337402,0.476379395,-1.33330238,-0.565323651,0.730184019,3.14160156,530,1715469351712,1715464463,17,3,1,1815428,-0.00390625,0.00390625,-0.01171875,530,1715466354912,1715464063,17,0,1,4812228,0,0,0
1,509,1715481133859,1715481167566,1,0,0,1,0,7,7,0,0,0,4,0,0,531,1715477382807,1715474264,18,0,1,3784759,0.766540527,-0.416748047,0.108337402,0.476379395,-1.33330238,-0.565323651,0.730184019,3.14160156,531,1715479353453,1715474264,18,3,1,1814113,0.0078125,0.04296875,-0.01171875,531,1715476356949,1715474163,18,0,1,4810617,0,0,0
1,510,1715491133859,1715491168917,1,0,0,1,0,7,7,0,0,0,4,0,0,532,1715488392296,1715484172,19,0,1,2776621,0.766540527,-0.416748047,0.108337402,0.476379395,-1.33330238,-0.565323651,0.730184019,3.14160156,532,1715490355645,1715484164,19,3,1,813272,-0.00390625,0.00390625,-0.01171875,532,1715487350753,1715484663,19,0,1,3818164,0,0,0
1,511,1715501133859,1715501167658,1,0,0,1,0,7,7,0,0,0,4,0,0,533,1715497382307,1715494064,20,0,1,3785351,0.766540527,-0.416748047,0.108337402,0.476379395,-1.33330238,-0.565323651,0.730184019,3.14160156,533,1715499371155,1715494464,20,3,1,1796503,0.03125,-0.0078125,-0.01171875,533,1715496354152,1715494063,20,0,1,4813506,0,0,0
1,512,1715511133859,1715511167195,1,0,0,1,0,7,7,0,0,0,4,0,0,534,1715507381862,1715504064,21,0,1,3785333,0.766540527,-0.416748047,0.108337402,0.476379395,-1.33330238,-0.565323651,0.730184019,3.14160156,534,1715509352045,1715504463,21,3,1,1815150,0.0078125,0.04296875,-0.01171875,534,1715506366485,1715504063,21,0,1,4800710,0,0,0
1,513,1715521133859,1715521167898,1,0,0,1,0,7,7,0,0,0,4,0,0,535,1715517383214,1715513764,22,0,1,3784684,0.766540527,-0.416748047,0.108337402,0.476379395,-1.33330238,-0.565323651,0.730184019,3.14160156,535,1715519350915,1715514261,22,3,1,1816983,-0.0546875,-0.01953125,-0.01171875,535,1715516356985,1715514063,22,0,1,4810913,0,0,0
1,514,1715531133859,1715531167546,1,0,0,1,0,7,7,0,0,0,4,0,0,536,1715527382584,1715524064,23,0,1,3784962,0.766601562,-0.416748047,0.108337402,0.476379395,-1.33310318,-0.565383911,0.730047882,3.14160156,536,1715529352729,1715524063,23,3,1,1814817,-0.00390625,0.0078125,0.1015625,536,1715526356485,1715523865,23,0,1,4811061,0,0,0
1,515,1715541133859,1715541167286,1,0,0,1,0,7,7,0,0,0,4,0,0,537,1715537382510,1715534064,24,0,1,3784776,0.766601562,-0.416748047,0.108337402,0.476379395,-1.33310318,-0.565383911,0.730047882,3.14160156,537,1715539355692,1715534263,24,3,1,1811594,-0.11328125,0.03515625,-0.0859375,537,1715536353281,1715534063,24,0,1,4814005,0,0,0
1,516,1715551133859,1715551169916,1,0,0,1,0,7,7,0,0,0,4,0,0,538,1715547381491,1715544064,25,0,1,3788425,0.766601562,-0.416748047,0.108337402,0.476379395,-1.33310318,-0.565383911,0.730047882,3.14160156,538,1715549351451,1715543763,25,3,1,1818465,0.01171875,0.03515625,0.140625,538,1715546353151,1715544163,25,0,1,4816765,0,0,0
1,517,1715561133859,1715561167508,1,0,0,1,0,7,7,0,0,0,4,0,0,539,1715557382102,1715554064,26,0,1,3785406,0.766540527,-0.416748047,0.108398438,0.476379395,-1.33328617,-0.565254748,0.730266571,3.14160156,539,1715559354099,1715554263,26,3,1,1813409,0.078125,-0.11328125,-0.01171875,539,1715556353318,1715553863,26,0,1,4814190,0,0.009765625,0.0078125
1,518,1715571133859,1715571167563,1,0,0,1,0,7,7,0,0,0,4,0,0,540,1715567382750,1715563964,27,0,1,3784813,0.766540527,-0.416748047,0.108398438,0.476379395,-1.33328617,-0.565254748,0.730266571,3.14160156,540,1715569353395,1715564263,27,3,1,1814168,0,0.12109375,0.1015625,540,1715566353965,1715564063,27,0,1,4813598,0.009765625,-0.0078125,-0.00390625
1,519,1715581133859,1715581167915,1,0,0,1,0,7,7,0,0,0,4,0,0,541,1715577382935,1715573964,28,0,1,3784980,0.766540527,-0.416748047,0.108398438,0.476379395,-1.33328617,-0.565254748,0.730266571,3.14160156,541,1715579353136,1715574263,28,3,1,1814779,0.06640625,-0.1484375,0.02734375,541,1715576355650,1715574063,28,0,1,4812265,-0.013671875,0.005859375,-0.00390625
1,520,1715591133859,1715591167563,1,0,0,1,0,7,7,0,0,0,4,0,0,542,1715587382083,1715583764,29,0,1,3785480,0.766540527,-0.416748047,0.108398438,0.476379395,-1.33328617,-0.565254748,0.730266571,3.14160156,542,1715589353154,1715583763,29,3,1,1814409,0.015625,-0.05078125,-0.125,542,1715586356928,1715584063,29,0,1,4810635,0.00390625,0.001953125,0.009765625
1,521,1715601133859,1715601167692,1,0,0,1,0,7,7,0,0,0,4,0,0,543,1715597382156,1715593964,30,0,1,3785536,0.766540527,-0.416748047,0.108398438,0.476379395,-1.33328617,-0.565254748,0.730266571,3.14160156,543,1715599352820,1715594263,30,3,1,1814872,-0.0390625,0.1328125,0.02734375,543,1715596353761,1715594063,30,0,1,4813931,-0.009765625,-0.001953125,-0.01171875
1,522,1715611133859,1715611167822,1,0,0,1,0,7,7,0,0,0,4,0,0,544,1715607381841,1715603964,31,0,1,3785981,0.766540527,-0.416809082,0.108398438,0.476379395,-1.33328986,-0.565365553,0.730317891,3.14160156,544,1715609353357,1715604264,31,3,1,1814465,-0.03125,-0.07421875,-0.01171875,544,1715606351983,1715604062,31,0,1,4815839,0.001953125,0.001953125,0.001953125
1,523,1715621133859,1715621167247,1,0,0,1,0,7,7,0,0,0,4,0,0,545,1715617380786,1715613763,32,0,1,3786461,0.766540527,-0.416809082,0.108398438,0.476379395,-1.33328986,-0.565365553,0.730317891,3.14160156,545,1715619352098,1715613863,32,3,1,1815149,-0.015625,0.08203125,-0.01171875,545,1715616352409,1715614063,32,0,1,4814838,0,0.00390625,0.001953125
1,524,1715631133859,1715631164044,1,0,0,1,0,7,7,0,0,0,4,0,0,546,1715627377860,1715623761,33,0,1,3786184,0.766540527,-0.416748047,0.108398438,0.476379395,-1.33328617,-0.565254748,0.730266571,3.14160156,546,1715629350542,1715623760,33,3,1,1813502,-0.0390625,0.01171875,-0.05078125,546,1715626351797,1715623660,33,0,1,4812247,0.001953125,-0.0078125,-0.005859375
1,525,1715641133859,1715641168043,1,0,0,1,0,7,7,0,0,0,4,0,0,547,1715637383026,1715633564,34,0,1,3785017,0.766540527,-0.416748047,0.108398438,0.476379395,-1.33328617,-0.565254748,0.730266571,3.14160156,547,1715639353153,1715633863,34,3,1,1814890,0.03125,-0.015625,0.02734375,547,1715636356871,1715633863,34,0,1,4811172,0,0.001953125,0.001953125
1,526,1715651133859,1715651170321,1,0,0,1,0,7,7,0,0,0,4,0,0,548,1715647378230,1715643765,35,0,1,3792091,0.766540527,-0.416748047,0.108398438,0.476379395,-1.33328617,-0.565254748,0.730266571,3.14160156,548,1715649354467,1715643564,35,3,1,1815854,-0.078125,0.0234375,-0.05078125,548,1715646356778,1715644065,35,0,1,4813543,0.001953125,0,0.001953125
1,527,1715661133859,1715661167118,1,0,0,1,0,7,7,0,0,0,4,0,0,549,1715657381341,1715653564,36,0,1,3785777,0.766540527,-0.416748047,0.108398438,0.476379395,-1.33328617,-0.565254748,0.730266571,3.14160156,549,1715659351357,1715654063,36,3,1,1815761,0.03125,-0.015625,0.06640625,549,1715656354483,1715654063,36,0,1,4812635,-0.001953125,0,-0.00390625
1,528,1715671133859,1715671168008,1,0,0,1,0,7,7,0,0,0,4,0,0,550,1715667382101,1715663764,37,0,1,3785907,0.766540527,-0.416748047,0.108398438,0.476379395,-1.33328617,-0.565254748,0.730266571,3.14160156,550,1715669352932,1715663763,37,3,1,1815076,0.0078125,-0.0859375,0.02734375,550,1715666354798,1715663863,37,0,1,4813210,-0.001953125,0.00390625,0.005859375
1,529,1715681133859,1715681165527,1,0,0,1,0,7,7,0,0,0,4,0,0,551,1715677382528,1715673764,38,0,1,3782999,0.766540527,-0.416748047,0.108398438,0.47644043,-1.33331227,-0.565239072,0.730219543,3.14160156,551,1715679353340,1715674063,38,3,1,1812187,0.0078125,0.03515625,0.02734375,551,1715676351614,1715674061,38,0,1,4813913,0,-0.00390625,0
1,530,1715691133859,1715691166972,1,0,0,1,0,7,7,0,0,0,4,0,0,552,1715687382010,1715683764,39,0,1,3784962,0.766540527,-0.416748047,0.108398438,0.47644043,-1.33331227,-0.565239072,0.730219543,3.14160156,552,1715689352785,1715683363,39,3,1,1814187,-0.015625,-0.0390625,0.02734375,552,1715686353966,1715684061,39,0,1,4813006,0,0,-0.00390625
1,531,1715701133859,1715701167250,1,0,0,1,0,7,7,0,0,0,4,0,0,553,1715697381344,1715693764,40,0,1,3785906,0.766540527,-0.416748047,0.108398438,0.476379395,-1.33328617,-0.565254748,0.730266571,3.14160156,553,1715699352563,1715693863,40,3,1,1814687,-0.00390625,-0.00390625,-0.01171875,553,1715696352059,1715693863,40,0,1,4815191,-0.001953125,0,0
1,532,1715711133859,1715711167584,1,0,0,1,0,7,7,0,0,0,4,0,0,554,1715707382326,1715703364,41,0,1,3785258,0.766540527,-0.416748047,0.108398438,0.476379395,-1.33328617,-0.565254748,0.730266571,3.14160156,554,1715709352657,1715703763,41,3,1,1814927,0.01953125,-0.05078125,0.02734375,554,1715706352393,1715703863,41,0,1,4815191,0,-0.001953125,-0.00390625
1,533,1715721133859,1715721167344,1,0,0,1,0,7,7,0,0,0,4,0,0,555,1715717381567,1715713764,42,0,1,3785777,0.766540527,-0.416748047,0.108398438,0.476379395,-1.33328617,-0.565254748,0.730266571,3.14160156,555,1715719352898,1715713763,42,3,1,1814446,0.0546875,-0.0546875,0.02734375,555,1715716352690,1715714163,42,0,1,4814654,0,0.001953125,0.001953125
1,534,1715731133859,1715731166882,1,0,0,1,0,7,7,0,0,0,4,0,0,556,1715727376383,1715723564,43,0,1,3790499,0.766540527,-0.416748047,0.108398438,0.47644043,-1.33331227,-0.565239072,0.730219543,3.14160156,556,1715729353658,1715723564,43,3,1,1813224,-0.00390625,0.00390625,-0.01171875,556,1715726351913,1715724063,43,0,1,4814969,0.001953125,-0.00390625,0
1,535,1715741133859,1715741167327,1,0,0,1,0,7,7,0,0,0,4,0,0,557,1715737381087,1715733764,44,0,1,3786240,0.766540527,-0.416687012,0.108398438,0.47644043,-1.33330858,-0.565128326,0.730168223,3.14160156,557,1715739351899,1715733863,44,3,1,1815428,-0.015625,-0.03125,-0.01171875,557,1715736351821,1715734062,44,0,1,4815506,0.001953125,-0.00390625,0
1,536,1715751133859,1715751169698,1,0,0,1,0,7,7,0,0,0,4,0,0,558,1715747381273,1715743764,45,0,1,3788425,0.766601562,-0.416687012,0.108398438,0.47644043,-1.33310938,-0.565188527,0.730032086,3.14160156,558,1715749351493,1715743863,45,3,1,1818205,-0.00390625,0.00390625,-0.01953125,558,1715746351489,1715744062,45,0,1,4818209,0.00390625,0.001953125,0.001953125
1,537,1715761133859,1715761167440,1,0,0,1,0,7,7,0,0,0,4,0,0,559,1715757379514,1715753762,46,0,1,3787926,0.766601562,-0.416687012,0.108398438,0.47644043,-1.33310938,-0.565188527,0.730032086,3.14160156,559,1715759352975,1715753763,46,3,1,1814465,-0.00390625,0.00390625,0.01953125,559,1715756355100,1715754163,46,0,1,4812340,0,-0.001953125,-0.00390625
1,538,1715771133859,1715771167681,1,0,0,1,0,7,7,0,0,0,4,0,0,560,1715767381330,1715763564,47,0,1,3786351,0.766601562,-0.416687012,0.108398438,0.47644043,-1.33310938,-0.565188527,0.730032086,3.14160156,560,1715769353198,1715763563,47,3,1,1814483,-0.00390625,0.00390625,0.01953125,560,1715766352453,1715763663,47,0,1,4815228,-0.00390625,0.001953125,-0.00390625
1,539,1715781133859,1715781173144,1,0,0,1,0,7,7,0,0,0,4,0,0,561,1715776381823,1715773264,48,0,1,4791321,0.766601562,-0.416687012,0.108337402,0.47644043,-1.33312559,-0.56525743,0.729949534,3.14160156,561,1715778375505,1715773671,48,3,1,2797639,0.04296875,0.02734375,-0.05859375,561,1715775354020,1715773063,48,0,1,5819124,0.001953125,-0.001953125,0
1,540,1715791133859,1715791168256,1,0,0,1,0,7,7,0,0,0,4,0,0,562,1715787385646,1715783566,49,0,1,3782610,0.766601562,-0.416687012,0.108398438,0.47644043,-1.33310938,-0.565188527,0.730032086,3.14160156,562,1715789347884,1715783563,49,3,1,1820372,-0.00390625,0.00390625,-0.05859375,562,1715786373491,1715784063,49,0,1,4794765,0.001953125,0,0
1,541,1715801133859,1715801166998,1,0,0,1,0,7,7,0,0,0,4,0,0,563,1715796382861,1715793264,50,0,1,4784137,0.766601562,-0.416687012,0.108337402,0.476379395,-1.33309948,-0.565273106,0.729996502,3.14160156,563,1715798353599,1715793864,50,3,1,2813399,-0.0625,-0.05078125,0.13671875,563,1715795354984,1715793063,50,0,1,5812014,-0.00390625,0,-0.005859375
1,542,1715811133859,1715811168072,1,0,0,1,0,7,7,0,0,0,4,0,0,564,1715807376944,1715803564,51,0,1,3791128,0.766601562,-0.416687012,0.108398438,0.476379395,-1.33308327,-0.565204203,0.730079114,3.14160156,564,1715809357256,1715803564,51,3,1,1810816,0.1875,-0.0234375,-0.0234375,564,1715806358307,1715803863,51,0,1,4809765,-0.001953125,0.01171875,0.01171875
1,543,1715821133859,1715821166981,1,0,0,1,0,7,7,0,0,0,4,0,0,565,1715816381085,1715813464,52,0,1,4785896,0.766601562,-0.416687012,0.108398438,0.47644043,-1.33310938,-0.565188527,0.730032086,3.14160156,565,1715818345916,1715813863,52,3,1,2821065,-0.0859375,0.1171875,0.1328125,565,1715815354041,1715813163,52,0,1,5812940,0.005859375,-0.021484375,-0.01171875
1,544,1715831133859,1715831167055,1,0,0,1,0,7,7,0,0,0,4,0,0,566,1715826380437,1715823464,53,0,1,4786618,0.766601562,-0.416687012,0.108337402,0.47644043,-1.33312559,-0.56525743,0.729949534,3.14160156,566,1715828351861,1715823063,53,3,1,2815194,0.1640625,-0.09375,0.0546875,566,1715825353468,1715823063,53,0,1,5813587,-0.013671875,0.013671875,0.001953125
1,545,1715841133859,1715841167223,1,0,0,1,0,7,7,0,0,0,4,0,0,567,1715837382112,1715833364,54,0,1,3785111,0.766601562,-0.416687012,0.108337402,0.47644043,-1.33312559,-0.56525743,0.729949534,3.14160156,567,1715839353202,1715833763,54,3,1,1814021,-0.10546875,-0.04296875,-0.171875,567,1715836354531,1715833863,54,0,1,4812692,0.017578125,-0.009765625,0.0078125
1,546,1715851133859,1715851170334,1,0,0,1,0,7,7,0,0,0,4,0,0,568,1715846383068,1715842965,55,0,1,4787266,0.766601562,-0.416625977,0.108337402,0.47644043,-1.3331219,-0.565146625,0.729898214,3.14160156,568,1715848353066,1715843263,55,3,1,2817268,0.1171875,-0.1171875,0.09375,568,1715845357191,1715842863,55,0,1,5813143,-0.013671875,0,-0.013671875
1,547,1715861133859,1715861167594,1,0,0,1,0,7,7,0,0,0,4,0,0,569,1715857382836,1715853364,56,0,1,3784758,0.766601562,-0.416687012,0.108337402,0.47644043,-1.33312559,-0.56525743,0.729949534,3.14160156,569,1715859352815,1715853563,56,3,1,1814779,-0.0078125,-0.1171875,-0.09375,569,1715856357996,1715854063,56,0,1,4809598,0.005859375,0.005859375,0.01171875
1,548,1715871133859,1715871166836,1,0,0,1,0,7,7,0,0,0,4,0,0,570,1715867382299,1715863163,57,0,1,3784537,0.766601562,-0.416687012,0.108398438,0.47644043,-1.33310938,-0.565188527,0.730032086,3.14160156,570,1715869352500,1715863163,57,3,1,1814336,-0.0234375,0.17578125,-0.01953125,570,1715866346589,1715863863,57,0,1,4820247,-0.001953125,0,0
1,549,1715881133859,1715881166984,1,0,0,1,0,7,7,0,0,0,4,0,0,571,1715877380541,1715873364,58,0,1,3786443,0.766601562,-0.416687012,0.108337402,0.47644043,-1.33312559,-0.56525743,0.729949534,3.14160156,571,1715879351149,1715873763,58,3,1,1815835,-0.0625,-0.01953125,-0.01953125,571,1715876351627,1715873862,58,0,1,4815357,-0.00390625,-0.001953125,-0.005859375
1,550,1715891133859,1715891167430,1,0,0,1,0,7,7,0,0,0,4,0,0,572,1715887382282,1715883364,59,0,1,3785148,0.766601562,-0.416687012,0.108337402,0.47644043,-1.33312559,-0.56525743,0.729949534,3.14160156,572,1715889352631,1715883564,59,3,1,1814799,0.01171875,0.078125,-0.05859375,572,1715886355442,1715883863,59,0,1,4811988,0,0.0078125,0.009765625
1,551,1715901133859,1715901167615,1,0,0,1,0,7,7,0,0,0,4,0,0,573,1715896383238,1715893264,60,0,1,4784377,0.766601562,-0.416687012,0.108398438,0.47644043,-1.33310938,-0.565188527,0.730032086,3.14160156,573,1715898353106,1715893463,60,3,1,2814509,-0.1015625,0.078125,-0.09375,573,1715895360824,1715893063,60,0,1,5806791,0,-0.005859375,-0.005859375
1,552,1715911133859,1715911167153,1,0,0,1,0,7,7,0,0,0,4,0,0,574,1715907381987,1715903165,61,0,1,3785166,0.766601562,-0.416687012,0.108337402,0.47644043,-1.33312559,-0.56525743,0.729949534,3.14160156,574,1715909351966,1715903163,61,3,1,1815187,0.01953125,-0.04296875,0.09375,574,1715906355573,1715903462,61,0,1,4811580,0.001953125,-0.00390625,-0.005859375
1,553,1715921133859,1715921167209,1,0,0,1,0,7,7,0,0,0,4,0,0,575,1715916374907,1715912764,62,0,1,4792302,0.766601562,-0.416625977,0.108337402,0.47644043,-1.3331219,-0.565146625,0.729898214,3.14160156,575,1715918364051,1715913065,62,3,1,2803158,-0.04296875,0.01953125,-0.09375,575,1715915351215,1715912863,62,0,1,5815994,0.00390625,0.005859375,0.0078125
1,554,1715931133859,1715931166710,1,0,0,1,0,7,7,0,0,0,4,0,0,576,1715926382037,1715923064,63,0,1,4784673,0.766601562,-0.416625977,0.108337402,0.47644043,-1.3331219,-0.565146625,0.729898214,3.14160156,576,1715928353867,1715923463,63,3,1,2812843,0.05859375,0.06640625,-0.01953125,576,1715925352234,1715922862,63,0,1,5814476,-0.00390625,-0.0078125,-0.0078125
1,555,1715941133859,1715941167544,1,0,0,1,0,7,7,0,0,0,4,0,0,577,1715936381056,1715933064,64,0,1,4786488,0.766601562,-0.416625977,0.108337402,0.476379395,-1.33309579,-0.565162241,0.729945183,3.14160156,577,1715938349016,1715933662,64,3,1,2818528,-0.0546875,-0.13671875,0.10546875,577,1715935351660,1715933063,64,0,1,5815884,0,-0.001953125,-0.00390625
1,556,1715951133859,1715951170100,1,0,0,1,0,7,7,0,0,0,4,0,0,578,1715947382342,1715943164,65,0,1,3787758,0.766601562,-0.416625977,0.108337402,0.47644043,-1.3331219,-0.565146625,0.729898214,3.14160156,578,1715949352746,1715943163,65,3,1,1817354,0.0703125,-0.01953125,0.0546875,578,1715946357390,1715943663,65,0,1,4812710,0.00390625,0.0078125,0.013671875
1,557,1715961133859,1715961167138,1,0,0,1,0,7,7,0,0,0,4,0,0,579,1715956376557,1715953064,66,0,1,4790581,0.766601562,-0.416625977,0.108337402,0.47644043,-1.3331219,-0.565146625,0.729898214,3.14160156,579,1715958356036,1715953463,66,3,1,2811102,-0.1484375,0.05859375,0.01953125,579,1715955356217,1715952863,66,0,1,5810921,0.0078125,-0.009765625,-0.00390625
1,558,1715971133859,1715971167694,1,0,0,1,0,7,7,0,0,0,4,0,0,580,1715966373743,1715963064,67,0,1,4793951,0.766662598,-0.416625977,0.108337402,0.47644043,-1.33292282,-0.565206826,0.729762137,3.14160156,580,1715968353796,1715962763,67,3,1,2813898,0.10546875,-0.03125,0.1328125,580,1715965352162,1715962863,67,0,1,5815532,-0.0078125,0.005859375,-0.00390625
1,559,1715981133859,1715981167843,1,0,0,1,0,7,7,0,0,0,4,0,0,581,1715976380392,1715973064,68,0,1,4787451,0.766662598,-0.416625977,0.108337402,0.476379395,-1.33289671,-0.565222502,0.729809105,3.14160156,581,1715978350871,1715973463,68,3,1,2816972,0.00390625,-0.08203125,-0.09375,581,1715975352330,1715972863,68,0,1,5815513,0.0078125,0.001953125,0.0078125
1,560,1715991133859,1715991167121,1,0,0,1,0,7,7,0,0,0,4,0,0,582,1715986382652,1715982764,69,0,1,4784469,0.766662598,-0.416625977,0.108337402,0.476379395,-1.33289671,-0.565222502,0.729809105,3.14160156,582,1715988353204,1715982863,69,3,1,2813917,0.0703125,-0.01953125,0.09375,582,1715985353923,1715982861,69,0,1,5813198,-0.005859375,-0.005859375,-0.01171875
1,561,1716001133859,1716001166863,1,0,0,1,0,7,7,0,0,0,4,0,0,583,1715996380763,1715993064,70,0,1,4786100,0.766662598,-0.416625977,0.108337402,0.476379395,-1.33289671,-0.565222502,0.729809105,3.14160156,583,1715998351464,1715993063,70,3,1,2815399,0.05078125,-0.16796875,-0.05859375,583,1715995349646,1715992860,70,0,1,5817217,-0.001953125,0.0078125,0.005859375
1,562,1716011133859,1716011167197,1,0,0,1,0,7,7,0,0,0,4,0,0,584,1716006380542,1716003064,71,0,1,4786655,0.766601562,-0.416625977,0.108398438,0.476379395,-1.33307958,-0.565093398,0.730027795,3.14160156,584,1716008351502,1716002863,71,3,1,2815695,-0.02734375,0.0625,-0.05859375,584,1716005351276,1716002862,71,0,1,5815921,0.00390625,0,0.00390625
1,563,1716021133859,1716021167290,1,0,0,1,0,7,7,0,0,0,4,0,0,585,1716016379783,1716013063,72,0,1,4787507,0.766601562,-0.416625977,0.108337402,0.476379395,-1.33309579,-0.565162241,0.729945183,3.14160156,585,1716018350669,1716013263,72,3,1,2816621,-0.02734375,0.0625,0.01953125,585,1716015351110,1716012862,72,0,1,5816180,-0.0078125,0.001953125,-0.005859375
1,564,1716031133859,1716031167161,1,0,0,1,0,7,7,0,0,0,4,0,0,586,1716026380210,1716022964,73,0,1,4786951,0.766601562,-0.416625977,0.108337402,0.476379395,-1.33309579,-0.565162241,0.729945183,3.14160156,586,1716028351152,1716023263,73,3,1,2816009,0.0078125,0.05078125,0.01953125,586,1716025350592,1716022862,73,0,1,5816569,0.005859375,0.001953125,0.00390625
1,565,1716041133859,1716041167069,1,0,0,1,0,7,7,0,0,0,4,0,0,587,1716036380488,1716033064,74,0,1,4786581,0.766601562,-0.416625977,0.108337402,0.476379395,-1.33309579,-0.565162241,0.729945183,3.14160156,587,1716038350523,1716033063,74,3,1,2816546,-0.0625,0.07421875,-0.05859375,587,1716035352037,1716033063,74,0,1,5815032,0,-0.001953125,0
1,566,1716051133859,1716051168921,1,0,0,1,0,7,7,0,0,0,4,0,0,588,1716046380600,1716043064,75,0,1,4788321,0.766662598,-0.416625977,0.108337402,0.476379395,-1.33289671,-0.565222502,0.729809105,3.14160156,588,1716048351023,1716043063,75,3,1,2817898,-0.00390625,0.01171875,0.01953125,588,1716045350908,1716042663,75,0,1,5818013,0.00390625,-0.001953125,0
1,567,1716061133859,1716061167570,1,0,0,1,0,7,7,0,0,0,4,0,0,589,1716056382675,1716052564,76,0,1,4784895,0.766601562,-0.416625977,0.108337402,0.47644043,-1.3331219,-0.565146625,0.729898214,3.14160156,589,1716058351931,1716052863,76,3,1,2815639,-0.00390625,0.01171875,-0.05859375,589,1716055353501,1716053063,76,0,1,5814069,-0.001953125,0.001953125,0.005859375
1,568,1716071133859,1716071164904,1,0,0,1,0,7,7,0,0,0,4,0,0,590,1716066381583,1716062762,77,0,1,4783321,0.766601562,-0.416625977,0.108337402,0.47644043,-1.3331219,-0.565146625,0.729898214,3.14160156,590,1716068352876,1716062763,77,3,1,2812028,-0.00390625,0.015625,0.05859375,590,1716065354428,1716062863,77,0,1,5810476,-0.00390625,-0.001953125,-0.00390625
1,569,1716081133859,1716081167627,1,0,0,1,0,7,7,0,0,0,4,0,0,591,1716076378917,1716072762,78,0,1,4788710,0.766601562,-0.416625977,0.108337402,0.47644043,-1.3331219,-0.565146625,0.729898214,3.14160156,591,1716078352173,1716073263,78,3,1,2815454,0.06640625,-0.01171875,-0.01953125,591,1716075352929,1716072863,78,0,1,5814698,-0.005859375,0.0078125,0.005859375
1,570,1716091133859,1716091167183,1,0,0,1,0,7,7,0,0,0,4,0,0,592,1716086380880,1716082964,79,0,1,4786303,0.766601562,-0.416687012,0.108337402,0.47644043,-1.33312559,-0.56525743,0.729949534,3.14160156,592,1716088352748,1716082863,79,3,1,2814435,-0.08984375,0.00390625,-0.01953125,592,1716085355874,1716082663,79,0,1,5811309,0,0.001953125,0.001953125
1,571,1716101133859,1716101167221,1,0,0,1,0,7,7,0,0,0,4,0,0,593,1716096381344,1716092964,80,0,1,4785877,0.766601562,-0.416687012,0.108337402,0.47644043,-1.33312559,-0.56525743,0.729949534,3.14160156,593,1716098352489,1716093063,80,3,1,2814732,-0.00390625,0.00390625,-0.01953125,593,1716095352541,1716092863,80,0,1,5814680,-0.001953125,0.001953125,-0.00390625
1,572,1716111133859,1716111166777,1,0,0,1,0,7,7,0,0,0,4,0,0,594,1716106381104,1716102964,81,0,1,4785673,0.766601562,-0.416687012,0.108337402,0.476379395,-1.33309948,-0.565273106,0.729996502,3.14160156,594,1716108352379,1716102563,81,3,1,2814398,-0.01953125,-0.03125,-0.05859375,594,1716105351912,1716102863,81,0,1,5814865,0.00390625,-0.001953125,0
1,573,1716121133859,1716121167259,1,0,0,1,0,7,7,0,0,0,4,0,0,595,1716116381253,1716112764,82,0,1,4786006,0.766601562,-0.416625977,0.108337402,0.476379395,-1.33309579,-0.565162241,0.729945183,3.14160156,595,1716118352213,1716113063,82,3,1,2815046,0.0078125,0.04296875,0.01953125,595,1716115352616,1716112863,82,0,1,5814643,0.001953125,0,-0.001953125
1,574,1716131133859,1716131167167,1,0,0,1,0,7,7,0,0,0,4,0,0,596,1716126381142,1716122364,83,0,1,4786025,0.766601562,-0.416625977,0.108337402,0.476379395,-1.33309579,-0.565162241,0.729945183,3.14160156,596,1716128352306,1716122763,83,3,1,2814861,0.03125,-0.0078125,0.01953125,596,1716125352228,1716122663,83,0,1,5814939,0.00390625,0.00390625,0.001953125
1,575,1716141133859,1716141167057,1,0,0,1,0,7,7,0,0,0,4,0,0,597,1716136381532,1716132964,84,0,1,4785525,0.766601562,-0.416625977,0.108398438,0.476379395,-1.33307958,-0.565093398,0.730027795,3.14160156,597,1716138352251,1716132863,84,3,1,2814806,-0.02734375,0.0546875,-0.01953125,597,1716135352544,1716133063,84,0,1,5814513,0.00390625,0.00390625,0
1,576,1716151133859,1716151169984,1,0,0,1,0,7,7,0,0,0,4,0,0,598,1716146381310,1716142764,85,0,1,4788674,0.766601562,-0.416625977,0.108398438,0.476379395,-1.33307958,-0.565093398,0.730027795,3.14160156,598,1716148351271,1716142763,85,3,1,2818713,0.0078125,0.04296875,-0.01953125,598,1716145353896,1716142863,85,0,1,5816088,-0.001953125,0,-0.001953125
1,577,1716161133859,1716161167169,1,0,0,1,0,7,7,0,0,0,4,0,0,599,1716156382496,1716152764,86,0,1,4784673,0.766601562,-0.416625977,0.108398438,0.476379395,-1.33307958,-0.565093398,0.730027795,3.14160156,599,1716158352679,1716153063,86,3,1,2814490,-0.00390625,0.00390625,0.01953125,599,1716155354267,1716152863,86,0,1,5812902,0,0.001953125,0
1,578,1716171133859,1716171166707,1,0,0,1,0,7,7,0,0,0,4,0,0,600,1716166381275,1716162764,87,0,1,4785432,0.766662598,-0.416625977,0.108398438,0.476379395,-1.33288038,-0.565153599,0.729891658,3.14160156,600,1716168355216,1716163064,87,3,1,2811491,-0.0390625,0.01953125,0.01953125,600,1716165352509,1716162863,87,0,1,5814198,0.001953125,-0.00390625,0
1,579,1716181133859,1716181164578,1,0,0,1,0,7,7,0,0,0,4,0,0,601,1716176380794,1716172564,88,0,1,4783784,0.766662598,-0.416625977,0.108398438,0.476379395,-1.33288038,-0.565153599,0.729891658,3.14160156,601,1716178351587,1716173063,88,3,1,2812991,-0.00390625,0.00390625,0.01953125,601,1716175351806,1716173062,88,0,1,5812772,0,0.00390625,0
1,580,1716191133859,1716191166820,1,0,0,1,0,7,7,0,0,0,4,0,0,602,1716186380850,1716182764,89,0,1,4785970,0.766662598,-0.416625977,0.108398438,0.476379395,-1.33288038,-0.565153599,0.729891658,3.14160156,602,1716188352662,1716182763,89,3,1,2814158,-0.00390625,0.00390625,-0.05859375,602,1716185353343,1716182462,89,0,1,5813477,0.001953125,-0.00390625,0
1,581,1716201133859,1716201166746,1,0,0,1,0,7,7,0,0,0,4,0,0,603,1716195380825,1716192264,90,0,1,5785921,0.766662598,-0.416564941,0.108398438,0.476379395,-1.33287668,-0.565042794,0.729840338,3.14160156,603,1716197351896,1716192463,90,3,1,3814850,-0.00390625,0.00390625,0.01953125,603,1716194351485,1716191862,90,0,1,6815261,0.005859375,-0.00390625,-0.001953125
1,582,1716211133859,1716211166599,1,0,0,1,0,7,7,0,0,0,4,0,0,604,1716206380277,1716202363,91,0,1,4786322,0.766662598,-0.416564941,0.108398438,0.476379395,-1.33287668,-0.565042794,0.729840338,3.14160156,604,1716208351497,1716201963,91,3,1,2815102,-0.015625,-0.03125,0.01953125,604,1716205351456,1716202862,91,0,1,5815143,0.001953125,0,0
1,583,1716221133859,1716221167247,1,0,0,1,0,7,7,0,0,0,4,0,0,605,1716216380833,1716212564,92,0,1,4786414,0.766662598,-0.416564941,0.108398438,0.476379395,-1.33287668,-0.565042794,0.729840338,3.14160156,605,1716218351886,1716212863,92,3,1,2815361,0.0078125,0.04296875,-0.01953125,605,1716215351790,1716212863,92,0,1,5815457,0,0,0.001953125
1,584,1716231133859,1716231166618,1,0,0,1,0,7,7,0,0,0,4,0,0,606,1716226380371,1716222563,93,0,1,4786247,0.766662598,-0.416564941,0.108398438,0.476379395,-1.33287668,-0.565042794,0.729840338,3.14160156,606,1716228350702,1716222862,93,3,1,2815916,-0.015625,-0.03125,-0.01953125,606,1716225350790,1716222662,93,0,1,5815828,0,-0.00390625,0
1,585,1716241133859,1716241166730,1,0,0,1,0,7,7,0,0,0,4,0,0,607,1716236380335,1716232563,94,0,1,4786395,0.766662598,-0.416564941,0.108337402,0.47644043,-1.33291912,-0.565096021,0.729710817,3.14160156,607,1716238349221,1716232861,94,3,1,2817509,-0.00390625,0.00390625,0.01953125,607,1716235352884,1716232862,94,0,1,5813846,0.001953125,-0.001953125,0
1,586,1716251133859,1716251168083,1,0,0,1,0,7,7,0,0,0,4,0,0,608,1716246380280,1716242363,95,0,1,4787803,0.766662598,-0.416564941,0.108337402,0.47644043,-1.33291912,-0.565096021,0.729710817,3.14160156,608,1716248351684,1716242563,95,3,1,2816399,-0.0390625,0.01953125,-0.05859375,608,1716245351032,1716242862,95,0,1,5817051,0.001953125,0,-0.001953125
1,587,1716261133859,1716261173194,1,0,0,1,0,7,7,0,0,0,4,0,0,609,1716256407891,1716252376,96,0,1,4765303,0.766662598,-0.416564941,0.108337402,0.47644043,-1.33291912,-0.565096021,0.729710817,3.14160156,609,1716258396758,1716252774,96,3,1,2776436,-0.00390625,0.00390625,-0.01953125,609,1716255432531,1716252876,96,0,1,5740663,0.001953125,-0.00390625,0
1,588,1716271133859,1716271186343,1,0,0,1,0,7,7,0,0,0,4,0,0,610,1716265391014,1716262065,97,0,1,5795329,0.766662598,-0.416503906,0.108337402,0.47644043,-1.33291543,-0.564985216,0.729659498,3.14160156,610,1716267393566,1716262466,97,3,1,3792777,0.0078125,0.04296875,-0.01171875,610,1716264389044,1716261867,97,0,1,6797299,0.001953125,0.001953125,0
1,589,1716281133859,1716281173381,1,0,0,1,0,7,7,0,0,0,4,0,0,611,1716276391874,1716272363,98,0,1,4781507,0.766662598,-0.416503906,0.108337402,0.476379395,-1.33288932,-0.565000832,0.729706466,3.14160156,611,1716278362612,1716272561,98,3,1,2810769,-0.00390625,0.00390625,-0.01171875,611,1716275417977,1716272675,98,0,1,5755404,0,0,-0.001953125
1,590,1716291133859,1716291171530,1,0,0,1,0,7,7,0,0,0,4,0,0,612,1716286371672,1716282359,99,0,1,4799858,0.766662598,-0.416564941,0.108337402,0.476379395,-1.33289301,-0.565111637,0.729757726,3.14160156,612,1716288337762,1716282357,99,3,1,2833768,-0.015625,-0.03125,0.02734375,612,1716285378571,1716282664,99,0,1,5792959,-0.00390625,0.001953125,0.001953125
1,591,1716301133859,1716301164531,1,0,0,1,0,7,7,0,0,0,4,0,0,613,1716296372431,1716292361,100,0,1,4792100,0.766662598,-0.416564941,0.108398438,0.47644043,-1.33290279,-0.565027118,0.72979337,3.14160156,613,1716298349688,1716292761,100,3,1,2814843,0.0078125,0.04296875,-0.01171875,613,1716295369424,1716292860,100,0,1,5795107,0,0.001953125,0.001953125
1,592,1716311133859,1716311167216,1,0,0,1,0,7,7,0,0,0,4,0,0,614,1716306382895,1716302365,101,0,1,4784321,0.766662598,-0.416564941,0.108398438,0.47644043,-1.33290279,-0.565027118,0.72979337,3.14160156,614,1716308353966,1716302763,101,3,1,2813250,-0.00390625,0.00390625,-0.01171875,614,1716305358110,1716302864,101,0,1,5809106,0,0,0
1,593,1716321133859,1716321167532,1,0,0,1,0,7,7,0,0,0,4,0,0,615,1716316383414,1716312164,102,0,1,4784118,0.766662598,-0.416564941,0.108398438,0.47644043,-1.33290279,-0.565027118,0.72979337,3.14160156,615,1716318354319,1716312764,102,3,1,2813213,-0.015625,-0.03125,0.02734375,615,1716315359278,1716312864,102,0,1,5808254,0.00390625,-0.001953125,0
1,594,1716331133859,1716331166921,1,0,0,1,0,7,7,0,0,0,4,0,0,616,1716326382711,1716322364,103,0,1,4784210,0.766662598,-0.416564941,0.108398438,0.47644043,-1.33290279,-0.565027118,0.72979337,3.14160156,616,1716328351727,1716322363,103,3,1,2815194,0.03125,-0.0078125,0.02734375,616,1716325354260,1716322463,103,0,1,5812661,0.001953125,0,-0.001953125
1,595,1716341133859,1716341166774,1,0,0,1,0,7,7,0,0,0,4,0,0,617,1716335381278,1716331964,104,0,1,5785496,0.766662598,-0.416503906,0.108398438,0.47644043,-1.33289909,-0.564916313,0.72974205,3.14160156,617,1716337351424,1716332263,104,3,1,3815350,-0.00390625,0.00390625,-0.01171875,617,1716334353383,1716331863,104,0,1,6813391,0.005859375,-0.00390625,0.001953125
1,596,1716351133859,1716351172163,1,0,0,1,0,7,7,0,0,0,4,0,0,618,1716345380446,1716342064,105,0,1,5791717,0.766662598,-0.416503906,0.108398438,0.47644043,-1.33289909,-0.564916313,0.72974205,3.14160156,618,1716347351239,1716341862,105,3,1,3820924,-0.00390625,-0.00390625,0.02734375,618,1716344351291,1716341862,105,0,1,6820872,0,0,-0.001953125
1,597,1716361133859,1716361163886,1,0,0,1,0,7,7,0,0,0,4,0,0,619,1716356358158,1716352362,106,0,1,4805728,0.766662598,-0.416503906,0.108398438,0.47644043,-1.33289909,-0.564916313,0.72974205,3.14160156,619,1716358329878,1716352761,106,3,1,2834008,-0.00390625,-0.00390625,0.02734375,619,1716355337707,1716352661,106,0,1,5826179,-0.005859375,0,0
1,598,1716371133859,1716371164183,1,0,0,1,0,7,7,0,0,0,4,0,0,620,1716366357196,1716362362,107,0,1,4806987,0.766662598,-0.416503906,0.108337402,0.47644043,-1.33291543,-0.564985216,0.729659498,3.14160156,620,1716368330508,1716362561,107,3,1,2833675,0.03125,-0.0078125,-0.01171875,620,1716365333745,1716362661,107,0,1,5830438,0,0.001953125,-0.001953125
1,599,1716381133859,1716381164054,1,0,0,1,0,7,7,0,0,0,4,0,0,621,1716375349263,1716372259,108,0,1,5814791,0.766662598,-0.416503906,0.108398438,0.47644043,-1.33289909,-0.564916313,0.72974205,3.14160156,621,1716377333464,1716372662,108,3,1,3830590,0.03125,-0.0078125,-0.01171875,621,1716374329516,1716371860,108,0,1,6834538,0.001953125,0.001953125,0
1,600,1716391133859,1716391164073,1,0,0,1,0,7,7,0,0,0,4,0,0,622,1716385356208,1716382259,109,0,1,5807865,0.766662598,-0.416503906,0.108398438,0.476379395,-1.33287299,-0.564931989,0.729789019,3.14160156,622,1716387331076,1716381861,109,3,1,3832997,-0.00390625,0.00390625,-0.01171875,622,1716384338497,1716382060,109,0,1,6825576,0,-0.001953125,0
1,601,1716401133859,1716401164222,1,0,0,1,0,7,7,0,0,0,4,0,0,623,1716395358024,1716392261,110,0,1,5806198,0.766662598,-0.416503906,0.108398438,0.476379395,-1.33287299,-0.564931989,0.729789019,3.14160156,623,1716397332243,1716392660,110,3,1,3831979,-0.00390625,-0.00390625,-0.01171875,623,1716394337220,1716391861,110,0,1,6827002,0.001953125,0.001953125,0.001953125
1,602,1716411133859,1716411164223,1,0,0,1,0,7,7,0,0,0,4,0,0,624,1716406357347,1716402561,111,0,1,4806876,0.766662598,-0.416503906,0.108398438,0.476379395,-1.33287299,-0.564931989,0.729789019,3.14160156,624,1716408330603,1716402760,111,3,1,2833620,-0.00390625,-0.00390625,0.02734375,624,1716405325247,1716402860,111,0,1,5838976,0,0.001953125,0.001953125
1,603,1716421133859,1716421164520,1,0,0,1,0,7,7,0,0,0,4,0,0,625,1716415356266,1716412261,112,0,1,5808254,0.766662598,-0.416503906,0.108398438,0.47644043,-1.33289909,-0.564916313,0.72974205,3.14160156,625,1716417343170,1716412269,112,3,1,3821350,-0.00390625,-0.00390625,0.02734375,625,1716414329889,1716412060,112,0,1,6834631,0,0.001953125,0
1,604,1716431133859,1716431164187,1,0,0,1,0,7,7,0,0,0,4,0,0,626,1716426356996,1716422161,113,0,1,4807191,0.766662598,-0.416503906,0.108398438,0.47644043,-1.33289909,-0.564916313,0.72974205,3.14160156,626,1716428331030,1716421961,113,3,1,2833157,-0.00390625,-0.00390625,-0.01171875,626,1716425330526,1716422660,113,0,1,5833661,0,-0.00390625,-0.001953125
1,605,1716441133859,1716441164021,1,0,0,1,0,7,7,0,0,0,4,0,0,627,1716435354452,1716432061,114,0,1,5809569,0.766662598,-0.416503906,0.108398438,0.47644043,-1.33289909,-0.564916313,0.72974205,3.14160156,627,1716437329820,1716432460,114,3,1,3834201,0.03125,-0.015625,-0.01171875,627,1716434328612,1716431860,114,0,1,6835409,0,-0.001953125,0
1,606,1716451133859,1716451165263,1,0,0,1,0,7,7,0,0,0,4,0,0,628,1716445355953,1716442061,115,0,1,5809310,0.766662598,-0.416503906,0.108398438,0.47644043,-1.33289909,-0.564916313,0.72974205,3.14160156,628,1716447332506,1716442461,115,3,1,3832757,0.01953125,-0.05078125,0.02734375,628,1716444331187,1716441860,115,0,1,6834076,0.001953125,0.001953125,0
1,607,1716461133859,1716461167541,1,0,0,1,0,7,7,0,0,0,4,0,0,629,1716455382823,1716452064,116,0,1,5784718,0.766662598,-0.416503906,0.108398438,0.47644043,-1.33289909,-0.564916313,0.72974205,3.14160156,629,1716457354709,1716452263,116,3,1,3812832,0.03125,-0.015625,0.02734375,629,1716454359705,1716451865,116,0,1,6807836,-0.001953125,0.001953125,0
1,608,1716471133859,1716471167338,1,0,0,1,0,7,7,0,0,0,4,0,0,630,1716466381294,1716462164,117,0,1,4786044,0.766662598,-0.416503906,0.108398438,0.47644043,-1.33289909,-0.564916313,0.72974205,3.14160156,630,1716468359088,1716462165,117,3,1,2808250,-0.00390625,-0.00390625,-0.01171875,630,1716465353084,1716462663,117,0,1,5814254,-0.001953125,0,0
1,609,1716481133859,1716481167283,1,0,0,1,0,7,7,0,0,0,4,0,0,631,1716475383195,1716472265,118,0,1,5784088,0.766662598,-0.416503906,0.108398438,0.47644043,-1.33289909,-0.564916313,0.72974205,3.14160156,631,1716477354118,1716472463,118,3,1,3813165,0.05859375,0.05859375,-0.05078125,631,1716474370447,1716471865,118,0,1,6796836,-0.001953125,0.001953125,-0.001953125
1,610,1716491133859,1716491167098,1,0,0,1,0,7,7,0,0,0,4,0,0,632,1716485383232,1716482065,119,0,1,5783866,0.766662598,-0.416503906,0.108398438,0.476379395,-1.33287299,-0.564931989,0.729789019,3.14160156,632,1716487353878,1716482063,119,3,1,3813220,-0.0390625,0.01171875,-0.01171875,632,1716484361374,1716481863,119,0,1,6805724,0.00390625,-0.00390625,-0.00390625
1,611,1716501133859,1716501167173,1,0,0,1,0,7,7,0,0,0,4,0,0,633,1716495384826,1716492064,120,0,1,5782347,0.766662598,-0.416503906,0.108398438,0.476379395,-1.33287299,-0.564931989,0.729789019,3.14160156,633,1716497353971,1716492263,120,3,1,3813202,-0.125,-0.12109375,0.14453125,633,1716494348023,1716491663,120,0,1,6819150,-0.001953125,0,-0.001953125
1,612,1716511133859,1716511166989,1,0,0,1,0,7,7,0,0,0,4,0,0,634,1716505376623,1716501964,121,0,1,5790366,0.766662598,-0.416503906,0.108459473,0.47644043,-1.33288288,-0.564847469,0.729824662,3.14160156,634,1716507354398,1716502264,121,3,1,3812591,-0.15234375,0.046875,-0.1640625,634,1716504353153,1716501663,121,0,1,6813836,0.00390625,0.01171875,0.015625
1,613,1716521133859,1716521166841,1,0,0,1,0,7,7,0,0,0,4,0,0,635,1716515382160,1716512064,122,0,1,5784681,0.766662598,-0.416503906,0.108459473,0.47644043,-1.33288288,-0.564847469,0.729824662,3.14160156,635,1716517352380,1716512463,122,3,1,3814461,0.0234375,0.0703125,0.0625,635,1716514356487,1716512063,122,0,1,6810354,0.00390625,-0.013671875,-0.017578125
1,614,1716531133859,1716531167286,1,0,0,1,0,7,7,0,0,0,4,0,0,636,1716525381865,1716521964,123,0,1,5785421,0.766723633,-0.416503906,0.108398438,0.476379395,-1.33267391,-0.564992189,0.729653001,3.14160156,636,1716527350251,1716521861,123,3,1,3817035,0.10546875,-0.16015625,0.140625,636,1716524355747,1716522063,123,0,1,6811539,-0.005859375,0.0078125,0.001953125
1,615,1716541133859,1716541166565,1,0,0,1,0,7,7,0,0,0,4,0,0,637,1716535381995,1716532064,124,0,1,5784570,0.766662598,-0.416503906,0.108459473,0.476379395,-1.33285677,-0.564863086,0.729871631,3.14160156,637,1716537352066,1716532263,124,3,1,3814499,-0.0078125,-0.125,-0.0859375,637,1716534354507,1716531862,124,0,1,6812058,0.005859375,0.00390625,0.009765625
1,616,1716551133859,1716551170047,1,0,0,1,0,7,7,0,0,0,4,0,0,638,1716545383866,1716542063,125,0,1,5786181,0.766723633,-0.416503906,0.108459473,0.476379395,-1.33265769,-0.564923286,0.729735553,3.14160156,638,1716547353382,1716542463,125,3,1,3816665,-0.1015625,-0.046875,0.06640625,638,1716544345730,1716541862,125,0,1,6824317,-0.00390625,-0.009765625,-0.015625
1,617,1716561133859,1716561166936,1,0,0,1,0,7,7,0,0,0,4,0,0,639,1716555376108,1716551964,126,0,1,5790828,0.766723633,-0.416503906,0.108398438,0.476379395,-1.33267391,-0.564992189,0.729653001,3.14160156,639,1716557353790,1716551863,126,3,1,3813146,0.17578125,-0.05859375,-0.05078125,639,1716554353249,1716551863,126,0,1,6813687,-0.00390625,0.0078125,0.00390625
1,618,1716571133859,1716571166733,1,0,0,1,0,7,7,0,0,0,4,0,0,640,1716566383745,1716561965,127,0,1,4782988,0.766662598,-0.416503906,0.108459473,0.476379395,-1.33285677,-0.564863086,0.729871631,3.14160156,640,1716568352576,1716561963,127,3,1,2814157,-0.1484375,0.0546875,-0.046875,640,1716565367627,1716562464,127,0,1,5799106,0.0078125,-0.001953125,0.001953125
1,619,1716581133859,1716581166901,1,0,0,1,0,7,7,0,0,0,4,0,0,641,1716575383016,1716571964,128,0,1,5783885,0.766723633,-0.416503906,0.108398438,0.476379395,-1.33267391,-0.564992189,0.729653001,3.14160156,641,1716577351847,1716572263,128,3,1,3815054,0.078125,-0.10546875,0.06640625,641,1716574345899,1716571862,128,0,1,6821002,-0.009765625,0.001953125,-0.0078125
1,620,1716591133859,1716591167290,1,0,0,1,0,7,7,0,0,0,4,0,0,642,1716585377369,1716581964,129,0,1,5789921,0.766662598,-0.416503906,0.108398438,0.476379395,-1.33287299,-0.564931989,0.729789019,3.14160156,642,1716587357644,1716582264,129,3,1,3809646,-0.1015625,-0.04296875,-0.0859375,642,1716584360751,1716582063,129,0,1,6806539,0.0078125,0,0.009765625
1,621,1716601133859,1716601166902,1,0,0,1,0,7,7,0,0,0,4,0,0,643,1716595382684,1716591564,130,0,1,5784218,0.766662598,-0.416503906,0.108459473,0.476379395,-1.33285677,-0.564863086,0.729871631,3.14160156,643,1716597354385,1716592063,130,3,1,3812517,0.09765625,0.171875,-0.015625,643,1716594352881,1716591863,130,0,1,6814021,0,-0.00390625,-0.00390625
1,622,1716611133859,1716611166792,1,0,0,1,0,7,7,0,0,0,4,0,0,644,1716605381666,1716601763,131,0,1,5785126,0.766723633,-0.416503906,0.108398438,0.476379395,-1.33267391,-0.564992189,0.729653001,3.14160156,644,1716607351867,1716601763,131,3,1,3814925,-0.015625,-0.03125,-0.01171875,644,1716604347660,1716601463,131,0,1,6819132,0,0,-0.001953125
1,623,1716621133859,1716621167181,1,0,0,1,0,7,7,0,0,0,4,0,0,645,1716615378389,1716611961,132,0,1,5788792,0.766662598,-0.416503906,0.108459473,0.476379395,-1.33285677,-0.564863086,0.729871631,3.14160156,645,1716617352331,1716612263,132,3,1,3814850,-0.015625,0.08984375,-0.01171875,645,1716614350808,1716612062,132,0,1,6816373,-0.001953125,0.005859375,0.0078125
1,624,1716631133859,1716631167182,1,0,0,1,0,7,7,0,0,0,4,0,0,646,1716625380927,1716621964,133,0,1,5786255,0.766662598,-0.416564941,0.108459473,0.476379395,-1.33286047,-0.564973891,0.729922891,3.14160156,646,1716627353146,1716621563,133,3,1,3814036,-0.015625,0.08984375,-0.01171875,646,1716624354309,1716621863,133,0,1,6812873,-0.00390625,0,-0.001953125
1,625,1716641133859,1716641168034,1,0,0,1,0,7,7,0,0,0,4,0,0,647,1716635381742,1716631764,134,0,1,5786292,0.766662598,-0.416564941,0.108398438,0.476379395,-1.33287668,-0.565042794,0.729840338,3.14160156,647,1716637351758,1716632063,134,3,1,3816276,0.03125,0,-0.01171875,647,1716634354958,1716631663,134,0,1,6813076,-0.001953125,-0.001953125,-0.00390625
1,626,1716651133859,1716651168035,1,0,0,1,0,7,7,0,0,0,4,0,0,648,1716645381891,1716641764,135,0,1,5786144,0.766662598,-0.416564941,0.108398438,0.476379395,-1.33287668,-0.565042794,0.729840338,3.14160156,648,1716647348074,1716642064,135,3,1,3819961,0.03125,0,-0.01171875,648,1716644357051,1716641863,135,0,1,6810984,0,0,0
1,627,1716661133859,1716661166907,1,0,0,1,0,7,7,0,0,0,4,0,0,649,1716655381633,1716651764,136,0,1,5785274,0.766662598,-0.416564941,0.108398438,0.476379395,-1.33287668,-0.565042794,0.729840338,3.14160156,649,1716657352353,1716651763,136,3,1,3814554,-0.015625,-0.03125,0.02734375,649,1716654355034,1716651863,136,0,1,6811873,0.00390625,-0.005859375,-0.001953125
1,628,1716671133859,1716671167094,1,0,0,1,0,7,7,0,0,0,4,0,0,650,1716665381190,1716661564,137,0,1,5785904,0.766662598,-0.416564941,0.108398438,0.476379395,-1.33287668,-0.565042794,0.729840338,3.14160156,650,1716667352669,1716661563,137,3,1,3814425,0.03125,-0.0078125,0.02734375,650,1716664352184,1716661863,137,0,1,6814910,-0.001953125,0.00390625,0.001953125
1,629,1716681133859,1716681167151,1,0,0,1,0,7,7,0,0,0,4,0,0,651,1716675381914,1716671764,138,0,1,5785237,0.766662598,-0.416564941,0.108398438,0.476379395,-1.33287668,-0.565042794,0.729840338,3.14160156,651,1716677352282,1716672063,138,3,1,3814869,-0.00390625,0.00390625,-0.05078125,651,1716674355167,1716671864,138,0,1,6811984,0.001953125,-0.00390625,0
1,630,1716691133859,1716691167097,1,0,0,1,0,7,7,0,0,0,4,0,0,652,1716685382582,1716681564,139,0,1,5784515,0.766662598,-0.416564941,0.108398438,0.476379395,-1.33287668,-0.565042794,0.729840338,3.14160156,652,1716687352820,1716681863,139,3,1,3814277,0.04296875,0.02734375,-0.01171875,652,1716684353483,1716681861,139,0,1,6813614,-0.001953125,0.005859375,0.0078125
1,631,1716701133859,1716701167302,1,0,0,1,0,7,7,0,0,0,4,0,0,653,1716695381491,1716691564,140,0,1,5785811,0.766662598,-0.416564941,0.108459473,0.476379395,-1.33286047,-0.564973891,0.729922891,3.14160156,653,1716697353007,1716691763,140,3,1,3814295,-0.078125,0.03125,-0.125,653,1716694349929,1716691861,140,0,1,6817373,0.001953125,0,0.00390625
1,632,1716711133859,1716711167433,1,0,0,1,0,7,7,0,0,0,4,0,0,654,1716705382326,1716701565,141,0,1,5785107,0.766662598,-0.416564941,0.108459473,0.476379395,-1.33286047,-0.564973891,0.729922891,3.14160156,654,1716707353101,1716701563,141,3,1,3814332,-0.00390625,0.00390625,0.02734375,654,1716704362338,1716701469,141,0,1,6805095,-0.00390625,0,-0.001953125
1,633,1716721133859,1716721167231,1,0,0,1,0,7,7,0,0,0,4,0,0,655,1716715382309,1716711364,142,0,1,5784922,0.766662598,-0.416564941,0.108459473,0.47644043,-1.33288658,-0.564958215,0.729875982,3.14160156,655,1716717353121,1716711763,142,3,1,3814110,0.01953125,-0.03515625,0.02734375,655,1716714352747,1716711863,142,0,1,6814484,0,-0.001953125,0.00390625
1,634,1716731133859,1716731167270,1,0,0,1,0,7,7,0,0,0,4,0,0,656,1716725382718,1716721564,143,0,1,5784552,0.766662598,-0.416564941,0.108398438,0.47644043,-1.33290279,-0.565027118,0.72979337,3.14160156,656,1716727352975,1716721363,143,3,1,3814295,0.01953125,0.078125,-0.01171875,656,1716724353211,1716721863,143,0,1,6814059,0.00390625,-0.005859375,0.001953125
1,635,1716741133859,1716741166827,1,0,0,1,0,7,7,0,0,0,4,0,0,657,1716735381720,1716731364,144,0,1,5785107,0.766662598,-0.416564941,0.108398438,0.47644043,-1.33290279,-0.565027118,0.72979337,3.14160156,657,1716737353254,1716731863,144,3,1,3813573,-0.00390625,0.01171875,0.02734375,657,1716734352657,1716732063,144,0,1,6814170,-0.005859375,0,-0.001953125
1,636,1716751133859,1716751170180,1,0,0,1,0,7,7,0,0,0,4,0,0,658,1716745383517,1716741565,145,0,1,5786663,0.766662598,-0.416564941,0.108398438,0.47644043,-1.33290279,-0.565027118,0.72979337,3.14160156,658,1716747353404,1716741563,145,3,1,3816776,0.03125,0,0.03515625,658,1716744366862,1716741463,145,0,1,6803318,0.001953125,0.001953125,0.001953125
1,637,1716761133859,1716761167034,1,0,0,1,0,7,7,0,0,0,4,0,0,659,1716755380612,1716751362,146,0,1,5786422,0.766662598,-0.416564941,0.108398438,0.47644043,-1.33290279,-0.565027118,0.72979337,3.14160156,659,1716757352702,1716751763,146,3,1,3814332,-0.015625,-0.0234375,0.10546875,659,1716754356383,1716751863,146,0,1,6810651,-0.00390625,-0.001953125,-0.00390625
1,638,1716771133859,1716771167739,1,0,0,1,0,7,7,0,0,0,4,0,0,660,1716765380428,1716761562,147,0,1,5787311,0.766601562,-0.416625977,0.108398438,0.47644043,-1.33310568,-0.565077722,0.729980826,3.14160156,660,1716767352481,1716761163,147,3,1,3815258,0.0546875,-0.046875,0.02734375,660,1716764355829,1716761863,147,0,1,6811910,0.001953125,0.009765625,0.0078125
1,639,1716781133859,1716781167055,1,0,0,1,0,7,7,0,0,0,4,0,0,661,1716775380985,1716771564,148,0,1,5786070,0.766601562,-0.416564941,0.108459473,0.47644043,-1.33308566,-0.564898014,0.730012059,3.14160156,661,1716777351853,1716771863,148,3,1,3815202,-0.015625,0.08984375,-0.125,661,1716774352923,1716771863,148,0,1,6814132,0.005859375,-0.001953125,0.00390625
1,640,1716791133859,1716791167390,1,0,0,1,0,7,7,0,0,0,4,0,0,662,1716785382801,1716781364,149,0,1,5784589,0.766601562,-0.416564941,0.108398438,0.47644043,-1.33310199,-0.564966917,0.729929447,3.14160156,662,1716787352484,1716781763,149,3,1,3814906,0.0546875,-0.0546875,0.06640625,662,1716784361424,1716781863,149,0,1,6805966,-0.001953125,-0.0078125,-0.0078125
1,641,1716801133859,1716801167299,1,0,0,1,0,7,7,0,0,0,4,0,0,663,1716795383118,1716791564,150,0,1,5784181,0.766662598,-0.416564941,0.108398438,0.47644043,-1.33290279,-0.565027118,0.72979337,3.14160156,663,1716797352652,1716791563,150,3,1,3814647,0.03125,-0.0078125,-0.01171875,663,1716794352685,1716792063,150,0,1,6814614,0.001953125,0.00390625,0.00390625
1,642,1716811133859,1716811167078,1,0,0,1,0,7,7,0,0,0,4,0,0,664,1716805382341,1716801164,151,0,1,5784737,0.766601562,-0.416564941,0.108398438,0.47644043,-1.33310199,-0.564966917,0.729929447,3.14160156,664,1716807347895,1716801363,151,3,1,3819183,0.0078125,0.03515625,0.02734375,664,1716804357038,1716801863,151,0,1,6810040,-0.00390625,0,0.001953125
1,643,1716821133859,1716821167598,1,0,0,1,0,7,7,0,0,0,4,0,0,665,1716815380954,1716811364,152,0,1,5786644,0.766601562,-0.416564941,0.108398438,0.47644043,-1.33310199,-0.564966917,0.729929447,3.14160156,665,1716817351804,1716811563,152,3,1,3815794,-0.00390625,-0.00390625,-0.01171875,665,1716814353670,1716811862,152,0,1,6813928,-0.001953125,0,-0.00390625
1,644,1716831133859,1716831167674,1,0,0,1,0,7,7,0,0,0,4,0,0,666,1716825382548,1716821364,153,0,1,5785126,0.766601562,-0.416625977,0.108398438,0.47644043,-1.33310568,-0.565077722,0.729980826,3.14160156,666,1716827353027,1716821763,153,3,1,3814647,-0.00390625,-0.00390625,-0.05078125,666,1716824357004,1716821863,153,0,1,6810670,0,0.001953125,0.00390625
1,645,1716841133859,1716841164213,1,0,0,1,0,7,7,0,0,0,4,0,0,667,1716834382135,1716831264,154,0,1,6782078,0.766601562,-0.416564941,0.108398438,0.47644043,-1.33310199,-0.564966917,0.729929447,3.14160156,667,1716836352114,1716831461,154,3,1,4812099,-0.0390625,0.01171875,0.06640625,667,1716833356924,1716830864,154,0,1,7807289,-0.001953125,-0.00390625,-0.001953125
1,646,1716851133859,1716851170344,1,0,0,1,0,7,7,0,0,0,4,0,0,668,1716845383644,1716841165,155,0,1,5786700,0.766601562,-0.416625977,0.108398438,0.47644043,-1.33310568,-0.565077722,0.729980826,3.14160156,668,1716847353493,1716841363,155,3,1,3816851,0.01953125,-0.05078125,0.02734375,668,1716844362618,1716841462,155,0,1,6807726,0,0.005859375,0
1,647,1716861133859,1716861167086,1,0,0,1,0,7,7,0,0,0,4,0,0,669,1716854376046,1716851064,156,0,1,6791040,0.766601562,-0.416625977,0.108459473,0.47644043,-1.33308935,-0.565008819,0.730063379,3.14160156,669,1716856355395,1716851263,156,3,1,4811691,0.0078125,0.03515625,-0.01171875,669,1716853355187,1716850863,156,0,1,7811899,0.00390625,0.00390625,0.001953125
1,648,1716871133859,1716871167032,1,0,0,1,0,7,7,0,0,0,4,0,0,670,1716864381473,1716861264,157,0,1,6785559,0.766601562,-0.416625977,0.108459473,0.47644043,-1.33308935,-0.565008819,0.730063379,3.14160156,670,1716866355841,1716861463,157,3,1,4811191,-0.078125,-0.09765625,0.10546875,670,1716863352725,1716860862,157,0,1,7814307,-0.001953125,-0.001953125,-0.001953125
1,649,1716881133859,1716881166904,1,0,0,1,0,7,7,0,0,0,4,0,0,671,1716875382334,1716871164,158,0,1,5784570,0.766601562,-0.416625977,0.108459473,0.47644043,-1.33308935,-0.565008819,0.730063379,3.14160156,671,1716877353109,1716871562,158,3,1,3813795,0.10546875,-0.03125,0.0234375,671,1716874353994,1716871863,158,0,1,6812910,-0.001953125,0.005859375,0.0078125
1,650,1716891133859,1716891166109,1,0,0,1,0,7,7,0,0,0,4,0,0,672,1716885381298,1716881364,159,0,1,5784811,0.766601562,-0.416625977,0.108459473,0.47644043,-1.33308935,-0.565008819,0.730063379,3.14160156,672,1716887351185,1716881362,159,3,1,3814924,-0.05078125,0.1015625,-0.05078125,672,1716884357273,1716881662,159,0,1,6808836,0.001953125,-0.005859375,-0.001953125
1,651,1716901133859,1716901167111,1,0,0,1,0,7,7,0,0,0,4,0,0,673,1716894382737,1716891064,160,0,1,6784374,0.766601562,-0.416564941,0.108459473,0.47644043,-1.33308566,-0.564898014,0.730012059,3.14160156,673,1716896354845,1716891464,160,3,1,4812266,0.01953125,-0.04296875,0.06640625,673,1716893367396,1716890870,160,0,1,7799715,0,-0.00390625,-0.00390625
1,652,1716911133859,1716911166927,1,0,0,1,0,7,7,0,0,0,4,0,0,674,1716904382664,1716901264,161,0,1,6784263,0.766601562,-0.416564941,0.108459473,0.47644043,-1.33308566,-0.564898014,0.730012059,3.14160156,674,1716906352717,1716900863,161,3,1,4814210,0.01953125,-0.04296875,0.02734375,674,1716903354991,1716900863,161,0,1,7811936,0.001953125,0.00390625,0.0078125
1,653,1716921133859,1716921167318,1,0,0,1,0,7,7,0,0,0,4,0,0,675,1716915382618,1716911164,162,0,1,5784700,0.766601562,-0.416564941,0.108459473,0.47644043,-1.33308566,-0.564898014,0.730012059,3.14160156,675,1716917350986,1716911561,162,3,1,3816332,0.0078125,0.04296875,-0.05078125,675,1716914356852,1716911863,162,0,1,6810466,0.00390625,-0.00390625,-0.001953125
1,654,1716931133859,1716931166893,1,0,0,1,0,7,7,0,0,0,4,0,0,676,1716924382056,1716920764,163,0,1,6784837,0.766601562,-0.416564941,0.108459473,0.47644043,-1.33308566,-0.564898014,0.730012059,3.14160156,676,1716926353776,1716921063,163,3,1,4813117,0.08203125,-0.0703125,-0.01171875,676,1716923352568,1716920660,163,0,1,7814325,0,0.001953125,-0.001953125
1,655,1716941133859,1716941166728,1,0,0,1,0,7,7,0,0,0,4,0,0,677,1716934381261,1716931062,164,0,1,6785467,0.766601562,-0.416564941,0.108459473,0.47644043,-1.33308566,-0.564898014,0.730012059,3.14160156,677,1716936352500,1716931463,164,3,1,4814228,-0.03515625,0.0546875,-0.05078125,677,1716933346810,1716930863,164,0,1,7819918,0.005859375,0.001953125,0.005859375
1,656,1716951133859,1716951170822,1,0,0,1,0,7,7,0,0,0,4,0,0,678,1716944381300,1716940964,165,0,1,6789522,0.766601562,-0.416564941,0.108459473,0.47644043,-1.33308566,-0.564898014,0.730012059,3.14160156,678,1716946351686,1716940763,165,3,1,4819136,-0.0703125,0.06640625,0.06640625,678,1716943352090,1716940863,165,0,1,7818732,-0.001953125,0,-0.005859375
1,657,1716961133859,1716961167064,1,0,0,1,0,7,7,0,0,0,4,0,0,679,1716954382264,1716951064,166,0,1,6784800,0.766601562,-0.416564941,0.108459473,0.47644043,-1.33308566,-0.564898014,0.730012059,3.14160156,679,1716956352577,1716951463,166,3,1,4814487,0.0234375,-0.0078125,-0.01171875,679,1716953356813,1716950863,166,0,1,7810251,0,0,0.005859375
1,658,1716971133859,1716971166844,1,0,0,1,0,7,7,0,0,0,4,0,0,680,1716964381377,1716961064,167,0,1,6785467,0.766601562,-0.416564941,0.108459473,0.47644043,-1.33308566,-0.564898014,0.730012059,3.14160156,680,1716966350986,1716961262,167,3,1,4815858,0.0390625,0.02734375,0.02734375,680,1716963354981,1716960863,167,0,1,7811863,0.00390625,-0.001953125,0
1,659,1716981133859,1716981166993,1,0,0,1,0,7,7,0,0,0,4,0,0,681,1716974382323,1716971064,168,0,1,6784670,0.766601562,-0.416564941,0.108459473,0.47644043,-1.33308566,-0.564898014,0.730012059,3.14160156,681,1716976352654,1716971263,168,3,1,4814339,0.0234375,-0.0078125,-0.01171875,681,1716973355835,1716971063,168,0,1,7811158,0,0.00390625,-0.001953125
1,660,1716991133859,1716991167088,1,0,0,1,0,7,7,0,0,0,4,0,0,682,1716985381610,1716980964,169,0,1,5785478,0.766601562,-0.416564941,0.108459473,0.47644043,-1.33308566,-0.564898014,0.730012059,3.14160156,682,1716987351830,1716981163,169,3,1,3815258,-0.01171875,0.00390625,0.02734375,682,1716984357548,1716981663,169,0,1,6809540,0,-0.001953125,0.00390625
1,661,1717001133859,1717001167219,1,0,0,1,0,7,7,0,0,0,4,0,0,683,1716994381641,1716990564,170,0,1,6785578,0.766601562,-0.416564941,0.108459473,0.47644043,-1.33308566,-0.564898014,0.730012059,3.14160156,683,1716996352527,1716990863,170,3,1,4814692,-0.01171875,0.00390625,-0.05078125,683,1716993351153,1716990860,170,0,1,7816066,-0.00390625,0.00390625,0
1,662,1717011133859,1717011167183,1,0,0,1,0,7,7,0,0,0,4,0,0,684,1717004381587,1717000964,171,0,1,6785596,0.766601562,-0.416564941,0.108459473,0.47644043,-1.33308566,-0.564898014,0.730012059,3.14160156,684,1717006352177,1717000763,171,3,1,4815006,0,0.04296875,-0.01171875,684,1717003349432,1717000861,171,0,1,7817751,0,0.001953125,0.001953125
1,663,1717021133859,1717021167111,1,0,0,1,0,7,7,0,0,0,4,0,0,685,1717014382051,1717010764,172,0,1,6785060,0.766601562,-0.416564941,0.108459473,0.47644043,-1.33308566,-0.564898014,0.730012059,3.14160156,685,1717016352493,1717011263,172,3,1,4814618,-0.01171875,0.00390625,-0.01171875,685,1717013352434,1717011063,172,0,1,7814677,-0.00390625,0.001953125,-0.00390625
1,664,1717031133859,1717031166927,1,0,0,1,0,7,7,0,0,0,4,0,0,686,1717024381831,1717020964,173,0,1,6785096,0.766601562,-0.416625977,0.108459473,0.47644043,-1.33308935,-0.565008819,0.730063379,3.14160156,686,1717026352680,1717021063,173,3,1,4814247,-0.0234375,-0.03125,-0.01171875,686,1717023352380,1717020663,173,0,1,7814547,-0.001953125,0.00390625,0
1,665,1717041133859,1717041167077,1,0,0,1,0,7,7,0,0,0,4,0,0,687,1717034381610,1717030964,174,0,1,6785467,0.766601562,-0.416564941,0.108459473,0.47644043,-1.33308566,-0.564898014,0.730012059,3.14160156,687,1717036352552,1717031263,174,3,1,4814525,-0.01171875,-0.00390625,-0.01171875,687,1717033352289,1717030863,174,0,1,7814788,0.00390625,-0.00390625,0
1,666,1717051133859,1717051168726,1,0,0,1,0,7,7,0,0,0,4,0,0,688,1717044381686,1717040964,175,0,1,6787040,0.766601562,-0.416564941,0.108459473,0.47644043,-1.33308566,-0.564898014,0.730012059,3.14160156,688,1717046352054,1717040563,175,3,1,4816672,0.0234375,-0.015625,-0.01171875,688,1717043351975,1717041063,175,0,1,7816751,0.00390625,-0.00390625,-0.001953125
1,667,1717061133859,1717061167043,1,0,0,1,0,7,7,0,0,0,4,0,0,689,1717054382261,1717050964,176,0,1,6784782,0.766662598,-0.416564941,0.108459473,0.47644043,-1.33288658,-0.564958215,0.729875982,3.14160156,689,1717056352055,1717051063,176,3,1,4814988,0.0625,-0.01953125,0.02734375,689,1717053354051,1717050663,176,0,1,7812992,0,0,0
1,668,1717071133859,1717071166970,1,0,0,1,0,7,7,0,0,0,4,0,0,690,1717064382226,1717060364,177,0,1,6784744,0.766662598,-0.416564941,0.108459473,0.47644043,-1.33288658,-0.564958215,0.729875982,3.14160156,690,1717066352834,1717060763,177,3,1,4814136,-0.01171875,0.00390625,-0.01171875,690,1717063352127,1717060663,177,0,1,7814843,-0.001953125,0.00390625,0
1,669,1717081133859,1717081167213,1,0,0,1,0,7,7,0,0,0,4,0,0,691,1717074380542,1717070962,178,0,1,6786671,0.766601562,-0.416564941,0.108459473,0.47644043,-1.33308566,-0.564898014,0.730012059,3.14160156,691,1717076352929,1717070863,178,3,1,4814284,-0.046875,0.01953125,-0.01171875,691,1717073352776,1717071063,178,0,1,7814437,-0.001953125,0.001953125,0.001953125
1,670,1717091133859,1717091167196,1,0,0,1,0,7,7,0,0,0,4,0,0,692,1717084379507,1717080761,179,0,1,6787689,0.766601562,-0.416564941,0.108459473,0.47644043,-1.33308566,-0.564898014,0.730012059,3.14160156,692,1717086353152,1717080763,179,3,1,4814044,-0.046875,0.01953125,0.02734375,692,1717083356185,1717080863,179,0,1,7811011,0.001953125,0,0.001953125
1,671,1717101133859,1717101167086,1,0,0,1,0,7,7,0,0,0,4,0,0,693,1717094381119,1717090964,180,0,1,6785967,0.766601562,-0.416564941,0.108459473,0.47644043,-1.33308566,-0.564898014,0.730012059,3.14160156,693,1717096352913,1717091063,180,3,1,4814173,-0.01171875,0.00390625,-0.01171875,693,1717093354613,1717090863,180,0,1,7812473,0,0.001953125,-0.001953125
1,672,1717111133859,1717111167236,1,0,0,1,0,7,7,0,0,0,4,0,0,694,1717104381195,1717100964,181,0,1,6786041,0.766601562,-0.416564941,0.108398438,0.47644043,-1.33310199,-0.564966917,0.729929447,3.14160156,694,1717106353137,1717101063,181,3,1,4814099,0.0234375,-0.0078125,0.02734375,694,1717103352225,1717100863,181,0,1,7815011,-0.001953125,0,-0.005859375
1,673,1717121133859,1717121167256,1,0,0,1,0,7,7,0,0,0,4,0,0,695,1717114381548,1717110764,182,0,1,6785708,0.766601562,-0.416564941,0.108398438,0.47644043,-1.33310199,-0.564966917,0.729929447,3.14160156,695,1717116352157,1717110863,182,3,1,4815099,0.0234375,-0.0078125,0.02734375,695,1717113351875,1717111063,182,0,1,7815381,-0.001953125,-0.00390625,0
1,674,1717131133859,1717131167072,1,0,0,1,0,7,7,0,0,0,4,0,0,696,1717124381568,1717120764,183,0,1,6785504,0.766601562,-0.416625977,0.108398438,0.47644043,-1.33310568,-0.565077722,0.729980826,3.14160156,696,1717126352159,1717120763,183,3,1,4814913,-0.0234375,-0.03125,0.02734375,696,1717123351673,1717120463,183,0,1,7815399,-0.00390625,0,0
1,675,1717141133859,1717141167185,1,0,0,1,0,7,7,0,0,0,4,0,0,697,1717134381366,1717130164,184,0,1,6785819,0.766601562,-0.416625977,0.108398438,0.47644043,-1.33310568,-0.565077722,0.729980826,3.14160156,697,1717136352234,1717130563,184,3,1,4814951,-0.01171875,0.00390625,-0.05078125,697,1717133352711,1717130663,184,0,1,7814474,0.001953125,0.001953125,0
1,676,1717151133859,1717151168871,1,0,0,1,0,7,7,0,0,0,4,0,0,698,1717144381312,1717140564,185,0,1,6787559,0.766601562,-0.416625977,0.108398438,0.47644043,-1.33310568,-0.565077722,0.729980826,3.14160156,698,1717146352199,1717140363,185,3,1,4816672,-0.01171875,0.00390625,-0.01171875,698,1717143352528,1717140863,185,0,1,7816343,0,0.001953125,0
1,677,1717161133859,1717161167003,1,0,0,1,0,7,7,0,0,0,4,0,0,699,1717154381036,1717150364,186,0,1,6785967,0.766601562,-0.416625977,0.108398438,0.476379395,-1.33307958,-0.565093398,0.730027795,3.14160156,699,1717156352385,1717150863,186,3,1,4814618,0.0234375,-0.0078125,-0.01171875,699,1717153354326,1717150863,186,0,1,7812677,-0.001953125,0,-0.001953125
1,678,1717171133859,1717171167041,1,0,0,1,0,7,7,0,0,0,4,0,0,700,1717164381112,1717160564,187,0,1,6785929,0.766662598,-0.416625977,0.108398438,0.476379395,-1.33288038,-0.565153599,0.729891658,3.14160156,700,1717166351183,1717160563,187,3,1,4815858,-0.0234375,-0.03125,-0.01171875,700,1717163351494,1717160463,187,0,1,7815547,0,-0.001953125,0
1,679,1717181133859,1717181167524,1,0,0,1,0,7,7,0,0,0,4,0,0,701,1717174380595,1717170564,188,0,1,6786929,0.766662598,-0.416625977,0.108337402,0.476379395,-1.33289671,-0.565222502,0.729809105,3.14160156,701,1717176353888,1717170864,188,3,1,4813636,-0.05859375,-0.015625,0.02734375,701,1717173351699,1717170863,188,0,1,7815825,0.001953125,0,0
1,680,1717191133859,1717191167155,1,0,0,1,0,7,7,0,0,0,4,0,0,702,1717184381967,1717180364,189,0,1,6785188,0.766662598,-0.416625977,0.108337402,0.47644043,-1.33292282,-0.565206826,0.729762137,3.14160156,702,1717186353297,1717180363,189,3,1,4813858,-0.01171875,0.00390625,0.02734375,702,1717183355386,1717180863,189,0,1,7811769,0,0,0
1,681,1717201133859,1717201167231,1,0,0,1,0,7,7,0,0,0,4,0,0,703,1717194381653,1717190564,190,0,1,6785578,0.766662598,-0.416625977,0.108398438,0.47644043,-1.33290648,-0.565137923,0.729844749,3.14160156,703,1717196353169,1717190863,190,3,1,4814062,0.0234375,-0.0078125,-0.01171875,703,1717193352387,1717190863,190,0,1,7814844,0.001953125,0,0.001953125
1,682,1717211133859,1717211167029,1,0,0,1,0,7,7,0,0,0,4,0,0,704,1717203380999,1717200064,191,0,1,7786030,0.766662598,-0.416564941,0.108337402,0.47644043,-1.33291912,-0.565096021,0.729710817,3.14160156,704,1717205352515,1717200463,191,3,1,5814514,-0.01171875,0.00390625,0.02734375,704,1717202352011,1717199663,191,0,1,8815018,0.001953125,-0.00390625,-0.001953125
1,683,1717221133859,1717221167142,1,0,0,1,0,7,7,0,0,0,4,0,0,705,1717214381693,1717210564,192,0,1,6785449,0.766662598,-0.416564941,0.108337402,0.476379395,-1.33289301,-0.565111637,0.729757726,3.14160156,705,1717216352561,1717210563,192,3,1,4814581,-0.015625,-0.03125,0.06640625,705,1717213352205,1717210863,192,0,1,7814937,-0.001953125,-0.001953125,-0.001953125
1,684,1717231133859,1717231167217,1,0,0,1,0,7,7,0,0,0,4,0,0,706,1717224381695,1717220564,193,0,1,6785522,0.766662598,-0.416625977,0.108337402,0.47644043,-1.33292282,-0.565206826,0.729762137,3.14160156,706,1717226353285,1717220363,193,3,1,4813932,-0.00390625,0.00390625,0.02734375,706,1717223352948,1717220863,193,0,1,7814269,-0.005859375,0.0078125,0.005859375
1,685,1717241133859,1717241164885,1,0,0,1,0,7,7,0,0,0,4,0,0,707,1717234381437,1717230564,194,0,1,6783448,0.766601562,-0.416625977,0.108337402,0.47644043,-1.3331219,-0.565146625,0.729898214,3.14160156,707,1717236351453,1717230761,194,3,1,4813432,-0.00390625,0.00390625,-0.05078125,707,1717233352523,1717230863,194,0,1,7812362,-0.00390625,-0.00390625,-0.00390625
1,686,1717251133859,1717251169054,1,0,0,1,0,7,7,0,0,0,4,0,0,708,1717244381494,1717240364,195,0,1,6787560,0.766601562,-0.416625977,0.108337402,0.47644043,-1.3331219,-0.565146625,0.729898214,3.14160156,708,1717246350770,1717240761,195,3,1,4818284,0.03125,-0.0078125,0.02734375,708,1717243352191,1717240863,195,0,1,7816863,-0.001953125,0,0
1,687,1717261133859,1717261167333,1,0,0,1,0,7,7,0,0,0,4,0,0,709,1717254381496,1717250364,196,0,1,6785837,0.766601562,-0.416625977,0.108337402,0.47644043,-1.3331219,-0.565146625,0.729898214,3.14160156,709,1717256351604,1717250863,196,3,1,4815729,-0.00390625,0.00390625,-0.05078125,709,1717253354137,1717251063,196,0,1,7813196,0.00390625,0,0
1,688,1717271133859,1717271167279,1,0,0,1,0,7,7,0,0,0,4,0,0,710,1717264381609,1717260564,197,0,1,6785670,0.766601562,-0.416625977,0.108337402,0.476379395,-1.33309579,-0.565162241,0.729945183,3.14160156,710,1717266352995,1717260563,197,3,1,4814284,-0.00390625,0.00390625,-0.01171875,710,1717263352398,1717260663,197,0,1,7814881,0.001953125,-0.00390625,-0.001953125
1,689,1717281133859,1717281167095,1,0,0,1,0,7,7,0,0,0,4,0,0,711,1717273381343,1717270064,198,0,1,7785752,0.766662598,-0.416625977,0.108337402,0.476379395,-1.33289671,-0.565222502,0.729809105,3.14160156,711,1717275352563,1717270263,198,3,1,5814532,0.03125,-0.0078125,0.02734375,711,1717272352040,1717269863,198,0,1,8815055,0,0.001953125,0
1,690,1717291133859,1717291191133,1,0,0,1,0,7,7,0,0,0,4,0,0,712,1717283381530,1717280261,199,0,1,7809603,0.766601562,-0.416625977,0.108337402,0.47644043,-1.3331219,-0.565146625,0.729898214,3.14160156,712,1717285354083,1717280461,199,3,1,5837050,0.0078125,0.04296875,-0.01171875,712,1717282352579,1717279863,199,0,1,8838554,-0.001953125,0.001953125,0.001953125
1,691,1717301133859,1717301167876,1,0,0,1,0,7,7,0,0,0,4,0,0,713,1717294415038,1717290174,200,0,1,6752838,0.766601562,-0.416625977,0.108337402,0.47644043,-1.3331219,-0.565146625,0.729898214,3.14160156,713,1717296408183,1717290778,200,3,1,4759693,-0.00390625,0.00390625,0.02734375,713,1717293412105,1717290871,200,0,1,7755771,-0.00390625,0,-0.001953125
1,692,1717311133859,1717311193562,1,0,0,1,0,7,7,0,0,0,4,0,0,714,1717304408577,1717300374,201,0,1,6784985,0.766601562,-0.416625977,0.108337402,0.476379395,-1.33309579,-0.565162241,0.729945183,3.14160156,714,1717306403944,1717300376,201,3,1,4789618,-0.015625,-0.03125,0.06640625,714,1717303428624,1717300695,201,0,1,7764938,0.001953125,0.001953125,0
1,693,1717321133859,1717321162472,1,0,0,1,0,7,7,0,0,0,4,0,0,715,1717313427700,1717310294,202,0,1,7734772,0.766601562,-0.416625977,0.108337402,0.47644043,-1.3331219,-0.565146625,0.729898214,3.14160156,715,1717315394160,1717310673,202,3,1,5768312,-0.00390625,0.00390625,-0.01171875,715,1717312414767,1717309877,202,0,1,8747705,0.00390625,-0.00390625,0.001953125
1,694,1717331133859,1717331164529,1,0,0,1,0,7,7,0,0,0,4,0,0,716,1717324371877,1717320159,203,0,1,6792652,0.766601562,-0.416625977,0.108337402,0.47644043,-1.3331219,-0.565146625,0.729898214,3.14160156,716,1717326356874,1717320164,203,3,1,4807655,-0.00390625,0.00390625,0.02734375,716,1717323371444,1717321058,203,0,1,7793085,0,-0.001953125,-0.00390625
1,695,1717341133859,1717341167382,1,0,0,1,0,7,7,0,0,0,4,0,0,717,1717334382416,1717330361,204,0,1,6784966,0.766601562,-0.416625977,0.108337402,0.47644043,-1.3331219,-0.565146625,0.729898214,3.14160156,717,1717336354728,1717330563,204,3,1,4812654,0.03125,-0.0078125,-0.01171875,717,1717333351742,1717330860,204,0,1,7815640,0,0,0.00390625
1,696,1717351133859,1717351172180,1,0,0,1,0,7,7,0,0,0,4,0,0,718,1717343386058,1717339963,205,0,1,7786122,0.766601562,-0.416625977,0.108337402,0.47644043,-1.3331219,-0.565146625,0.729898214,3.14160156,718,1717345354963,1717340264,205,3,1,5817217,-0.0390625,0.01953125,-0.01171875,718,1717342348218,1717339863,205,0,1,8823962,0,0.00390625,0
1,697,1717361133859,1717361161534,1,0,0,1,0,7,7,0,0,0,4,0,0,719,1717353384411,1717350264,206,0,1,7777123,0.766601562,-0.416625977,0.108337402,0.47644043,-1.3331219,-0.565146625,0.729898214,3.14160156,719,1717355315058,1717350459,206,3,1,5846476,0.03125,-0.0078125,0.02734375,719,1717352358275,1717350064,206,0,1,8803259,0,0.001953125,0
1,698,1717371133859,1717371161665,1,0,0,1,0,7,7,0,0,0,4,0,0,720,1717364335348,1717360159,207,0,1,6826317,0.766601562,-0.416625977,0.108337402,0.47644043,-1.3331219,-0.565146625,0.729898214,3.14160156,720,1717366311567,1717360158,207,3,1,4850098,0.03125,-0.0078125,-0.01953125,720,1717363312804,1717360658,207,0,1,7848861,0.00390625,-0.001953125,0
1,699,1717381133859,1717381161629,1,0,0,1,0,7,7,0,0,0,4,0,0,721,1717374334719,1717370159,208,0,1,6826910,0.766601562,-0.416625977,0.108337402,0.47644043,-1.3331219,-0.565146625,0.729898214,3.14160156,721,1717376312791,1717370558,208,3,1,4848838,0.03125,-0.0078125,0.01953125,721,1717373310527,1717370857,208,0,1,7851102,0,-0.001953125,0.001953125
1,700,1717391133859,1717391161631,1,0,0,1,0,7,7,0,0,0,4,0,0,722,1717383339936,1717380257,209,0,1,7821695,0.766601562,-0.416625977,0.108337402,0.47644043,-1.3331219,-0.565146625,0.729898214,3.14160156,722,1717385313118,1717380458,209,3,1,5848513,-0.00390625,0.00390625,-0.01953125,722,1717382313188,1717379858,209,0,1,8848443,0,0.001953125,0.001953125
1,701,1717401133859,1717401161336,1,0,0,1,0,7,7,0,0,0,4,0,0,723,1717394336519,1717389959,210,0,1,6824817,0.766601562,-0.416625977,0.108337402,0.47644043,-1.3331219,-0.565146625,0.729898214,3.14160156,723,1717396311016,1717390558,210,3,1,4850320,0.0078125,0.04296875,0.01953125,723,1717393326419,1717390661,210,0,1,7834917,-0.00390625,-0.001953125,0.001953125
1,702,1717411133859,1717411161078,1,0,0,1,0,7,7,0,0,0,4,0,0,724,1717404335224,1717400159,211,0,1,6825854,0.766601562,-0.416625977,0.108337402,0.47644043,-1.3331219,-0.565146625,0.729898214,3.14160156,724,1717406310907,1717400158,211,3,1,4850171,0.0078125,0.04296875,-0.01953125,724,1717403312884,1717400458,211,0,1,7848194,-0.005859375,-0.001953125,-0.00390625
1,703,1717421133859,1717421161580,1,0,0,1,0,7,7,0,0,0,4,0,0,725,1717413330589,1717409759,212,0,1,7830991,0.766601562,-0.416625977,0.108276367,0.47644043,-1.33313823,-0.565215468,0.729815662,3.14160156,725,1717415315049,1717410059,212,3,1,5846531,-0.00390625,0.00390625,-0.01953125,725,1717412310359,1717410058,212,0,1,8851221,-0.001953125,0,-0.00390625
1,704,1717431133859,1717431161526,1,0,0,1,0,7,7,0,0,0,4,0,0,726,1717423335497,1717419959,213,0,1,7826029,0.766601562,-0.416625977,0.108276367,0.47644043,-1.33313823,-0.565215468,0.729815662,3.14160156,726,1717425311643,1717419758,213,3,1,5849883,-0.00390625,0.00390625,0.01953125,726,1717422312120,1717419858,213,0,1,8849406,0.001953125,0,0.001953125
1,705,1717441133859,1717441161694,1,0,0,1,0,7,7,0,0,0,4,0,0,727,1717433335147,1717430259,214,0,1,7826547,0.766601562,-0.416625977,0.108276367,0.47644043,-1.33313823,-0.565215468,0.729815662,3.14160156,727,1717435312070,1717430458,214,3,1,5849624,-0.00390625,0.00390625,-0.01953125,727,1717432311399,1717429858,214,0,1,8850295,-0.001953125,-0.001953125,0
1,706,1717451133859,1717451164807,1,0,0,1,0,7,7,0,0,0,4,0,0,728,1717443335389,1717440059,215,0,1,7829418,0.766601562,-0.416625977,0.108276367,0.47644043,-1.33313823,-0.565215468,0.729815662,3.14160156,728,1717445311961,1717440458,215,3,1,5852846,-0.00390625,0.00390625,-0.01953125,728,1717442311197,1717439858,215,0,1,8853610,-0.00390625,0.00390625,0
1,707,1717461133859,1717461167160,1,0,0,1,0,7,7,0,0,0,4,0,0,729,1717453395093,1717450064,216,0,1,7772067,0.766601562,-0.416625977,0.108276367,0.47644043,-1.33313823,-0.565215468,0.729815662,3.14160156,729,1717455356813,1717450264,216,3,1,5810347,-0.00390625,0.00390625,-0.01953125,729,1717452318550,1717449860,216,0,1,8848610,-0.001953125,0,0
1,708,1717471133859,1717471166606,1,0,0,1,0,7,7,0,0,0,4,0,0,730,1717463382761,1717459964,217,0,1,7783845,0.766601562,-0.416625977,0.108276367,0.47644043,-1.33313823,-0.565215468,0.729815662,3.14160156,730,1717465354629,1717459764,217,3,1,5811977,-0.00390625,0.00390625,0.01953125,730,1717462354495,1717459862,217,0,1,8812111,-0.001953125,0,0
1,709,1717481133859,1717481166885,1,0,0,1,0,7,7,0,0,0,4,0,0,731,1717473383485,1717469963,218,0,1,7783400,0.766601562,-0.416625977,0.108276367,0.47644043,-1.33313823,-0.565215468,0.729815662,3.14160156,731,1717475353427,1717470263,218,3,1,5813458,0.01953125,-0.04296875,-0.01953125,731,1717472346127,1717469863,218,0,1,8820758,0.001953125,0,0
1,710,1717491133859,1717491167072,1,0,0,1,0,7,7,0,0,0,4,0,0,732,1717483377061,1717479764,219,0,1,7790011,0.766601562,-0.416625977,0.108276367,0.47644043,-1.33313823,-0.565215468,0.729815662,3.14160156,732,1717485356058,1717479863,219,3,1,5811014,0.03125,-0.0078125,-0.01953125,732,1717482353461,1717479863,219,0,1,8813611,0,-0.001953125,0
1,711,1717501133859,1717501167074,1,0,0,1,0,7,7,0,0,0,4,0,0,733,1717493381803,1717490064,220,0,1,7785271,0.766601562,-0.416625977,0.108276367,0.47644043,-1.33313823,-0.565215468,0.729815662,3.14160156,733,1717495352689,1717490063,220,3,1,5814385,0.03125,-0.0078125,0.02734375,733,1717492352907,1717490063,220,0,1,8814167,0,-0.001953125,0
1,712,1717511133859,1717511167353,1,0,0,1,0,7,7,0,0,0,4,0,0,734,1717503381453,1717500064,221,0,1,7785900,0.766601562,-0.416625977,0.108276367,0.47644043,-1.33313823,-0.565215468,0.729815662,3.14160156,734,1717505353006,1717499863,221,3,1,5814347,-0.00390625,0.00390625,-0.01171875,734,1717502352946,1717499663,221,0,1,8814407,0,0.00390625,0
1,713,1717521133859,1717521167058,1,0,0,1,0,7,7,0,0,0,4,0,0,735,1717513381677,1717509964,222,0,1,7785381,0.766601562,-0.416625977,0.108276367,0.47644043,-1.33313823,-0.565215468,0.729815662,3.14160156,735,1717515353044,1717510263,222,3,1,5814014,-0.00390625,0.00390625,-0.01171875,735,1717512352411,1717509863,222,0,1,8814647,0,0.00390625,0.001953125
1,714,1717531133859,1717531167115,1,0,0,1,0,7,7,0,0,0,4,0,0,736,1717523381456,1717519964,223,0,1,7785659,0.766601562,-0.416625977,0.108276367,0.47644043,-1.33313823,-0.565215468,0.729815662,3.14160156,736,1717525352620,1717520263,223,3,1,5814495,-0.015625,-0.03125,0.02734375,736,1717522352505,1717519863,223,0,1,8814610,-0.001953125,0,-0.001953125
1,715,1717541133859,1717541167228,1,0,0,1,0,7,7,0,0,0,4,0,0,737,1717533381494,1717529764,224,0,1,7785734,0.766601562,-0.416687012,0.108276367,0.47644043,-1.33314192,-0.565326333,0.729866922,3.14160156,737,1717535347011,1717530263,224,3,1,5820217,0.0078125,0.04296875,-0.01171875,737,1717532352358,1717530063,224,0,1,8814870,0,0.001953125,-0.001953125
1,716,1717551133859,1717551170007,1,0,0,1,0,7,7,0,0,0,4,0,0,738,1717543382700,1717539964,225,0,1,7787307,0.766601562,-0.416625977,0.108276367,0.47644043,-1.33313823,-0.565215468,0.729815662,3.14160156,738,1717545352438,1717539861,225,3,1,5817569,-0.00390625,0.00390625,-0.01171875,738,1717542355619,1717539464,225,0,1,8814388,0,-0.00390625,-0.00390625
1,717,1717561133859,1717561166712,1,0,0,1,0,7,7,0,0,0,4,0,0,739,1717553381664,1717550065,226,0,1,7785048,0.766601562,-0.416625977,0.108276367,0.47644043,-1.33313823,-0.565215468,0.729815662,3.14160156,739,1717555349162,1717550461,226,3,1,5817550,-0.00390625,0.00390625,-0.01171875,739,1717552353972,1717549862,226,0,1,8812740,0,0,-0.001953125
1,718,1717571133859,1717571166733,1,0,0,1,0,7,7,0,0,0,4,0,0,740,1717563380777,1717559764,227,0,1,7785956,0.766601562,-0.416687012,0.108276367,0.47644043,-1.33314192,-0.565326333,0.729866922,3.14160156,740,1717565350774,1717559563,227,3,1,5815959,-0.00390625,0.00390625,-0.01171875,740,1717562351585,1717559863,227,0,1,8815148,-0.001953125,0.001953125,0
1,719,1717581133859,1717581167049,1,0,0,1,0,7,7,0,0,0,4,0,0,741,1717573380945,1717569764,228,0,1,7786104,0.766601562,-0.416687012,0.108276367,0.47644043,-1.33314192,-0.565326333,0.729866922,3.14160156,741,1717575351720,1717570063,228,3,1,5815329,0.0078125,0.04296875,-0.01171875,741,1717572351605,1717569663,228,0,1,8815444,0.00390625,0,0.001953125
1,720,1717591133859,1717591167513,1,0,0,1,0,7,7,0,0,0,4,0,0,742,1717583380095,1717579763,229,0,1,7787418,0.766601562,-0.416625977,0.108276367,0.47644043,-1.33313823,-0.565215468,0.729815662,3.14160156,742,1717585356629,1717580063,229,3,1,5810884,0.03125,-0.0078125,-0.01171875,742,1717582351607,1717579663,229,0,1,8815906,0.005859375,-0.001953125,0
1,721,1717601133859,1717601167311,1,0,0,1,0,7,7,0,0,0,4,0,0,743,1717593381541,1717589764,230,0,1,7785770,0.766601562,-0.416625977,0.108276367,0.47644043,-1.33313823,-0.565215468,0.729815662,3.14160156,743,1717595351983,1717590063,230,3,1,5815328,-0.00390625,0.00390625,0.02734375,743,1717592352645,1717589863,230,0,1,8814666,0,0.001953125,0
1,722,1717611133859,1717611167331,1,0,0,1,0,7,7,0,0,0,4,0,0,744,1717603381172,1717599564,231,0,1,7786159,0.766601562,-0.416625977,0.108337402,0.47644043,-1.3331219,-0.565146625,0.729898214,3.14160156,744,1717605353077,1717599763,231,3,1,5814254,-0.00390625,0.00390625,0.02734375,744,1717602352387,1717599863,231,0,1,8814944,0.001953125,0.001953125,0.001953125
1,723,1717621133859,1717621167425,1,0,0,1,0,7,7,0,0,0,4,0,0,745,1717613381155,1717609764,232,0,1,7786270,0.766601562,-0.416625977,0.108337402,0.47644043,-1.3331219,-0.565146625,0.729898214,3.14160156,745,1717615352189,1717610063,232,3,1,5815236,0.0078125,0.04296875,-0.01171875,745,1717612352333,1717609863,232,0,1,8815092,0.001953125,0,0
1,724,1717631133859,1717631164871,1,0,0,1,0,7,7,0,0,0,4,0,0,746,1717623381749,1717619964,233,0,1,7783122,0.766601562,-0.416625977,0.108337402,0.47644043,-1.3331219,-0.565146625,0.729898214,3.14160156,746,1717625352746,1717620263,233,3,1,5812125,-0.00390625,0.00390625,-0.01171875,746,1717622352428,1717619863,233,0,1,8812443,-0.001953125,0.001953125,0
1,725,1717641133859,1717641167632,1,0,0,1,0,7,7,0,0,0,4,0,0,747,1717633382121,1717629764,234,0,1,7785511,0.766601562,-0.416625977,0.108337402,0.47644043,-1.3331219,-0.565146625,0.729898214,3.14160156,747,1717635352655,1717629863,234,3,1,5814977,-0.00390625,-0.00390625,0.02734375,747,1717632353762,1717630063,234,0,1,8813870,0.001953125,0,0
1,726,1717651133859,1717651169727,1,0,0,1,0,7,7,0,0,0,4,0,0,748,1717643381937,1717639564,235,0,1,7787790,0.766601562,-0.416625977,0.108337402,0.47644043,-1.3331219,-0.565146625,0.729898214,3.14160156,748,1717645353046,1717639363,235,3,1,5816681,0.01953125,-0.05078125,-0.01171875,748,1717642353171,1717639663,235,0,1,8816556,0.00390625,0.001953125,0
1,727,1717661133859,1717661167118,1,0,0,1,0,7,7,0,0,0,4,0,0,749,1717655382029,1717649564,236,0,1,5785089,0.766601562,-0.416625977,0.108337402,0.47644043,-1.3331219,-0.565146625,0.729898214,3.14160156,749,1717657352767,1717649863,236,3,1,3814351,-0.00390625,-0.00390625,-0.01171875,749,1717654354596,1717650163,236,0,1,6812522,-0.001953125,0,0
1,728,1717671133859,1717671167157,1,0,0,1,0,7,7,0,0,0,4,0,0,750,1717663381460,1717659564,237,0,1,7785697,0.766601562,-0.416625977,0.108337402,0.47644043,-1.3331219,-0.565146625,0.729898214,3.14160156,750,1717665352569,1717659863,237,3,1,5814588,-0.00390625,-0.00390625,0.02734375,750,1717662353231,1717660063,237,0,1,8813926,0,0,0
1,729,1717681133859,1717681168382,1,0,0,1,0,7,7,0,0,0,4,0,0,751,1717673381111,1717669364,238,0,1,7787271,0.766601562,-0.416625977,0.108337402,0.47644043,-1.3331219,-0.565146625,0.729898214,3.14160156,751,1717675352275,1717669863,238,3,1,5816107,0.03125,-0.015625,-0.01171875,751,1717672353289,1717670063,238,0,1,8815093,0,0,0
1,730,1717691133859,1717691167033,1,0,0,1,0,7,7,0,0,0,4,0,0,752,1717683381928,1717679564,239,0,1,7785105,0.766601562,-0.416625977,0.108337402,0.47644043,-1.3331219,-0.565146625,0.729898214,3.14160156,752,1717685356018,1717679763,239,3,1,5811015,-0.00390625,-0.00390625,-0.01171875,752,1717682355829,1717679864,239,0,1,8811204,0,0,0
1,731,1717701133859,1717701167313,1,0,0,1,0,7,7,0,0,0,4,0,0,753,1717693382208,1717689764,240,0,1,7785105,0.766601562,-0.416625977,0.108337402,0.47644043,-1.3331219,-0.565146625,0.729898214,3.14160156,753,1717695352836,1717690063,240,3,1,5814477,-0.00390625,-0.00390625,0.02734375,753,1717692352850,1717690163,240,0,1,8814463,0,0,0
1,732,1717711133859,1717711167167,1,0,0,1,0,7,7,0,0,0,4,0,0,754,1717703382377,1717699564,241,0,1,7784790,0.766601562,-0.416625977,0.108337402,0.47644043,-1.3331219,-0.565146625,0.729898214,3.14160156,754,1717705352875,1717699163,241,3,1,5814292,-0.00390625,-0.00390625,-0.01171875,754,1717702353241,1717700063,241,0,1,8813926,0,0,0
1,733,1717721133859,1717721167207,1,0,0,1,0,7,7,0,0,0,4,0,0,755,1717713382250,1717709564,242,0,1,7784957,0.766601562,-0.416625977,0.108337402,0.47644043,-1.3331219,-0.565146625,0.729898214,3.14160156,755,1717715351970,1717709863,242,3,1,5815237,-0.00390625,-0.00390625,-0.01171875,755,1717712351318,1717709861,242,0,1,8815889,0,0,0
1,734,1717731133859,1717731360055,1,0,0,1,0,7,7,0,0,4,4,0,0,756,1717723381419,1717719564,243,0,1,7978636,0.766601562,-0.416625977,0.108337402,0.47644043,-1.3331219,-0.565146625,0.729898214,3.14160156,756,1717725352435,1717719763,243,3,1,6007620,-0.00390625,-0.00390625,-0.01171875,757,1717731355259,1717729163,244,0,1,4796,0,0,0
1,735,1717741133859,1717741166952,1,0,0,1,0,7,3,4,0,0,4,0,0,757,1717732382840,1717729464,244,0,1,8784112,0.766601562,-0.416625977,0.108337402,0.47644043,-1.3331219,-0.565146625,0.729898214,3.14160156,757,1717734353264,1717729863,244,3,1,6813688,0.01953125,-0.05078125,-0.01171875,757,1717731355259,1717729163,244,0,1,9811693,0,0,0
1,736,1717751133859,1717751169880,1,0,0,1,0,7,7,0,0,0,4,0,0,758,1717743381850,1717739164,245,0,1,7788030,0.766601562,-0.416625977,0.108398438,0.47644043,-1.33310568,-0.565077722,0.729980826,3.14160156,758,1717745353403,1717739163,245,3,1,5816477,-0.00390625,0.00390625,-0.01171875,758,1717742352621,1717740063,245,0,1,8817259,0,0,0
1,737,1717761133859,1717761166957,1,0,0,1,0,7,7,0,0,0,4,0,0,759,1717753381797,1717749364,246,0,1,7785160,0.766601562,-0.416625977,0.108398438,0.47644043,-1.33310568,-0.565077722,0.729980826,3.14160156,759,1717755352258,1717749763,246,3,1,5814699,-0.00390625,0.00390625,0.02734375,759,1717752354346,1717750063,246,0,1,8812611,0,0,0
1,738,1717771133859,1717771356954,1,0,0,1,0,7,7,0,0,4,4,0,0,760,1717763381670,1717759564,247,0,1,7975284,0.766601562,-0.416625977,0.108398438,0.47644043,-1.33310568,-0.565077722,0.729980826,3.14160156,760,1717765352501,1717759863,247,3,1,6004453,-0.00390625,0.00390625,-0.01171875,761,1717771352102,1717769063,248,0,1,4852,0,0,0
1,739,1717781133859,1717781167203,1,0,0,1,0,7,3,4,0,0,4,0,0,761,1717772381239,1717769264,248,0,1,8785964,0.766601562,-0.416625977,0.108398438,0.47644043,-1.33310568,-0.565077722,0.729980826,3.14160156,761,1717774352736,1717769463,248,3,1,6814467,-0.0390625,0.01953125,-0.01171875,761,1717771352102,1717769063,248,0,1,9815101,0,0,0
1,740,1717791133859,1717791357718,1,0,0,1,0,7,7,0,0,4,4,0,0,762,1717783381008,1717779364,249,0,1,7976710,0.766601562,-0.416625977,0.108337402,0.47644043,-1.3331219,-0.565146625,0.729898214,3.14160156,762,1717785355561,1717779363,249,3,1,6002157,-0.0390625,0.01953125,0.02734375,763,1717791352848,1717789063,250,0,1,4870,0,0,0
1,741,1717801133859,1717801357572,1,0,0,1,0,7,7,0,0,0,4,0,0,763,1717792382521,1717789264,250,0,1,8975051,0.766601562,-0.416625977,0.108337402,0.47644043,-1.3331219,-0.565146625,0.729898214,3.14160156,763,1717794354500,1717789663,250,3,1,7003072,-0.00390625,0.00390625,-0.01171875,764,1717801352498,1717799063,251,0,1,5074,0,0,0
1,742,1717811133859,1717811356815,1,0,0,1,0,7,7,0,0,0,4,0,0,764,1717802381338,1717799264,251,0,1,8975477,0.766601562,-0.416625977,0.108337402,0.47644043,-1.3331219,-0.565146625,0.729898214,3.14160156,764,1717804352373,1717799663,251,3,1,7004442,0.03125,-0.0078125,0.02734375,765,1717811352056,1717809063,252,0,1,4759,0,0,0
1,743,1717821133859,1717821166916,1,0,0,1,0,7,3,4,0,0,4,0,0,765,1717812381489,1717809264,252,0,1,8785427,0.766601562,-0.416625977,0.108337402,0.47644043,-1.3331219,-0.565146625,0.729898214,3.14160156,765,1717814352820,1717809463,252,3,1,6814096,0.04296875,0.02734375,-0.01171875,765,1717811352056,1717809063,252,0,1,9814860,0,0,0
1,744,1717831133859,1717831357450,1,0,0,1,0,7,7,0,0,4,4,0,0,766,1717823381184,1717819364,253,0,1,7976266,0.766601562,-0.416625977,0.108337402,0.47644043,-1.3331219,-0.565146625,0.729898214,3.14160156,766,1717825352552,1717819363,253,3,1,6004898,0.0078125,0.03515625,-0.01171875,767,1717831352357,1717829063,254,0,1,5093,0,0,0
1,745,1717841133859,1717841356897,1,0,0,1,0,7,7,0,0,0,4,0,0,767,1717832381568,1717829264,254,0,1,8975329,0.766601562,-0.416625977,0.108337402,0.47644043,-1.3331219,-0.565146625,0.729898214,3.14160156,767,1717834352880,1717829663,254,3,1,7004017,-0.015625,-0.0390625,-0.01171875,768,1717841351934,1717839063,255,0,1,4963,0,0,0
1,746,1717851133859,1717851360862,1,0,0,1,0,7,7,0,0,0,4,0,0,768,1717842381163,1717839264,255,0,1,8979699,0.766601562,-0.416625977,0.108398438,0.47644043,-1.33310568,-0.565077722,0.729980826,3.14160156,768,1717844352568,1717839063,255,3,1,7008294,-0.00390625,-0.00390625,-0.01171875,769,1717851355510,1717848864,0,0,1,5352,0,0,0
1,747,1717861133859,1717861360661,1,0,0,1,0,7,7,0,0,0,4,0,0,769,1717852382332,1717849264,0,0,1,8978329,0.766601562,-0.416625977,0.108398438,0.47644043,-1.33310568,-0.565077722,0.729980826,3.14160156,769,1717854353459,1717849663,0,3,1,7007202,-0.00390625,-0.00390625,0.02734375,770,1717861355531,1717859062,1,0,1,5130,0,0,0
1,748,1717871133859,1717871355478,1,0,0,1,0,7,7,0,0,0,4,0,0,770,1717862381797,1717859264,1,0,1,8973681,0.766601562,-0.416625977,0.108398438,0.47644043,-1.33310568,-0.565077722,0.729980826,3.14160156,770,1717864351758,1717859463,1,3,1,7003720,0.03125,-0.015625,0.02734375,771,1717871350515,1717869162,2,0,1,4963,0,0,0
1,749,1717881133859,1717881356110,1,0,0,1,0,7,7,0,0,0,4,0,0,771,1717872379818,1717869263,2,0,1,8976292,0.766601562,-0.416625977,0.108398438,0.47644043,-1.33310568,-0.565077722,0.729980826,3.14160156,771,1717874350631,1717869661,2,3,1,7005479,-0.00390625,-0.00390625,-0.01171875,772,1717881351277,1717879062,3,0,1,4833,0,0,0
1,750,1717891133859,1717891356187,1,0,0,1,0,7,7,0,0,0,4,0,0,772,1717882380117,1717879063,3,0,1,8976070,0.766601562,-0.416625977,0.108398438,0.47644043,-1.33310568,-0.565077722,0.729980826,3.14160156,772,1717884352467,1717879061,3,3,1,7003720,-0.00390625,-0.00390625,-0.01171875,773,1717891351353,1717889062,4,0,1,4834,0,0,0
1,751,1717901133859,1717901363522,1,0,0,1,0,7,7,0,0,0,4,0,0,773,1717892380675,1717889264,4,0,1,8982847,0.766601562,-0.416625977,0.108398438,0.47644043,-1.33310568,-0.565077722,0.729980826,3.14160156,773,1717894359209,1717889464,4,3,1,7004313,-0.00390625,-0.00390625,-0.01171875,774,1717901358300,1717899063,5,0,1,5222,0,0,0
1,752,1717911133859,1717911166901,1,0,0,1,0,7,3,4,0,0,4,0,0,774,1717902383659,1717899064,5,0,1,8783242,0.766601562,-0.416625977,0.108398438,0.47644043,-1.33310568,-0.565077722,0.729980826,3.14160156,774,1717904354305,1717899463,5,3,1,6812596,0.03125,-0.015625,-0.01171875,774,1717901358300,1717899063,5,0,1,9808601,0,0,0
1,753,1717921133859,1717921167088,1,0,0,1,0,7,7,0,0,0,4,0,0,775,1717913381243,1717908864,6,0,1,7785845,0.766601562,-0.416625977,0.108398438,0.47644043,-1.33310568,-0.565077722,0.729980826,3.14160156,775,1717915352870,1717909363,6,3,1,5814218,0.03125,-0.015625,-0.01171875,775,1717912355051,1717909063,6,0,1,8812037,0,0,0
1,754,1717931133859,1717931357937,1,0,0,1,0,7,7,0,0,4,4,0,0,776,1717923382857,1717918964,7,0,1,7975080,0.766601562,-0.416625977,0.108398438,0.47644043,-1.33310568,-0.565077722,0.729980826,3.14160156,776,1717925353669,1717918963,7,3,1,6004268,0.03125,-0.015625,0.02734375,777,1717931352993,1717929063,8,0,1,4944,0,0,0
1,755,1717941133859,1717941357051,1,0,0,1,0,7,7,0,0,0,4,0,0,777,1717932382166,1717928964,8,0,1,8974885,0.766601562,-0.416625977,0.108398438,0.47644043,-1.33310568,-0.565077722,0.729980826,3.14160156,777,1717934352849,1717929263,8,3,1,7004202,-0.00390625,-0.00390625,-0.01171875,778,1717941352143,1717939063,9,0,1,4908,0,0,0
1,756,1717951133859,1717951361553,1,0,0,1,0,7,7,0,0,0,4,0,0,778,1717942382039,1717939064,9,0,1,8979514,0.766601562,-0.416625977,0.108398438,0.47644043,-1.33310568,-0.565077722,0.729980826,3.14160156,778,1717944352814,1717939463,9,3,1,7008739,-0.00390625,-0.00390625,0.02734375,779,1717951356479,1717949065,10,0,1,5074,0,0,0
1,757,1717961133859,1717961359740,1,0,0,1,0,7,7,0,0,0,4,0,0,779,1717952382060,1717948764,10,0,1,8977680,0.766601562,-0.416625977,0.108398438,0.47644043,-1.33310568,-0.565077722,0.729980826,3.14160156,779,1717954354502,1717949263,10,3,1,7005238,-0.00390625,-0.00390625,-0.01171875,780,1717961354315,1717958663,11,0,1,5425,0,0,0
1,758,1717971133859,1717971359206,1,0,0,1,0,7,7,0,0,0,4,0,0,780,1717962382544,1717958964,11,0,1,8976662,0.766601562,-0.416564941,0.108398438,0.47644043,-1.33310199,-0.564966917,0.729929447,3.14160156,780,1717964352690,1717958863,11,3,1,7006516,-0.00390625,-0.00390625,-0.01171875,781,1717971354391,1717969063,12,0,1,4815,0,0,0
1,759,1717981133859,1717981361319,1,0,0,1,0,7,7,0,0,0,4,0,0,781,1717972381713,1717968964,12,0,1,8979606,0.766601562,-0.416564941,0.108398438,0.47644043,-1.33310199,-0.564966917,0.729929447,3.14160156,781,1717974351673,1717969263,12,3,1,7009646,-0.00390625,-0.00390625,-0.01171875,782,1717981356282,1717979063,13,0,1,5037,0,0,0
1,760,1717991133859,1717991357044,1,0,0,1,0,7,7,0,0,0,4,0,0,782,1717982382326,1717978964,13,0,1,8974718,0.766601562,-0.416564941,0.108398438,0.47644043,-1.33310199,-0.564966917,0.729929447,3.14160156,782,1717985351406,1717979363,13,3,1,6005638,0.03125,-0.015625,0.02734375,783,1717991352118,1717988863,14,0,1,4926,0,0,0
1,761,1718001133859,1718001357287,1,0,0,1,0,7,7,0,0,0,4,0,0,783,1717992381921,1717988964,14,0,1,8975366,0.766601562,-0.416564941,0.108398438,0.47644043,-1.33310199,-0.564966917,0.729929447,3.14160156,783,1717994352475,1717989263,14,3,1,7004812,-0.00390625,-0.00390625,-0.05078125,784,1718001352473,1717999063,15,0,1,4814,0,0,0
1,762,1718011133859,1718011368326,1,0,0,1,0,7,7,0,0,0,4,0,0,784,1718002381794,1717998764,15,0,1,8986532,0.766601562,-0.416564941,0.108398438,0.47644043,-1.33310199,-0.564966917,0.729929447,3.14160156,784,1718004352199,1717999063,15,3,1,7016127,0.01953125,-0.04296875,-0.01171875,785,1718011362382,1718009163,16,0,1,5944,0,0,0
1,763,1718021133859,1718021380347,1,0,0,1,0,7,7,0,0,0,4,0,0,785,1718012385852,1718008961,16,0,1,8994495,0.766601562,-0.416564941,0.108398438,0.47644043,-1.33310199,-0.564966917,0.729929447,3.14160156,785,1718014369201,1718009262,16,3,1,7011146,-0.00390625,0.00390625,-0.01171875,786,1718021374736,1718019064,17,0,1,5611,0,0,0
1,764,1718031133859,1718031354943,1,0,0,1,0,7,7,0,0,0,4,0,0,786,1718022384558,1718018565,17,0,1,8970385,0.766601562,-0.416564941,0.108398438,0.47644043,-1.33310199,-0.564966917,0.729929447,3.14160156,786,1718024354648,1718018762,17,3,1,7000295,-0.00390625,0.00390625,-0.01171875,787,1718031350147,1718029060,18,0,1,4796,0,0,0
1,765,1718041133859,1718041358834,1,0,0,1,0,7,7,0,0,0,4,0,0,787,1718032381987,1718028965,18,0,1,8976847,0.766601562,-0.416564941,0.108398438,0.47644043,-1.33310199,-0.564966917,0.729929447,3.14160156,787,1718034346133,1718029263,18,3,1,7012701,-0.00390625,0.00390625,0.02734375,788,1718041353908,1718039061,19,0,1,4926,0,0,0
1,766,1718051133859,1718051363373,1,0,0,1,0,7,7,0,0,0,4,0,0,788,1718042382396,1718038964,19,0,1,8980977,0.766601562,-0.416564941,0.108398438,0.47644043,-1.33310199,-0.564966917,0.729929447,3.14160156,788,1718044352690,1718039063,19,3,1,7010683,-0.00390625,0.00390625,0.02734375,789,1718051358244,1718049165,20,0,1,5129,0,0,0
1,767,1718061133859,1718061357746,1,0,0,1,0,7,7,0,0,0,4,0,0,789,1718052382603,1718048965,20,0,1,8975143,0.766601562,-0.416625977,0.108398438,0.47644043,-1.33310568,-0.565077722,0.729980826,3.14160156,789,1718054352656,1718048863,20,3,1,7005090,0.0078125,0.04296875,-0.01171875,790,1718061352543,1718058663,21,0,1,5203,0,0,0
1,768,1718071133859,1718071355952,1,0,0,1,0,7,7,0,0,0,4,0,0,790,1718062381512,1718058964,21,0,1,8974440,0.766601562,-0.416625977,0.108398438,0.47644043,-1.33310568,-0.565077722,0.729980826,3.14160156,790,1718064351325,1718058862,21,3,1,7004627,-0.00390625,0.00390625,0.02734375,791,1718071351045,1718069062,22,0,1,4907,0,0,0
1,769,1718081133859,1718081365417,1,0,0,1,0,7,7,0,0,0,4,0,0,791,1718072380478,1718068564,22,0,1,8984939,0.766601562,-0.416625977,0.108398438,0.47644043,-1.33310568,-0.565077722,0.729980826,3.14160156,791,1718074351161,1718068863,22,3,1,7014256,-0.00390625,0.00390625,-0.01171875,792,1718081358233,1718079063,23,0,1,7184,0,0,0
1,770,1718091133859,1718091358828,1,0,0,1,0,7,7,0,0,0,4,0,0,792,1718082383721,1718078765,23,0,1,8975107,0.766601562,-0.416625977,0.108398438,0.47644043,-1.33310568,-0.565077722,0.729980826,3.14160156,792,1718084356441,1718078563,23,3,1,7002387,-0.00390625,0.00390625,-0.01171875,793,1718091353661,1718089162,24,0,1,5167,0,0,0
1,771,1718101133859,1718101350775,1,0,0,1,0,7,7,0,0,0,4,0,0,793,1718092382094,1718088565,24,0,1,8968681,0.766601562,-0.416625977,0.108398438,0.47644043,-1.33310568,-0.565077722,0.729980826,3.14160156,793,1718094352499,1718089063,24,3,1,6998276,0.01953125,-0.04296875,-0.01171875,794,1718101345886,1718098662,25,0,1,4889,0,0,0
1,772,1718111133859,1718111354147,1,0,0,1,0,7,7,0,0,0,4,0,0,794,1718102384170,1718098763,25,0,1,8969977,0.766601562,-0.416625977,0.108398438,0.47644043,-1.33310568,-0.565077722,0.729980826,3.14160156,794,1718104353612,1718098763,25,3,1,7000535,-0.00390625,0.00390625,-0.01171875,795,1718111349092,1718109163,26,0,1,5055,0,0,0
1,773,1718121133859,1718121356520,1,0,0,1,0,7,7,0,0,0,4,0,0,795,1718112384691,1718108765,26,0,1,8971829,0.766601562,-0.416625977,0.108398438,0.47644043,-1.33310568,-0.565077722,0.729980826,3.14160156,795,1718114352948,1718109063,26,3,1,7003572,-0.015625,-0.03125,-0.01171875,796,1718121351557,1718119063,27,0,1,4963,0,0,0
1,774,1718131133859,1718131356911,1,0,0,1,0,7,7,0,0,0,4,0,0,796,1718122380786,1718118764,27,0,1,8976125,0.766601562,-0.416625977,0.108398438,0.47644043,-1.33310568,-0.565077722,0.729980826,3.14160156,796,1718124351673,1718118363,27,3,1,7005238,-0.00390625,0.00390625,-0.01171875,797,1718131351986,1718128863,28,0,1,4925,0,0,0
1,775,1718141133859,1718141388117,1,0,0,1,0,7,7,0,0,1,4,0,0,798,1718141381561,1718138464,29,0,1,6556,0.766601562,-0.416625977,0.108398438,0.47644043,-1.33310568,-0.565077722,0.729980826,3.14160156,797,1718134352046,1718129063,28,3,1,7036071,0.03125,-0.0078125,0.02734375,798,1718140350925,1718138062,29,0,1,1037192,0,0,0
1,776,1718151133859,1718151356601,1,0,0,1,0,7,6,1,0,0,4,0,0,798,1718141381561,1718138464,29,0,1,9975040,0.766601562,-0.416625977,0.108398438,0.47644043,-1.33310568,-0.565077722,0.729980826,3.14160156,798,1718143351670,1718138663,29,3,1,8004931,0.03125,-0.0078125,-0.01171875,799,1718151351639,1718149164,30,0,1,4962,0,0,0
1,777,1718161133859,1718161356752,1,0,0,1,0,7,7,0,0,0,4,0,0,799,1718152383275,1718148764,30,0,1,8973477,0.766601562,-0.416625977,0.108398438,0.47644043,-1.33310568,-0.565077722,0.729980826,3.14160156,799,1718154351680,1718148763,30,3,1,7005072,-0.00390625,0.00390625,-0.01171875,800,1718161351604,1718159062,31,0,1,5148,0,0,0
1,778,1718171133859,1718171356217,1,0,0,1,0,7,7,0,0,0,4,0,0,800,1718162381611,1718158364,31,0,1,8974606,0.766601562,-0.416625977,0.108398438,0.47644043,-1.33310568,-0.565077722,0.729980826,3.14160156,800,1718164351553,1718158563,31,3,1,7004664,-0.015625,-0.03125,-0.01171875,801,1718171351310,1718168863,32,0,1,4907,0,0,0
1,779,1718181133859,1718181356664,1,0,0,1,0,7,7,0,0,0,4,0,0,801,1718172381021,1718168564,32,0,1,8975643,0.766601562,-0.416625977,0.108398438,0.47644043,-1.33310568,-0.565077722,0.729980826,3.14160156,801,1718174353129,1718168863,32,3,1,7003535,-0.00390625,0.00390625,0.02734375,802,1718181351720,1718179062,33,0,1,4944,0.001953125,-0.001953125,-0.001953125
1,780,1718191133859,1718191389406,1,0,0,1,0,7,7,0,0,1,4,0,0,803,1718191382777,1718188464,34,0,1,6629,0.766601562,-0.416564941,0.108398438,0.47644043,-1.33310199,-0.564966917,0.729929447,3.14160156,802,1718184356224,1718178864,33,3,1,7033182,-0.00390625,0.00390625,-0.01171875,803,1718190355511,1718188063,34,0,1,1033895,0.001953125,-0.001953125,0
1,781,1718201133859,1718201357632,1,0,0,1,0,7,6,1,0,0,4,0,0,803,1718191382777,1718188464,34,0,1,9974855,0.766601562,-0.416564941,0.108398438,0.47644043,-1.33310199,-0.564966917,0.729929447,3.14160156,803,1718193352571,1718188662,34,3,1,8005061,-0.015625,-0.03125,-0.01171875,804,1718201352632,1718198663,35,0,1,5000,0.00390625,-0.001953125,0.001953125
1,782,1718211133859,1718211388041,1,0,0,1,0,7,7,0,0,1,4,0,0,805,1718211381541,1718208064,36,0,1,6500,0.766662598,-0.416564941,0.108398438,0.47644043,-1.33290279,-0.565027118,0.72979337,3.14160156,804,1718204352822,1718198563,35,3,1,7035219,-0.00390625,0.00390625,-0.01171875,805,1718210352145,1718208063,36,0,1,1035896,0,-0.001953125,0
1,783,1718221133859,1718221388488,1,0,0,1,0,7,7,0,0,0,4,0,0,806,1718221382099,1718218464,37,0,1,6389,0.766601562,-0.416564941,0.108337402,0.47644043,-1.3331182,-0.56503582,0.729846895,3.14160156,805,1718213352539,1718208463,36,3,1,8035949,-0.00390625,0.00390625,0.02734375,806,1718220352203,1718218063,37,0,1,1036285,-0.001953125,0,0
1,784,1718231133859,1718231388046,1,0,0,1,0,7,7,0,0,0,4,0,0,807,1718231381638,1718228264,38,0,1,6408,0.766601562,-0.416564941,0.108398438,0.47644043,-1.33310199,-0.564966917,0.729929447,3.14160156,806,1718223353245,1718218863,37,3,1,8034801,0.03125,-0.0078125,0.02734375,807,1718230352391,1718228063,38,0,1,1035655,0,0.00390625,0.001953125
1,785,1718241133859,1718241357290,1,0,0,1,0,7,6,1,0,0,4,0,0,807,1718231381638,1718228264,38,0,1,9975652,0.766601562,-0.416564941,0.108398438,0.47644043,-1.33310199,-0.564966917,0.729929447,3.14160156,807,1718233352692,1718228663,38,3,1,8004598,-0.00390625,0.00390625,-0.01171875,808,1718241352253,1718238663,39,0,1,5037,0.001953125,0,0
1,786,1718251133859,1718251389365,1,0,0,1,0,7,7,0,0,1,4,0,0,809,1718251382884,1718248265,40,0,1,6481,0.766601562,-0.416564941,0.108398438,0.47644043,-1.33310199,-0.564966917,0.729929447,3.14160156,808,1718244352739,1718238563,39,3,1,7036626,-0.00390625,0.00390625,0.02734375,809,1718250358951,1718248067,40,0,1,1030414,0,-0.001953125,0
1,787,1718261133859,1718261387979,1,0,0,1,0,7,7,0,0,0,4,0,0,810,1718261381553,1718258464,41,0,1,6426,0.766601562,-0.416564941,0.108398438,0.47644043,-1.33310199,-0.564966917,0.729929447,3.14160156,809,1718253353067,1718248663,40,3,1,8034912,-0.00390625,0.00390625,0.02734375,810,1718260352287,1718258063,41,0,1,1035692,0,0.00390625,0
1,788,1718271133859,1718271357186,1,0,0,1,0,7,6,1,0,0,4,0,0,810,1718261381553,1718258464,41,0,1,9975633,0.766601562,-0.416564941,0.108398438,0.47644043,-1.33310199,-0.564966917,0.729929447,3.14160156,810,1718263352773,1718258063,41,3,1,8004413,-0.00390625,0.00390625,-0.01171875,811,1718271352205,1718268863,42,0,1,4981,0,-0.001953125,0
1,789,1718281133859,1718281388224,1,0,0,1,0,7,7,0,0,1,4,0,0,812,1718281381780,1718277964,43,0,1,6444,0.766601562,-0.416564941,0.108398438,0.47644043,-1.33310199,-0.564966917,0.729929447,3.14160156,811,1718274351283,1718268761,42,3,1,7036941,-0.015625,-0.03125,-0.01171875,812,1718280352773,1718277863,43,0,1,1035451,-0.00390625,0,0.001953125
1,790,1718291133859,1718291388579,1,0,0,1,0,7,7,0,0,0,4,0,0,813,1718291382079,1718288264,44,0,1,6500,0.766601562,-0.416625977,0.108398438,0.47644043,-1.33310568,-0.565077722,0.729980826,3.14160156,812,1718283353037,1718278263,43,3,1,8035542,-0.00390625,0.00390625,-0.01171875,813,1718290356165,1718288063,44,0,1,1032414,0,0.001953125,0
1,791,1718301133859,1718301388711,1,0,0,1,0,7,7,0,0,0,4,0,0,814,1718301382211,1718298064,45,0,1,6500,0.766601562,-0.416625977,0.108398438,0.47644043,-1.33310568,-0.565077722,0.729980826,3.14160156,813,1718293352354,1718288663,44,3,1,8036357,-0.00390625,0.00390625,-0.05078125,814,1718300352834,1718298063,45,0,1,1035877,0.00390625,0,-0.001953125
1,792,1718311133859,1718311388047,1,0,0,1,0,7,7,0,0,0,4,0,0,815,1718311381621,1718308264,46,0,1,6426,0.766601562,-0.416625977,0.108398438,0.47644043,-1.33310568,-0.565077722,0.729980826,3.14160156,814,1718303353542,1718298064,45,3,1,8034505,-0.015625,-0.03125,-0.01171875,815,1718310352003,1718307863,46,0,1,1036044,0,0,-0.001953125
1,793,1718321133859,1718321417955,1,0,0,1,0,7,7,0,0,0,4,0,0,816,1718321402363,1718318267,47,0,1,15592,0.766601562,-0.416625977,0.108398438,0.47644043,-1.33310568,-0.565077722,0.729980826,3.14160156,815,1718313353267,1718308463,46,3,1,8064688,0.01953125,-0.04296875,0.02734375,816,1718320361412,1718318061,47,0,1,1056543,0,0.001953125,0.001953125
1,794,1718331133859,1718331430902,1,0,0,1,0,7,7,0,0,0,4,0,0,817,1718331413569,1718328074,48,0,1,17333,0.766601562,-0.416625977,0.108398438,0.47644043,-1.33310568,-0.565077722,0.729980826,3.14160156,816,1718323374954,1718318667,47,3,1,8055948,-0.00390625,0.00390625,-0.01171875,817,1718330421783,1718328084,48,0,1,1009119,0.001953125,-0.001953125,0
1,795,1718341133859,1718341400072,1,0,0,1,0,7,6,1,0,0,4,0,0,817,1718331413569,1718328074,48,0,1,9986503,0.766601562,-0.416625977,0.108398438,0.47644043,-1.33310568,-0.565077722,0.729980826,3.14160156,817,1718333377160,1718328265,48,3,1,8022912,-0.00390625,0.00390625,-0.01171875,818,1718341390665,1718338662,49,0,1,9407,-0.001953125,0.001953125,0
1,796,1718351133859,1718351442518,1,0,0,1,0,7,7,0,0,1,4,0,0,819,1718351427759,1718347774,50,0,1,14759,0.766601562,-0.416625977,0.108398438,0.47644043,-1.33310568,-0.565077722,0.729980826,3.14160156,818,1718344408058,1718338180,49,3,1,7034460,-0.015625,-0.03125,0.02734375,819,1718350417788,1718348087,50,0,1,1024730,0.001953125,-0.001953125,-0.001953125
1,797,1718361133859,1718361361930,1,0,0,1,0,7,7,0,0,0,4,0,0,820,1718361352837,1718357959,51,0,1,9093,0.766601562,-0.416564941,0.108398438,0.47644043,-1.33310199,-0.564966917,0.729929447,3.14160156,819,1718353369313,1718348062,50,3,1,7992617,0.03125,-0.0078125,-0.01171875,820,1718360334071,1718358057,51,0,1,1027859,0,-0.00390625,-0.001953125
1,798,1718371133859,1718371364562,1,0,0,1,0,7,7,0,0,0,4,0,0,821,1718371358192,1718367962,52,0,1,6370,0.766601562,-0.416625977,0.108398438,0.47644043,-1.33310568,-0.565077722,0.729980826,3.14160156,820,1718363326539,1718358257,51,3,1,8038023,-0.015625,-0.03125,-0.01171875,821,1718370333407,1718368060,52,0,1,1031155,-0.005859375,0.001953125,0
1,799,1718381133859,1718381364064,1,0,0,1,0,7,7,0,0,0,4,0,0,822,1718381358046,1718378062,53,0,1,6018,0.766601562,-0.416625977,0.108398438,0.47644043,-1.33310568,-0.565077722,0.729980826,3.14160156,821,1718373326467,1718368461,52,3,1,8037597,0.03125,-0.0078125,0.02734375,822,1718380334094,1718377660,53,0,1,1029970,-0.001953125,0,0
1,800,1718391133859,1718391364770,1,0,0,1,0,7,7,0,0,0,4,0,0,823,1718391357159,1718388061,54,0,1,7611,0.766601562,-0.416625977,0.108337402,0.47644043,-1.3331219,-0.565146625,0.729898214,3.14160156,822,1718383331173,1718378061,53,3,1,8033597,-0.00390625,0.00390625,0.02734375,823,1718390339226,1718388160,54,0,1,1025544,0.001953125,0,0
1,801,1718401133859,1718401363958,1,0,0,1,0,7,7,0,0,0,4,0,0,824,1718401355403,1718398059,55,0,1,8555,0.766601562,-0.416625977,0.108398438,0.47644043,-1.33310568,-0.565077722,0.729980826,3.14160156,823,1718393358841,1718388475,54,3,1,8005117,-0.00390625,0.00390625,0.02734375,824,1718400335840,1718398060,55,0,1,1028118,0.00390625,0,0.00390625
1,802,1718411133859,1718411359164,1,0,0,1,0,7,7,0,0,0,4,0,0,825,1718411353516,1718408059,56,0,1,5648,0.766601562,-0.416625977,0.108398438,0.47644043,-1.33310568,-0.565077722,0.729980826,3.14160156,824,1718403331419,1718397760,55,3,1,8027745,-0.00390625,0.00390625,0.02734375,825,1718410329083,1718408060,56,0,1,1030081,-0.001953125,0,0
1,803,1718421133859,1718421360037,1,0,0,1,0,7,7,0,0,0,4,0,0,826,1718421354463,1718417759,57,0,1,5574,0.766601562,-0.416625977,0.108398438,0.47644043,-1.33310568,-0.565077722,0.729980826,3.14160156,825,1718413324310,1718408460,56,3,1,8035727,0.00390625,0.00390625,-0.01171875,826,1718420333623,1718418060,57,0,1,1026414,0,-0.001953125,0
1,804,1718431133859,1718431360873,1,0,0,1,0,7,7,0,0,0,4,0,0,827,1718431355280,1718427961,58,0,1,5593,0.766601562,-0.416625977,0.108398438,0.47644043,-1.33310568,-0.565077722,0.729980826,3.14160156,826,1718423330146,1718418060,57,3,1,8030727,-0.0078125,-0.03125,0.02734375,827,1718430329644,1718427860,58,0,1,1031229,0,0.001953125,-0.001953125
1,805,1718441133859,1718441361523,1,0,0,1,0,7,7,0,0,0,4,0,0,828,1718441355709,1718437761,59,0,1,5814,0.766601562,-0.416625977,0.108398438,0.47644043,-1.33310568,-0.565077722,0.729980826,3.14160156,827,1718433329889,1718428060,58,3,1,8031634,-0.0078125,-0.0234375,0.02734375,828,1718440329887,1718438058,59,0,1,1031636,0.00390625,-0.00390625,0.005859375
1,806,1718451133859,1718451370599,1,0,0,1,0,7,7,0,0,0,4,0,0,829,1718451363952,1718447967,60,0,1,6647,0.766601562,-0.416564941,0.108398438,0.47644043,-1.33310199,-0.564966917,0.729929447,3.14160156,828,1718443331762,1718437760,59,3,1,8038837,0.00390625,0.01171875,-0.01171875,829,1718450330334,1718448065,60,0,1,1040265,0.005859375,-0.00390625,-0.00390625
1,807,1718461133859,1718461388824,1,0,0,1,0,7,7,0,0,0,4,0,0,830,1718461382305,1718457964,61,0,1,6519,0.766601562,-0.416564941,0.108398438,0.47644043,-1.33310199,-0.564966917,0.729929447,3.14160156,829,1718453325986,1718448261,60,3,1,8062838,0.00390625,0.01171875,-0.01171875,830,1718460355984,1718458062,61,0,1,1032840,-0.001953125,0.001953125,0
1,808,1718471133859,1718471389382,1,0,0,1,0,7,7,0,0,0,4,0,0,831,1718471382493,1718467964,62,0,1,6889,0.766601562,-0.416564941,0.108398438,0.47644043,-1.33310199,-0.564966917,0.729929447,3.14160156,830,1718463352081,1718458263,61,3,1,8037301,-0.00390625,0.01171875,-0.01171875,831,1718470355467,1718468063,62,0,1,1033915,0,0,0
1,809,1718481133859,1718481357015,1,0,0,1,0,7,6,1,0,0,4,0,0,831,1718471382493,1718467964,62,0,1,9974522,0.766601562,-0.416564941,0.108398438,0.47644043,-1.33310199,-0.564966917,0.729929447,3.14160156,831,1718473352472,1718468063,62,3,1,8004543,-0.00390625,0.01171875,-0.05078125,832,1718481352107,1718478463,63,0,1,4908,-0.001953125,-0.00390625,0
1,810,1718491133859,1718491388609,1,0,0,1,0,7,7,0,0,1,4,0,0,833,1718491382053,1718487563,64,0,1,6556,0.766601562,-0.416625977,0.108337402,0.47644043,-1.3331219,-0.565146625,0.729898214,3.14160156,832,1718484352278,1718477963,63,3,1,7036331,-0.00390625,0.01171875,0.02734375,833,1718490356787,1718488063,64,0,1,1031822,-0.001953125,0,0
1,811,1718501133859,1718501388352,1,0,0,1,0,7,7,0,0,0,4,0,0,834,1718501381482,1718497764,65,0,1,6870,0.766601562,-0.416625977,0.108337402,0.47644043,-1.3331219,-0.565146625,0.729898214,3.14160156,833,1718493354329,1718487863,64,3,1,8034023,-0.015625,-0.0234375,-0.01171875,834,1718500352549,1718498063,65,0,1,1035803,0.001953125,0,-0.001953125
1,812,1718511133859,1718511387336,1,0,0,1,0,7,7,0,0,0,4,0,0,835,1718511381114,1718507764,66,0,1,6222,0.766601562,-0.416625977,0.108337402,0.47644043,-1.3331219,-0.565146625,0.729898214,3.14160156,834,1718503352405,1718497563,65,3,1,8034931,-0.00390625,0.01171875,-0.01171875,835,1718510352774,1718508063,66,0,1,1034562,0.001953125,-0.001953125,-0.001953125
1,813,1718521133859,1718521387412,1,0,0,1,0,7,7,0,0,0,4,0,0,836,1718521381098,1718517964,67,0,1,6314,0.766601562,-0.416625977,0.108337402,0.47644043,-1.3331219,-0.565146625,0.729898214,3.14160156,835,1718513352630,1718508263,66,3,1,8034782,0.03125,0,-0.01171875,836,1718520351776,1718517663,67,0,1,1035636,0.00390625,0,0.001953125
1,814,1718531133859,1718531388174,1,0,0,1,0,7,7,0,0,0,4,0,0,837,1718531381896,1718527964,68,0,1,6278,0.766662598,-0.416625977,0.108337402,0.47644043,-1.33292282,-0.565206826,0.729762137,3.14160156,836,1718523352910,1718517863,67,3,1,8035264,-0.015625,-0.0234375,0.02734375,837,1718530352630,1718528063,68,0,1,1035544,0,0.001953125,-0.001953125
1,815,1718541133859,1718541387565,1,0,0,1,0,7,7,0,0,0,4,0,0,838,1718541381269,1718537964,69,0,1,6296,0.766601562,-0.416625977,0.108337402,0.47644043,-1.3331219,-0.565146625,0.729898214,3.14160156,837,1718533352875,1718528063,68,3,1,8034690,-0.00390625,0.01171875,-0.01171875,838,1718540351855,1718538062,69,0,1,1035710,-0.001953125,0,0
1,816,1718551133859,1718551389216,1,0,0,1,0,7,7,0,0,0,4,0,0,839,1718551382771,1718547765,70,0,1,6445,0.766601562,-0.416625977,0.108337402,0.47644043,-1.3331219,-0.565146625,0.729898214,3.14160156,838,1718543352656,1718537563,69,3,1,8036560,-0.00390625,0.01171875,-0.01171875,839,1718550358246,1718547867,70,0,1,1030970,0,0,0
1,817,1718561133859,1718561391533,1,0,0,1,0,7,7,0,0,0,4,0,0,840,1718561384403,1718557365,71,0,1,7130,0.766601562,-0.416625977,0.108337402,0.47644043,-1.3331219,-0.565146625,0.729898214,3.14160156,839,1718553354121,1718548064,70,3,1,8037412,-0.00390625,0.01171875,-0.05078125,840,1718560354026,1718557861,71,0,1,1037507,0.00390625,-0.001953125,0.001953125
1,818,1718571133859,1718571388017,1,0,0,1,0,7,7,0,0,0,4,0,0,841,1718571381628,1718567763,72,0,1,6389,0.766662598,-0.416564941,0.108337402,0.47644043,-1.33291912,-0.565096021,0.729710817,3.14160156,840,1718563353605,1718557764,71,3,1,8034412,0.03125,0,0.02734375,841,1718570352214,1718568063,72,0,1,1035803,0.001953125,-0.00390625,0
1,819,1718581133859,1718581387964,1,0,0,1,0,7,7,0,0,0,4,0,0,842,1718581381668,1718577764,73,0,1,6296,0.766662598,-0.416564941,0.108337402,0.47644043,-1.33291912,-0.565096021,0.729710817,3.14160156,841,1718573351163,1718567861,72,3,1,8036801,0.03125,0,0.02734375,842,1718580352346,1718577863,73,0,1,1035618,0.001953125,-0.00390625,0.001953125
1,820,1718591133859,1718591388466,1,0,0,1,0,7,7,0,0,0,4,0,0,843,1718591382300,1718587764,74,0,1,6166,0.766662598,-0.416564941,0.108337402,0.47644043,-1.33291912,-0.565096021,0.729710817,3.14160156,842,1718583349406,1718577560,73,3,1,8039060,-0.00390625,0.01171875,-0.01171875,843,1718590356052,1718587863,74,0,1,1032414,-0.001953125,0.001953125,0
1,821,1718601133859,1718601388117,1,0,0,1,0,7,7,0,0,0,4,0,0,844,1718601381654,1718597764,75,0,1,6463,0.766601562,-0.416625977,0.108276367,0.47644043,-1.33313823,-0.565215468,0.729815662,3.14160156,843,1718593353742,1718588063,74,3,1,8034375,-0.0390625,0.02734375,-0.01171875,844,1718600352518,1718598063,75,0,1,1035599,-0.001953125,-0.001953125,-0.001953125
1,822,1718611133859,1718611387212,1,0,0,1,0,7,7,0,0,0,4,0,0,845,1718611380823,1718607364,76,0,1,6389,0.766662598,-0.416625977,0.108276367,0.47644043,-1.33293903,-0.565275609,0.729679525,3.14160156,844,1718603351633,1718598062,75,3,1,8035579,-0.00390625,0.00390625,-0.01171875,845,1718610351668,1718607862,76,0,1,1035544,0.00390625,-0.001953125,-0.001953125
1,823,1718621133859,1718621386529,1,0,0,1,0,7,7,0,0,0,4,0,0,846,1718621380288,1718617564,77,0,1,6241,0.766662598,-0.416564941,0.108276367,0.47644043,-1.33293533,-0.565164804,0.729628205,3.14160156,845,1718613350913,1718607862,76,3,1,8035616,0.03125,-0.0078125,-0.01171875,846,1718620351152,1718617463,77,0,1,1035377,0,0,-0.001953125
1,824,1718631133859,1718631168223,1,0,0,1,0,7,7,0,0,0,4,0,0,847,1718630380468,1718627264,78,0,1,787755,0.766662598,-0.416564941,0.108276367,0.47644043,-1.33293533,-0.565164804,0.729628205,3.14160156,846,1718623350471,1718617562,77,3,1,7817752,0.03125,-0.0078125,-0.01171875,847,1718629351425,1718627063,78,0,1,1816798,0,0,0
1,825,1718641133859,1718641386719,1,0,0,1,0,7,7,0,0,0,4,0,0,848,1718641380478,1718637364,79,0,1,6241,0.766662598,-0.416564941,0.108276367,0.47644043,-1.33293533,-0.565164804,0.729628205,3.14160156,847,1718632351818,1718627463,78,3,1,9034901,-0.00390625,0.00390625,-0.01171875,848,1718640350749,1718638062,79,0,1,1035970,0,0,0.001953125
1,826,1718651133859,1718651388962,1,0,0,1,0,7,7,0,0,0,4,0,0,849,1718651382833,1718647564,80,0,1,6129,0.766662598,-0.416625977,0.108337402,0.47644043,-1.33292282,-0.565206826,0.729762137,3.14160156,848,1718643352661,1718636963,79,3,1,8036301,-0.00390625,0.00390625,-0.01171875,849,1718650359363,1718647867,80,0,1,1029599,-0.00390625,0.00390625,-0.001953125
1,827,1718661133859,1718661387707,1,0,0,1,0,7,7,0,0,0,4,0,0,850,1718661381522,1718657564,81,0,1,6185,0.766662598,-0.416625977,0.108337402,0.47644043,-1.33292282,-0.565206826,0.729762137,3.14160156,849,1718653352090,1718647863,80,3,1,8035617,-0.0390625,0.01953125,-0.01171875,850,1718660353607,1718657863,81,0,1,1034100,0.001953125,0.001953125,-0.001953125
1,828,1718671133859,1718671387654,1,0,0,1,0,7,7,0,0,0,4,0,0,851,1718671381506,1718667564,82,0,1,6148,0.766662598,-0.416625977,0.108337402,0.47644043,-1.33292282,-0.565206826,0.729762137,3.14160156,850,1718663352427,1718657863,81,3,1,8035227,-0.015625,-0.03125,-0.01171875,851,1718670351666,1718667862,82,0,1,1035988,0,-0.001953125,0
1,829,1718681133859,1718681388195,1,0,0,1,0,7,7,0,0,0,4,0,0,852,1718681381806,1718677364,83,0,1,6389,0.766662598,-0.416625977,0.108337402,0.476379395,-1.33289671,-0.565222502,0.729809105,3.14160156,851,1718673352226,1718667763,82,3,1,8035969,-0.00390625,0.00390625,-0.01171875,852,1718680352669,1718677863,83,0,1,1035526,0.00390625,0,-0.001953125
1,830,1718691133859,1718691387994,1,0,0,1,0,7,7,0,0,0,4,0,0,853,1718691381735,1718687564,84,0,1,6259,0.766662598,-0.416564941,0.108337402,0.476379395,-1.33289301,-0.565111637,0.729757726,3.14160156,852,1718683352304,1718677363,83,3,1,8035690,-0.00390625,0.00390625,-0.01171875,853,1718690356580,1718687663,84,0,1,1031414,0.001953125,-0.001953125,0
1,831,1718701133859,1718701168708,1,0,0,1,0,7,7,0,0,0,4,0,0,854,1718700381583,1718697064,85,0,1,787125,0.766662598,-0.416564941,0.108337402,0.47644043,-1.33291912,-0.565096021,0.729710817,3.14160156,853,1718693352974,1718687863,84,3,1,7815734,-0.00390625,0.00390625,-0.01171875,854,1718699352242,1718696863,85,0,1,1816466,-0.001953125,0,0.001953125
1,832,1718711133859,1718711388149,1,0,0,1,0,7,7,0,0,0,4,0,0,855,1718711381927,1718707564,86,0,1,6222,0.766662598,-0.416564941,0.108337402,0.47644043,-1.33291912,-0.565096021,0.729710817,3.14160156,854,1718702352858,1718697463,85,3,1,9035291,0.03125,-0.0078125,-0.01171875,855,1718710352513,1718708063,86,0,1,1035636,0.00390625,0,0.001953125
1,833,1718721133859,1718721388023,1,0,0,1,0,7,7,0,0,0,4,0,0,856,1718721381764,1718717564,87,0,1,6259,0.766662598,-0.416564941,0.108337402,0.47644043,-1.33291912,-0.565096021,0.729710817,3.14160156,855,1718713352888,1718707563,86,3,1,8035135,-0.00390625,0.00390625,0.02734375,856,1718720352349,1718717663,87,0,1,1035674,-0.001953125,-0.001953125,-0.001953125
1,834,1718731133859,1718731388137,1,0,0,1,0,7,7,0,0,0,4,0,0,857,1718731381859,1718727564,88,0,1,6278,0.766662598,-0.416564941,0.108337402,0.47644043,-1.33291912,-0.565096021,0.729710817,3.14160156,856,1718723352613,1718717363,87,3,1,8035524,-0.00390625,0.00390625,-0.01171875,857,1718730353130,1718727863,88,0,1,1035007,-0.001953125,-0.001953125,0
1,835,1718741133859,1718741388492,1,0,0,1,0,7,7,0,0,0,4,0,0,858,1718741382177,1718737364,89,0,1,6315,0.766662598,-0.416625977,0.108276367,0.47644043,-1.33293903,-0.565275609,0.729679525,3.14160156,857,1718733352616,1718727763,88,3,1,8035876,-0.00390625,0.00390625,0.02734375,858,1718740351948,1718737861,89,0,1,1036544,-0.00390625,-0.001953125,-0.001953125
1,836,1718751133859,1718751388847,1,0,0,1,0,7,7,0,0,0,4,0,0,859,1718751382514,1718747164,90,0,1,6333,0.766662598,-0.416625977,0.108276367,0.47644043,-1.33293903,-0.565275609,0.729679525,3.14160156,858,1718743353027,1718737563,89,3,1,8035820,0.03125,-0.0078125,0.02734375,859,1718750358563,1718747867,90,0,1,1030284,-0.001953125,0,-0.001953125
1,837,1718761133859,1718761387906,1,0,0,1,0,7,7,0,0,0,4,0,0,860,1718761381536,1718757364,91,0,1,6370,0.766662598,-0.416625977,0.108276367,0.476379395,-1.33291292,-0.565291286,0.729726493,3.14160156,859,1718753352790,1718747763,90,3,1,8035116,-0.00390625,0.00390625,0.02734375,860,1718760352640,1718757463,91,0,1,1035266,0,0.001953125,-0.001953125
1,838,1718771133859,1718771168749,1,0,0,1,0,7,7,0,0,0,4,0,0,861,1718770382106,1718766964,92,0,1,786643,0.766662598,-0.416625977,0.108276367,0.476379395,-1.33291292,-0.565291286,0.729726493,3.14160156,860,1718763352756,1718757363,91,3,1,7815993,0.01953125,-0.04296875,-0.01171875,861,1718769351895,1718767063,92,0,1,1816854,0,0,0
1,839,1718781133859,1718781168827,1,0,0,1,0,7,7,0,0,0,4,0,0,862,1718780382053,1718777064,93,0,1,786774,0.766662598,-0.416625977,0.108276367,0.476379395,-1.33291292,-0.565291286,0.729726493,3.14160156,861,1718772352807,1718767263,92,3,1,8816020,-0.0390625,0.01953125,-0.01171875,862,1718779352158,1718776862,93,0,1,1816669,0.001953125,-0.001953125,0
1,840,1718791133859,1718791388286,1,0,0,1,0,7,7,0,0,0,4,0,0,863,1718791382046,1718787364,94,0,1,6240,0.766662598,-0.416625977,0.108276367,0.476379395,-1.33291292,-0.565291286,0.729726493,3.14160156,862,1718782352996,1718776863,93,3,1,9035290,-0.00390625,0.00390625,0.02734375,863,1718790355835,1718787863,94,0,1,1032451,0,0,0
1,841,1718801133859,1718801388956,1,0,0,1,0,7,7,0,0,0,4,0,0,864,1718801382253,1718797364,95,0,1,6703,0.766662598,-0.416564941,0.108276367,0.476379395,-1.33290923,-0.56518048,0.729675114,3.14160156,863,1718793352988,1718787763,94,3,1,8035968,-0.00390625,0.00390625,-0.01171875,864,1718800352764,1718797663,95,0,1,1036192,0.005859375,-0.00390625,-0.001953125
1,842,1718811133859,1718811168614,1,0,0,1,0,7,7,0,0,0,4,0,0,865,1718810381952,1718807264,96,0,1,786662,0.766662598,-0.416564941,0.108276367,0.476379395,-1.33290923,-0.56518048,0.729675114,3.14160156,864,1718803353325,1718797563,95,3,1,7815289,-0.00390625,0.00390625,-0.01171875,865,1718809352408,1718807063,96,0,1,1816206,0.001953125,0,0
1,843,1718821133859,1718821166081,1,0,0,1,0,7,7,0,0,0,4,0,0,866,1718820381974,1718817264,97,0,1,784107,0.766662598,-0.416564941,0.108276367,0.476379395,-1.33290923,-0.56518048,0.729675114,3.14160156,865,1718812352746,1718807663,96,3,1,8813335,-0.00390625,0.00390625,-0.01171875,866,1718819355245,1718817063,97,0,1,1810836,0,0,-0.001953125
1,844,1718831133859,1718831168473,1,0,0,1,0,7,7,0,0,0,4,0,0,867,1718830381496,1718827264,98,0,1,786977,0.766662598,-0.416564941,0.108276367,0.476379395,-1.33290923,-0.56518048,0.729675114,3.14160156,866,1718822353268,1718816863,97,3,1,8815205,-0.00390625,0.00390625,-0.01171875,867,1718829353044,1718826863,98,0,1,1815429,-0.001953125,0,-0.001953125
1,845,1718841133859,1718841388192,1,0,0,1,0,7,7,0,0,0,4,0,0,868,1718841381673,1718837364,99,0,1,6519,0.766662598,-0.416564941,0.108276367,0.476379395,-1.33290923,-0.56518048,0.729675114,3.14160156,867,1718832353253,1718827663,98,3,1,9034939,-0.00390625,0.00390625,0.02734375,868,1718840352722,1718837863,99,0,1,1035470,0,0.00390625,0.001953125
1,846,1718851133859,1718851168979,1,0,0,1,0,7,7,0,0,0,4,0,0,869,1718850387113,1718847067,100,0,1,781866,0.766662598,-0.416625977,0.108276367,0.476379395,-1.33291292,-0.565291286,0.729726493,3.14160156,868,1718843352486,1718837763,99,3,1,7816493,-0.00390625,0.00390625,-0.01171875,869,1718849352384,1718846863,100,0,1,1816595,-0.001953125,0,-0.001953125
1,847,1718861133859,1718861387846,1,0,0,1,0,7,7,0,0,0,4,0,0,870,1718861381550,1718857164,101,0,1,6296,0.766662598,-0.416625977,0.108276367,0.476379395,-1.33291292,-0.565291286,0.729726493,3.14160156,869,1718852353482,1718847263,100,3,1,9034364,-0.015625,-0.03125,-0.01171875,870,1718860352377,1718857663,101,0,1,1035469,-0.001953125,0,-0.001953125
1,848,1718871133859,1718871168319,1,0,0,1,0,7,7,0,0,0,4,0,0,871,1718870381342,1718867064,102,0,1,786977,0.766662598,-0.416625977,0.108276367,0.476379395,-1.33291292,-0.565291286,0.729726493,3.14160156,870,1718863352919,1718856963,101,3,1,7815400,-0.00390625,0.00390625,-0.01171875,871,1718869352465,1718866863,102,0,1,1815854,0.00390625,0,-0.001953125
1,849,1718881133859,1718881169415,1,0,0,1,0,7,7,0,0,0,4,0,0,872,1718880383938,1718877064,103,0,1,785477,0.766662598,-0.416625977,0.108276367,0.476379395,-1.33291292,-0.565291286,0.729726493,3.14160156,871,1718872352747,1718867463,102,3,1,8816668,0.03125,-0.0078125,-0.01171875,872,1718879347042,1718876863,103,0,1,1822373,0,-0.001953125,0
1,850,1718891133859,1718891168400,1,0,0,1,0,7,7,0,0,0,4,0,0,873,1718890382034,1718887064,104,0,1,786366,0.766662598,-0.416625977,0.108276367,0.476379395,-1.33291292,-0.565291286,0.729726493,3.14160156,872,1718882353399,1718877264,103,3,1,8815001,-0.015625,-0.03125,-0.01171875,873,1718889355268,1718887063,104,0,1,1813132,-0.00390625,0,-0.00390625
1,851,1718901133859,1718901390174,1,0,0,1,0,7,7,0,0,0,4,0,0,874,1718901382119,1718896964,105,0,1,8055,0.766662598,-0.416625977,0.108276367,0.476379395,-1.33291292,-0.565291286,0.729726493,3.14160156,873,1718892353235,1718887264,104,3,1,9036939,-0.00390625,0.00390625,-0.01171875,874,1718900365575,1718897463,105,0,1,1024599,-0.00390625,0.00390625,0.001953125
1,852,1718911133859,1718911168536,1,0,0,1,0,7,7,0,0,0,4,0,0,875,1718910382466,1718907264,106,0,1,786070,0.766662598,-0.416625977,0.108276367,0.476379395,-1.33291292,-0.565291286,0.729726493,3.14160156,874,1718903353672,1718896964,105,3,1,7814864,0.03125,-0.0078125,0.02734375,875,1718909354515,1718907063,106,0,1,1814021,0.001953125,0,0
1,853,1718921133859,1718921168336,1,0,0,1,0,7,7,0,0,0,4,0,0,876,1718920381248,1718916964,107,0,1,787088,0.766662598,-0.416625977,0.108276367,0.476379395,-1.33291292,-0.565291286,0.729726493,3.14160156,875,1718912350075,1718907661,106,3,1,8818261,-0.00390625,0.00390625,-0.01171875,876,1718919355648,1718916863,107,0,1,1812688,-0.00390625,0,0
1,854,1718931133859,1718931167802,1,0,0,1,0,7,7,0,0,0,4,0,0,877,1718930380955,1718926963,108,0,1,786847,0.766662598,-0.416625977,0.108276367,0.476379395,-1.33291292,-0.565291286,0.729726493,3.14160156,876,1718922352116,1718916863,107,3,1,8815686,-0.00390625,0.00390625,-0.01171875,877,1718929351151,1718926662,108,0,1,1816651,0.001953125,-0.00390625,0
1,855,1718941133859,1718941167787,1,0,0,1,0,7,7,0,0,0,4,0,0,878,1718940380143,1718936963,109,0,1,787644,0.766662598,-0.416625977,0.108276367,0.476379395,-1.33291292,-0.565291286,0.729726493,3.14160156,877,1718932351249,1718927263,108,3,1,8816538,-0.00390625,0.00390625,-0.01171875,878,1718939350821,1718936662,109,0,1,1816966,0,0,0
1,856,1718951133859,1718951169253,1,0,0,1,0,7,7,0,0,0,4,0,0,879,1718950388609,1718946968,110,0,1,780644,0.766662598,-0.416625977,0.108276367,0.476379395,-1.33291292,-0.565291286,0.729726493,3.14160156,878,1718942351270,1718937262,109,3,1,8817983,-0.00390625,0.00390625,-0.01171875,879,1718949350602,1718946662,110,0,1,1818651,0,-0.001953125,-0.001953125
1,857,1718961133859,1718961168719,1,0,0,1,0,7,7,0,0,0,4,0,0,880,1718960382113,1718956764,111,0,1,786606,0.766662598,-0.416625977,0.108276367,0.476379395,-1.33291292,-0.565291286,0.729726493,3.14160156,879,1718952353107,1718947263,110,3,1,8815612,0.03125,-0.0078125,-0.01171875,880,1718959354235,1718957063,111,0,1,1814484,0,0,0
1,858,1718971133859,1718971168259,1,0,0,1,0,7,7,0,0,0,4,0,0,881,1718970381301,1718966964,112,0,1,786958,0.766662598,-0.416625977,0.108276367,0.476379395,-1.33291292,-0.565291286,0.729726493,3.14160156,880,1718962352703,1718956763,111,3,1,8815556,-0.00390625,0.00390625,0.02734375,881,1718969354720,1718966863,112,0,1,1813539,-0.001953125,0.00390625,0
1,859,1718981133859,1718981168744,1,0,0,1,0,7,7,0,0,0,4,0,0,882,1718980381989,1718977064,113,0,1,786755,0.766662598,-0.416687012,0.108276367,0.476379395,-1.33291662,-0.565402091,0.729777813,3.14160156,881,1718972351854,1718967263,112,3,1,8816890,0.01171875,0.04296875,0.06640625,882,1718979350557,1718976860,113,0,1,1818187,-0.00390625,0.00390625,-0.001953125
1,860,1718991133859,1718991168433,1,0,0,1,0,7,7,0,0,0,4,0,0,883,1718990381437,1718986964,114,0,1,786996,0.766662598,-0.416687012,0.108276367,0.476379395,-1.33291662,-0.565402091,0.729777813,3.14160156,882,1718982352432,1718977263,113,3,1,8816001,-0.00390625,0.00390625,-0.05078125,883,1718989356282,1718986863,114,0,1,1812151,-0.00390625,-0.001953125,-0.001953125
1,861,1719001133859,1719001168529,1,0,0,1,0,7,7,0,0,0,4,0,0,884,1719000381329,1718996964,115,0,1,787200,0.766662598,-0.416687012,0.108276367,0.476379395,-1.33291662,-0.565402091,0.729777813,3.14160156,883,1718992352954,1718986863,114,3,1,8815575,-0.02734375,-0.06640625,0.02734375,884,1718999358915,1718996465,115,0,1,1809614,0.001953125,0.001953125,0.005859375
1,862,1719011133859,1719011165162,1,0,0,1,0,7,7,0,0,0,4,0,0,885,1719010378166,1719006961,116,0,1,786996,0.766662598,-0.416687012,0.108276367,0.476379395,-1.33291662,-0.565402091,0.729777813,3.14160156,884,1719002352809,1718996863,115,3,1,8812353,-0.00390625,-0.11328125,0.06640625,885,1719009353289,1719006860,116,0,1,1811873,0.005859375,0.001953125,0.005859375
1,863,1719021133859,1719021168850,1,0,0,1,0,7,7,0,0,0,4,0,0,886,1719020381743,1719016964,117,0,1,787107,0.766662598,-0.416625977,0.108276367,0.476379395,-1.33291292,-0.565291286,0.729726493,3.14160156,885,1719012348349,1719007260,116,3,1,8820501,0.0078125,0.04296875,-0.08984375,886,1719019356125,1719017063,117,0,1,1812725,0.001953125,-0.009765625,-0.009765625
1,864,1719031133859,1719031168557,1,0,0,1,0,7,7,0,0,0,4,0,0,887,1719030381821,1719026764,118,0,1,786736,0.766662598,-0.416625977,0.108215332,0.476379395,-1.33292902,-0.565360188,0.729643881,3.14160156,886,1719022352852,1719017063,117,3,1,8815705,0.0078125,0.04296875,-0.01171875,887,1719029352277,1719027063,118,0,1,1816280,-0.00390625,-0.001953125,-0.001953125
1,865,1719041133859,1719041168301,1,0,0,1,0,7,7,0,0,0,4,0,0,888,1719040381435,1719036964,119,0,1,786866,0.766662598,-0.416625977,0.108215332,0.476379395,-1.33292902,-0.565360188,0.729643881,3.14160156,887,1719032352170,1719027063,118,3,1,8816131,-0.00390625,0.00390625,0.02734375,888,1719039352299,1719036663,119,0,1,1816002,-0.005859375,0.005859375,0.005859375
1,866,1719051133859,1719051169323,1,0,0,1,0,7,7,0,0,0,4,0,0,889,1719050388438,1719046968,120,0,1,780885,0.766601562,-0.416687012,0.108276367,0.476379395,-1.33311582,-0.56534189,0.72991395,3.14160156,888,1719042352544,1719036863,119,3,1,8816779,-0.05078125,-0.015625,0.02734375,889,1719049352228,1719047063,120,0,1,1817095,-0.00390625,0,0.00390625
1,867,1719061133859,1719061168419,1,0,0,1,0,7,7,0,0,0,4,0,0,890,1719060382220,1719056764,121,0,1,786199,0.766601562,-0.416687012,0.108276367,0.476379395,-1.33311582,-0.56534189,0.72991395,3.14160156,889,1719052352992,1719047263,120,3,1,8815427,0.0078125,0.04296875,-0.01171875,890,1719059352250,1719057061,121,0,1,1816169,0.001953125,-0.001953125,0
1,868,1719071133859,1719071168311,1,0,0,1,0,7,7,0,0,0,4,0,0,891,1719070381352,1719066764,122,0,1,786959,0.766601562,-0.416687012,0.108215332,0.476379395,-1.33313191,-0.565410793,0.729831338,3.14160156,890,1719062353014,1719056363,121,3,1,8815297,-0.00390625,0.00390625,-0.01171875,891,1719069351605,1719066662,122,0,1,1816706,0.001953125,-0.001953125,-0.00390625
1,869,1719081133859,1719081168518,1,0,0,1,0,7,7,0,0,0,4,0,0,892,1719080381430,1719076764,123,0,1,787088,0.766601562,-0.416687012,0.108215332,0.476379395,-1.33313191,-0.565410793,0.729831338,3.14160156,891,1719072352610,1719066863,122,3,1,8815908,-0.00390625,0.00390625,0.02734375,892,1719079351460,1719076862,123,0,1,1817058,-0.00390625,0.005859375,-0.001953125
1,870,1719091133859,1719091168873,1,0,0,1,0,7,7,0,0,0,4,0,0,893,1719090381915,1719086764,124,0,1,786958,0.766601562,-0.416687012,0.108276367,0.476379395,-1.33311582,-0.56534189,0.72991395,3.14160156,892,1719082352057,1719077063,123,3,1,8816816,-0.015625,-0.03125,0.02734375,893,1719089355519,1719087063,124,0,1,1813354,-0.001953125,0.00390625,0
1,871,1719101133859,1719101168562,1,0,0,1,0,7,7,0,0,0,4,0,0,894,1719100381696,1719096564,125,0,1,786866,0.766601562,-0.416687012,0.108276367,0.476379395,-1.33311582,-0.56534189,0.72991395,3.14160156,893,1719092353190,1719086763,124,3,1,8815372,0.0078125,0.04296875,-0.01171875,894,1719099351874,1719096862,125,0,1,1816688,0,0.001953125,-0.001953125
1,872,1719111133859,1719111168639,1,0,0,1,0,7,7,0,0,0,4,0,0,895,1719110381458,1719106764,126,0,1,787181,0.766601562,-0.416687012,0.108276367,0.476379395,-1.33311582,-0.56534189,0.72991395,3.14160156,894,1719102352027,1719096563,125,3,1,8816612,-0.0390625,0.01953125,-0.01171875,895,1719109351674,1719106862,126,0,1,1816965,0.001953125,-0.001953125,-0.001953125
1,873,1719121133859,1719121168753,1,0,0,1,0,7,7,0,0,0,4,0,0,896,1719120381665,1719116564,127,0,1,787088,0.766662598,-0.416687012,0.108276367,0.476379395,-1.33291662,-0.565402091,0.729777813,3.14160156,895,1719112353123,1719106863,126,3,1,8815630,-0.00390625,0.00390625,-0.05078125,896,1719119351899,1719116663,127,0,1,1816854,0.001953125,-0.00390625,-0.001953125
1,874,1719131133859,1719131168645,1,0,0,1,0,7,7,0,0,0,4,0,0,897,1719130381169,1719126564,128,0,1,787476,0.766662598,-0.416687012,0.108276367,0.476379395,-1.33291662,-0.565402091,0.729777813,3.14160156,896,1719122353126,1719116863,127,3,1,8815519,0.01953125,-0.04296875,-0.01171875,897,1719129352125,1719127063,128,0,1,1816520,0,-0.001953125,0
1,875,1719141133859,1719141168908,1,0,0,1,0,7,7,0,0,0,4,0,0,898,1719140379505,1719136562,129,0,1,789403,0.766601562,-0.416687012,0.108276367,0.476379395,-1.33311582,-0.56534189,0.72991395,3.14160156,897,1719132352463,1719126763,128,3,1,8816445,0.01953125,-0.04296875,-0.01171875,898,1719139353202,1719136463,129,0,1,1815706,-0.00390625,0.00390625,0.001953125
1,876,1719151133859,1719151169448,1,0,0,1,0,7,7,0,0,0,4,0,0,899,1719150387268,1719146368,130,0,1,782180,0.766601562,-0.416748047,0.108276367,0.476379395,-1.33311951,-0.565452754,0.72996527,3.14160156,898,1719142352484,1719136563,129,3,1,8816964,-0.00390625,0.00390625,-0.01171875,899,1719149351594,1719146863,130,0,1,1817854,-0.005859375,0,0
1,877,1719161133859,1719161167766,1,0,0,1,0,7,7,0,0,0,4,0,0,900,1719160380475,1719156563,131,0,1,787291,0.766601562,-0.416748047,0.108215332,0.476379395,-1.3331356,-0.565521657,0.729882658,3.14160156,899,1719152353932,1719146763,130,3,1,8813834,-0.0390625,0.01953125,-0.01171875,900,1719159351801,1719156862,131,0,1,1815965,-0.001953125,-0.001953125,0
1,878,1719171133859,1719171168103,1,0,0,1,0,7,7,0,0,0,4,0,0,901,1719170380978,1719166364,132,0,1,787125,0.766601562,-0.416748047,0.108215332,0.476379395,-1.3331356,-0.565521657,0.729882658,3.14160156,900,1719162351973,1719156363,131,3,1,8816130,-0.015625,-0.03125,0.02734375,901,1719169351434,1719167062,132,0,1,1816669,0.001953125,-0.001953125,-0.00390625
1,879,1719181133859,1719181168236,1,0,0,1,0,7,7,0,0,0,4,0,0,902,1719180380889,1719176563,133,0,1,787347,0.766601562,-0.416687012,0.108215332,0.476379395,-1.33313191,-0.565410793,0.729831338,3.14160156,901,1719172351568,1719166863,132,3,1,8816668,0.03125,-0.0078125,-0.01171875,902,1719179350697,1719176662,133,0,1,1817539,0.00390625,0,0
1,880,1719191133859,1719191168776,1,0,0,1,0,7,7,0,0,0,4,0,0,903,1719190381596,1719186364,134,0,1,787180,0.766601562,-0.416687012,0.108215332,0.476379395,-1.33313191,-0.565410793,0.729831338,3.14160156,902,1719182351498,1719176562,133,3,1,8817278,-0.0078125,-0.03125,0.02734375,903,1719189356070,1719186863,134,0,1,1812706,0,0.00390625,0.001953125
1,881,1719201133859,1719201168761,1,0,0,1,0,7,7,0,0,0,4,0,0,904,1719200381710,1719196364,135,0,1,787051,0.766601562,-0.416748047,0.108276367,0.476379395,-1.33311951,-0.565452754,0.72996527,3.14160156,903,1719192354371,1719186763,134,3,1,8814390,0.00390625,0.00390625,0.02734375,904,1719199352796,1719196863,135,0,1,1815965,-0.00390625,0.00390625,0
1,882,1719211133859,1719211168413,1,0,0,1,0,7,7,0,0,0,4,0,0,905,1719210381362,1719206364,136,0,1,787051,0.766601562,-0.416748047,0.108276367,0.476379395,-1.33311951,-0.565452754,0.72996527,3.14160156,904,1719202352597,1719195963,135,3,1,8815816,0.00390625,0.00390625,-0.01171875,905,1719209351781,1719206662,136,0,1,1816632,0.001953125,0.001953125,0
1,883,1719221133859,1719221165953,1,0,0,1,0,7,7,0,0,0,4,0,0,906,1719220381383,1719216164,137,0,1,784570,0.766601562,-0.416748047,0.108276367,0.476379395,-1.33311951,-0.565452754,0.72996527,3.14160156,905,1719212352526,1719206763,136,3,1,8813427,0.00390625,0.00390625,-0.05078125,906,1719219353006,1719216663,137,0,1,1812947,0.00390625,0,0
1,884,1719231133859,1719231168493,1,0,0,1,0,7,7,0,0,0,4,0,0,907,1719230381387,1719226364,138,0,1,787106,0.766601562,-0.416687012,0.108276367,0.476379395,-1.33311582,-0.56534189,0.72991395,3.14160156,906,1719222352807,1719216563,137,3,1,8815686,0.00390625,0.00390625,-0.01171875,907,1719229351861,1719226863,138,0,1,1816632,0.001953125,-0.00390625,0
1,885,1719241133859,1719241168552,1,0,0,1,0,7,7,0,0,0,4,0,0,908,1719240381223,1719236164,139,0,1,787329,0.766601562,-0.416687012,0.108276367,0.476379395,-1.33311582,-0.56534189,0.72991395,3.14160156,907,1719232352033,1719226363,138,3,1,8816519,0.00390625,0.00390625,-0.01171875,908,1719239352013,1719236863,139,0,1,1816539,0,-0.001953125,0
1,886,1719251133859,1719251168907,1,0,0,1,0,7,7,0,0,0,4,0,0,909,1719250387226,1719246367,140,0,1,781681,0.766601562,-0.416687012,0.108276367,0.476379395,-1.33311582,-0.56534189,0.72991395,3.14160156,908,1719242352517,1719236163,139,3,1,8816390,0.00390625,0.00390625,-0.01171875,909,1719249352164,1719246863,140,0,1,1816743,0,-0.00390625,0
1,887,1719261133859,1719261357664,1,0,0,1,0,7,7,0,0,2,4,0,0,910,1719259382111,1719256264,141,0,1,1975553,0.766601562,-0.416687012,0.108276367,0.476379395,-1.33311582,-0.56534189,0.72991395,3.14160156,910,1719261352757,1719256463,141,3,1,4907,0.0390625,-0.0078125,0.06640625,910,1719258352641,1719255863,141,0,1,3005023,0.001953125,0.001953125,0
1,888,1719271133859,1719271355816,1,0,0,1,0,7,7,0,0,0,4,0,0,911,1719269381096,1719266263,142,0,1,1974720,0.766601562,-0.416687012,0.108276367,0.476379395,-1.33311582,-0.56534189,0.72991395,3.14160156,911,1719271350964,1719266462,142,3,1,4852,0.00390625,0.00390625,0.02734375,911,1719268352533,1719266062,142,0,1,3003283,0.001953125,0.001953125,0
1,889,1719281133859,1719281168158,1,0,0,1,0,7,5,2,0,0,4,0,0,912,1719280380144,1719276163,143,0,1,788014,0.766601562,-0.416687012,0.108337402,0.476379395,-1.33309948,-0.565273106,0.729996502,3.14160156,911,1719271350964,1719266462,142,3,1,9817194,0.00390625,0.00390625,0.02734375,912,1719279350600,1719276062,143,0,1,1817558,0.00390625,0,0
1,890,1719291133859,1719291356711,1,0,0,1,0,7,7,0,0,2,4,0,0,913,1719289381658,1719286063,144,0,1,1975053,0.766601562,-0.416687012,0.108337402,0.476379395,-1.33309948,-0.565273106,0.729996502,3.14160156,913,1719291351822,1719286262,144,3,1,4889,0.00390625,0.00390625,-0.05078125,913,1719288353984,1719285862,144,0,1,3002727,-0.001953125,0.001953125,0
1,891,1719301133859,1719301356251,1,0,0,1,0,7,7,0,0,0,4,0,0,914,1719299380402,1719296264,145,0,1,1975849,0.766601562,-0.416687012,0.108337402,0.476379395,-1.33309948,-0.565273106,0.729996502,3.14160156,914,1719301351326,1719296662,145,3,1,4925,0.00390625,0.00390625,-0.01171875,914,1719298351469,1719295862,145,0,1,3004782,-0.00390625,0.00390625,0
1,892,1719311133859,1719311360051,1,0,0,1,0,7,7,0,0,0,4,0,0,915,1719309384201,1719305963,146,0,1,1975850,0.766601562,-0.416687012,0.108337402,0.476379395,-1.33309948,-0.565273106,0.729996502,3.14160156,915,1719311354681,1719306463,146,3,1,5370,-0.0078125,-0.03125,-0.01171875,915,1719308353861,1719305862,146,0,1,3006190,0.001953125,0,0
1,893,1719321133859,1719321169245,1,0,0,1,0,7,5,2,0,0,4,0,0,916,1719320382416,1719316162,147,0,1,786829,0.766601562,-0.416687012,0.108337402,0.476379395,-1.33309948,-0.565273106,0.729996502,3.14160156,915,1719311354681,1719306463,146,3,1,9814564,-0.0078125,-0.03125,-0.01171875,916,1719319347595,1719316463,147,0,1,1821650,0,-0.001953125,-0.001953125
1,894,1719331133859,1719331360224,1,0,0,1,0,7,7,0,0,2,4,0,0,917,1719329381116,1719326064,148,0,1,1979108,0.766601562,-0.416687012,0.108337402,0.476379395,-1.33309948,-0.565273106,0.729996502,3.14160156,917,1719331355021,1719326463,148,3,1,5203,0.0390625,-0.0078125,0.02734375,917,1719328351923,1719326062,148,0,1,3008301,-0.005859375,0,-0.001953125
1,895,1719341133859,1719341357209,1,0,0,1,0,7,7,0,0,0,4,0,0,918,1719339380674,1719336263,149,0,1,1976535,0.766601562,-0.416687012,0.108337402,0.476379395,-1.33309948,-0.565273106,0.729996502,3.14160156,918,1719341352339,1719335763,149,3,1,4870,-0.00390625,0.00390625,-0.01171875,918,1719338352297,1719335862,149,0,1,3004912,0.001953125,0,0
1,896,1719351133859,1719351360879,1,0,0,1,0,7,7,0,0,0,4,0,0,919,1719349380715,1719346063,150,0,1,1980164,0.766601562,-0.416687012,0.108337402,0.476379395,-1.33309948,-0.565273106,0.729996502,3.14160156,919,1719351355509,1719346465,150,3,1,5370,-0.00390625,0.00390625,0.02734375,919,1719348351523,1719345663,150,0,1,3009356,0.001953125,0,0
1,897,1719361133859,1719361424751,1,0,0,1,0,7,7,0,0,0,4,0,0,920,1719359438013,1719355977,151,0,1,1986738,0.766601562,-0.416687012,0.108337402,0.476379395,-1.33309948,-0.565273106,0.729996502,3.14160156,920,1719361412399,1719356092,151,3,1,12352,-0.00390625,0.00390625,0.02734375,920,1719358400913,1719355868,151,0,1,3023838,0.001953125,0.001953125,-0.001953125
1,898,1719371133859,1719371414291,1,0,0,1,0,7,7,0,0,0,4,0,0,921,1719369392536,1719366065,152,0,1,2021755,0.766601562,-0.416687012,0.108337402,0.476379395,-1.33309948,-0.565273106,0.729996502,3.14160156,921,1719371401940,1719366481,152,3,1,12351,-0.00390625,0.00390625,-0.01171875,921,1719368392380,1719366062,152,0,1,3021911,0.00390625,0,0
1,899,1719381133859,1719381385351,1,0,0,1,0,7,7,0,0,0,4,0,0,922,1719379398872,1719375971,153,0,1,1986479,0.766601562,-0.416687012,0.108337402,0.476379395,-1.33309948,-0.565273106,0.729996502,3.14160156,922,1719381375648,1719375860,153,3,1,9703,-0.00390625,0.00390625,0.02734375,922,1719378388717,1719376064,153,0,1,2996634,0,-0.001953125,-0.00390625
1,900,1719391133859,1719391351652,1,0,0,1,0,7,7,0,0,0,4,0,0,923,1719389371876,1719386058,154,0,1,1979776,0.766662598,-0.416687012,0.108337402,0.476318359,-1.3328743,-0.565348864,0.729907274,3.14160156,923,1719391345818,1719386460,154,3,1,5834,0.03125,-0.0078125,0.02734375,923,1719388382739,1719385862,154,0,1,2968913,0,-0.001953125,-0.001953125
1,901,1719401133859,1719401352970,1,0,0,1,0,7,7,0,0,0,4,0,0,924,1719399380842,1719396062,155,0,1,1972128,0.766662598,-0.416687012,0.108337402,0.476318359,-1.3328743,-0.565348864,0.729907274,3.14160156,924,1719401347822,1719396461,155,3,1,5148,-0.00390625,0.00390625,0.02734375,924,1719398362928,1719395860,155,0,1,2990042,0.001953125,-0.001953125,-0.001953125
1,902,1719411133859,1719411359102,1,0,0,1,0,7,7,0,0,0,4,0,0,925,1719409381846,1719405961,156,0,1,1977256,0.766662598,-0.416687012,0.108337402,0.476318359,-1.3328743,-0.565348864,0.729907274,3.14160156,925,1719411353991,1719406063,156,3,1,5111,-0.015625,-0.03125,-0.01171875,925,1719408360116,1719405863,156,0,1,2998986,0,-0.001953125,0
1,903,1719421133859,1719421168685,1,0,0,1,0,7,5,2,0,0,4,0,0,926,1719420383801,1719415964,157,0,1,784884,0.766662598,-0.416687012,0.108337402,0.476318359,-1.3328743,-0.565348864,0.729907274,3.14160156,925,1719411353991,1719406063,156,3,1,9814694,-0.015625,-0.03125,-0.01171875,926,1719419359275,1719416463,157,0,1,1809410,-0.005859375,0.001953125,0
1,904,1719431133859,1719431358609,1,0,0,1,0,7,7,0,0,2,4,0,0,927,1719429383667,1719425764,158,0,1,1974942,0.766662598,-0.416687012,0.108337402,0.476318359,-1.3328743,-0.565348864,0.729907274,3.14160156,927,1719431353424,1719426063,158,3,1,5185,-0.015625,-0.0234375,-0.01171875,927,1719428357252,1719425863,158,0,1,3001357,0,0,0.001953125
1,905,1719441133859,1719441357427,1,0,0,1,0,7,7,0,0,0,4,0,0,928,1719439379911,1719435962,159,0,1,1977516,0.766662598,-0.416687012,0.108337402,0.476318359,-1.3328743,-0.565348864,0.729907274,3.14160156,928,1719441352224,1719435863,159,3,1,5203,-0.00390625,0.01171875,0.02734375,928,1719438356552,1719435663,159,0,1,3000875,0.00390625,-0.001953125,0
1,906,1719451133859,1719451364227,1,0,0,1,0,7,7,0,0,0,4,0,0,929,1719449381155,1719445764,160,0,1,1983072,0.766662598,-0.416687012,0.108337402,0.476379395,-1.3329004,-0.565333307,0.729860425,3.14160156,929,1719451358653,1719446267,160,3,1,5574,-0.015625,-0.03125,-0.01171875,929,1719448355167,1719445863,160,0,1,3009060,0.001953125,0,0.005859375
1,907,1719461133859,1719461316305,1,0,0,1,0,7,7,0,0,0,4,0,0,930,1719459336123,1719455960,161,0,1,1980182,0.766662598,-0.416687012,0.108337402,0.476379395,-1.3329004,-0.565333307,0.729860425,3.14160156,930,1719461312231,1719456059,161,3,1,4074,-0.00390625,0.00390625,-0.01171875,930,1719458319319,1719455663,161,0,1,2996986,0.001953125,-0.001953125,0
1,908,1719471133859,1719471314068,1,0,0,1,0,7,7,0,0,0,4,0,0,931,1719469334348,1719465959,162,0,1,1979720,0.766662598,-0.416687012,0.108337402,0.476379395,-1.3329004,-0.565333307,0.729860425,3.14160156,931,1719471310327,1719466258,162,3,1,3741,-0.015625,-0.03125,0.02734375,931,1719468310471,1719465858,162,0,1,3003597,-0.001953125,0.001953125,0
1,909,1719481133859,1719481317460,1,0,0,1,0,7,7,0,0,0,4,0,0,932,1719479336277,1719475959,163,0,1,1981183,0.766601562,-0.416687012,0.108337402,0.476379395,-1.33309948,-0.565273106,0.729996502,3.14160156,932,1719481313423,1719475559,163,3,1,4037,-0.00390625,0.00390625,0.02734375,932,1719478312715,1719475858,163,0,1,3004745,-0.005859375,-0.001953125,-0.001953125
1,910,1719491133859,1719491316519,1,0,0,1,0,7,7,0,0,0,4,0,0,933,1719489335855,1719485959,164,0,1,1980664,0.766601562,-0.416687012,0.108276367,0.476379395,-1.33311582,-0.56534189,0.72991395,3.14160156,933,1719491312463,1719486058,164,3,1,4056,0.03125,-0.0078125,-0.01171875,933,1719488314551,1719485658,164,0,1,3001968,-0.001953125,-0.001953125,0
1,911,1719501133859,1719501310004,1,0,0,1,0,7,7,0,0,0,4,0,0,934,1719499334339,1719495559,165,0,1,1975665,0.766601562,-0.416687012,0.108276367,0.476379395,-1.33311582,-0.56534189,0.72991395,3.14160156,934,1719501306189,1719495758,165,3,1,3815,-0.00390625,0.00390625,0.02734375,934,1719498311536,1719495658,165,0,1,2998468,0,0.001953125,0
1,912,1719511133859,1719511316007,1,0,0,1,0,7,7,0,0,0,4,0,0,935,1719509336158,1719505759,166,0,1,1979849,0.766601562,-0.416687012,0.108276367,0.476379395,-1.33311582,-0.56534189,0.72991395,3.14160156,935,1719511312026,1719505858,166,3,1,3981,-0.00390625,0.00390625,-0.01171875,935,1719508314095,1719505858,166,0,1,3001912,-0.001953125,0,0
1,913,1719521133859,1719521316029,1,0,0,1,0,7,7,0,0,0,4,0,0,936,1719519335457,1719515559,167,0,1,1980572,0.766601562,-0.416748047,0.108276367,0.476379395,-1.33311951,-0.565452754,0.72996527,3.14160156,936,1719521312158,1719515559,167,3,1,3871,-0.00390625,0.00390625,-0.01171875,936,1719518312080,1719515858,167,0,1,3003949,0,0.00390625,-0.001953125
1,914,1719531133859,1719531316236,1,0,0,1,0,7,7,0,0,0,4,0,0,937,1719529335386,1719525759,168,0,1,1980850,0.766601562,-0.416748047,0.108276367,0.476379395,-1.33311951,-0.565452754,0.72996527,3.14160156,937,1719531312347,1719526059,168,3,1,3889,-0.015625,-0.0234375,-0.01171875,937,1719528312676,1719525858,168,0,1,3003560,0,0,0
1,915,1719541133859,1719541314998,1,0,0,1,0,7,7,0,0,0,4,0,0,938,1719539335056,1719535759,169,0,1,1979942,0.766601562,-0.416748047,0.108276367,0.476379395,-1.33311951,-0.565452754,0.72996527,3.14160156,938,1719541311091,1719536058,169,3,1,3907,-0.00390625,0.00390625,-0.01171875,938,1719538311383,1719535458,169,0,1,3003615,0,-0.001953125,0
1,916,1719551133859,1719551319946,1,0,0,1,0,7,7,0,0,0,4,0,0,939,1719549334263,1719545759,170,0,1,1985683,0.766601562,-0.416748047,0.108276367,0.476379395,-1.33311951,-0.565452754,0.72996527,3.14160156,939,1719551315687,1719545861,170,3,1,4259,-0.00390625,0.00390625,-0.01171875,939,1719548311293,1719546058,170,0,1,3008653,0,0,0
1,917,1719561133859,1719561358355,1,0,0,1,0,7,7,0,0,0,4,0,0,940,1719559382265,1719555764,171,0,1,1976090,0.766601562,-0.416748047,0.108276367,0.476379395,-1.33311951,-0.565452754,0.72996527,3.14160156,940,1719561353393,1719555764,171,3,1,4962,-0.00390625,0.00390625,-0.01171875,940,1719558355647,1719555463,171,0,1,3002708,-0.001953125,0,0
1,918,1719571133859,1719571168772,1,0,0,1,0,7,7,0,0,0,4,0,0,941,1719568380928,1719565263,172,0,1,2787844,0.766601562,-0.416748047,0.108276367,0.476379395,-1.33311951,-0.565452754,0.72996527,3.14160156,941,1719570352555,1719565463,172,3,1,816217,-0.00390625,0.00390625,-0.01171875,941,1719567352198,1719564863,172,0,1,3816574,-0.001953125,-0.001953125,0.001953125
1,919,1719581133859,1719581357658,1,0,0,1,0,7,7,0,0,0,4,0,0,942,1719579381364,1719575564,173,0,1,1976294,0.766601562,-0.416748047,0.108276367,0.476379395,-1.33311951,-0.565452754,0.72996527,3.14160156,942,1719581352622,1719575363,173,3,1,5036,-0.00390625,0.00390625,0.02734375,942,1719578352395,1719575863,173,0,1,3005263,0,-0.001953125,0
1,920,1719591133859,1719591358736,1,0,0,1,0,7,7,0,0,0,4,0,0,943,1719589383201,1719585565,174,0,1,1975535,0.766601562,-0.416748047,0.108276367,0.476379395,-1.33311951,-0.565452754,0.72996527,3.14160156,943,1719591353736,1719585863,174,3,1,5000,0.03125,-0.0078125,0.02734375,943,1719588358027,1719586063,174,0,1,3000709,0,0,-0.001953125
1,921,1719601133859,1719601358443,1,0,0,1,0,7,7,0,0,0,4,0,0,944,1719599381760,1719595764,175,0,1,1976683,0.766601562,-0.416748047,0.108276367,0.476379395,-1.33311951,-0.565452754,0.72996527,3.14160156,944,1719601353387,1719595763,175,3,1,5056,0.03125,-0.0078125,0.02734375,944,1719598353049,1719595663,175,0,1,3005394,-0.001953125,0,0
1,922,1719611133859,1719611358242,1,0,0,1,0,7,7,0,0,0,4,0,0,945,1719609381578,1719605564,176,0,1,1976664,0.766601562,-0.416748047,0.108276367,0.476379395,-1.33311951,-0.565452754,0.72996527,3.14160156,945,1719611353168,1719605863,176,3,1,5074,0.03125,-0.0078125,0.02734375,945,1719608352923,1719606063,176,0,1,3005319,-0.005859375,0.001953125,-0.001953125
1,923,1719621133859,1719621356394,1,0,0,1,0,7,7,0,0,0,4,0,0,946,1719619382822,1719615164,177,0,1,1973572,0.766601562,-0.416748047,0.108276367,0.476379395,-1.33311951,-0.565452754,0.72996527,3.14160156,946,1719621351227,1719615362,177,3,1,5167,0.03125,-0.0078125,0.02734375,946,1719618363019,1719615863,177,0,1,2993375,-0.00390625,0.00390625,0
1,924,1719631133859,1719631356730,1,0,0,1,0,7,7,0,0,0,4,0,0,947,1719629380807,1719625564,178,0,1,1975923,0.766601562,-0.416809082,0.108276367,0.476379395,-1.33312321,-0.56556356,0.730016589,3.14160156,947,1719631351749,1719625863,178,3,1,4981,-0.00390625,0.00390625,-0.01171875,947,1719628353448,1719625863,178,0,1,3003282,0,0,0.001953125
1,925,1719641133859,1719641168480,1,0,0,1,0,7,7,0,0,0,4,0,0,948,1719638384691,1719635063,179,0,1,2783789,0.766601562,-0.416809082,0.108276367,0.476379395,-1.33312321,-0.56556356,0.730016589,3.14160156,948,1719640353189,1719635463,179,3,1,815291,-0.015625,-0.03125,-0.01171875,948,1719637346666,1719634863,179,0,1,3821814,0,0,-0.001953125
1,926,1719651133859,1719651360645,1,0,0,1,0,7,7,0,0,0,4,0,0,949,1719649382073,1719645564,180,0,1,1978572,0.766601562,-0.416809082,0.108276367,0.476379395,-1.33312321,-0.56556356,0.730016589,3.14160156,949,1719651355497,1719645565,180,3,1,5148,-0.00390625,0.00390625,-0.01171875,949,1719648353344,1719646062,180,0,1,3007301,0.001953125,0.001953125,0.001953125
1,927,1719661133859,1719661355779,1,0,0,1,0,7,7,0,0,0,4,0,0,950,1719659380799,1719655364,181,0,1,1974980,0.766601562,-0.416748047,0.108276367,0.476379395,-1.33311951,-0.565452754,0.72996527,3.14160156,950,1719661350779,1719655363,181,3,1,5000,0.03125,-0.0078125,0.01953125,950,1719658352718,1719656063,181,0,1,3003061,0.001953125,-0.00390625,-0.001953125
1,928,1719671133859,1719671350635,1,0,0,1,0,7,7,0,0,0,4,0,0,951,1719669380618,1719665563,182,0,1,1970017,0.766601562,-0.416748047,0.108276367,0.476379395,-1.33311951,-0.565452754,0.72996527,3.14160156,951,1719671345746,1719665863,182,3,1,4889,0.03125,-0.0078125,0.01953125,951,1719668350889,1719665862,182,0,1,2999746,-0.001953125,-0.001953125,-0.001953125
1,929,1719681133859,1719681357509,1,0,0,1,0,7,7,0,0,0,4,0,0,952,1719679380622,1719675563,183,0,1,1976887,0.766601562,-0.416748047,0.108276367,0.476379395,-1.33311951,-0.565452754,0.72996527,3.14160156,952,1719681352435,1719675763,183,3,1,5074,-0.00390625,0.00390625,-0.01953125,952,1719678352763,1719676062,183,0,1,3004746,0,0,0
1,930,1719691133859,1719691357421,1,0,0,1,0,7,7,0,0,0,4,0,0,953,1719689381960,1719685164,184,0,1,1975461,0.766601562,-0.416748047,0.108276367,0.476379395,-1.33311951,-0.565452754,0.72996527,3.14160156,953,1719691352439,1719685763,184,3,1,4982,-0.00390625,0.00390625,-0.01953125,953,1719688356101,1719686063,184,0,1,3001320,-0.005859375,0.001953125,0.00390625
1,931,1719701133859,1719701358314,1,0,0,1,0,7,7,0,0,0,4,0,0,954,1719699382556,1719695364,185,0,1,1975758,0.766540527,-0.416748047,0.108276367,0.476379395,-1.33331871,-0.565392435,0.730101407,3.14160156,954,1719701353147,1719695363,185,3,1,5167,-0.0390625,0.02734375,-0.01953125,954,1719698355809,1719695464,185,0,1,3002505,0,0.001953125,0.001953125
1,932,1719711133859,1719711168120,1,0,0,1,0,7,7,0,0,0,4,0,0,955,1719708381738,1719704964,186,0,1,2786382,0.766540527,-0.416748047,0.108276367,0.476379395,-1.33331871,-0.565392435,0.730101407,3.14160156,955,1719710352866,1719705263,186,3,1,815254,-0.00390625,0.01171875,0.01953125,955,1719707352453,1719704863,186,0,1,3815667,0,0,-0.001953125
1,933,1719721133859,1719721168142,1,0,0,1,0,7,7,0,0,0,4,0,0,956,1719718382020,1719715064,187,0,1,2786122,0.766601562,-0.416748047,0.108276367,0.476379395,-1.33311951,-0.565452754,0.72996527,3.14160156,956,1719720353055,1719715463,187,3,1,815087,0.01953125,-0.04296875,-0.01953125,956,1719717352680,1719715063,187,0,1,3815462,0.00390625,0,0
1,934,1719731133859,1719731168498,1,0,0,1,0,7,7,0,0,0,4,0,0,957,1719728381191,1719725064,188,0,1,2787307,0.766601562,-0.416748047,0.108276367,0.476379395,-1.33311951,-0.565452754,0.72996527,3.14160156,957,1719730352318,1719725663,188,3,1,816180,0.03125,-0.0078125,0.01953125,957,1719727351999,1719724863,188,0,1,3816499,0.005859375,-0.001953125,0
1,935,1719741133859,1719741357738,1,0,0,1,0,7,7,0,0,0,4,0,0,958,1719739381703,1719735364,189,0,1,1976035,0.766601562,-0.416687012,0.108276367,0.476379395,-1.33311582,-0.56534189,0.72991395,3.14160156,958,1719741352719,1719735363,189,3,1,5019,0.01953125,-0.04296875,0.01953125,958,1719738352474,1719735663,189,0,1,3005264,0.001953125,0.001953125,0
1,936,1719751133859,1719751169025,1,0,0,1,0,7,7,0,0,0,4,0,0,959,1719748381773,1719745264,190,0,1,2787252,0.766601562,-0.416748047,0.108337402,0.476379395,-1.33310318,-0.565383911,0.730047882,3.14160156,959,1719750357771,1719745666,190,3,1,811254,-0.00390625,0.00390625,-0.01953125,959,1719747352266,1719745063,190,0,1,3816759,-0.00390625,0.0078125,0.001953125
1,937,1719761133859,1719761357357,1,0,0,1,0,7,7,0,0,0,4,0,0,960,1719759381396,1719754964,191,0,1,1975961,0.766601562,-0.416748047,0.108337402,0.476379395,-1.33310318,-0.565383911,0.730047882,3.14160156,960,1719761352450,1719754963,191,3,1,4907,-0.0390625,0.01953125,-0.01953125,960,1719758352797,1719755663,191,0,1,3004560,-0.001953125,0,-0.001953125
1,938,1719771133859,1719771168737,1,0,0,1,0,7,7,0,0,0,4,0,0,961,1719768382763,1719765263,192,0,1,2785974,0.766601562,-0.416748047,0.108337402,0.476379395,-1.33310318,-0.565383911,0.730047882,3.14160156,961,1719770350965,1719765461,192,3,1,817772,-0.00390625,0.00390625,-0.01953125,961,1719767352460,1719764863,192,0,1,3816277,0.001953125,-0.00390625,-0.001953125
1,939,1719781133859,1719781168408,1,0,0,1,0,7,7,0,0,0,4,0,0,962,1719778379619,1719774962,193,0,1,2788789,0.766601562,-0.416748047,0.108337402,0.476379395,-1.33310318,-0.565383911,0.730047882,3.14160156,962,1719780352802,1719775063,193,3,1,815606,0.03125,-0.0078125,0.01953125,962,1719777352482,1719774863,193,0,1,3815926,0.001953125,-0.001953125,-0.00390625
1,940,1719791133859,1719791168653,1,0,0,1,0,7,7,0,0,0,4,0,0,963,1719788381901,1719785064,194,0,1,2786752,0.766601562,-0.416687012,0.108276367,0.476379395,-1.33311582,-0.56534189,0.72991395,3.14160156,963,1719790352880,1719785263,194,3,1,815773,0.03125,-0.0078125,0.01953125,963,1719787355338,1719784863,194,0,1,3813315,0.001953125,0,-0.001953125
1,941,1719801133859,1719801357929,1,0,0,1,0,7,7,0,0,0,4,0,0,964,1719799381931,1719795164,195,0,1,1975998,0.766601562,-0.416687012,0.108337402,0.476379395,-1.33309948,-0.565273106,0.729996502,3.14160156,964,1719801352985,1719794763,195,3,1,4944,-0.00390625,0.00390625,0.01953125,964,1719798353332,1719795263,195,0,1,3004597,0,0,0.00390625
1,942,1719811133859,1719811168587,1,0,0,1,0,7,7,0,0,0,4,0,0,965,1719808382020,1719805264,196,0,1,2786567,0.766601562,-0.416687012,0.108337402,0.476379395,-1.33309948,-0.565273106,0.729996502,3.14160156,965,1719810352500,1719805463,196,3,1,816087,-0.00390625,0.00390625,-0.01953125,965,1719807352013,1719804863,196,0,1,3816574,-0.00390625,0.001953125,0
1,943,1719821133859,1719821168721,1,0,0,1,0,7,7,0,0,0,4,0,0,966,1719818381284,1719815064,197,0,1,2787437,0.766601562,-0.416687012,0.108337402,0.476379395,-1.33309948,-0.565273106,0.729996502,3.14160156,966,1719820352726,1719815463,197,3,1,815995,-0.0390625,0.01953125,-0.01953125,966,1719817352258,1719814863,197,0,1,3816463,0,0.00390625,-0.001953125
1,944,1719831133859,1719831168669,1,0,0,1,0,7,7,0,0,0,4,0,0,967,1719828381862,1719825064,198,0,1,2786807,0.766601562,-0.416687012,0.108337402,0.476379395,-1.33309948,-0.565273106,0.729996502,3.14160156,967,1719830353101,1719825263,198,3,1,815568,-0.00390625,0.00390625,-0.01953125,967,1719827352466,1719824863,198,0,1,3816203,0,0,0
1,945,1719841133859,1719841358390,1,0,0,1,0,7,7,0,0,0,4,0,0,968,1719839381615,1719834964,199,0,1,1976775,0.766601562,-0.416687012,0.108337402,0.476379395,-1.33309948,-0.565273106,0.729996502,3.14160156,968,1719841353427,1719834963,199,3,1,4963,-0.015625,-0.03125,-0.01953125,968,1719838352423,1719835463,199,0,1,3005967,0.00390625,-0.005859375,0
1,946,1719851133859,1719851168881,1,0,0,1,0,7,7,0,0,0,4,0,0,969,1719848381167,1719844764,200,0,1,2787714,0.766601562,-0.416687012,0.108276367,0.476379395,-1.33311582,-0.56534189,0.72991395,3.14160156,969,1719850357776,1719845066,200,3,1,811105,0.03125,-0.0078125,0.01953125,969,1719847352660,1719845063,200,0,1,3816221,-0.001953125,0,0
1,947,1719861133859,1719861168145,1,0,0,1,0,7,7,0,0,0,4,0,0,970,1719858380726,1719854963,201,0,1,2787419,0.766601562,-0.416687012,0.108337402,0.476379395,-1.33309948,-0.565273106,0.729996502,3.14160156,970,1719860351965,1719854763,201,3,1,816180,-0.015625,-0.03125,-0.01953125,970,1719857353201,1719854862,201,0,1,3814944,0.001953125,0.00390625,0.00390625
1,948,1719871133859,1719871168112,1,0,0,1,0,7,7,0,0,0,4,0,0,971,1719868380953,1719865063,202,0,1,2787159,0.766601562,-0.416687012,0.108337402,0.476379395,-1.33309948,-0.565273106,0.729996502,3.14160156,971,1719870352062,1719865463,202,3,1,816050,-0.015625,-0.03125,-0.01953125,971,1719867351149,1719864863,202,0,1,3816963,0,0.005859375,0.001953125
1,949,1719881133859,1719881167912,1,0,0,1,0,7,7,0,0,0,4,0,0,972,1719878380549,1719875064,203,0,1,2787363,0.766601562,-0.416687012,0.108337402,0.476379395,-1.33309948,-0.565273106,0.729996502,3.14160156,972,1719880352029,1719875463,203,3,1,815883,-0.0390625,0.01953125,-0.05859375,972,1719877351376,1719874862,203,0,1,3816536,0,-0.001953125,0
1,950,1719891133859,1719891168509,1,0,0,1,0,7,7,0,0,0,4,0,0,973,1719888381887,1719884964,204,0,1,2786622,0.766601562,-0.416687012,0.108337402,0.476379395,-1.33309948,-0.565273106,0.729996502,3.14160156,973,1719890352644,1719885263,204,3,1,815865,-0.02734375,0.0546875,0.01953125,973,1719887354547,1719884862,204,0,1,3813962,0.005859375,-0.00390625,0
1,951,1719901133859,1719901168384,1,0,0,1,0,7,7,0,0,0,4,0,0,974,1719898382169,1719894964,205,0,1,2786215,0.766601562,-0.416625977,0.108337402,0.476379395,-1.33309579,-0.565162241,0.729945183,3.14160156,974,1719900352593,1719894563,205,3,1,815791,0.03125,-0.0078125,-0.01953125,974,1719897366587,1719894863,205,0,1,3801797,0.00390625,0,0.001953125
1,952,1719911133859,1719911168055,1,0,0,1,0,7,7,0,0,0,4,0,0,975,1719908383210,1719904965,206,0,1,2784845,0.766601562,-0.416625977,0.108337402,0.47644043,-1.3331219,-0.565146625,0.729898214,3.14160156,975,1719910352727,1719905263,206,3,1,815328,0.01953125,-0.04296875,-0.01171875,975,1719907360036,1719904864,206,0,1,3808019,0.001953125,0.001953125,0
1,953,1719921133859,1719921168374,1,0,0,1,0,7,7,0,0,0,4,0,0,976,1719918382677,1719914365,207,0,1,2785697,0.766601562,-0.416625977,0.108398438,0.47644043,-1.33310568,-0.565077722,0.729980826,3.14160156,976,1719920352379,1719914763,207,3,1,815995,-0.00390625,0.00390625,-0.01171875,976,1719917355429,1719914862,207,0,1,3812945,0,0.001953125,0.00390625
1,954,1719931133859,1719931164878,1,0,0,1,0,7,7,0,0,0,4,0,0,977,1719928377293,1719924961,208,0,1,2787585,0.766601562,-0.416625977,0.108398438,0.47644043,-1.33310568,-0.565077722,0.729980826,3.14160156,977,1719930347605,1719924859,208,3,1,817273,-0.00390625,0.00390625,-0.01171875,977,1719927352878,1719924860,208,0,1,3812000,-0.001953125,0.00390625,0
1,955,1719941133859,1719941168511,1,0,0,1,0,7,7,0,0,0,4,0,0,978,1719938381982,1719934964,209,0,1,2786529,0.766601562,-0.416625977,0.108398438,0.47644043,-1.33310568,-0.565077722,0.729980826,3.14160156,978,1719940350480,1719934761,209,3,1,818031,0.0078125,0.04296875,-0.01171875,978,1719937355234,1719934663,209,0,1,3813277,0.00390625,-0.001953125,-0.001953125
1,956,1719951133859,1719951168571,1,0,0,1,0,7,7,0,0,0,4,0,0,979,1719948381542,1719944963,210,0,1,2787029,0.766662598,-0.416625977,0.108398438,0.476379395,-1.33288038,-0.565153599,0.729891658,3.14160156,979,1719950358428,1719945068,210,3,1,810143,-0.00390625,0.00390625,-0.01171875,979,1719947350590,1719944860,210,0,1,3817981,0,-0.001953125,-0.00390625
1,957,1719961133859,1719961166872,1,0,0,1,0,7,7,0,0,0,4,0,0,980,1719958382416,1719954764,211,0,1,2784456,0.766662598,-0.416625977,0.108337402,0.476379395,-1.33289671,-0.565222502,0.729809105,3.14160156,980,1719960346581,1719955063,211,3,1,820291,-0.00390625,0.00390625,0.02734375,980,1719957356131,1719954863,211,0,1,3810741,-0.001953125,-0.00390625,-0.001953125
1,958,1719971133859,1719971168431,1,0,0,1,0,7,7,0,0,0,4,0,0,981,1719968382476,1719964764,212,0,1,2785955,0.766662598,-0.416625977,0.108337402,0.476379395,-1.33289671,-0.565222502,0.729809105,3.14160156,981,1719970353418,1719965263,212,3,1,815013,-0.015625,-0.03125,-0.01171875,981,1719967355376,1719965063,212,0,1,3813055,0.00390625,0.00390625,-0.001953125
1,959,1719981133859,1719981168639,1,0,0,1,0,7,7,0,0,0,4,0,0,982,1719978382702,1719974964,213,0,1,2785937,0.766662598,-0.416625977,0.108337402,0.476379395,-1.33289671,-0.565222502,0.729809105,3.14160156,982,1719980353515,1719974763,213,3,1,815124,-0.00390625,0.00390625,-0.01171875,982,1719977356306,1719974463,213,0,1,3812333,-0.001953125,0,-0.001953125
1,960,1719991133859,1719991168532,1,0,0,1,0,7,7,0,0,0,4,0,0,983,1719988381558,1719984364,214,0,1,2786974,0.766662598,-0.416625977,0.108337402,0.476379395,-1.33289671,-0.565222502,0.729809105,3.14160156,983,1719990353075,1719984763,214,3,1,815457,-0.00390625,0.00390625,-0.01171875,983,1719987355144,1719985063,214,0,1,3813388,-0.00390625,0,0.00390625
1,961,1720001133859,1720001168222,1,0,0,1,0,7,7,0,0,0,4,0,0,984,1719998381044,1719994564,215,0,1,2787178,0.766662598,-0.416625977,0.108337402,0.476379395,-1.33289671,-0.565222502,0.729809105,3.14160156,984,1720000352560,1719994163,215,3,1,815662,-0.00390625,0.00390625,-0.01171875,984,1719997352018,1719994863,215,0,1,3816204,0.001953125,0.001953125,0
1,962,1720011133859,1720011165818,1,0,0,1,0,7,7,0,0,0,4,0,0,985,1720008380622,1720004764,216,0,1,2785196,0.766601562,-0.416625977,0.108337402,0.476379395,-1.33309579,-0.565162241,0.729945183,3.14160156,985,1720010350694,1720005062,216,3,1,815124,-0.00390625,0.00390625,-0.01171875,985,1720007351967,1720004863,216,0,1,3813851,-0.001953125,0.001953125,0
1,963,1720021133859,1720021165619,1,0,0,1,0,7,7,0,0,0,4,0,0,986,1720018380237,1720014764,217,0,1,2785382,0.766601562,-0.416625977,0.108398438,0.476379395,-1.33307958,-0.565093398,0.730027795,3.14160156,986,1720020351420,1720014863,217,3,1,814199,-0.00390625,0.00390625,0.02734375,986,1720017351619,1720014663,217,0,1,3814000,0,0,0
1,964,1720031133859,1720031168345,1,0,0,1,0,7,7,0,0,0,4,0,0,987,1720028380019,1720024764,218,0,1,2788326,0.766601562,-0.416625977,0.108398438,0.476379395,-1.33307958,-0.565093398,0.730027795,3.14160156,987,1720030351128,1720025063,218,3,1,817217,-0.00390625,0.00390625,-0.01171875,987,1720027350494,1720025062,218,0,1,3817851,0,0.001953125,0
1,965,1720041133859,1720041168294,1,0,0,1,0,7,7,0,0,0,4,0,0,988,1720038380283,1720034564,219,0,1,2788011,0.766601562,-0.416625977,0.108398438,0.476379395,-1.33307958,-0.565093398,0.730027795,3.14160156,988,1720040351207,1720034563,219,3,1,817087,-0.00390625,0.00390625,0.02734375,988,1720037350998,1720034862,219,0,1,3817296,0.00390625,0,0.001953125
1,966,1720051133859,1720051169335,1,0,0,1,0,7,7,0,0,0,4,0,0,989,1720048380342,1720044764,220,0,1,2788993,0.766601562,-0.416625977,0.108398438,0.476379395,-1.33307958,-0.565093398,0.730027795,3.14160156,989,1720050357599,1720044866,220,3,1,811736,-0.00390625,0.00390625,-0.01171875,989,1720047351539,1720044863,220,0,1,3817796,0.001953125,0,0
1,967,1720061133859,1720061168821,1,0,0,1,0,7,5,2,0,0,4,0,0,990,1720060382121,1720055064,221,0,1,786700,0.766601562,-0.416625977,0.108398438,0.476379395,-1.33307958,-0.565093398,0.730027795,3.14160156,989,1720050357599,1720044866,220,3,1,10811222,-0.00390625,0.00390625,-0.01171875,990,1720059352948,1720055163,221,0,1,1815873,0.00390625,0,0
1,968,1720071133859,1720071167362,1,0,0,1,0,7,7,0,0,2,4,0,0,991,1720067381398,1720064064,222,0,1,3785964,0.766662598,-0.416625977,0.108398438,0.476379395,-1.33288038,-0.565153599,0.729891658,3.14160156,991,1720069352267,1720064463,222,3,1,1815095,-0.00390625,0.00390625,-0.01171875,991,1720066351799,1720064063,222,0,1,4815563,0,0,0
1,969,1720081133859,1720081168310,1,0,0,1,0,7,7,0,0,0,4,0,0,992,1720078382077,1720074364,223,0,1,2786233,0.766662598,-0.416625977,0.108398438,0.476379395,-1.33288038,-0.565153599,0.729891658,3.14160156,992,1720080352612,1720074363,223,3,1,815698,-0.00390625,0.00390625,-0.01171875,992,1720077352218,1720075063,223,0,1,3816092,0,0,0
1,970,1720091133859,1720091168352,1,0,0,1,0,7,7,0,0,0,4,0,0,993,1720088381563,1720084764,224,0,1,2786789,0.766662598,-0.416625977,0.108398438,0.476379395,-1.33288038,-0.565153599,0.729891658,3.14160156,993,1720090352524,1720084863,224,3,1,815828,-0.015625,-0.03125,-0.01171875,993,1720087352482,1720085061,224,0,1,3815870,0,0,0
1,971,1720101133859,1720101168430,1,0,0,1,0,7,7,0,0,0,4,0,0,994,1720098381863,1720094564,225,0,1,2786567,0.766662598,-0.416625977,0.108398438,0.476379395,-1.33288038,-0.565153599,0.729891658,3.14160156,994,1720100352824,1720094863,225,3,1,815606,0.03125,-0.0078125,-0.01171875,994,1720097351190,1720095060,225,0,1,3817240,0,0,0
1,972,1720111133859,1720111168638,1,0,0,1,0,7,7,0,0,0,4,0,0,995,1720108380923,1720104364,226,0,1,2787715,0.766662598,-0.416625977,0.108398438,0.476379395,-1.33288038,-0.565153599,0.729891658,3.14160156,995,1720110352310,1720104863,226,3,1,816328,-0.00390625,0.00390625,-0.01171875,995,1720107352990,1720105163,226,0,1,3815648,0,0,0
1,973,1720121133859,1720121168123,1,0,0,1,0,7,7,0,0,0,4,0,0,996,1720118382001,1720114562,227,0,1,2786122,0.766662598,-0.416625977,0.108398438,0.476379395,-1.33288038,-0.565153599,0.729891658,3.14160156,996,1720120352888,1720114563,227,3,1,815235,0.03125,-0.0078125,0.02734375,996,1720117352531,1720114663,227,0,1,3815592,0,0,0
1,974,1720131133859,1720131168387,1,0,0,1,0,7,7,0,0,0,4,0,0,997,1720128381894,1720124764,228,0,1,2786493,0.766662598,-0.416625977,0.108398438,0.476379395,-1.33288038,-0.565153599,0.729891658,3.14160156,997,1720130352614,1720125063,228,3,1,815773,0.01953125,-0.04296875,0.02734375,997,1720127352498,1720125063,228,0,1,3815889,0,0,0
1,975,1720141133859,1720141168465,1,0,0,1,0,7,7,0,0,0,4,0,0,998,1720138381676,1720134564,229,0,1,2786789,0.766662598,-0.416625977,0.108398438,0.476379395,-1.33288038,-0.565153599,0.729891658,3.14160156,998,1720140352544,1720134163,229,3,1,815921,0.0078125,0.04296875,0.02734375,998,1720137351965,1720135063,229,0,1,3816500,0,0,0
1,976,1720151133859,1720151169062,1,0,0,1,0,7,7,0,0,0,4,0,0,999,1720148381643,1720144564,230,0,1,2787419,0.766662598,-0.416625977,0.108398438,0.476379395,-1.33288038,-0.565153599,0.729891658,3.14160156,999,1720150358863,1720144867,230,3,1,810199,-0.0390625,0.01953125,-0.01171875,999,1720147351988,1720144863,230,0,1,3817074,0,0,0
1,977,1720161133859,1720161169473,1,0,0,1,0,7,7,0,0,0,4,0,0,1000,1720158381629,1720154564,231,0,1,2787844,0.766662598,-0.416625977,0.108398438,0.476379395,-1.33288038,-0.565153599,0.729891658,3.14160156,1000,1720160353312,1720154863,231,3,1,816161,-0.00390625,0.00390625,-0.05078125,1000,1720157352326,1720155063,231,0,1,3817147,0,0,0
1,978,1720171133859,1720171167607,1,0,0,1,0,7,7,0,0,0,4,0,0,1001,1720167380977,1720164464,232,0,1,3786630,0.766662598,-0.416625977,0.108398438,0.476379395,-1.33288038,-0.565153599,0.729891658,3.14160156,1001,1720169352623,1720164663,232,3,1,1814984,0.03125,-0.0078125,-0.01171875,1001,1720166351952,1720164063,232,0,1,4815655,0,0,0
1,979,1720181133859,1720181167408,1,0,0,1,0,7,7,0,0,0,4,0,0,1002,1720177382018,1720174464,233,0,1,3785390,0.766662598,-0.416625977,0.108398438,0.476379395,-1.33288038,-0.565153599,0.729891658,3.14160156,1002,1720179353905,1720174064,233,3,1,1813503,0.03125,-0.0078125,0.02734375,1002,1720176352937,1720174062,233,0,1,4814471,0,0,0
1,980,1720191133859,1720191167115,1,0,0,1,0,7,7,0,0,0,4,0,0,1003,1720187384300,1720184264,234,0,1,3782815,0.766662598,-0.416625977,0.108398438,0.476379395,-1.33288038,-0.565153599,0.729891658,3.14160156,1003,1720189353094,1720184663,234,3,1,1814021,0.03125,-0.0078125,-0.01171875,1003,1720186352275,1720184063,234,0,1,4814840,0,0,0
1,981,1720201133859,1720201168360,1,0,0,1,0,7,7,0,0,0,4,0,0,1004,1720198381016,1720194564,235,0,1,2787344,0.766662598,-0.416625977,0.108398438,0.476379395,-1.33288038,-0.565153599,0.729891658,3.14160156,1004,1720200352921,1720194863,235,3,1,815439,-0.00390625,0.00390625,0.02734375,1004,1720197351768,1720195063,235,0,1,3816592,0,0,0
1,982,1720211133859,1720211166939,1,0,0,1,0,7,7,0,0,0,4,0,0,1005,1720207380327,1720204463,236,0,1,3786612,0.766662598,-0.416625977,0.108398438,0.476379395,-1.33288038,-0.565153599,0.729891658,3.14160156,1005,1720209351658,1720204462,236,3,1,1815281,-0.00390625,0.00390625,-0.01171875,1005,1720206351820,1720204162,236,0,1,4815119,0,0,0
1,983,1720221133859,1720221168017,1,0,0,1,0,7,7,0,0,0,4,0,0,1006,1720218380080,1720214363,237,0,1,2787937,0.766662598,-0.416625977,0.108398438,0.476379395,-1.33288038,-0.565153599,0.729891658,3.14160156,1006,1720220351504,1720214162,237,3,1,816513,0.03125,-0.0078125,0.02734375,1006,1720217351684,1720214862,237,0,1,3816333,0,0,0
1,984,1720231133859,1720231165058,1,0,0,1,0,7,7,0,0,0,4,0,0,1007,1720227401427,1720224263,238,0,1,3763631,0.766662598,-0.416625977,0.108398438,0.476379395,-1.33288038,-0.565153599,0.729891658,3.14160156,1007,1720229350407,1720224660,238,3,1,1814651,0.03125,-0.0078125,0.02734375,1007,1720226351569,1720224062,238,0,1,4813489,0,0,0
1,985,1720241133859,1720241163822,1,0,0,1,0,7,7,0,0,0,4,0,0,1008,1720237376858,1720234260,239,0,1,3786964,0.766662598,-0.416625977,0.108398438,0.476379395,-1.33288038,-0.565153599,0.729891658,3.14160156,1008,1720239346930,1720234659,239,3,1,1816892,-0.00390625,0.00390625,-0.01171875,1008,1720236350666,1720234059,239,0,1,4813156,0,0,0
1,986,1720251133859,1720251168900,1,0,0,1,0,7,7,0,0,0,4,0,0,1009,1720247382029,1720244264,240,0,1,3786871,0.766662598,-0.416625977,0.108398438,0.476379395,-1.33288038,-0.565153599,0.729891658,3.14160156,1009,1720249352545,1720244463,240,3,1,1816355,0.0078125,0.04296875,-0.01171875,1009,1720246355651,1720244163,240,0,1,4813249,0,0,0
1,987,1720261133859,1720261167607,1,0,0,1,0,7,7,0,0,0,4,0,0,1010,1720258380948,1720254164,241,0,1,2786659,0.766662598,-0.416625977,0.108398438,0.476379395,-1.33288038,-0.565153599,0.729891658,3.14160156,1010,1720260351835,1720254163,241,3,1,815772,-0.00390625,0.00390625,-0.01171875,1010,1720257356182,1720254662,241,0,1,3811425,0,0,0
1,988,1720271133859,1720271166686,1,0,0,1,0,7,7,0,0,0,4,0,0,1011,1720267380241,1720264463,242,0,1,3786445,0.766662598,-0.416625977,0.108398438,0.476379395,-1.33288038,-0.565153599,0.729891658,3.14160156,1011,1720269351442,1720264662,242,3,1,1815244,-0.00390625,0.00390625,-0.01171875,1011,1720266351623,1720264162,242,0,1,4815063,0,0,0
1,989,1720281133859,1720281166727,1,0,0,1,0,7,7,0,0,0,4,0,0,1012,1720277380208,1720274263,243,0,1,3786519,0.766662598,-0.416625977,0.108398438,0.476379395,-1.33288038,-0.565153599,0.729891658,3.14160156,1012,1720279354613,1720274063,243,3,1,1812114,-0.00390625,0.00390625,0.02734375,1012,1720276351368,1720274062,243,0,1,4815359,0,0,0
1,990,1720291133859,1720291167194,1,0,0,1,0,7,7,0,0,0,4,0,0,1013,1720287386267,1720284264,244,0,1,3780927,0.766662598,-0.416625977,0.108398438,0.476379395,-1.33288038,-0.565153599,0.729891658,3.14160156,1013,1720289353914,1720284462,244,3,1,1813280,0.03125,-0.0078125,-0.01171875,1013,1720286351575,1720283862,244,0,1,4815619,0,0,0
1,991,1720301133859,1720301166846,1,0,0,1,0,7,7,0,0,0,4,0,0,1014,1720297380772,1720294263,245,0,1,3786074,0.766662598,-0.416625977,0.108398438,0.476379395,-1.33288038,-0.565153599,0.729891658,3.14160156,1014,1720299351918,1720294463,245,3,1,1814928,0.01953125,-0.04296875,-0.01171875,1014,1720296352061,1720294062,245,0,1,4814785,0,0,0
1,992,1720311133859,1720311167258,1,0,0,1,0,7,7,0,0,0,4,0,0,1015,1720307380887,1720304264,246,0,1,3786371,0.766662598,-0.416625977,0.108398438,0.476379395,-1.33288038,-0.565153599,0.729891658,3.14160156,1015,1720309351700,1720304463,246,3,1,1815558,-0.015625,-0.03125,-0.01171875,1015,1720306351528,1720304162,246,0,1,4815730,0,0,0
1,993,1720321133859,1720321167799,1,0,0,1,0,7,7,0,0,0,4,0,0,1016,1720318380510,1720313963,247,0,1,2787289,0.766662598,-0.416625977,0.108398438,0.476379395,-1.33288038,-0.565153599,0.729891658,3.14160156,1016,1720320352119,1720313763,247,3,1,815680,-0.00390625,0.00390625,-0.01171875,1016,1720317350948,1720313962,247,0,1,3816851,0,0,0
1,994,1720331133859,1720331167025,1,0,0,1,0,7,7,0,0,0,4,0,0,1017,1720327380618,1720324063,248,0,1,3786407,0.766662598,-0.416625977,0.108398438,0.476379395,-1.33288038,-0.565153599,0.729891658,3.14160156,1017,1720329351875,1720324463,248,3,1,1815150,-0.00390625,0.00390625,-0.01171875,1017,1720326351444,1720324062,248,0,1,4815581,0,0,0
1,995,1720341133859,1720341167511,1,0,0,1,0,7,7,0,0,0,4,0,0,1018,1720337380677,1720334063,249,0,1,3786834,0.766662598,-0.416625977,0.108398438,0.476379395,-1.33288038,-0.565153599,0.729891658,3.14160156,1018,1720339352120,1720334463,249,3,1,1815391,-0.00390625,0.00390625,-0.01171875,1018,1720336352281,1720334062,249,0,1,4815230,0,0,0
1,996,1720351133859,1720351168515,1,0,0,1,0,7,7,0,0,0,4,0,0,1019,1720347381052,1720344063,250,0,1,3787463,0.766601562,-0.416625977,0.108398438,0.476379395,-1.33307958,-0.565093398,0.730027795,3.14160156,1019,1720349351550,1720344063,250,3,1,1816965,-0.00390625,0.00390625,-0.01171875,1019,1720346352415,1720344063,250,0,1,4816100,0,0,0
1,997,1720361133859,1720361167890,1,0,0,1,0,7,7,0,0,0,4,0,0,1020,1720358380490,1720354163,251,0,1,2787400,0.766601562,-0.416625977,0.108398438,0.476379395,-1.33307958,-0.565093398,0.730027795,3.14160156,1020,1720360351006,1720354162,251,3,1,816884,-0.0390625,0.01953125,0.02734375,1020,1720357352038,1720354662,251,0,1,3815852,0,0,0
1,998,1720371133859,1720371167227,1,0,0,1,0,7,7,0,0,0,4,0,0,1021,1720367380671,1720363963,252,0,1,3786556,0.766601562,-0.416625977,0.108398438,0.476379395,-1.33307958,-0.565093398,0.730027795,3.14160156,1021,1720369351854,1720364263,252,3,1,1815373,-0.015625,-0.03125,0.02734375,1021,1720366351572,1720364062,252,0,1,4815655,0,0,0
1,999,1720381133859,1720381166972,1,0,0,1,0,7,7,0,0,0,4,0,0,1022,1720377380268,1720373963,253,0,1,3786704,0.766601562,-0.416625977,0.108398438,0.476379395,-1.33307958,-0.565093398,0.730027795,3.14160156,1022,1720379351525,1720374263,253,3,1,1815447,-0.00390625,0.00390625,-0.05078125,1022,1720376351483,1720374062,253,0,1,4815489,0,0,0
1,1000,1720391133859,1720391185420,1,0,0,1,0,7,7,0,0,0,4,0,0,1023,1720387391401,1720383766,254,0,1,3794019,0.766601562,-0.416625977,0.108398438,0.476379395,-1.33307958,-0.565093398,0.730027795,3.14160156,1023,1720389417213,1720384272,254,3,1,1768207,0.03125,-0.0078125,-0.01171875,1023,1720386392134,1720384175,254,0,1,4793286,0,0,0
1,1001,1720401133859,1720401189647,1,0,0,1,0,7,7,0,0,0,4,0,0,1024,1720397387276,1720393961,255,0,1,3802371,0.766601562,-0.416625977,0.108398438,0.476379395,-1.33307958,-0.565093398,0.730027795,3.14160156,1024,1720399367218,1720393863,255,3,1,1822429,0.01953125,-0.04296875,0.02734375,1024,1720396408434,1720393663,255,0,1,4781213,0,0,0
1,1002,1720411133859,1720411187725,1,0,0,1,0,7,7,0,0,0,4,0,0,1025,1720407410539,1720403973,0,0,1,3777186,0.766601562,-0.416625977,0.108398438,0.476379395,-1.33307958,-0.565093398,0.730027795,3.14160156,1025,1720409400592,1720404279,0,3,1,1787133,-0.00390625,0.00390625,-0.05078125,1025,1720406425475,1720404092,0,0,1,4762250,0,0,0
1,1003,1720421133859,1720421165359,1,0,0,1,0,7,7,0,0,0,4,0,0,1026,1720417400673,1720413964,1,0,1,3764686,0.766601562,-0.416625977,0.108398438,0.476379395,-1.33307958,-0.565093398,0.730027795,3.14160156,1026,1720419383856,1720413564,1,3,1,1781503,-0.0390625,0.01953125,-0.01171875,1026,1720416388684,1720414061,1,0,1,4776675,0,0,0
1,1004,1720431133859,1720431164549,1,0,0,1,0,7,7,0,0,0,4,0,0,1027,1720427379659,1720423961,2,0,1,3784890,0.766601562,-0.416625977,0.108398438,0.476379395,-1.33307958,-0.565093398,0.730027795,3.14160156,1027,1720429423581,1720424059,2,3,1,1740968,-0.00390625,0.00390625,-0.01171875,1027,1720426364189,1720423860,2,0,1,4800360,0,0,0
1,1005,1720441133859,1720441167812,1,0,0,1,0,7,7,0,0,0,4,0,0,1028,1720437383737,1720433764,3,0,1,3784075,0.766601562,-0.416625977,0.108398438,0.476379395,-1.33307958,-0.565093398,0.730027795,3.14160156,1028,1720439348161,1720434063,3,3,1,1819651,-0.00390625,0.00390625,-0.05078125,1028,1720436364137,1720433864,3,0,1,4803675,0,0,0
1,1006,1720451133859,1720451171038,1,0,0,1,0,7,7,0,0,0,4,0,0,1029,1720447382982,1720443764,4,0,1,3788056,0.766601562,-0.416625977,0.108398438,0.476379395,-1.33307958,-0.565093398,0.730027795,3.14160156,1029,1720449353702,1720444063,4,3,1,1817336,0.0078125,0.04296875,-0.01171875,1029,1720446356327,1720444063,4,0,1,4814711,0,0,0
1,1007,1720461133859,1720461164394,1,0,0,1,0,7,7,0,0,0,4,0,0,1030,1720457358154,1720453762,5,0,1,3806240,0.766601562,-0.416625977,0.108398438,0.476379395,-1.33307958,-0.565093398,0.730027795,3.14160156,1030,1720459331078,1720453761,5,3,1,1833316,0.03125,-0.0078125,0.02734375,1030,1720456337591,1720454061,5,0,1,4826803,0,0,0
1,1008,1720471133859,1720471164343,1,0,0,1,0,7,7,0,0,0,4,0,0,1031,1720467355010,1720463960,6,0,1,3809333,0.766601562,-0.416625977,0.108398438,0.476379395,-1.33307958,-0.565093398,0.730027795,3.14160156,1031,1720469325526,1720464260,6,3,1,1838817,0.03125,-0.0078125,0.02734375,1031,1720466335317,1720464060,6,0,1,4829026,0,0,0
1,1009,1720481133859,1720481164162,1,0,0,1,0,7,7,0,0,0,4,0,0,1032,1720477357107,1720473761,7,0,1,3807055,0.766601562,-0.416625977,0.108398438,0.476379395,-1.33307958,-0.565093398,0.730027795,3.14160156,1032,1720479330827,1720474060,7,3,1,1833335,-0.015625,-0.03125,-0.01171875,1032,1720476334062,1720474060,7,0,1,4830100,0,0,0
1,1010,1720491133859,1720491161537,1,0,0,1,0,7,7,0,0,0,4,0,0,1033,1720487356018,1720483761,8,0,1,3805519,0.766601562,-0.416625977,0.108398438,0.476379395,-1.33307958,-0.565093398,0.730027795,3.14160156,1033,1720489327424,1720483858,8,3,1,1834113,0.0078125,0.04296875,-0.01171875,1033,1720486330104,1720484060,8,0,1,4831433,0,0,0
1,1011,1720501133859,1720501164244,1,0,0,1,0,7,7,0,0,0,4,0,0,1034,1720497355337,1720493759,9,0,1,3808907,0.766601562,-0.416625977,0.108398438,0.476379395,-1.33307958,-0.565093398,0.730027795,3.14160156,1034,1720499330946,1720493760,9,3,1,1833298,-0.00390625,0.00390625,-0.01171875,1034,1720496327071,1720493457,9,0,1,4837173,0,0,0
1,1012,1720511133859,1720511164286,1,0,0,1,0,7,7,0,0,0,4,0,0,1035,1720507356101,1720503761,10,0,1,3808185,0.766601562,-0.416625977,0.108398438,0.476379395,-1.33307958,-0.565093398,0.730027795,3.14160156,1035,1720509330228,1720503860,10,3,1,1834058,-0.00390625,0.00390625,-0.01171875,1035,1720506334519,1720504061,10,0,1,4829767,0,0,0
1,1013,1720521133859,1720521164216,1,0,0,1,0,7,7,0,0,0,4,0,0,1036,1720517357642,1720513762,11,0,1,3806574,0.766601562,-0.416625977,0.108398438,0.476379395,-1.33307958,-0.565093398,0.730027795,3.14160156,1036,1720519330473,1720513560,11,3,1,1833743,0.03125,-0.0078125,0.02734375,1036,1720516332042,1720514059,11,0,1,4832174,0,0,0
1,1014,1720531133859,1720531164331,1,0,0,1,0,7,7,0,0,0,4,0,0,1037,1720527356387,1720523561,12,0,1,3807944,0.766601562,-0.416625977,0.108398438,0.476379395,-1.33307958,-0.565093398,0.730027795,3.14160156,1037,1720529329792,1720524061,12,3,1,1834539,0.01953125,-0.04296875,-0.01171875,1037,1720526330176,1720524160,12,0,1,4834155,0,0,0
1,1015,1720541133859,1720541163928,1,0,0,1,0,7,7,0,0,0,4,0,0,1038,1720537358002,1720533761,13,0,1,3805926,0.766601562,-0.416625977,0.108398438,0.476379395,-1.33307958,-0.565093398,0.730027795,3.14160156,1038,1720539336333,1720533761,13,3,1,1827595,0.03125,-0.0078125,0.02734375,1038,1720536332032,1720533660,13,0,1,4831896,0,0,0
1,1016,1720551133859,1720551168024,1,0,0,1,0,7,7,0,0,0,4,0,0,1039,1720547351340,1720543561,14,0,1,3816684,0.766601562,-0.416625977,0.108398438,0.476379395,-1.33307958,-0.565093398,0.730027795,3.14160156,1039,1720549333374,1720543861,14,3,1,1834650,-0.02734375,0.0546875,-0.01171875,1039,1720546330369,1720544060,14,0,1,4837655,0,0,0
1,1017,1720561133859,1720561167640,1,0,0,1,0,7,7,0,0,0,4,0,0,1040,1720557382806,1720553564,15,0,1,3784834,0.766601562,-0.416625977,0.108398438,0.476379395,-1.33307958,-0.565093398,0.730027795,3.14160156,1040,1720559357544,1720553166,15,3,1,1810096,-0.00390625,0.00390625,0.02734375,1040,1720556358280,1720554063,15,0,1,4809360,0,0,0
1,1018,1720571133859,1720571167773,1,0,0,1,0,7,7,0,0,0,4,0,0,1041,1720567382551,1720563564,16,0,1,3785222,0.766601562,-0.416625977,0.108398438,0.476379395,-1.33307958,-0.565093398,0.730027795,3.14160156,1041,1720569353993,1720563863,16,3,1,1813780,0.03125,-0.0078125,0.02734375,1041,1720566353710,1720563863,16,0,1,4814063,0,0,0
1,1019,1720581133859,1720581167518,1,0,0,1,0,7,7,0,0,0,4,0,0,1042,1720577382036,1720573364,17,0,1,3785482,0.766601562,-0.416625977,0.108398438,0.476379395,-1.33307958,-0.565093398,0.730027795,3.14160156,1042,1720579353219,1720573763,17,3,1,1814299,0.03125,-0.0078125,0.02734375,1042,1720576352677,1720572963,17,0,1,4814841,0,0,0
1,1020,1720591133859,1720591167430,1,0,0,1,0,7,7,0,0,0,4,0,0,1043,1720587381670,1720583564,18,0,1,3785760,0.766601562,-0.416625977,0.108398438,0.476379395,-1.33307958,-0.565093398,0.730027795,3.14160156,1043,1720589356335,1720583563,18,3,1,1811095,-0.00390625,0.00390625,-0.01171875,1043,1720586351867,1720584063,18,0,1,4815563,0,0,0
1,1021,1720601133859,1720601167249,1,0,0,1,0,7,7,0,0,0,4,0,0,1044,1720597381637,1720593364,19,0,1,3785612,0.766601562,-0.416625977,0.108398438,0.476379395,-1.33307958,-0.565093398,0.730027795,3.14160156,1044,1720599353080,1720593363,19,3,1,1814169,-0.00390625,0.00390625,-0.01171875,1044,1720596353001,1720594063,19,0,1,4814248,0,0,0
1,1022,1720611133859,1720611166734,1,0,0,1,0,7,7,0,0,0,4,0,0,1045,1720607375882,1720603564,20,0,1,3790852,0.766601562,-0.416687012,0.108398438,0.476379395,-1.33308327,-0.565204203,0.730079114,3.14160156,1045,1720609356898,1720603765,20,3,1,1809836,-0.015625,-0.03125,-0.01171875,1045,1720606353116,1720604063,20,0,1,4813618,0,0,0
1,1023,1720621133859,1720621167590,1,0,0,1,0,7,7,0,0,0,4,0,0,1046,1720617381701,1720613564,21,0,1,3785889,0.766601562,-0.416687012,0.108398438,0.476379395,-1.33308327,-0.565204203,0.730079114,3.14160156,1046,1720619353847,1720613863,21,3,1,1813743,0.03125,-0.0078125,-0.01171875,1046,1720616353157,1720614063,21,0,1,4814433,0,0,0
1,1024,1720631133859,1720631166909,1,0,0,1,0,7,7,0,0,0,4,0,0,1047,1720626381383,1720623464,22,0,1,4785526,0.766601562,-0.416687012,0.108398438,0.476379395,-1.33308327,-0.565204203,0.730079114,3.14160156,1047,1720628353010,1720623463,22,3,1,2813899,-0.015625,-0.03125,-0.01171875,1047,1720625352190,1720623063,22,0,1,5814719,0,0,0
1,1025,1720641133859,1720641167358,1,0,0,1,0,7,7,0,0,0,4,0,0,1048,1720637381783,1720633564,23,0,1,3785575,0.766601562,-0.416687012,0.108398438,0.476379395,-1.33308327,-0.565204203,0.730079114,3.14160156,1048,1720639353189,1720633561,23,3,1,1814169,-0.00390625,0.00390625,0.02734375,1048,1720636354202,1720633663,23,0,1,4813156,0,0,0
1,1026,1720651133859,1720651169492,1,0,0,1,0,7,7,0,0,0,4,0,0,1049,1720646380817,1720643264,24,0,1,4788675,0.766601562,-0.416687012,0.108398438,0.476379395,-1.33308327,-0.565204203,0.730079114,3.14160156,1049,1720648353741,1720643464,24,3,1,2815751,-0.015625,-0.03125,0.02734375,1049,1720645353439,1720643063,24,0,1,5816053,0,0,0
1,1027,1720661133859,1720661167238,1,0,0,1,0,7,7,0,0,0,4,0,0,1050,1720656382507,1720653464,25,0,1,4784731,0.766601562,-0.416687012,0.108398438,0.476379395,-1.33308327,-0.565204203,0.730079114,3.14160156,1050,1720658351949,1720653863,25,3,1,2815289,-0.00390625,0.00390625,0.02734375,1050,1720655349315,1720653063,25,0,1,5817923,0,0,0
1,1028,1720671133859,1720671167669,1,0,0,1,0,7,7,0,0,0,4,0,0,1051,1720666381160,1720663064,26,0,1,4786509,0.766601562,-0.416687012,0.108398438,0.476379395,-1.33308327,-0.565204203,0.730079114,3.14160156,1051,1720668351714,1720663663,26,3,1,2815955,-0.00390625,0.00390625,-0.01171875,1051,1720665351875,1720663063,26,0,1,5815794,0,0,0
1,1029,1720681133859,1720681166840,1,0,0,1,0,7,7,0,0,0,4,0,0,1052,1720677380229,1720673364,27,0,1,3786611,0.766601562,-0.416687012,0.108398438,0.476379395,-1.33308327,-0.565204203,0.730079114,3.14160156,1052,1720679351967,1720673363,27,3,1,1814873,-0.0390625,0.01953125,-0.01171875,1052,1720676351721,1720673662,27,0,1,4815119,0,0,0
1,1030,1720691133859,1720691166827,1,0,0,1,0,7,7,0,0,0,4,0,0,1053,1720686381374,1720683464,28,0,1,4785453,0.766601562,-0.416687012,0.108398438,0.476379395,-1.33308327,-0.565204203,0.730079114,3.14160156,1053,1720688353002,1720683660,28,3,1,2813825,0.03125,-0.0078125,-0.01171875,1053,1720685351756,1720683162,28,0,1,5815071,0,0,0
1,1031,1720701133859,1720701166776,1,0,0,1,0,7,7,0,0,0,4,0,0,1054,1720696381212,1720693463,29,0,1,4785564,0.766601562,-0.416687012,0.108398438,0.476379395,-1.33308327,-0.565204203,0.730079114,3.14160156,1054,1720698352488,1720693063,29,3,1,2814288,-0.00390625,0.00390625,0.02734375,1054,1720695352927,1720693063,29,0,1,5813849,0,0,0
1,1032,1720711133859,1720711167578,1,0,0,1,0,7,7,0,0,0,4,0,0,1055,1720707382373,1720703164,30,0,1,3785205,0.766601562,-0.416687012,0.108398438,0.476379395,-1.33308327,-0.565204203,0.730079114,3.14160156,1055,1720709353853,1720703563,30,3,1,1813725,0.03125,-0.0078125,0.02734375,1055,1720706354792,1720703863,30,0,1,4812786,0,0,0
1,1033,1720721133859,1720721167398,1,0,0,1,0,7,7,0,0,0,4,0,0,1056,1720716382037,1720712964,31,0,1,4785361,0.766601562,-0.416687012,0.108398438,0.476379395,-1.33308327,-0.565204203,0.730079114,3.14160156,1056,1720718352702,1720713263,31,3,1,2814696,-0.00390625,0.00390625,-0.01171875,1056,1720715352085,1720712861,31,0,1,5815313,0,0,0
1,1034,1720731133859,1720731167514,1,0,0,1,0,7,7,0,0,0,4,0,0,1057,1720726382116,1720723264,32,0,1,4785398,0.766601562,-0.416687012,0.108398438,0.476379395,-1.33308327,-0.565204203,0.730079114,3.14160156,1057,1720728352670,1720723463,32,3,1,2814844,0.03125,-0.0078125,-0.01171875,1057,1720725349905,1720723061,32,0,1,5817609,0,0,0
1,1035,1720741133859,1720741167334,1,0,0,1,0,7,7,0,0,0,4,0,0,1058,1720736381825,1720733064,33,0,1,4785509,0.766601562,-0.416687012,0.108398438,0.476379395,-1.33308327,-0.565204203,0.730079114,3.14160156,1058,1720738352545,1720733063,33,3,1,2814789,0.01953125,-0.04296875,0.06640625,1058,1720735353577,1720733063,33,0,1,5813757,0,0,0
1,1036,1720751133859,1720751169746,1,0,0,1,0,7,7,0,0,0,4,0,0,1059,1720746381626,1720743064,34,0,1,4788120,0.766601562,-0.416687012,0.108398438,0.476379395,-1.33308327,-0.565204203,0.730079114,3.14160156,1059,1720748352995,1720743463,34,3,1,2816751,-0.00390625,0.00390625,-0.01171875,1059,1720745352823,1720743063,34,0,1,5816923,0,0,0
1,1037,1720761133859,1720761167269,1,0,0,1,0,7,7,0,0,0,4,0,0,1060,1720756382224,1720753064,35,0,1,4785045,0.766601562,-0.416687012,0.108398438,0.476379395,-1.33308327,-0.565204203,0.730079114,3.14160156,1060,1720758352740,1720753463,35,3,1,2814529,-0.00390625,0.00390625,0.02734375,1060,1720755354328,1720753063,35,0,1,5812941,0,0,0
1,1038,1720771133859,1720771167552,1,0,0,1,0,7,7,0,0,0,4,0,0,1061,1720766382062,1720763064,36,0,1,4785490,0.766601562,-0.416687012,0.108398438,0.476379395,-1.33308327,-0.565204203,0.730079114,3.14160156,1061,1720768353338,1720763263,36,3,1,2814214,0.0078125,0.04296875,-0.01171875,1061,1720765352796,1720763063,36,0,1,5814756,0,0,0
1,1039,1720781133859,1720781167965,1,0,0,1,0,7,7,0,0,0,4,0,0,1062,1720777381371,1720773164,37,0,1,3786594,0.766601562,-0.416687012,0.108398438,0.476379395,-1.33308327,-0.565204203,0.730079114,3.14160156,1062,1720779352721,1720773163,37,3,1,1815244,-0.00390625,0.00390625,-0.01171875,1062,1720776351994,1720773663,37,0,1,4815971,0,0,0
1,1040,1720791133859,1720791167470,1,0,0,1,0,7,7,0,0,0,4,0,0,1063,1720786381628,1720782964,38,0,1,4785842,0.766601562,-0.416687012,0.108398438,0.476379395,-1.33308327,-0.565204203,0.730079114,3.14160156,1063,1720788352626,1720783061,38,3,1,2814844,-0.00390625,0.00390625,-0.01171875,1063,1720785352750,1720783063,38,0,1,5814720,0,0,0
1,1041,1720801133859,1720801165123,1,0,0,1,0,7,7,0,0,0,4,0,0,1064,1720796381466,1720793062,39,0,1,4783657,0.766601562,-0.416687012,0.108398438,0.476379395,-1.33308327,-0.565204203,0.730079114,3.14160156,1064,1720798353464,1720793263,39,3,1,2811659,-0.00390625,0.00390625,-0.05078125,1064,1720795352866,1720793063,39,0,1,5812257,0,0,0
1,1042,1720811133859,1720811166961,1,0,0,1,0,7,7,0,0,0,4,0,0,1065,1720806379434,1720802962,40,0,1,4787527,0.766601562,-0.416687012,0.108398438,0.476379395,-1.33308327,-0.565204203,0.730079114,3.14160156,1065,1720808352895,1720803463,40,3,1,2814066,0.03125,-0.0078125,-0.01171875,1065,1720805352908,1720803163,40,0,1,5814053,0,0,0
1,1043,1720821133859,1720821166725,1,0,0,1,0,7,7,0,0,0,4,0,0,1066,1720816381365,1720813063,41,0,1,4785360,0.766601562,-0.416687012,0.108398438,0.476379395,-1.33308327,-0.565204203,0.730079114,3.14160156,1066,1720818351696,1720813063,41,3,1,2815029,0.03125,-0.0078125,0.02734375,1066,1720815352487,1720812662,41,0,1,5814238,0,0,0
1,1044,1720831133859,1720831167323,1,0,0,1,0,7,7,0,0,0,4,0,0,1067,1720826380463,1720823064,42,0,1,4786860,0.766601562,-0.416687012,0.108398438,0.476379395,-1.33308327,-0.565204203,0.730079114,3.14160156,1067,1720828351850,1720823463,42,3,1,2815473,-0.0390625,0.01953125,-0.01171875,1067,1720825351900,1720823162,42,0,1,5815423,0,0,0
1,1045,1720841133859,1720841166939,1,0,0,1,0,7,7,0,0,0,4,0,0,1068,1720837380735,1720832864,43,0,1,3786204,0.766601562,-0.416687012,0.108398438,0.476379395,-1.33308327,-0.565204203,0.730079114,3.14160156,1068,1720839351992,1720832763,43,3,1,1814947,-0.0390625,0.01953125,-0.01171875,1068,1720836351172,1720833062,43,0,1,4815767,0,0,0
1,1046,1720851133859,1720851168963,1,0,0,1,0,7,7,0,0,0,4,0,0,1069,1720846379936,1720842963,44,0,1,4789027,0.766601562,-0.416687012,0.108398438,0.476379395,-1.33308327,-0.565204203,0.730079114,3.14160156,1069,1720848351360,1720843262,44,3,1,2817603,-0.00390625,0.00390625,-0.01171875,1069,1720845351225,1720842862,44,0,1,5817738,0,0,0
1,1047,1720861133859,1720861167227,1,0,0,1,0,7,7,0,0,0,4,0,0,1070,1720856382440,1720852564,45,0,1,4784787,0.766601562,-0.416687012,0.108398438,0.476379395,-1.33308327,-0.565204203,0.730079114,3.14160156,1070,1720858352790,1720852863,45,3,1,2814437,0.03125,-0.0078125,0.02734375,1070,1720855353211,1720852863,45,0,1,5814016,0,0,0
1,1048,1720871133859,1720871167065,1,0,0,1,0,7,7,0,0,0,4,0,0,1071,1720866381686,1720862964,46,0,1,4785379,0.766601562,-0.416687012,0.108337402,0.476379395,-1.33309948,-0.565273106,0.729996502,3.14160156,1071,1720868352629,1720863063,46,3,1,2814436,0.03125,-0.0078125,0.02734375,1071,1720865353346,1720863063,46,0,1,5813719,0,0,0
1,1049,1720881133859,1720881167144,1,0,0,1,0,7,7,0,0,0,4,0,0,1072,1720876380451,1720872764,47,0,1,4786693,0.766601562,-0.416687012,0.108337402,0.476379395,-1.33309948,-0.565273106,0.729996502,3.14160156,1072,1720878352375,1720872763,47,3,1,2814769,-0.015625,-0.03125,0.02734375,1072,1720875351981,1720873063,47,0,1,5815163,0,0,0
1,1050,1720891133859,1720891166983,1,0,0,1,0,7,7,0,0,0,4,0,0,1073,1720886380511,1720882964,48,0,1,4786472,0.766601562,-0.416687012,0.108337402,0.476379395,-1.33309948,-0.565273106,0.729996502,3.14160156,1073,1720888354380,1720883263,48,3,1,2812603,-0.00390625,0.00390625,0.02734375,1073,1720885351152,1720883062,48,0,1,5815831,0,0,0
1,1051,1720901133859,1720901167729,1,0,0,1,0,7,7,0,0,0,4,0,0,1074,1720896383275,1720892962,49,0,1,4784454,0.766601562,-0.416687012,0.108337402,0.476379395,-1.33309948,-0.565273106,0.729996502,3.14160156,1074,1720898354218,1720893263,49,3,1,2813511,-0.00390625,0.00390625,-0.01171875,1074,1720895370360,1720893065,49,0,1,5797369,0,0,0
1,1052,1720911133859,1720911166845,1,0,0,1,0,7,7,0,0,0,4,0,0,1075,1720906383743,1720902961,50,0,1,4783102,0.766601562,-0.416687012,0.108337402,0.476379395,-1.33309948,-0.565273106,0.729996502,3.14160156,1075,1720908354316,1720903063,50,3,1,2812529,-0.00390625,0.00390625,-0.01171875,1075,1720905347588,1720903163,50,0,1,5819257,0,0,0
1,1053,1720921133859,1720921167294,1,0,0,1,0,7,7,0,0,0,4,0,0,1076,1720916376563,1720912964,51,0,1,4790731,0.766601562,-0.416687012,0.108337402,0.476379395,-1.33309948,-0.565273106,0.729996502,3.14160156,1076,1720918355709,1720912863,51,3,1,2811585,0.03125,-0.0078125,0.02734375,1076,1720915352630,1720912662,51,0,1,5814664,0,0,0
1,1054,1720931133859,1720931166984,1,0,0,1,0,7,7,0,0,0,4,0,0,1077,1720925381264,1720922464,52,0,1,5785720,0.766601562,-0.416687012,0.108337402,0.476379395,-1.33309948,-0.565273106,0.729996502,3.14160156,1077,1720927348318,1720922863,52,3,1,3818666,-0.00390625,0.00390625,-0.01171875,1077,1720924353127,1720922062,52,0,1,6813857,0,0,0
1,1055,1720941133859,1720941166841,1,0,0,1,0,7,7,0,0,0,4,0,0,1078,1720936381777,1720932564,53,0,1,4785064,0.766601562,-0.416687012,0.108337402,0.476379395,-1.33309948,-0.565273106,0.729996502,3.14160156,1078,1720938352794,1720932563,53,3,1,2814047,0.03125,-0.0078125,-0.01171875,1078,1720935356140,1720933063,53,0,1,5810701,0,0,0
1,1056,1720951133859,1720951169994,1,0,0,1,0,7,7,0,0,0,4,0,0,1079,1720946381430,1720942564,54,0,1,4788564,0.766601562,-0.416687012,0.108337402,0.476379395,-1.33309948,-0.565273106,0.729996502,3.14160156,1079,1720948352225,1720943063,54,3,1,2817769,-0.00390625,0.00390625,-0.01171875,1079,1720945351775,1720943063,54,0,1,5818219,0,0,0
1,1057,1720961133859,1720961166925,1,0,0,1,0,7,7,0,0,0,4,0,0,1080,1720956385157,1720952764,55,0,1,4781768,0.766601562,-0.416687012,0.108337402,0.476379395,-1.33309948,-0.565273106,0.729996502,3.14160156,1080,1720958353526,1720952761,55,3,1,2813399,0.0078125,0.04296875,0.02734375,1080,1720955356446,1720952663,55,0,1,5810479,0,0,0
1,1058,1720971133859,1720971167356,1,0,0,1,0,7,7,0,0,0,4,0,0,1081,1720966381255,1720962761,56,0,1,4786101,0.766601562,-0.416687012,0.108337402,0.476379395,-1.33309948,-0.565273106,0.729996502,3.14160156,1081,1720968351068,1720963061,56,3,1,2816288,-0.00390625,0.00390625,-0.01171875,1081,1720965347285,1720963063,56,0,1,5820071,0,0,0
1,1059,1720981133859,1720981167158,1,0,0,1,0,7,7,0,0,0,4,0,0,1082,1720976376408,1720972764,57,0,1,4790750,0.766601562,-0.416687012,0.108337402,0.476379395,-1.33309948,-0.565273106,0.729996502,3.14160156,1082,1720978355295,1720972563,57,3,1,2811863,0.03125,-0.0078125,-0.01171875,1082,1720975352882,1720973063,57,0,1,5814276,0,0,0
1,1060,1720991133859,1720991167385,1,0,0,1,0,7,7,0,0,0,4,0,0,1083,1720986381654,1720982764,58,0,1,4785731,0.766601562,-0.416687012,0.108337402,0.476379395,-1.33309948,-0.565273106,0.729996502,3.14160156,1083,1720988353282,1720983063,58,3,1,2814103,0.01953125,-0.04296875,-0.05078125,1083,1720985353073,1720983063,58,0,1,5814312,0,0,0
1,1061,1721001133859,1721001167094,1,0,0,1,0,7,7,0,0,0,4,0,0,1084,1720995382225,1720992264,59,0,1,5784869,0.766601562,-0.416687012,0.108337402,0.476379395,-1.33309948,-0.565273106,0.729996502,3.14160156,1084,1720997353408,1720992463,59,3,1,3813686,-0.00390625,0.00390625,0.02734375,1084,1720994356014,1720991863,59,0,1,6811080,0,0,0
1,1062,1721011133859,1721011167173,1,0,0,1,0,7,7,0,0,0,4,0,0,1085,1721006381516,1721002764,60,0,1,4785657,0.766601562,-0.416687012,0.108337402,0.476379395,-1.33309948,-0.565273106,0.729996502,3.14160156,1085,1721008352292,1721002763,60,3,1,2814881,-0.015625,-0.03125,-0.01171875,1085,1721005352361,1721003163,60,0,1,5814812,0,0,0
1,1063,1721021133859,1721021167178,1,0,0,1,0,7,7,0,0,0,4,0,0,1086,1721016381465,1721012564,61,0,1,4785713,0.766601562,-0.416687012,0.108337402,0.476379395,-1.33309948,-0.565273106,0.729996502,3.14160156,1086,1721018352315,1721012563,61,3,1,2814863,-0.00390625,0.00390625,-0.01171875,1086,1721015352347,1721013063,61,0,1,5814831,0,0,0
1,1064,1721031133859,1721031167349,1,0,0,1,0,7,7,0,0,0,4,0,0,1087,1721026381100,1721022764,62,0,1,4786249,0.766601562,-0.416687012,0.108337402,0.476379395,-1.33309948,-0.565273106,0.729996502,3.14160156,1087,1721028352450,1721023063,62,3,1,2814899,-0.0546875,-0.01953125,-0.05078125,1087,1721025352593,1721023063,62,0,1,5814756,0,0,0
1,1065,1721041133859,1721041167243,1,0,0,1,0,7,7,0,0,0,4,0,0,1088,1721036382197,1721032764,63,0,1,4785046,0.766601562,-0.416687012,0.108337402,0.476379395,-1.33309948,-0.565273106,0.729996502,3.14160156,1088,1721038352621,1721032863,63,3,1,2814622,0.03125,-0.0078125,-0.01171875,1088,1721035352024,1721033063,63,0,1,5815219,0,0,0
1,1066,1721051133859,1721051169156,1,0,0,1,0,7,7,0,0,0,4,0,0,1089,1721046380647,1721042364,64,0,1,4788509,0.766601562,-0.416687012,0.108337402,0.476379395,-1.33309948,-0.565273106,0.729996502,3.14160156,1089,1721048351571,1721042863,64,3,1,2817585,0.04296875,0.02734375,-0.01171875,1089,1721045353029,1721043162,64,0,1,5816127,0,0,0
1,1067,1721061133859,1721061166994,1,0,0,1,0,7,7,0,0,0,4,0,0,1090,1721056382041,1721052564,65,0,1,4784953,0.766601562,-0.416687012,0.108337402,0.476379395,-1.33309948,-0.565273106,0.729996502,3.14160156,1090,1721058352965,1721052563,65,3,1,2814029,0.03125,-0.0078125,0.02734375,1090,1721055354460,1721052663,65,0,1,5812534,0,0,0
1,1068,1721071133859,1721071166906,1,0,0,1,0,7,7,0,0,0,4,0,0,1091,1721065381853,1721062064,66,0,1,5785053,0.766601562,-0.416687012,0.108337402,0.476379395,-1.33309948,-0.565273106,0.729996502,3.14160156,1091,1721067352147,1721062463,66,3,1,3814759,0.03125,-0.0078125,-0.01171875,1091,1721064353160,1721062163,66,0,1,6813746,0,0,0
1,1069,1721081133859,1721081166986,1,0,0,1,0,7,7,0,0,0,4,0,0,1092,1721075381136,1721072263,67,0,1,5785850,0.766601562,-0.416687012,0.108337402,0.476379395,-1.33309948,-0.565273106,0.729996502,3.14160156,1092,1721077352504,1721072663,67,3,1,3814482,-0.00390625,0.00390625,-0.01171875,1092,1721074352980,1721072063,67,0,1,6814006,0,0,0
1,1070,1721091133859,1721091167046,1,0,0,1,0,7,7,0,0,0,4,0,0,1093,1721085381270,1721082264,68,0,1,5785776,0.766601562,-0.416687012,0.108337402,0.476379395,-1.33309948,-0.565273106,0.729996502,3.14160156,1093,1721087352509,1721082863,68,3,1,3814537,-0.0546875,-0.01953125,-0.01171875,1093,1721084352115,1721082163,68,0,1,6814931,0,0,0
1,1071,1721101133859,1721101167440,1,0,0,1,0,7,7,0,0,0,4,0,0,1094,1721097381976,1721092464,69,0,1,3785464,0.766601562,-0.416687012,0.108337402,0.476379395,-1.33309948,-0.565273106,0.729996502,3.14160156,1094,1721099352659,1721092463,69,3,1,1814781,-0.015625,-0.03125,0.02734375,1094,1721096355580,1721092563,69,0,1,4811860,0,0,0
1,1072,1721111133859,1721111167149,1,0,0,1,0,7,7,0,0,0,4,0,0,1095,1721105381965,1721102464,70,0,1,5785184,0.766601562,-0.416687012,0.108337402,0.476379395,-1.33309948,-0.565273106,0.729996502,3.14160156,1095,1721107352834,1721102863,70,3,1,3814315,0.01953125,-0.04296875,-0.01171875,1095,1721104352440,1721102163,70,0,1,6814709,0,0,0
1,1073,1721121133859,1721121166969,1,0,0,1,0,7,7,0,0,0,4,0,0,1096,1721115382267,1721112464,71,0,1,5784702,0.766601562,-0.416687012,0.108337402,0.476379395,-1.33309948,-0.565273106,0.729996502,3.14160156,1096,1721117352709,1721112063,71,3,1,3814260,0.03125,-0.0078125,0.02734375,1096,1721114352556,1721112063,71,0,1,6814413,0,0,0
1,1074,1721131133859,1721131167122,1,0,0,1,0,7,7,0,0,0,4,0,0,1097,1721126380817,1721122564,72,0,1,4786305,0.766601562,-0.416687012,0.108337402,0.476379395,-1.33309948,-0.565273106,0.729996502,3.14160156,1097,1721128351426,1721122762,72,3,1,2815696,0.03125,-0.0078125,-0.01171875,1097,1721125351439,1721123061,72,0,1,5815683,0,0,0
1,1075,1721141133859,1721141167053,1,0,0,1,0,7,7,0,0,0,4,0,0,1098,1721135377499,1721131961,73,0,1,5789554,0.766601562,-0.416687012,0.108337402,0.476379395,-1.33309948,-0.565273106,0.729996502,3.14160156,1098,1721137351386,1721132263,73,3,1,3815667,0,0.04296875,-0.01171875,1098,1721134351066,1721132062,73,0,1,6815987,0,0,0
1,1076,1721151133859,1721151168909,1,0,0,1,0,7,7,0,0,0,4,0,0,1099,1721145379430,1721142464,74,0,1,5789479,0.766662598,-0.416687012,0.108337402,0.476379395,-1.3329004,-0.565333307,0.729860425,3.14160156,1099,1721147351224,1721142663,74,3,1,3817685,-0.05078125,-0.015625,0.02734375,1099,1721144351015,1721142162,74,0,1,6817894,0,0,0
1,1077,1721161133859,1721161168211,1,0,0,1,0,7,7,0,0,0,4,0,0,1100,1721155381972,1721152264,75,0,1,5786239,0.766662598,-0.416687012,0.108337402,0.476379395,-1.3329004,-0.565333307,0.729860425,3.14160156,1100,1721157352729,1721152263,75,3,1,3815482,0.0390625,0.02734375,0.02734375,1100,1721154353594,1721152063,75,0,1,6814617,0,0,0
1,1078,1721171133859,1721171167105,1,0,0,1,0,7,7,0,0,0,4,0,0,1101,1721165381125,1721162464,76,0,1,5785980,0.766662598,-0.416687012,0.108337402,0.476379395,-1.3329004,-0.565333307,0.729860425,3.14160156,1101,1721167351549,1721162663,76,3,1,3815556,0,0.04296875,-0.01171875,1101,1721164352599,1721162063,76,0,1,6814506,0,0,0
1,1079,1721181133859,1721181167128,1,0,0,1,0,7,7,0,0,0,4,0,0,1102,1721175382130,1721172464,77,0,1,5784998,0.766662598,-0.416687012,0.108337402,0.476379395,-1.3329004,-0.565333307,0.729860425,3.14160156,1102,1721177353054,1721172663,77,3,1,3814074,-0.01171875,0.00390625,0.02734375,1102,1721174352401,1721172063,77,0,1,6814727,0,0,0
1,1080,1721191133859,1721191167226,1,0,0,1,0,7,7,0,0,0,4,0,0,1103,1721185382450,1721182265,78,0,1,5784776,0.766662598,-0.416687012,0.108337402,0.476379395,-1.3329004,-0.565333307,0.729860425,3.14160156,1103,1721187353300,1721182463,78,3,1,3813926,-0.0234375,-0.03125,0.02734375,1103,1721184353128,1721182162,78,0,1,6814098,0,0,0
1,1081,1721201133859,1721201167120,1,0,0,1,0,7,7,0,0,0,4,0,0,1104,1721196382352,1721192164,79,0,1,4784768,0.766662598,-0.416687012,0.108337402,0.476379395,-1.3329004,-0.565333307,0.729860425,3.14160156,1104,1721198352961,1721192163,79,3,1,2814159,0.0234375,-0.0078125,-0.01171875,1104,1721195354733,1721192663,79,0,1,5812387,0,0,0
1,1082,1721211133859,1721211165477,1,0,0,1,0,7,7,0,0,0,4,0,0,1105,1721205380997,1721201964,80,0,1,5784480,0.766662598,-0.416687012,0.108337402,0.476379395,-1.3329004,-0.565333307,0.729860425,3.14160156,1105,1721207348699,1721202064,80,3,1,3816778,-0.01171875,0.00390625,-0.01171875,1105,1721204352175,1721202063,80,0,1,6813302,0,0,0
1,1083,1721221133859,1721221167111,1,0,0,1,0,7,7,0,0,0,4,0,0,1106,1721215382076,1721212064,81,0,1,5785035,0.766662598,-0.416687012,0.108337402,0.476379395,-1.3329004,-0.565333307,0.729860425,3.14160156,1106,1721217352408,1721211863,81,3,1,3814703,-0.0234375,-0.03125,-0.01171875,1106,1721214354569,1721212063,81,0,1,6812542,0,0,0
1,1084,1721231133859,1721231166987,1,0,0,1,0,7,7,0,0,0,4,0,0,1107,1721225382137,1721222064,82,0,1,5784850,0.766662598,-0.416687012,0.108337402,0.476379395,-1.3329004,-0.565333307,0.729860425,3.14160156,1107,1721227353042,1721222664,82,3,1,3813945,-0.01171875,0.00390625,-0.01171875,1107,1721224352074,1721222163,82,0,1,6814913,0,0,0
1,1085,1721241133859,1721241167066,1,0,0,1,0,7,7,0,0,0,4,0,0,1108,1721235382438,1721232264,83,0,1,5784628,0.766662598,-0.416687012,0.108337402,0.476379395,-1.3329004,-0.565333307,0.729860425,3.14160156,1108,1721237352325,1721232663,83,3,1,3814741,-0.00390625,0.00390625,-0.01171875,1108,1721234352079,1721232063,83,0,1,6814987,0,0,0
1,1086,1721251133859,1721251169941,1,0,0,1,0,7,7,0,0,0,4,0,0,1109,1721245381795,1721242064,84,0,1,5788146,0.766662598,-0.416687012,0.108337402,0.476379395,-1.3329004,-0.565333307,0.729860425,3.14160156,1109,1721247352330,1721242463,84,3,1,3817611,0.03125,-0.0078125,0.02734375,1109,1721244352399,1721242063,84,0,1,6817542,0,0,0
1,1087,1721261133859,1721261167298,1,0,0,1,0,7,7,0,0,0,4,0,0,1110,1721255381726,1721252064,85,0,1,5785572,0.766662598,-0.416687012,0.108337402,0.476379395,-1.3329004,-0.565333307,0.729860425,3.14160156,1110,1721257352483,1721251763,85,3,1,3814815,-0.00390625,0.00390625,-0.01171875,1110,1721254354015,1721252063,85,0,1,6813283,0,0,0
1,1088,1721271133859,1721271167210,1,0,0,1,0,7,7,0,0,0,4,0,0,1111,1721265381194,1721262063,86,0,1,5786016,0.766662598,-0.416687012,0.108337402,0.476379395,-1.3329004,-0.565333307,0.729860425,3.14160156,1111,1721267352210,1721262463,86,3,1,3815000,-0.00390625,0.00390625,-0.01171875,1111,1721264352390,1721262063,86,0,1,6814820,0,0,0
1,1089,1721281133859,1721281167086,1,0,0,1,0,7,7,0,0,0,4,0,0,1112,1721275381458,1721271764,87,0,1,5785628,0.766662598,-0.416687012,0.108337402,0.476379395,-1.3329004,-0.565333307,0.729860425,3.14160156,1112,1721277353104,1721272063,87,3,1,3813982,-0.0390625,0.01953125,-0.01171875,1112,1721274352321,1721272063,87,0,1,6814765,0,0,0
1,1090,1721291133859,1721291167091,1,0,0,1,0,7,7,0,0,0,4,0,0,1113,1721285380574,1721282064,88,0,1,5786517,0.766662598,-0.416687012,0.108337402,0.476379395,-1.3329004,-0.565333307,0.729860425,3.14160156,1113,1721287349202,1721282261,88,3,1,3817889,-0.0390625,0.01953125,-0.01171875,1113,1721284352141,1721282162,88,0,1,6814950,0,0,0
1,1091,1721301133859,1721301166948,1,0,0,1,0,7,7,0,0,0,4,0,0,1114,1721295381468,1721292064,89,0,1,5785480,0.766662598,-0.416687012,0.108337402,0.476379395,-1.3329004,-0.565333307,0.729860425,3.14160156,1114,1721297349892,1721291861,89,3,1,3817056,-0.0390625,0.01953125,0.02734375,1114,1721294355516,1721291663,89,0,1,6811432,0,0,0
1,1092,1721311133859,1721311167249,1,0,0,1,0,7,7,0,0,0,4,0,0,1115,1721305381399,1721302064,90,0,1,5785850,0.766662598,-0.416687012,0.108337402,0.476379395,-1.3329004,-0.565333307,0.729860425,3.14160156,1115,1721307352286,1721302463,90,3,1,3814963,-0.00390625,0.00390625,-0.01171875,1115,1721304352022,1721302063,90,0,1,6815227,0,0,0
1,1093,1721321133859,1721321167106,1,0,0,1,0,7,7,0,0,0,4,0,0,1116,1721315382015,1721312064,91,0,1,5785091,0.766662598,-0.416687012,0.108337402,0.476379395,-1.3329004,-0.565333307,0.729860425,3.14160156,1116,1721317353365,1721312463,91,3,1,3813741,-0.015625,-0.03125,0.02734375,1116,1721314356563,1721312062,91,0,1,6810543,0,0,0
1,1094,1721331133859,1721331167222,1,0,0,1,0,7,7,0,0,0,4,0,0,1117,1721325381557,1721321964,92,0,1,5785665,0.766662598,-0.416687012,0.108337402,0.476379395,-1.3329004,-0.565333307,0.729860425,3.14160156,1117,1721327352481,1721322263,92,3,1,3814741,0.01953125,-0.04296875,0.02734375,1117,1721324352106,1721322063,92,0,1,6815116,0,0,0
1,1095,1721341133859,1721341166986,1,0,0,1,0,7,7,0,0,0,4,0,0,1118,1721335382025,1721331964,93,0,1,5784961,0.766662598,-0.416687012,0.108337402,0.476379395,-1.3329004,-0.565333307,0.729860425,3.14160156,1118,1721337352783,1721331863,93,3,1,3814203,0.04296875,0.02734375,-0.01171875,1118,1721334351963,1721331663,93,0,1,6815023,0,0,0
1,1096,1721351133859,1721351169713,1,0,0,1,0,7,7,0,0,0,4,0,0,1119,1721345381826,1721341564,94,0,1,5787887,0.766662598,-0.416687012,0.108337402,0.476379395,-1.3329004,-0.565333307,0.729860425,3.14160156,1119,1721347352825,1721341863,94,3,1,3816888,-0.015625,-0.03125,-0.01171875,1119,1721344352023,1721342163,94,0,1,6817690,0,0,0
1,1097,1721361133859,1721361167052,1,0,0,1,0,7,7,0,0,0,4,0,0,1120,1721356381673,1721351864,95,0,1,4785379,0.766662598,-0.416687012,0.108337402,0.476379395,-1.3329004,-0.565333307,0.729860425,3.14160156,1120,1721358352949,1721351463,95,3,1,2814103,-0.00390625,0.00390625,-0.01171875,1120,1721355353240,1721352063,95,0,1,5813812,0,0,0
1,1098,1721371133859,1721371167057,1,0,0,1,0,7,7,0,0,0,4,0,0,1121,1721365380966,1721362063,96,0,1,5786091,0.766662598,-0.416687012,0.108337402,0.476379395,-1.3329004,-0.565333307,0.729860425,3.14160156,1121,1721367352724,1721362263,96,3,1,3814333,-0.015625,-0.03125,-0.01171875,1121,1721364351700,1721361863,96,0,1,6815357,0,0,0
1,1099,1721381133859,1721381166895,1,0,0,1,0,7,7,0,0,0,4,0,0,1122,1721375382101,1721371964,97,0,1,5784794,0.766662598,-0.416687012,0.108337402,0.476379395,-1.3329004,-0.565333307,0.729860425,3.14160156,1122,1721377352358,1721372263,97,3,1,3814537,-0.0390625,0.01953125,0.02734375,1122,1721374354186,1721372063,97,0,1,6812709,0,0,0
1,1100,1721391133859,1721391167067,1,0,0,1,0,7,7,0,0,0,4,0,0,1123,1721385381735,1721381964,98,0,1,5785332,0.766662598,-0.416687012,0.108337402,0.476379395,-1.3329004,-0.565333307,0.729860425,3.14160156,1123,1721387352067,1721382263,98,3,1,3815000,-0.00390625,0.00390625,0.02734375,1123,1721384352858,1721382163,98,0,1,6814209,0,0,0
1,1101,1721401133859,1721401166294,1,0,0,1,0,7,7,0,0,0,4,0,0,1124,1721395382444,1721391564,99,0,1,5783850,0.766662598,-0.416687012,0.108337402,0.476379395,-1.3329004,-0.565333307,0.729860425,3.14160156,1124,1721397355368,1721391763,99,3,1,3810926,-0.0390625,0.01953125,-0.01171875,1124,1721394371862,1721392068,99,0,1,6794432,0,0,0
1,1102,1721411133859,1721411167318,1,0,0,1,0,7,7,0,0,0,4,0,0,1125,1721405376486,1721401964,100,0,1,5790832,0.766662598,-0.416687012,0.108337402,0.476379395,-1.3329004,-0.565333307,0.729860425,3.14160156,1125,1721407356558,1721402263,100,3,1,3810760,-0.00390625,0.00390625,-0.01171875,1125,1721404353849,1721402063,100,0,1,6813469,0,0,0
1,1103,1721421133859,1721421170582,1,0,0,1,0,7,7,0,0,0,4,0,0,1126,1721415381936,1721412061,101,0,1,5788646,0.766662598,-0.416687012,0.108337402,0.476379395,-1.3329004,-0.565333307,0.729860425,3.14160156,1126,1721417356989,1721412463,101,3,1,3813593,0.01953125,-0.04296875,0.02734375,1126,1721414354706,1721412063,101,0,1,6815876,0,0,0
1,1104,1721431133859,1721431187827,1,0,0,1,0,7,7,0,0,0,4,0,0,1127,1721425410662,1721421967,102,0,1,5777165,0.766662598,-0.416687012,0.108337402,0.476379395,-1.3329004,-0.565333307,0.729860425,3.14160156,1127,1721427380419,1721421865,102,3,1,3807408,-0.00390625,0.00390625,-0.05078125,1127,1721424398932,1721422164,102,0,1,6788895,0,0,0
1,1105,1721441133859,1721441179629,1,0,0,1,0,7,7,0,0,0,4,0,0,1128,1721435409074,1721431776,103,0,1,5770555,0.766662598,-0.416687012,0.108337402,0.476379395,-1.3329004,-0.565333307,0.729860425,3.14160156,1128,1721437380258,1721431767,103,3,1,3799371,-0.00390625,0.00390625,-0.01171875,1128,1721434418474,1721431877,103,0,1,6761155,0,0,0
1,1106,1721451133859,1721451183134,1,0,0,1,0,7,7,0,0,0,4,0,0,1129,1721445393061,1721441763,104,0,1,5790073,0.766662598,-0.416687012,0.108337402,0.476379395,-1.3329004,-0.565333307,0.729860425,3.14160156,1129,1721447373541,1721442062,104,3,1,3809593,-0.0390625,0.01953125,-0.01171875,1129,1721444428015,1721442068,104,0,1,6755119,0,0,0
1,1107,1721461133859,1721461159417,1,0,0,1,0,7,7,0,0,0,4,0,0,1130,1721455350586,1721451558,105,0,1,5808831,0.766662598,-0.416687012,0.108337402,0.476379395,-1.3329004,-0.565333307,0.729860425,3.14160156,1130,1721457332566,1721452060,105,3,1,3826851,-0.00390625,0.00390625,-0.01171875,1130,1721454590701,1721452058,105,0,1,6568716,0,0,0
1,1108,1721471133859,1721471165033,1,0,0,1,0,7,7,0,0,0,4,0,0,1131,1721465360072,1721461560,106,0,1,5804961,0.766662598,-0.416687012,0.108337402,0.476379395,-1.3329004,-0.565333307,0.729860425,3.14160156,1131,1721467332385,1721462061,106,3,1,3832648,0.00390625,0.00390625,0.02734375,1131,1721464326862,1721462056,106,0,1,6838171,0,0,0
1,1109,1721481133859,1721481164149,1,0,0,1,0,7,7,0,0,0,4,0,0,1132,1721475359707,1721471762,107,0,1,5804442,0.766662598,-0.416687012,0.108337402,0.476379395,-1.3329004,-0.565333307,0.729860425,3.14160156,1132,1721477330705,1721471760,107,3,1,3833444,0.02734375,-0.04296875,-0.01171875,1132,1721474333126,1721471860,107,0,1,6831023,0,0,0
1,1110,1721491133859,1721491163969,1,0,0,1,0,7,7,0,0,0,4,0,0,1133,1721485358786,1721481961,108,0,1,5805183,0.766662598,-0.416687012,0.108337402,0.476379395,-1.3329004,-0.565333307,0.729860425,3.14160156,1133,1721487331136,1721482261,108,3,1,3832833,0.0390625,-0.0078125,-0.05078125,1133,1721484332816,1721482161,108,0,1,6831153,0,0,0
1,1111,1721501133859,1721501164437,1,0,0,1,0,7,7,0,0,0,4,0,0,1134,1721495358162,1721491761,109,0,1,5806275,0.766662598,-0.416687012,0.108337402,0.476379395,-1.3329004,-0.565333307,0.729860425,3.14160156,1134,1721497330234,1721491360,109,3,1,3834203,-0.0078125,-0.03125,0.02734375,1134,1721494331710,1721492060,109,0,1,6832727,0,0,0
1,1112,1721511133859,1721511163664,1,0,0,1,0,7,7,0,0,0,4,0,0,1135,1721505356056,1721501759,110,0,1,5807608,0.766662598,-0.416687012,0.108337402,0.476379395,-1.3329004,-0.565333307,0.729860425,3.14160156,1135,1721507329535,1721502060,110,3,1,3834129,0.0390625,-0.0078125,0.02734375,1135,1721504331882,1721501860,110,0,1,6831782,0,0,0
1,1113,1721521133859,1721521163651,1,0,0,1,0,7,7,0,0,0,4,0,0,1136,1721515355894,1721511759,111,0,1,5807757,0.766662598,-0.416687012,0.108337402,0.476379395,-1.3329004,-0.565333307,0.729860425,3.14160156,1136,1721517329077,1721512060,111,3,1,3834574,-0.00390625,0.00390625,-0.01171875,1136,1721514328924,1721512060,111,0,1,6834727,0,0,0
1,1114,1721531133859,1721531163767,1,0,0,1,0,7,7,0,0,0,4,0,0,1137,1721525357973,1721521561,112,0,1,5805794,0.766662598,-0.416687012,0.108337402,0.476379395,-1.3329004,-0.565333307,0.729860425,3.14160156,1137,1721527328527,1721521860,112,3,1,3835240,0.03125,-0.0078125,-0.01171875,1137,1721524328503,1721522060,112,0,1,6835264,0,0,0
1,1115,1721541133859,1721541164438,1,0,0,1,0,7,7,0,0,0,4,0,0,1138,1721535441401,1721531361,113,0,1,5723037,0.766662598,-0.416687012,0.108337402,0.476379395,-1.3329004,-0.565333307,0.729860425,3.14160156,1138,1721537331143,1721531360,113,3,1,3833295,0.01953125,-0.04296875,-0.01171875,1138,1721534328897,1721532060,113,0,1,6835541,0,0,0
1,1116,1721551133859,1721551165592,1,0,0,1,0,7,7,0,0,0,4,0,0,1139,1721545356168,1721541561,114,0,1,5809424,0.766601562,-0.416687012,0.108337402,0.476379395,-1.33309948,-0.565273106,0.729996502,3.14160156,1139,1721547332388,1721541861,114,3,1,3833204,0.03125,-0.0078125,-0.01171875,1139,1721544329606,1721542060,114,0,1,6835986,0,0,0
1,1117,1721561133859,1721561167041,1,0,0,1,0,7,7,0,0,0,4,0,0,1140,1721555382321,1721551764,115,0,1,5784720,0.766601562,-0.416687012,0.108337402,0.476379395,-1.33309948,-0.565273106,0.729996502,3.14160156,1140,1721557356226,1721552063,115,3,1,3810815,-0.0390625,0.01953125,-0.01171875,1140,1721554360165,1721552066,115,0,1,6806876,0,0,0
1,1118,1721571133859,1721571167009,1,0,0,1,0,7,7,0,0,0,4,0,0,1141,1721565381140,1721561564,116,0,1,5785869,0.766601562,-0.416687012,0.108337402,0.476379395,-1.33309948,-0.565273106,0.729996502,3.14160156,1141,1721567354879,1721561763,116,3,1,3812130,-0.0390625,0.01953125,-0.01171875,1141,1721564352374,1721562162,116,0,1,6814635,0,0,0
1,1119,1721581133859,1721581167014,1,0,0,1,0,7,7,0,0,0,4,0,0,1142,1721575380794,1721571563,117,0,1,5786220,0.766601562,-0.416687012,0.108337402,0.476379395,-1.33309948,-0.565273106,0.729996502,3.14160156,1142,1721577354384,1721571563,117,3,1,3812630,-0.00390625,0.00390625,0.02734375,1142,1721574352675,1721571662,117,0,1,6814339,0,0,0
1,1120,1721591133859,1721591164723,1,0,0,1,0,7,7,0,0,0,4,0,0,1143,1721585380410,1721581563,118,0,1,5784313,0.766601562,-0.416687012,0.108337402,0.476379395,-1.33309948,-0.565273106,0.729996502,3.14160156,1143,1721587355612,1721581863,118,3,1,3809111,0.03125,-0.0078125,-0.01171875,1143,1721584352329,1721582062,118,0,1,6812394,0,0,0
1,1121,1721601133859,1721601166080,1,0,0,1,0,7,7,0,0,0,4,0,0,1144,1721595379822,1721591563,119,0,1,5786258,0.766601562,-0.416687012,0.108337402,0.476379395,-1.33309948,-0.565273106,0.729996502,3.14160156,1144,1721597354098,1721591363,119,3,1,3811982,0.03125,-0.0078125,0.02734375,1144,1721594352871,1721592062,119,0,1,6813209,0,0,0
1,1122,1721611133859,1721611166066,1,0,0,1,0,7,7,0,0,0,4,0,0,1145,1721604379393,1721601463,120,0,1,6786673,0.766601562,-0.416687012,0.108337402,0.476379395,-1.33309948,-0.565273106,0.729996502,3.14160156,1145,1721606350836,1721601662,120,3,1,4815230,-0.00390625,0.00390625,0.02734375,1145,1721603352794,1721601162,120,0,1,7813272,0,0,0
1,1123,1721621133859,1721621166979,1,0,0,1,0,7,7,0,0,0,4,0,0,1146,1721616378951,1721611463,121,0,1,4788028,0.766601562,-0.416687012,0.108337402,0.476379395,-1.33309948,-0.565273106,0.729996502,3.14160156,1146,1721618352598,1721611462,121,3,1,2814381,-0.00390625,0.00390625,-0.01171875,1146,1721615352111,1721611761,121,0,1,5814868,0,0,0
1,1124,1721631133859,1721631166372,1,0,0,1,0,7,7,0,0,0,4,0,0,1147,1721625380708,1721621564,122,0,1,5785664,0.766601562,-0.416687012,0.108337402,0.476379395,-1.33309948,-0.565273106,0.729996502,3.14160156,1147,1721627352484,1721621863,122,3,1,3813888,-0.00390625,0.00390625,-0.01171875,1147,1721624353552,1721622062,122,0,1,6812820,0,0,0
1,1125,1721641133859,1721641167118,1,0,0,1,0,7,7,0,0,0,4,0,0,1148,1721634381242,1721631263,123,0,1,6785876,0.766601562,-0.416687012,0.108337402,0.476379395,-1.33309948,-0.565273106,0.729996502,3.14160156,1148,1721636352703,1721631263,123,3,1,4814415,-0.015625,-0.03125,0.02734375,1148,1721633356568,1721631065,123,0,1,7810550,0,0,0
1,1126,1721651133859,1721651169531,1,0,0,1,0,7,7,0,0,0,4,0,0,1149,1721645382273,1721641364,124,0,1,5787258,0.766601562,-0.416687012,0.108337402,0.476379395,-1.33309948,-0.565273106,0.729996502,3.14160156,1149,1721647353790,1721641763,124,3,1,3815741,0.03125,-0.0078125,-0.01171875,1149,1721644355359,1721641863,124,0,1,6814172,0,0,0
1,1127,1721661133859,1721661166833,1,0,0,1,0,7,7,0,0,0,4,0,0,1150,1721654382382,1721651264,125,0,1,6784451,0.766601562,-0.416687012,0.108337402,0.476379395,-1.33309948,-0.565273106,0.729996502,3.14160156,1150,1721656353602,1721651663,125,3,1,4813231,-0.0390625,0.01953125,0.02734375,1150,1721653357449,1721651063,125,0,1,7809384,0,0,0
1,1128,1721671133859,1721671166469,1,0,0,1,0,7,7,0,0,0,4,0,0,1151,1721664380499,1721661464,126,0,1,6785970,0.766601562,-0.416687012,0.108337402,0.476379395,-1.33309948,-0.565273106,0.729996502,3.14160156,1151,1721666351386,1721661662,126,3,1,4815083,0.03125,-0.0078125,-0.01171875,1151,1721663354918,1721661063,126,0,1,7811551,0,0,0
1,1129,1721681133859,1721681166400,1,0,0,1,0,7,7,0,0,0,4,0,0,1152,1721674380597,1721671264,127,0,1,6785803,0.766601562,-0.416687012,0.108337402,0.476379395,-1.33309948,-0.565273106,0.729996502,3.14160156,1152,1721676353355,1721671063,127,3,1,4813045,-0.0390625,0.01953125,-0.05078125,1152,1721673354368,1721671063,127,0,1,7812032,0,0,0
1,1130,1721691133859,1721691167517,1,0,0,1,0,7,7,0,0,0,4,0,0,1153,1721684380733,1721681264,128,0,1,6786784,0.766601562,-0.416687012,0.108337402,0.476379395,-1.33309948,-0.565273106,0.729996502,3.14160156,1153,1721686351805,1721681663,128,3,1,4815712,-0.02734375,0.0546875,-0.01171875,1153,1721683353837,1721681062,128,0,1,7813680,0,0,0
1,1131,1721701133859,1721701167208,1,0,0,1,0,7,7,0,0,0,4,0,0,1154,1721694382257,1721691264,129,0,1,6784951,0.766601562,-0.416687012,0.108337402,0.476379395,-1.33309948,-0.565273106,0.729996502,3.14160156,1154,1721696353181,1721691663,129,3,1,4814027,-0.015625,-0.03125,-0.01171875,1154,1721693357083,1721691063,129,0,1,7810125,0,0,0
1,1132,1721711133859,1721711167048,1,0,0,1,0,7,7,0,0,0,4,0,0,1155,1721704382671,1721701264,130,0,1,6784377,0.766601562,-0.416687012,0.108337402,0.476379395,-1.33309948,-0.565273106,0.729996502,3.14160156,1155,1721706353502,1721701463,130,3,1,4813546,-0.00390625,0.00390625,-0.01171875,1155,1721703355200,1721701163,130,0,1,7811848,0,0,0
1,1133,1721721133859,1721721167239,1,0,0,1,0,7,7,0,0,0,4,0,0,1156,1721715383314,1721711164,131,0,1,5783925,0.766601562,-0.416687012,0.108337402,0.476379395,-1.33309948,-0.565273106,0.729996502,3.14160156,1156,1721717352442,1721711163,131,3,1,3814797,0.03125,-0.0078125,0.02734375,1156,1721714358159,1721711663,131,0,1,6809080,0,0,0
1,1134,1721731133859,1721731167374,1,0,0,1,0,7,7,0,0,0,4,0,0,1157,1721724381960,1721721064,132,0,1,6785414,0.766601562,-0.416687012,0.108337402,0.476379395,-1.33309948,-0.565273106,0.729996502,3.14160156,1157,1721726352958,1721721463,132,3,1,4814416,-0.00390625,0.00390625,-0.01171875,1157,1721723354990,1721721063,132,0,1,7812384,0,0,0
1,1135,1721741133859,1721741167102,1,0,0,1,0,7,7,0,0,0,4,0,0,1158,1721734382447,1721731064,133,0,1,6784655,0.766601562,-0.416687012,0.108337402,0.476379395,-1.33309948,-0.565273106,0.729996502,3.14160156,1158,1721736353038,1721731463,133,3,1,4814064,-0.00390625,0.00390625,-0.01171875,1158,1721733354848,1721731063,133,0,1,7812254,0,0,0
1,1136,1721751133859,1721751169608,1,0,0,1,0,7,7,0,0,0,4,0,0,1159,1721744382842,1721740964,134,0,1,6786766,0.766601562,-0.416687012,0.108337402,0.476379395,-1.33309948,-0.565273106,0.729996502,3.14160156,1159,1721746353377,1721741463,134,3,1,4816231,0.03125,-0.0078125,-0.01171875,1159,1721743355335,1721741063,134,0,1,7814273,0,0,0
1,1137,1721761133859,1721761167410,1,0,0,1,0,7,7,0,0,0,4,0,0,1160,1721754382515,1721751064,135,0,1,6784895,0.766601562,-0.416687012,0.108337402,0.476379395,-1.33309948,-0.565273106,0.729996502,3.14160156,1160,1721756352902,1721751063,135,3,1,4814508,0.01953125,-0.04296875,-0.01171875,1160,1721753354026,1721750661,135,0,1,7813384,0,0,0
1,1138,1721771133859,1721771167101,1,0,0,1,0,7,7,0,0,0,4,0,0,1161,1721764382465,1721761064,136,0,1,6784636,0.766601562,-0.416687012,0.108337402,0.476379395,-1.33309948,-0.565273106,0.729996502,3.14160156,1161,1721766353371,1721761463,136,3,1,4813730,0.03125,-0.0078125,0.02734375,1161,1721763352495,1721761161,136,0,1,7814606,0,0,0
1,1139,1721781133859,1721781167218,1,0,0,1,0,7,7,0,0,0,4,0,0,1162,1721774381897,1721771064,137,0,1,6785321,0.766601562,-0.416687012,0.108337402,0.476379395,-1.33309948,-0.565273106,0.729996502,3.14160156,1162,1721776353210,1721770763,137,3,1,4814008,0.03125,-0.0078125,0.06640625,1162,1721773374370,1721771063,137,0,1,7792848,0,0,0
1,1140,1721791133859,1721791167317,1,0,0,1,0,7,7,0,0,0,4,0,0,1163,1721784384032,1721781064,138,0,1,6783285,0.766601562,-0.416687012,0.108337402,0.476379395,-1.33309948,-0.565273106,0.729996502,3.14160156,1163,1721786353568,1721781263,138,3,1,4813749,-0.00390625,0.00390625,-0.01171875,1163,1721783352581,1721780863,138,0,1,7814736,0,0,0
1,1141,1721801133859,1721801167397,1,0,0,1,0,7,7,0,0,0,4,0,0,1164,1721794383723,1721790964,139,0,1,6783674,0.766601562,-0.416687012,0.108337402,0.476379395,-1.33309948,-0.565273106,0.729996502,3.14160156,1164,1721796352796,1721791263,139,3,1,4814601,-0.00390625,0.00390625,-0.01171875,1164,1721793354716,1721791063,139,0,1,7812681,0,0,0
1,1142,1721811133859,1721811167236,1,0,0,1,0,7,7,0,0,0,4,0,0,1165,1721804383711,1721800964,140,0,1,6783525,0.766601562,-0.416687012,0.108337402,0.476379395,-1.33309948,-0.565273106,0.729996502,3.14160156,1165,1721806352765,1721801263,140,3,1,4814471,-0.015625,-0.03125,-0.01171875,1165,1721803352870,1721801063,140,0,1,7814366,0,0,0
1,1143,1721821133859,1721821167075,1,0,0,1,0,7,7,0,0,0,4,0,0,1166,1721814384346,1721810764,141,0,1,6782729,0.766601562,-0.416687012,0.108337402,0.476379395,-1.33309948,-0.565273106,0.729996502,3.14160156,1166,1721816353493,1721810763,141,3,1,4813582,0.03125,-0.0078125,-0.01171875,1166,1721813352376,1721811063,141,0,1,7814699,0,0,0
1,1144,1721831133859,1721831167025,1,0,0,1,0,7,7,0,0,0,4,0,0,1167,1721824385611,1721820964,142,0,1,6781414,0.766601562,-0.416687012,0.108337402,0.476379395,-1.33309948,-0.565273106,0.729996502,3.14160156,1167,1721826352665,1721821262,142,3,1,4814360,0.03125,-0.0078125,0.02734375,1167,1721823346938,1721821063,142,0,1,7820087,0,0,0
1,1145,1721841133859,1721841167105,1,0,0,1,0,7,7,0,0,0,4,0,0,1168,1721834383321,1721830962,143,0,1,6783784,0.766601562,-0.416687012,0.108337402,0.476379395,-1.33309948,-0.565273106,0.729996502,3.14160156,1168,1721836353967,1721831264,143,3,1,4813138,-0.00390625,0.00390625,-0.01171875,1168,1721833352147,1721831063,143,0,1,7814958,0,0,0
1,1146,1721851133859,1721851169778,1,0,0,1,0,7,7,0,0,0,4,0,0,1169,1721844382197,1721840962,144,0,1,6787581,0.766601562,-0.416687012,0.108337402,0.476379395,-1.33309948,-0.565273106,0.729996502,3.14160156,1169,1721846353529,1721841063,144,3,1,4816249,-0.00390625,0.00390625,-0.01171875,1169,1721843353560,1721841063,144,0,1,7816218,0,0,0
1,1147,1721861133859,1721861167154,1,0,0,1,0,7,7,0,0,0,4,0,0,1170,1721854383907,1721850964,145,0,1,6783247,0.766601562,-0.416687012,0.108337402,0.476379395,-1.33309948,-0.565273106,0.729996502,3.14160156,1170,1721856352831,1721850863,145,3,1,4814323,-0.00390625,0.00390625,-0.01171875,1170,1721853354233,1721850663,145,0,1,7812921,0,0,0
1,1148,1721871133859,1721871167382,1,0,0,1,0,7,7,0,0,0,4,0,0,1171,1721864475502,1721860564,146,0,1,6691880,0.766601562,-0.416687012,0.108337402,0.476379395,-1.33309948,-0.565273106,0.729996502,3.14160156,1171,1721866353837,1721860863,146,3,1,4813545,-0.00390625,0.00390625,0.02734375,1171,1721863352776,1721861063,146,0,1,7814606,0,0,0
1,1149,1721881133859,1721881167184,1,0,0,1,0,7,7,0,0,0,4,0,0,1172,1721875383278,1721870864,147,0,1,5783906,0.766601562,-0.416687012,0.108337402,0.476379395,-1.33309948,-0.565273106,0.729996502,3.14160156,1172,1721878353099,1721871263,147,3,1,2814085,-0.00390625,0.00390625,-0.01171875,1172,1721874352882,1721871063,147,0,1,6814302,0,0,0
1,1150,1721891133859,1721891167283,1,0,0,1,0,7,7,0,0,0,4,0,0,1173,1721884381554,1721880764,148,0,1,6785729,0.766601562,-0.416687012,0.108337402,0.476379395,-1.33309948,-0.565273106,0.729996502,3.14160156,1173,1721886355071,1721881263,148,3,1,4812212,-0.00390625,0.00390625,-0.01171875,1173,1721883353287,1721881163,148,0,1,7813996,0,0,0
1,1151,1721901133859,1721901166585,1,0,0,1,0,7,7,0,0,0,4,0,0,1174,1721894385023,1721890966,149,0,1,6781562,0.766601562,-0.416687012,0.108337402,0.476379395,-1.33309948,-0.565273106,0.729996502,3.14160156,1174,1721896355039,1721890861,149,3,1,4811546,0.046875,0.02734375,0.02734375,1174,1721893388107,1721890880,149,0,1,7778478,0,0,0
1,1152,1721911133859,1721911166665,1,0,0,1,0,7,7,0,0,0,4,0,0,1175,1721904382103,1721900964,150,0,1,6784562,0.766601562,-0.416687012,0.108337402,0.476379395,-1.33309948,-0.565273106,0.729996502,3.14160156,1175,1721906356842,1721901262,150,3,1,4809823,-0.00390625,0.00390625,-0.05078125,1175,1721903352633,1721901162,150,0,1,7814032,0,0,0
1,1153,1721921133859,1721921167208,1,0,0,1,0,7,7,0,0,0,4,0,0,1176,1721914381683,1721910964,151,0,1,6785525,0.766601562,-0.416687012,0.108337402,0.476379395,-1.33309948,-0.565273106,0.729996502,3.14160156,1176,1721916350885,1721910563,151,3,1,4816323,-0.00390625,0.00390625,-0.01171875,1176,1721913353750,1721911063,151,0,1,7813458,0,0,0
1,1154,1721931133859,1721931167084,1,0,0,1,0,7,7,0,0,0,4,0,0,1177,1721924382022,1721920964,152,0,1,6785062,0.766601562,-0.416687012,0.108337402,0.476379395,-1.33309948,-0.565273106,0.729996502,3.14160156,1177,1721926355613,1721921063,152,3,1,4811471,-0.00390625,0.00390625,-0.01171875,1177,1721923354366,1721920863,152,0,1,7812718,0,0,0
1,1155,1721941133859,1721941166627,1,0,0,1,0,7,7,0,0,0,4,0,0,1178,1721934380991,1721930563,153,0,1,6785636,0.766601562,-0.416687012,0.108337402,0.476379395,-1.33309948,-0.565273106,0.729996502,3.14160156,1178,1721936355081,1721930863,153,3,1,4811546,-0.00390625,0.00390625,-0.01171875,1178,1721933352484,1721931062,153,0,1,7814143,0,0,0
1,1156,1721951133859,1721951170114,1,0,0,1,0,7,7,0,0,0,4,0,0,1179,1721944381719,1721940764,154,0,1,6788395,0.766601562,-0.416687012,0.108337402,0.476379395,-1.33309948,-0.565273106,0.729996502,3.14160156,1179,1721946365124,1721940768,154,3,1,4804990,-0.00390625,0.00390625,0.02734375,1179,1721943352415,1721941062,154,0,1,7817699,0,0,0
1,1157,1721961133859,1721961167750,1,0,0,1,0,7,7,0,0,0,4,0,0,1180,1721954383317,1721950564,155,0,1,6784433,0.766601562,-0.416687012,0.108337402,0.476379395,-1.33309948,-0.565273106,0.729996502,3.14160156,1180,1721956356260,1721950563,155,3,1,4811490,0.01953125,-0.04296875,-0.01171875,1180,1721953359699,1721951064,155,0,1,7808051,0,0,0
1,1158,1721971133859,1721971173070,1,0,0,1,0,7,7,0,0,0,4,0,0,1181,1721964381360,1721960764,156,0,1,6791710,0.766601562,-0.416687012,0.108337402,0.476379395,-1.33309948,-0.565273106,0.729996502,3.14160156,1181,1721966355062,1721960863,156,3,1,4818008,-0.00390625,0.00390625,-0.01171875,1181,1721963354834,1721960863,156,0,1,7818236,0,0,0
1,1159,1721981133859,1721981167354,1,0,0,1,0,7,7,0,0,0,4,0,0,1182,1721974382422,1721970764,157,0,1,6784932,0.766601562,-0.416687012,0.108337402,0.476379395,-1.33309948,-0.565273106,0.729996502,3.14160156,1182,1721976355494,1721971063,157,3,1,4811860,-0.015625,-0.03125,0.02734375,1182,1721973356007,1721971063,157,0,1,7811347,0,0,0
1,1160,1721991133859,1721991166823,1,0,0,1,0,7,7,0,0,0,4,0,0,1183,1721984381853,1721980564,158,0,1,6784970,0.766601562,-0.416687012,0.108337402,0.476379395,-1.33309948,-0.565273106,0.729996502,3.14160156,1183,1721986355185,1721980763,158,3,1,4811638,-0.0390625,0.01953125,-0.01171875,1183,1721983352902,1721981063,158,0,1,7813921,0,0,0
1,1161,1722001133859,1722001164940,1,0,0,1,0,7,7,0,0,0,4,0,0,1184,1721994381378,1721990563,159,0,1,6783562,0.766601562,-0.416687012,0.108337402,0.476379395,-1.33309948,-0.565273106,0.729996502,3.14160156,1184,1721996353802,1721990561,159,3,1,4811138,-0.00390625,0.00390625,-0.01171875,1184,1721993354333,1721990663,159,0,1,7810607,0,0,0
1,1162,1722011133859,1722011166594,1,0,0,1,0,7,7,0,0,0,4,0,0,1185,1722003381450,1722000264,160,0,1,7785144,0.766601562,-0.416687012,0.108337402,0.476379395,-1.33309948,-0.565273106,0.729996502,3.14160156,1185,1722005352263,1722000463,160,3,1,5814331,-0.015625,-0.03125,-0.01171875,1185,1722002354109,1722000063,160,0,1,8812485,0,0,0
1,1163,1722021133859,1722021166470,1,0,0,1,0,7,7,0,0,0,4,0,0,1186,1722014380482,1722010563,161,0,1,6785988,0.766601562,-0.416687012,0.108337402,0.476379395,-1.33309948,-0.565273106,0.729996502,3.14160156,1186,1722016351647,1722010563,161,3,1,4814823,0.03125,-0.0078125,-0.01171875,1186,1722013354364,1722011062,161,0,1,7812106,0,0,0
1,1164,1722031133859,1722031166680,1,0,0,1,0,7,7,0,0,0,4,0,0,1187,1722024380895,1722020363,162,0,1,6785785,0.766601562,-0.416687012,0.108337402,0.476379395,-1.33309948,-0.565273106,0.729996502,3.14160156,1187,1722026351375,1722020863,162,3,1,4815305,0.01953125,-0.04296875,-0.01171875,1187,1722023354258,1722021063,162,0,1,7812422,0,0,0
1,1165,1722041133859,1722041166593,1,0,0,1,0,7,7,0,0,0,4,0,0,1188,1722034380494,1722030564,163,0,1,6786099,0.766601562,-0.416687012,0.108337402,0.476379395,-1.33309948,-0.565273106,0.729996502,3.14160156,1188,1722036351381,1722030563,163,3,1,4815212,-0.00390625,0.00390625,0.02734375,1188,1722033354024,1722030863,163,0,1,7812569,0,0,0
1,1166,1722051133859,1722051169210,1,0,0,1,0,7,7,0,0,0,4,0,0,1189,1722044380555,1722040564,164,0,1,6788655,0.766601562,-0.416687012,0.108337402,0.476379395,-1.33309948,-0.565273106,0.729996502,3.14160156,1189,1722046351072,1722040763,164,3,1,4818138,-0.00390625,0.00390625,-0.01171875,1189,1722043354122,1722041063,164,0,1,7815088,0,0,0
1,1167,1722061133859,1722061166753,1,0,0,1,0,7,7,0,0,0,4,0,0,1190,1722054383228,1722050564,165,0,1,6783525,0.766601562,-0.416687012,0.108337402,0.476379395,-1.33309948,-0.565273106,0.729996502,3.14160156,1190,1722056352448,1722050363,165,3,1,4814305,-0.00390625,0.00390625,-0.01171875,1190,1722053357609,1722051063,165,0,1,7809144,0,0,0
1,1168,1722071133859,1722071166870,1,0,0,1,0,7,7,0,0,0,4,0,0,1191,1722064382271,1722060364,166,0,1,6784599,0.766601562,-0.416687012,0.108337402,0.476379395,-1.33309948,-0.565273106,0.729996502,3.14160156,1191,1722066352528,1722060763,166,3,1,4814342,-0.00390625,0.00390625,-0.01171875,1191,1722063355189,1722060863,166,0,1,7811681,0,0,0
1,1169,1722081133859,1722081166876,1,0,0,1,0,7,7,0,0,0,4,0,0,1192,1722073382046,1722070064,167,0,1,7784830,0.766601562,-0.416687012,0.108337402,0.476379395,-1.33309948,-0.565273106,0.729996502,3.14160156,1192,1722075352582,1722070263,167,3,1,5814294,-0.00390625,0.00390625,-0.01171875,1192,1722072353521,1722069861,167,0,1,8813355,0,0,0
1,1170,1722091133859,1722091167289,1,0,0,1,0,7,7,0,0,0,4,0,0,1193,1722083382219,1722080464,168,0,1,7785070,0.766601562,-0.416687012,0.108337402,0.476379395,-1.33309948,-0.565273106,0.729996502,3.14160156,1193,1722085352199,1722080863,168,3,1,5815090,-0.00390625,0.00390625,-0.01171875,1193,1722082352823,1722080160,168,0,1,8814466,0,0,0
1,1171,1722101133859,1722101166962,1,0,0,1,0,7,7,0,0,0,4,0,0,1194,1722093382447,1722090064,169,0,1,7784515,0.766601562,-0.416687012,0.108337402,0.476379395,-1.33309948,-0.565273106,0.729996502,3.14160156,1194,1722095353149,1722090263,169,3,1,5813813,-0.0390625,0.01953125,-0.01171875,1194,1722092371291,1722090063,169,0,1,8795671,0,0,0
1,1172,1722111133859,1722111167245,1,0,0,1,0,7,7,0,0,0,4,0,0,1195,1722104382239,1722100364,170,0,1,6785006,0.766601562,-0.416687012,0.108337402,0.476379395,-1.33309948,-0.565273106,0.729996502,3.14160156,1195,1722106352700,1722100763,170,3,1,4814545,-0.00390625,0.00390625,0.02734375,1195,1722103355268,1722101063,170,0,1,7811977,0,0,0
1,1173,1722121133859,1722121166899,1,0,0,1,0,7,7,0,0,0,4,0,0,1196,1722113384070,1722110264,171,0,1,7782829,0.766601562,-0.416687012,0.108337402,0.476379395,-1.33309948,-0.565273106,0.729996502,3.14160156,1196,1722115352475,1722110663,171,3,1,5814424,-0.00390625,0.00390625,-0.01171875,1196,1722112352396,1722110063,171,0,1,8814503,0,0,0
1,1174,1722131133859,1722131167127,1,0,0,1,0,7,7,0,0,0,4,0,0,1197,1722123384001,1722120264,172,0,1,7783126,0.766601562,-0.416687012,0.108337402,0.476379395,-1.33309948,-0.565273106,0.729996502,3.14160156,1197,1722125352629,1722120463,172,3,1,5814498,0.03125,-0.0078125,-0.01171875,1197,1722122352661,1722120063,172,0,1,8814466,0,0,0
1,1175,1722141133859,1722141167115,1,0,0,1,0,7,7,0,0,0,4,0,0,1198,1722135381912,1722130264,173,0,1,5785203,0.766601562,-0.416687012,0.108337402,0.476379395,-1.33309948,-0.565273106,0.729996502,3.14160156,1198,1722137352670,1722130263,173,3,1,3814445,0.03125,-0.0078125,0.02734375,1198,1722134354127,1722130563,173,0,1,6812988,0,0,0
1,1176,1722151133859,1722151168750,1,0,0,1,0,7,7,0,0,0,4,0,0,1199,1722143383772,1722139964,174,0,1,7784978,0.766601562,-0.416687012,0.108337402,0.476379395,-1.33309948,-0.565273106,0.729996502,3.14160156,1199,1722145352586,1722140263,174,3,1,5816164,0.01953125,-0.04296875,-0.01171875,1199,1722142352080,1722140063,174,0,1,8816670,0,0,0
1,1177,1722161133859,1722161167978,1,0,0,1,0,7,7,0,0,0,4,0,0,1200,1722153381686,1722150062,175,0,1,7786292,0.766601562,-0.416687012,0.108337402,0.476379395,-1.33309948,-0.565273106,0.729996502,3.14160156,1200,1722155353184,1722150463,175,3,1,5814794,-0.015625,-0.03125,-0.01171875,1200,1722152353790,1722150063,175,0,1,8814188,0,0,0
1,1178,1722171133859,1722171166429,1,0,0,1,0,7,7,0,0,0,4,0,0,1201,1722163380562,1722160061,176,0,1,7785867,0.766601562,-0.416687012,0.108337402,0.476379395,-1.33309948,-0.565273106,0.729996502,3.14160156,1201,1722165352023,1722160663,176,3,1,5814406,0.03125,-0.0078125,-0.01171875,1201,1722162355351,1722160163,176,0,1,8811078,0,0,0
1,1179,1722181133859,1722181166657,1,0,0,1,0,7,7,0,0,0,4,0,0,1202,1722174380798,1722170164,177,0,1,6785859,0.766601562,-0.416687012,0.108337402,0.476379395,-1.33309948,-0.565273106,0.729996502,3.14160156,1202,1722176352093,1722170163,177,3,1,4814564,-0.00390625,0.00390625,-0.05078125,1202,1722173353272,1722170662,177,0,1,7813385,0,0,0
1,1180,1722191133859,1722191167144,1,0,0,1,0,7,7,0,0,0,4,0,0,1203,1722183467923,1722180264,178,0,1,7699221,0.766601562,-0.416687012,0.108337402,0.476379395,-1.33309948,-0.565273106,0.729996502,3.14160156,1203,1722185354313,1722180463,178,3,1,5812831,0.03125,-0.0078125,-0.01171875,1203,1722182351956,1722180063,178,0,1,8815188,0,0,0
1,1181,1722201133859,1722201166687,1,0,0,1,0,7,7,0,0,0,4,0,0,1204,1722193381043,1722190064,179,0,1,7785644,0.766601562,-0.416687012,0.108337402,0.476379395,-1.33309948,-0.565273106,0.729996502,3.14160156,1204,1722195355207,1722189763,179,3,1,5811480,0.046875,0.02734375,0.02734375,1204,1722192355665,1722190063,179,0,1,8811022,0,0,0
1,1182,1722211133859,1722211167211,1,0,0,1,0,7,7,0,0,0,4,0,0,1205,1722203381345,1722200064,180,0,1,7785866,0.766601562,-0.416687012,0.108337402,0.476379395,-1.33309948,-0.565273106,0.729996502,3.14160156,1205,1722205356010,1722200463,180,3,1,5811201,-0.015625,-0.03125,0.02734375,1205,1722202353041,1722200063,180,0,1,8814170,0,0,0
1,1183,1722221133859,1722221166365,1,0,0,1,0,7,7,0,0,0,4,0,0,1206,1722213382184,1722209764,181,0,1,7784181,0.766601562,-0.416687012,0.108337402,0.476379395,-1.33309948,-0.565273106,0.729996502,3.14160156,1206,1722215350534,1722210063,181,3,1,5815831,-0.015625,-0.03125,-0.01171875,1206,1722212355380,1722210063,181,0,1,8810985,0,0,0
1,1184,1722231133859,1722231166001,1,0,0,1,0,7,7,0,0,0,4,0,0,1207,1722223381134,1722220264,182,0,1,7784867,0.766601562,-0.416687012,0.108337402,0.476379395,-1.33309948,-0.565273106,0.729996502,3.14160156,1207,1722225353873,1722220263,182,3,1,5812128,-0.00390625,0.00390625,-0.01171875,1207,1722222353220,1722220162,182,0,1,8812781,0,0,0
1,1185,1722241133859,1722241166414,1,0,0,1,0,7,7,0,0,0,4,0,0,1208,1722233379733,1722229963,183,0,1,7786681,0.766601562,-0.416687012,0.108337402,0.476379395,-1.33309948,-0.565273106,0.729996502,3.14160156,1208,1722235354583,1722230063,183,3,1,5811831,-0.00390625,0.00390625,0.02734375,1208,1722232351596,1722230062,183,0,1,8814818,0,0,0
1,1186,1722251133859,1722251169235,1,0,0,1,0,7,7,0,0,0,4,0,0,1209,1722243381109,1722240063,184,0,1,7788126,0.766601562,-0.416687012,0.108337402,0.476379395,-1.33309948,-0.565273106,0.729996502,3.14160156,1209,1722245355033,1722240463,184,3,1,5814202,0.01953125,-0.04296875,-0.01171875,1209,1722242351787,1722239862,184,0,1,8817448,0,0,0
1,1187,1722261133859,1722261166592,1,0,0,1,0,7,7,0,0,0,4,0,0,1210,1722253380874,1722250063,185,0,1,7785718,0.766601562,-0.416687012,0.108337402,0.476379395,-1.33309948,-0.565273106,0.729996502,3.14160156,1210,1722255354965,1722250463,185,3,1,5811627,-0.00390625,0.00390625,0.02734375,1210,1722252354145,1722250062,185,0,1,8812447,0,0,0
1,1188,1722271133859,1722271166524,1,0,0,1,0,7,7,0,0,0,4,0,0,1211,1722263380324,1722260063,186,0,1,7786200,0.766601562,-0.416687012,0.108337402,0.476379395,-1.33309948,-0.565273106,0.729996502,3.14160156,1211,1722265354008,1722260063,186,3,1,5812516,-0.015625,-0.03125,-0.01171875,1211,1722262351706,1722260062,186,0,1,8814818,0,0,0
1,1189,1722281133859,1722281166234,1,0,0,1,0,7,7,0,0,0,4,0,0,1212,1722273380460,1722270063,187,0,1,7785774,0.766601562,-0.416687012,0.108337402,0.476379395,-1.33309948,-0.565273106,0.729996502,3.14160156,1212,1722275354032,1722270063,187,3,1,5812202,0.03125,0,0.02734375,1212,1722272352360,1722269663,187,0,1,8813874,0,0,0
1,1190,1722291133859,1722291166573,1,0,0,1,0,7,7,0,0,0,4,0,0,1213,1722283381003,1722279563,188,0,1,7785570,0.766601562,-0.416687012,0.108337402,0.476318359,-1.3330735,-0.565288782,0.730043411,3.14160156,1213,1722285353797,1722279863,188,3,1,5812776,0.03125,0,-0.01171875,1213,1722282352292,1722280063,188,0,1,8814281,0,0,0
1,1191,1722301133859,1722301166449,1,0,0,1,0,7,7,0,0,0,4,0,0,1214,1722293380620,1722289763,189,0,1,7785829,0.766601562,-0.416687012,0.108337402,0.476318359,-1.3330735,-0.565288782,0.730043411,3.14160156,1214,1722295353896,1722289762,189,3,1,5812553,0.03125,0,0.02734375,1214,1722292354131,1722290062,189,0,1,8812318,0,0,0
1,1192,1722311133859,1722311166529,1,0,0,1,0,7,7,0,0,0,4,0,0,1215,1722303380496,1722299763,190,0,1,7786033,0.766601562,-0.416687012,0.108337402,0.476318359,-1.3330735,-0.565288782,0.730043411,3.14160156,1215,1722305355087,1722300263,190,3,1,5811442,0.03125,0,-0.01171875,1215,1722302352007,1722300062,190,0,1,8814522,0,0,0
1,1193,1722321133859,1722321166498,1,0,0,1,0,7,7,0,0,0,4,0,0,1216,1722313380483,1722309963,191,0,1,7786015,0.766601562,-0.416687012,0.108337402,0.476318359,-1.3330735,-0.565288782,0.730043411,3.14160156,1216,1722315354556,1722309863,191,3,1,5811942,-0.00390625,0.01171875,-0.01171875,1216,1722312352328,1722309662,191,0,1,8814170,0,0,0
1,1194,1722331133859,1722331166430,1,0,0,1,0,7,7,0,0,0,4,0,0,1217,1722323380249,1722319963,192,0,1,7786181,0.766601562,-0.416687012,0.108337402,0.476318359,-1.3330735,-0.565288782,0.730043411,3.14160156,1217,1722325352284,1722320261,192,3,1,5814146,-0.015625,-0.0234375,-0.01171875,1217,1722322351982,1722320062,192,0,1,8814448,0,0,0
1,1195,1722341133859,1722341166547,1,0,0,1,0,7,7,0,0,0,4,0,0,1218,1722333379421,1722329963,193,0,1,7787126,0.766601562,-0.416687012,0.108337402,0.476318359,-1.3330735,-0.565288782,0.730043411,3.14160156,1218,1722335350771,1722329560,193,3,1,5815776,-0.00390625,0.01171875,-0.01171875,1218,1722332351469,1722330062,193,0,1,8815078,0,0,0
1,1196,1722351133859,1722351168775,1,0,0,1,0,7,7,0,0,0,4,0,0,1219,1722343379649,1722339963,194,0,1,7789126,0.766601562,-0.416687012,0.108337402,0.476318359,-1.3330735,-0.565288782,0.730043411,3.14160156,1219,1722345396924,1722340262,194,3,1,5771851,0.0234375,0,-0.01171875,1219,1722342351494,1722340062,194,0,1,8817281,0,0,0
1,1197,1722361133859,1722361167151,1,0,0,1,0,7,7,0,0,0,4,0,0,1220,1722353381174,1722349564,195,0,1,7785977,0.766662598,-0.416687012,0.108337402,0.476318359,-1.3328743,-0.565348864,0.729907274,3.14160156,1220,1722355351820,1722349863,195,3,1,5815331,0.01171875,-0.03515625,0.02734375,1220,1722352354518,1722350063,195,0,1,8812633,0.001953125,0,-0.001953125
1,1198,1722371133859,1722371166916,1,0,0,1,0,7,7,0,0,0,4,0,0,1221,1722363380568,1722359963,196,0,1,7786348,0.766662598,-0.416687012,0.108337402,0.476318359,-1.3328743,-0.565348864,0.729907274,3.14160156,1221,1722365351011,1722359862,196,3,1,5815905,0.0234375,0,0.02734375,1221,1722362352691,1722360162,196,0,1,8814225,0,0,0
1,1199,1722381133859,1722381166570,1,0,0,1,0,7,7,0,0,0,4,0,0,1222,1722373380315,1722369763,197,0,1,7786255,0.766662598,-0.416687012,0.108337402,0.476318359,-1.3328743,-0.565348864,0.729907274,3.14160156,1222,1722375350998,1722369762,197,3,1,5815572,-0.01171875,0.01171875,-0.01171875,1222,1722372352771,1722370062,197,0,1,8813799,0.00390625,-0.00390625,0.001953125
1,1200,1722391133859,1722391164465,1,0,0,1,0,7,7,0,0,0,4,0,0,1223,1722383380506,1722379963,198,0,1,7783959,0.766662598,-0.416687012,0.108276367,0.476318359,-1.33289051,-0.565417767,0.729824662,3.14160156,1223,1722385351504,1722380262,198,3,1,5812961,0.01171875,-0.03515625,0.02734375,1223,1722382352573,1722380062,198,0,1,8811892,-0.001953125,0,0
1,1201,1722401133859,1722401167156,1,0,0,1,0,7,7,0,0,0,4,0,0,1224,1722393408400,1722389777,199,0,1,7758756,0.766662598,-0.416687012,0.108276367,0.476318359,-1.33289051,-0.565417767,0.729824662,3.14160156,1224,1722395353158,1722390063,199,3,1,5813998,0.0234375,0,-0.01171875,1224,1722392353375,1722390063,199,0,1,8813781,0,0,0
1,1202,1722411133859,1722411165236,1,0,0,1,0,7,7,0,0,0,4,0,0,1225,1722403382129,1722399564,200,0,1,7783107,0.766662598,-0.416687012,0.108276367,0.476318359,-1.33289051,-0.565417767,0.729824662,3.14160156,1225,1722405352701,1722400063,200,3,1,5812535,-0.0234375,-0.0234375,-0.01171875,1225,1722402355473,1722400163,200,0,1,8809763,-0.001953125,-0.001953125,-0.005859375
1,1203,1722421133859,1722421359940,1,0,0,1,0,7,7,0,0,4,4,0,0,1226,1722413381838,1722409764,201,0,1,7978102,0.766662598,-0.416687012,0.108276367,0.476318359,-1.33289051,-0.565417767,0.729824662,3.14160156,1226,1722415352522,1722409763,201,3,1,6007418,-0.01171875,0.01171875,-0.01171875,1227,1722421355125,1722419062,202,0,1,4815,0,0.001953125,-0.001953125
1,1204,1722431133859,1722431166674,1,0,0,1,0,7,3,4,0,0,4,0,0,1227,1722422381355,1722419264,202,0,1,8785319,0.766662598,-0.416687012,0.108276367,0.476318359,-1.33289051,-0.565417767,0.729824662,3.14160156,1227,1722424351927,1722419662,202,3,1,6814747,0,0.05078125,0.02734375,1227,1722421355125,1722419062,202,0,1,9811549,0,0.001953125,-0.001953125
1,1205,1722441133859,1722441166309,1,0,0,1,0,7,7,0,0,0,4,0,0,1228,1722433382054,1722429563,203,0,1,7784255,0.766662598,-0.416687012,0.108276367,0.476318359,-1.33289051,-0.565417767,0.729824662,3.14160156,1228,1722435352293,1722429362,203,3,1,5814016,-0.01171875,0.01171875,-0.01171875,1228,1722432355232,1722430063,203,0,1,8811077,-0.001953125,0.001953125,0
1,1206,1722451133859,1722451168908,1,0,0,1,0,7,7,0,0,0,4,0,0,1229,1722443381208,1722439563,204,0,1,7787700,0.766662598,-0.416748047,0.108276367,0.476318359,-1.33289421,-0.565528691,0.729876041,3.14160156,1229,1722445351706,1722439862,204,3,1,5817202,-0.01171875,0.01171875,-0.05078125,1229,1722442354349,1722440063,204,0,1,8814559,0,0,-0.001953125
1,1207,1722461133859,1722461188191,1,0,0,1,0,7,7,0,0,0,4,0,0,1230,1722453400732,1722449769,205,0,1,7787459,0.766662598,-0.416748047,0.108215332,0.476257324,-1.33288419,-0.56561321,0.729840279,3.14160156,1230,1722455365971,1722450060,205,3,1,5822220,0.0234375,0,-0.01171875,1230,1722452396279,1722450081,205,0,1,8791912,-0.001953125,0,0
1,1208,1722471133859,1722471171604,1,0,0,1,0,7,7,0,0,0,4,0,0,1231,1722463407867,1722459575,206,0,1,7763737,0.766662598,-0.416748047,0.108215332,0.476257324,-1.33288419,-0.56561321,0.729840279,3.14160156,1231,1722465372495,1722459862,206,3,1,5799109,-0.02734375,-0.0234375,-0.05078125,1231,1722462413914,1722460079,206,0,1,8757690,0,-0.001953125,0
1,1209,1722481133859,1722481180221,1,0,0,1,0,7,7,0,0,0,4,0,0,1232,1722473387244,1722469364,207,0,1,7792977,0.766662598,-0.416748047,0.108215332,0.476318359,-1.3329103,-0.565597534,0.729793429,3.14160156,1232,1722475390371,1722469365,207,3,1,5789850,-0.01171875,0.01171875,-0.01171875,1232,1722472391328,1722470063,207,0,1,8788893,0,-0.001953125,0.00390625
1,1210,1722491133859,1722491371610,1,0,0,1,0,7,7,0,0,4,4,0,0,1233,1722483433415,1722479582,208,0,1,7938195,0.766662598,-0.416748047,0.108215332,0.476318359,-1.3329103,-0.565597534,0.729793429,3.14160156,1233,1722485407783,1722479886,208,3,1,5963827,-0.01171875,0.01171875,-0.01171875,1234,1722491365129,1722489059,209,0,1,6481,-0.001953125,0,0.001953125
1,1211,1722501133859,1722501164030,1,0,0,1,0,7,3,4,0,0,4,0,0,1234,1722492369711,1722489258,209,0,1,8794319,0.766662598,-0.416748047,0.108215332,0.476318359,-1.3329103,-0.565597534,0.729793429,3.14160156,1234,1722494354153,1722489662,209,3,1,6809877,-0.0234375,-0.0234375,-0.01171875,1234,1722491365129,1722489059,209,0,1,9798901,-0.001953125,0,0.001953125
1,1212,1722511133859,1722511167850,1,0,0,1,0,7,7,0,0,0,4,0,0,1235,1722503386521,1722499565,210,0,1,7781329,0.766662598,-0.416748047,0.108215332,0.476318359,-1.3329103,-0.565597534,0.729793429,3.14160156,1235,1722505353686,1722499763,210,3,1,5814164,-0.01171875,0.01171875,-0.01171875,1235,1722502352328,1722500060,210,0,1,8815522,0,0,-0.001953125
1,1213,1722521133859,1722521167375,1,0,0,1,0,7,7,0,0,0,4,0,0,1236,1722513385730,1722509564,211,0,1,7781645,0.766662598,-0.416748047,0.108215332,0.476318359,-1.3329103,-0.565597534,0.729793429,3.14160156,1236,1722515354729,1722509363,211,3,1,5812646,-0.01171875,0.01171875,-0.01171875,1236,1722512357649,1722510063,211,0,1,8809726,0,-0.001953125,-0.001953125
1,1214,1722531133859,1722531166751,1,0,0,1,0,7,7,0,0,0,4,0,0,1237,1722523384569,1722519564,212,0,1,7782182,0.766662598,-0.416748047,0.108154297,0.476318359,-1.33292663,-0.565666437,0.729710817,3.14160156,1237,1722525352420,1722519762,212,3,1,5814331,0.0234375,0,0.02734375,1237,1722522355081,1722520063,212,0,1,8811670,-0.001953125,0.001953125,0
1,1215,1722541133859,1722541357325,1,0,0,1,0,7,7,0,0,4,4,0,0,1238,1722533381205,1722529562,213,0,1,7976120,0.766662598,-0.416748047,0.108154297,0.476318359,-1.33292663,-0.565666437,0.729710817,3.14160156,1238,1722535351759,1722529863,213,3,1,6005566,-0.01171875,0.01171875,0.02734375,1239,1722541352566,1722539162,214,0,1,4759,-0.001953125,0.001953125,0.001953125
1,1216,1722551133859,1722551175855,1,0,0,1,0,7,3,4,0,0,4,0,0,1239,1722542381388,1722539464,214,0,1,8794467,0.766662598,-0.416748047,0.108154297,0.476318359,-1.33292663,-0.565666437,0.729710817,3.14160156,1239,1722544354794,1722539663,214,3,1,6821061,0.01171875,-0.03515625,0.02734375,1239,1722541352566,1722539162,214,0,1,9823289,-0.001953125,0.001953125,0.001953125
1,1217,1722561133859,1722561333393,1,0,0,1,0,7,7,0,0,4,4,0,0,1240,1722553435641,1722549365,215,0,1,7897752,0.766662598,-0.416748047,0.108154297,0.476318359,-1.33292663,-0.565666437,0.729710817,3.14160156,1240,1722555332123,1722549360,215,3,1,6001270,-0.01171875,0.01171875,-0.01171875,1241,1722561329060,1722559060,216,0,1,4333,0,-0.00390625,-0.001953125
1,1218,1722571133859,1722571334066,1,0,0,1,0,7,7,0,0,0,4,0,0,1241,1722562356012,1722558961,216,0,1,8978054,0.766662598,-0.416748047,0.108154297,0.476318359,-1.33292663,-0.565666437,0.729710817,3.14160156,1241,1722564331936,1722559260,216,3,1,7002130,-0.01171875,0.01171875,-0.01171875,1242,1722571329807,1722569060,217,0,1,4259,0.001953125,0,-0.001953125
1,1219,1722581133859,1722581333812,1,0,0,1,0,7,7,0,0,0,4,0,0,1242,1722572355777,1722569261,217,0,1,8978035,0.766662598,-0.416748047,0.108154297,0.476318359,-1.33292663,-0.565666437,0.729710817,3.14160156,1242,1722574331331,1722569060,217,3,1,7002481,-0.01171875,0.01171875,0.02734375,1243,1722581329572,1722579160,218,0,1,4240,0.001953125,-0.001953125,0
1,1220,1722591133859,1722591163582,1,0,0,1,0,7,3,4,0,0,4,0,0,1243,1722582355172,1722579461,218,0,1,8808410,0.766662598,-0.416748047,0.108154297,0.476318359,-1.33292663,-0.565666437,0.729710817,3.14160156,1243,1722584331133,1722579860,218,3,1,6832449,-0.01171875,0.01171875,0.02734375,1243,1722581329572,1722579160,218,0,1,9834010,0.001953125,-0.001953125,0
1,1221,1722601133859,1722601163625,1,0,0,1,0,7,7,0,0,0,4,0,0,1244,1722593355222,1722589360,219,0,1,7808403,0.766662598,-0.416748047,0.108154297,0.476318359,-1.33292663,-0.565666437,0.729710817,3.14160156,1244,1722595331035,1722589760,219,3,1,5832590,0.0234375,0,-0.01171875,1244,1722592330900,1722589860,219,0,1,8832725,0,0,0
1,1222,1722611133859,1722611333552,1,0,0,1,0,7,7,0,0,4,4,0,0,1245,1722603354802,1722599361,220,0,1,7978750,0.766662598,-0.416748047,0.108154297,0.476318359,-1.33292663,-0.565666437,0.729710817,3.14160156,1245,1722605331689,1722599560,220,3,1,6001863,-0.01171875,0.01171875,-0.01171875,1246,1722611329237,1722609059,221,0,1,4315,0.005859375,0.001953125,0
1,1223,1722621133859,1722621334836,1,0,0,1,0,7,7,0,0,0,4,0,0,1246,1722612355356,1722609261,221,0,1,8979480,0.766662598,-0.416748047,0.108154297,0.476318359,-1.33292663,-0.565666437,0.729710817,3.14160156,1246,1722614329780,1722608858,221,3,1,7005056,-0.01171875,0.01171875,-0.01171875,1247,1722621330540,1722619060,222,0,1,4296,0.001953125,0.001953125,0
1,1224,1722631133859,1722631163995,1,0,0,1,0,7,3,4,0,0,4,0,0,1247,1722622356047,1722619261,222,0,1,8807948,0.766662598,-0.416748047,0.108154297,0.476257324,-1.3329004,-0.565682113,0.729757667,3.14160156,1247,1722624335008,1722619663,222,3,1,6828987,-0.0234375,-0.0234375,-0.01171875,1247,1722621330540,1722619060,222,0,1,9833455,0.001953125,0.001953125,0
1,1225,1722641133859,1722641334588,1,0,0,1,0,7,7,0,0,4,4,0,0,1248,1722633356616,1722629761,223,0,1,7977972,0.766662598,-0.416748047,0.108154297,0.476257324,-1.3329004,-0.565682113,0.729757667,3.14160156,1248,1722635331874,1722630060,223,3,1,6002714,-0.00390625,0.01171875,-0.01171875,1249,1722641330329,1722639160,224,0,1,4259,0,0.001953125,-0.001953125
1,1226,1722651133859,1722651166470,1,0,0,1,0,7,3,4,0,0,4,0,0,1249,1722642356262,1722639262,224,0,1,8810208,0.766662598,-0.416748047,0.108154297,0.476257324,-1.3329004,-0.565682113,0.729757667,3.14160156,1249,1722644395407,1722639461,224,3,1,6771063,0.03125,0,-0.01171875,1249,1722641330329,1722639160,224,0,1,9836141,0,0.001953125,-0.001953125
1,1227,1722661133859,1722661167236,1,0,0,1,0,7,7,0,0,0,4,0,0,1250,1722653362795,1722649162,225,0,1,7804441,0.766662598,-0.416748047,0.108154297,0.476257324,-1.3329004,-0.565682113,0.729757667,3.14160156,1250,1722655353274,1722649564,225,3,1,5813962,-0.00390625,0.01171875,-0.01171875,1250,1722652333417,1722649661,225,0,1,8833819,0,-0.00390625,-0.001953125
1,1228,1722671133859,1722671358329,1,0,0,1,0,7,7,0,0,4,4,0,0,1251,1722663383079,1722659364,226,0,1,7975250,0.766662598,-0.416748047,0.108154297,0.476257324,-1.3329004,-0.565682113,0.729757667,3.14160156,1251,1722665357003,1722659764,226,3,1,6001326,0.03125,0,0.02734375,1252,1722671353459,1722669063,227,0,1,4870,0,0,0
1,1229,1722681133859,1722681359355,1,0,0,1,0,7,7,0,0,0,4,0,0,1252,1722672382263,1722669264,227,0,1,8977092,0.766662598,-0.416748047,0.108093262,0.476257324,-1.33291662,-0.565750957,0.729675055,3.14160156,1252,1722674352761,1722669663,227,3,1,7006594,-0.00390625,0.01171875,-0.01171875,1253,1722681354447,1722678863,228,0,1,4908,0,-0.00390625,0
1,1230,1722691133859,1722691167719,1,0,0,1,0,7,3,4,0,0,4,0,0,1253,1722682382843,1722679264,228,0,1,8784876,0.766662598,-0.416748047,0.108093262,0.476257324,-1.33291662,-0.565750957,0.729675055,3.14160156,1253,1722684352823,1722679263,228,3,1,6814896,-0.00390625,0.01171875,-0.01171875,1253,1722681354447,1722678863,228,0,1,9813272,0,-0.00390625,0
1,1231,1722701133859,1722701167244,1,0,0,1,0,7,7,0,0,0,4,0,0,1254,1722693381877,1722689164,229,0,1,7785367,0.766662598,-0.416748047,0.108093262,0.476257324,-1.33291662,-0.565750957,0.729675055,3.14160156,1254,1722695355820,1722689163,229,3,1,5811424,-0.00390625,0.01171875,-0.01171875,1254,1722692356906,1722689463,229,0,1,8810338,-0.001953125,0.001953125,0
1,1232,1722711133859,1722711357227,1,0,0,1,0,7,7,0,0,4,4,0,0,1255,1722703381958,1722699364,230,0,1,7975269,0.766662598,-0.416748047,0.108093262,0.476257324,-1.33291662,-0.565750957,0.729675055,3.14160156,1255,1722705354012,1722699761,230,3,1,6003215,-0.0390625,0.01953125,-0.01171875,1256,1722711352338,1722709063,231,0,1,4889,-0.001953125,0,-0.00390625
1,1233,1722721133859,1722721359567,1,0,0,1,0,7,7,0,0,0,4,0,0,1256,1722712381086,1722709264,231,0,1,8978481,0.766662598,-0.416748047,0.108093262,0.476257324,-1.33291662,-0.565750957,0.729675055,3.14160156,1256,1722714351455,1722709063,231,3,1,7008112,-0.00390625,0.00390625,0.02734375,1257,1722721354548,1722718861,232,0,1,5019,0,0,-0.001953125
1,1234,1722731133859,1722731359333,1,0,0,1,0,7,7,0,0,0,4,0,0,1257,1722722383630,1722719265,232,0,1,8975703,0.766662598,-0.416809082,0.108093262,0.476257324,-1.33292031,-0.565861821,0.729726374,3.14160156,1257,1722724353110,1722719463,232,3,1,7006223,0.01953125,-0.04296875,-0.01171875,1258,1722731354388,1722728863,233,0,1,4945,0,-0.001953125,0
1,1235,1722741133859,1722741358858,1,0,0,1,0,7,7,0,0,0,4,0,0,1258,1722732382988,1722729064,233,0,1,8975870,0.766662598,-0.416748047,0.108093262,0.476257324,-1.33291662,-0.565750957,0.729675055,3.14160156,1258,1722734353690,1722729463,233,3,1,7005168,0.03125,-0.0078125,-0.01171875,1259,1722741353969,1722739063,234,0,1,4889,-0.00390625,0,0.001953125
1,1236,1722751133859,1722751362568,1,0,0,1,0,7,7,0,0,0,4,0,0,1259,1722742382402,1722739064,234,0,1,8980166,0.766662598,-0.416809082,0.108093262,0.476257324,-1.33292031,-0.565861821,0.729726374,3.14160156,1259,1722744353271,1722739463,234,3,1,7009297,-0.00390625,0.00390625,-0.01171875,1260,1722751357513,1722749065,235,0,1,5055,-0.001953125,0.001953125,0
1,1237,1722761133859,1722761359445,1,0,0,1,0,7,7,0,0,0,4,0,0,1260,1722752381853,1722748964,235,0,1,8977592,0.766662598,-0.416809082,0.108093262,0.476257324,-1.33292031,-0.565861821,0.729726374,3.14160156,1260,1722754353204,1722748863,235,3,1,7006241,-0.00390625,0.00390625,0.02734375,1261,1722761354538,1722758863,236,0,1,4907,0.00390625,0.001953125,0
1,1238,1722771133859,1722771359693,1,0,0,1,0,7,7,0,0,0,4,0,0,1261,1722762381582,1722759064,236,0,1,8978111,0.766662598,-0.416809082,0.108154297,0.476257324,-1.3329041,-0.565792978,0.729809046,3.14160156,1261,1722764353433,1722759263,236,3,1,7006260,-0.00390625,0.00390625,-0.01171875,1262,1722771354619,1722768863,237,0,1,5074,0,0,0
1,1239,1722781133859,1722781358681,1,0,0,1,0,7,7,0,0,0,4,0,0,1262,1722772382033,1722769264,237,0,1,8976648,0.766662598,-0.416809082,0.108154297,0.476257324,-1.3329041,-0.565792978,0.729809046,3.14160156,1262,1722774353495,1722769663,237,3,1,7005186,-0.00390625,0.00390625,-0.01171875,1263,1722781353792,1722779063,238,0,1,4889,0,-0.001953125,0
1,1240,1722791133859,1722791165323,1,0,0,1,0,7,3,4,0,0,4,0,0,1263,1722782381688,1722779064,238,0,1,8783635,0.766662598,-0.416809082,0.108154297,0.476257324,-1.3329041,-0.565792978,0.729809046,3.14160156,1263,1722784352983,1722779263,238,3,1,6812340,0.01953125,-0.04296875,-0.01171875,1263,1722781353792,1722779063,238,0,1,9811531,0,-0.001953125,0
1,1241,1722801133859,1722801358509,1,0,0,1,0,7,7,0,0,4,4,0,0,1264,1722793382407,1722788964,239,0,1,7976102,0.766662598,-0.416748047,0.108154297,0.476257324,-1.3329004,-0.565682113,0.729757667,3.14160156,1264,1722795353405,1722788963,239,3,1,6005104,0.01953125,-0.04296875,0.02734375,1265,1722801353750,1722798863,240,0,1,4759,-0.001953125,-0.001953125,0.00390625
1,1242,1722811133859,1722811359645,1,0,0,1,0,7,7,0,0,0,4,0,0,1265,1722802381572,1722798964,240,0,1,8978073,0.766662598,-0.416748047,0.108154297,0.476257324,-1.3329004,-0.565682113,0.729757667,3.14160156,1265,1722804353497,1722799263,240,3,1,7006148,0.03125,-0.0078125,-0.01171875,1266,1722811354720,1722808863,241,0,1,4925,0.001953125,0.001953125,0
1,1243,1722821133859,1722821356504,1,0,0,1,0,7,7,0,0,0,4,0,0,1266,1722812383560,1722808964,241,0,1,8972944,0.766662598,-0.416748047,0.108154297,0.476257324,-1.3329004,-0.565682113,0.729757667,3.14160156,1266,1722814352781,1722809263,241,3,1,7003723,-0.00390625,0.00390625,0.02734375,1267,1722821351671,1722818862,242,0,1,4833,0,0.001953125,0.001953125
1,1244,1722831133859,1722831356085,1,0,0,1,0,7,7,0,0,0,4,0,0,1267,1722822383308,1722818764,242,0,1,8972777,0.766662598,-0.416748047,0.108154297,0.476257324,-1.3329004,-0.565682113,0.729757667,3.14160156,1267,1722824351621,1722819262,242,3,1,7004464,0.0078125,0.04296875,-0.01171875,1268,1722831351363,1722828662,243,0,1,4722,0.001953125,-0.001953125,0
1,1245,1722841133859,1722841356388,1,0,0,1,0,7,7,0,0,0,4,0,0,1268,1722832383944,1722828964,243,0,1,8972444,0.766662598,-0.416748047,0.108154297,0.476318359,-1.33292663,-0.565666437,0.729710817,3.14160156,1268,1722834352091,1722828863,243,3,1,7004297,-0.00390625,0.00390625,-0.01171875,1269,1722841351592,1722839063,244,0,1,4796,0.005859375,0.001953125,-0.001953125
1,1246,1722851133859,1722851359580,1,0,0,1,0,7,7,0,0,0,4,0,0,1269,1722842383247,1722839064,244,0,1,8976333,0.766662598,-0.416748047,0.108215332,0.476257324,-1.33288419,-0.56561321,0.729840279,3.14160156,1269,1722844351098,1722839263,244,3,1,7008482,-0.00390625,0.00390625,-0.01171875,1270,1722851354561,1722848864,245,0,1,5019,0.001953125,-0.00390625,0.001953125
1,1247,1722861133859,1722861167148,1,0,0,1,0,7,3,4,0,0,4,0,0,1270,1722852384717,1722848965,245,0,1,8782431,0.766662598,-0.416748047,0.108215332,0.476318359,-1.3329103,-0.565597534,0.729793429,3.14160156,1270,1722854353141,1722848564,245,3,1,6814007,0.03125,-0.0078125,0.02734375,1270,1722851354561,1722848864,245,0,1,9812587,0.001953125,-0.00390625,0.001953125
1,1248,1722871133859,1722871357278,1,0,0,1,0,7,7,0,0,4,4,0,0,1271,1722863381491,1722858864,246,0,1,7975787,0.766662598,-0.416687012,0.108215332,0.476318359,-1.3329066,-0.56548667,0.72974205,3.14160156,1271,1722865351693,1722859163,246,3,1,6005585,0.03125,-0.0078125,-0.01171875,1272,1722871352519,1722868863,247,0,1,4759,0.001953125,0.001953125,0.001953125
1,1249,1722881133859,1722881356896,1,0,0,1,0,7,7,0,0,0,4,0,0,1272,1722872381434,1722868962,247,0,1,8975462,0.766662598,-0.416687012,0.108215332,0.476318359,-1.3329066,-0.56548667,0.72974205,3.14160156,1272,1722874351951,1722869063,247,3,1,7004945,-0.00390625,0.00390625,-0.01171875,1273,1722881352082,1722879063,248,0,1,4814,0.001953125,0,-0.001953125
1,1250,1722891133859,1722891358681,1,0,0,1,0,7,7,0,0,0,4,0,0,1273,1722882383237,1722878964,248,0,1,8975444,0.766662598,-0.416687012,0.108215332,0.476318359,-1.3329066,-0.56548667,0.72974205,3.14160156,1273,1722884352328,1722879063,248,3,1,7006353,-0.00390625,0.00390625,-0.01171875,1274,1722891353792,1722888862,249,0,1,4889,0,0,0.001953125
1,1251,1722901133859,1722901359502,1,0,0,1,0,7,7,0,0,0,4,0,0,1274,1722892478963,1722888564,249,0,1,8880539,0.766662598,-0.416687012,0.108215332,0.476318359,-1.3329066,-0.56548667,0.72974205,3.14160156,1274,1722894379075,1722888572,249,3,1,6980427,0.01953125,-0.04296875,0.02734375,1275,1722901354558,1722898863,250,0,1,4944,0.005859375,-0.00390625,0.001953125
1,1252,1722911133859,1722911360861,1,0,0,1,0,7,7,0,0,0,4,0,0,1275,1722902382510,1722898764,250,0,1,8978351,0.766662598,-0.416687012,0.108215332,0.476318359,-1.3329066,-0.56548667,0.72974205,3.14160156,1275,1722904356415,1722899063,250,3,1,7004446,-0.01171875,0.00390625,-0.01171875,1276,1722911355953,1722908863,251,0,1,4908,0.001953125,0,0
1,1253,1722921133859,1722921360923,1,0,0,1,0,7,7,0,0,0,4,0,0,1276,1722912382035,1722908764,251,0,1,8978888,0.766662598,-0.416625977,0.108215332,0.476318359,-1.33290291,-0.565375865,0.729690731,3.14160156,1276,1722914356330,1722909063,251,3,1,7004593,-0.0234375,-0.03125,-0.01171875,1277,1722921355960,1722919063,252,0,1,4963,0,-0.001953125,0.001953125
1,1254,1722931133859,1722931358208,1,0,0,1,0,7,7,0,0,0,4,0,0,1277,1722922382801,1722918764,252,0,1,8975407,0.766662598,-0.416625977,0.108215332,0.476318359,-1.33290291,-0.565375865,0.729690731,3.14160156,1277,1722924355521,1722918863,252,3,1,7002687,-0.0390625,0.01953125,0.02734375,1278,1722931353374,1722928463,253,0,1,4834,-0.001953125,0,0
1,1255,1722941133859,1722941357307,1,0,0,1,0,7,7,0,0,0,4,0,0,1278,1722932381752,1722928764,253,0,1,8975555,0.766662598,-0.416625977,0.108215332,0.476318359,-1.33290291,-0.565375865,0.729690731,3.14160156,1278,1722934355306,1722928763,253,3,1,7002001,-0.00390625,0.00390625,0.02734375,1279,1722941352437,1722938863,254,0,1,4870,-0.001953125,-0.001953125,0.001953125
1,1256,1722951133859,1722951362406,1,0,0,1,0,7,7,0,0,0,4,0,0,1279,1722942380981,1722938764,254,0,1,8981425,0.766662598,-0.416625977,0.108215332,0.476379395,-1.33292902,-0.565360188,0.729643881,3.14160156,1279,1722944356109,1722938863,254,3,1,7006297,-0.00390625,0.00390625,-0.01171875,1280,1722951357277,1722948865,255,0,1,5129,0.00390625,0,0.00390625
1,1257,1722961133859,1722961357117,1,0,0,1,0,7,7,0,0,0,4,0,0,1280,1722952382488,1722948564,255,0,1,8974629,0.766662598,-0.416625977,0.108215332,0.476379395,-1.33292902,-0.565360188,0.729643881,3.14160156,1280,1722954354653,1722948563,255,3,1,7002464,-0.015625,-0.03125,-0.01171875,1281,1722961352246,1722959061,0,0,1,4871,0.001953125,0,0.001953125
1,1258,1722971133859,1722971352586,1,0,0,1,0,7,7,0,0,0,4,0,0,1281,1722962381865,1722958364,0,0,1,8970721,0.766662598,-0.416625977,0.108215332,0.476379395,-1.33292902,-0.565360188,0.729643881,3.14160156,1281,1722964355308,1722958863,0,3,1,6997278,0.03125,-0.0078125,-0.01171875,1282,1722971347790,1722968263,1,0,1,4796,-0.00390625,0,-0.001953125
1,1259,1722981133859,1722981360889,1,0,0,1,0,7,7,0,0,0,4,0,0,1282,1722972381668,1722968562,1,0,1,8979221,0.766662598,-0.416625977,0.108215332,0.476379395,-1.33292902,-0.565360188,0.729643881,3.14160156,1282,1722974355851,1722968563,1,3,1,7005038,0.03125,-0.0078125,-0.01171875,1283,1722981355945,1722979063,2,0,1,4944,-0.00390625,0,0
1,1260,1722991133859,1722991358266,1,0,0,1,0,7,7,0,0,0,4,0,0,1283,1722982377156,1722978564,2,0,1,8981110,0.766662598,-0.416625977,0.108215332,0.476379395,-1.33292902,-0.565360188,0.729643881,3.14160156,1283,1722984357339,1722978864,2,3,1,7000927,0.01953125,-0.04296875,-0.01171875,1284,1722991353285,1722988863,3,0,1,4981,0.001953125,0.001953125,0.001953125
1,1261,1723001133859,1723001356903,1,0,0,1,0,7,7,0,0,0,4,0,0,1284,1722992384922,1722988564,3,0,1,8971981,0.766662598,-0.416687012,0.108215332,0.476379395,-1.33293271,-0.565470994,0.729695261,3.14160156,1284,1722994355883,1722988163,3,3,1,7001020,-0.00390625,0.00390625,0.02734375,1285,1723001352070,1722998862,4,0,1,4833,0.005859375,0,0.005859375
1,1262,1723011133859,1723011354224,1,0,0,1,0,7,7,0,0,0,4,0,0,1285,1723002380632,1722998564,4,0,1,8973592,0.766662598,-0.416625977,0.108276367,0.476379395,-1.33291292,-0.565291286,0.729726493,3.14160156,1285,1723004354409,1722998863,4,3,1,6999815,0.0078125,0.04296875,-0.05078125,1286,1723011349299,1723008859,5,0,1,4925,-0.001953125,-0.009765625,-0.005859375
1,1263,1723021133859,1723021357120,1,0,0,1,0,7,7,0,0,0,4,0,0,1286,1723012376787,1723008360,5,0,1,8980333,0.766662598,-0.416625977,0.108215332,0.476379395,-1.33292902,-0.565360188,0.729643881,3.14160156,1286,1723014351045,1723008759,5,3,1,7006075,-0.0390625,0.01953125,0.06640625,1287,1723021352324,1723018862,6,0,1,4796,-0.005859375,0,-0.00390625
1,1264,1723031133859,1723031357960,1,0,0,1,0,7,7,0,0,0,4,0,0,1287,1723022380424,1723018564,6,0,1,8977536,0.766662598,-0.416625977,0.108215332,0.476379395,-1.33292902,-0.565360188,0.729643881,3.14160156,1287,1723024353070,1723018561,6,3,1,7004890,0.01953125,-0.04296875,0.1015625,1288,1723031353127,1723028863,7,0,1,4833,0.001953125,0.00390625,0.005859375
1,1265,1723041133859,1723041357430,1,0,0,1,0,7,7,0,0,0,4,0,0,1288,1723032382449,1723028364,7,0,1,8974981,0.766662598,-0.416625977,0.108215332,0.476379395,-1.33292902,-0.565360188,0.729643881,3.14160156,1288,1723034352318,1723028361,7,3,1,7005112,0.01953125,-0.03515625,-0.01171875,1289,1723041352559,1723038863,8,0,1,4871,-0.001953125,-0.00390625,-0.001953125
1,1266,1723051133859,1723051361751,1,0,0,1,0,7,7,0,0,0,4,0,0,1289,1723042381715,1723038564,8,0,1,8980036,0.766662598,-0.416625977,0.108215332,0.476379395,-1.33292902,-0.565360188,0.729643881,3.14160156,1289,1723044393749,1723038863,8,3,1,6968002,0.0078125,0.05078125,-0.01171875,1290,1723051356159,1723048864,9,0,1,5592,0,0,-0.001953125
1,1267,1723061133859,1723061358295,1,0,0,1,0,7,7,0,0,0,4,0,0,1290,1723052382721,1723048565,9,0,1,8975574,0.766662598,-0.416625977,0.108215332,0.476379395,-1.33292902,-0.565360188,0.729643881,3.14160156,1290,1723054353424,1723048863,9,3,1,7004871,-0.015625,-0.0234375,0.02734375,1291,1723061353443,1723059063,10,0,1,4852,-0.001953125,0.00390625,0
1,1268,1723071133859,1723071358542,1,0,0,1,0,7,7,0,0,0,4,0,0,1291,1723062381691,1723058564,10,0,1,8976851,0.766662598,-0.416625977,0.108215332,0.476379395,-1.33292902,-0.565360188,0.729643881,3.14160156,1291,1723064352690,1723058763,10,3,1,7005852,-0.02734375,0.0625,-0.01171875,1292,1723071353653,1723068463,11,0,1,4889,0,0,-0.001953125
1,1269,1723081133859,1723081388548,1,0,0,1,0,7,7,0,0,1,4,0,0,1293,1723081382345,1723078064,12,0,1,6203,0.766662598,-0.416687012,0.108215332,0.476379395,-1.33293271,-0.565470994,0.729695261,3.14160156,1292,1723074351937,1723068563,11,3,1,7036611,-0.00390625,0.00390625,-0.01171875,1293,1723080354078,1723077863,12,0,1,1034470,0,0,0
1,1270,1723091133859,1723091357889,1,0,0,1,0,7,6,1,0,0,4,0,0,1293,1723081382345,1723078064,12,0,1,9975544,0.766662598,-0.416687012,0.108215332,0.476379395,-1.33293271,-0.565470994,0.729695261,3.14160156,1293,1723083353010,1723078463,12,3,1,8004879,-0.00390625,0.00390625,-0.01171875,1294,1723091353000,1723088863,13,0,1,4889,-0.001953125,0,0.001953125
1,1271,1723101133859,1723101387950,1,0,0,1,0,7,7,0,0,1,4,0,0,1295,1723101381617,1723098264,14,0,1,6333,0.766601562,-0.416687012,0.108215332,0.476379395,-1.33313191,-0.565410793,0.729831338,3.14160156,1294,1723094353099,1723088163,13,3,1,7034851,-0.0390625,0.01953125,-0.01171875,1295,1723100353203,1723098063,14,0,1,1034747,0.001953125,-0.001953125,0
1,1272,1723111133859,1723111358402,1,0,0,1,0,7,6,1,0,0,4,0,0,1295,1723101381617,1723098264,14,0,1,9976785,0.766601562,-0.416687012,0.108215332,0.476379395,-1.33313191,-0.565410793,0.729831338,3.14160156,1295,1723103353412,1723098663,14,3,1,8004990,0.01953125,-0.04296875,-0.01171875,1296,1723111353495,1723108663,15,0,1,4907,0.001953125,0,0.001953125
1,1273,1723121133859,1723121387501,1,0,0,1,0,7,7,0,0,1,4,0,0,1297,1723121381075,1723118264,16,0,1,6426,0.766601562,-0.416625977,0.108215332,0.47644043,-1.33315432,-0.565284312,0.72973305,3.14160156,1296,1723114351186,1723108363,15,3,1,7036315,-0.00390625,0.00390625,0.02734375,1297,1723120352346,1723117862,16,0,1,1035155,0.001953125,0,0.001953125
1,1274,1723131133859,1723131386674,1,0,0,1,0,7,7,0,0,0,4,0,0,1298,1723131380434,1723128264,17,0,1,6240,0.766601562,-0.416625977,0.108215332,0.47644043,-1.33315432,-0.565284312,0.72973305,3.14160156,1297,1723123351388,1723118663,16,3,1,8035286,-0.00390625,0.00390625,-0.01171875,1298,1723130354093,1723127862,17,0,1,1032581,-0.001953125,0,0.001953125
1,1275,1723141133859,1723141357978,1,0,0,1,0,7,6,1,0,0,4,0,0,1298,1723131380434,1723128264,17,0,1,9977544,0.766601562,-0.416625977,0.108215332,0.47644043,-1.33315432,-0.565284312,0.72973305,3.14160156,1298,1723133351617,1723127863,17,3,1,8006361,-0.00390625,0.00390625,0.02734375,1299,1723141353182,1723138863,18,0,1,4796,-0.001953125,-0.00390625,0
1,1276,1723151133859,1723151389891,1,0,0,1,0,7,7,0,0,1,4,0,0,1300,1723151383280,1723148065,19,0,1,6611,0.766601562,-0.416625977,0.108215332,0.47644043,-1.33315432,-0.565284312,0.72973305,3.14160156,1299,1723144351373,1723138763,18,3,1,7038518,-0.00390625,0.00390625,0.02734375,1300,1723150359310,1723147866,19,0,1,1030581,0,-0.001953125,-0.001953125
1,1277,1723161133859,1723161389620,1,0,0,1,0,7,7,0,0,0,4,0,0,1301,1723161383343,1723158065,20,0,1,6277,0.766601562,-0.416625977,0.108215332,0.47644043,-1.33315432,-0.565284312,0.72973305,3.14160156,1300,1723153353112,1723148263,19,3,1,8036508,0.03125,-0.0078125,-0.01171875,1301,1723160355169,1723157863,20,0,1,1034451,0,0,-0.001953125
1,1278,1723171133859,1723171387979,1,0,0,1,0,7,7,0,0,0,4,0,0,1302,1723171381627,1723167964,21,0,1,6352,0.766601562,-0.416625977,0.108215332,0.47644043,-1.33315432,-0.565284312,0.72973305,3.14160156,1301,1723163352619,1723158463,20,3,1,8035360,0.03125,-0.0078125,0.02734375,1302,1723170354750,1723167863,21,0,1,1033229,0,0,0
1,1279,1723181133859,1723181389319,1,0,0,1,0,7,7,0,0,0,4,0,0,1303,1723181382967,1723178064,22,0,1,6352,0.766601562,-0.416687012,0.108215332,0.47644043,-1.33315802,-0.565395117,0.72978431,3.14160156,1302,1723173352515,1723167863,21,3,1,8036804,-0.015625,-0.03125,-0.01171875,1303,1723180353516,1723177863,22,0,1,1035803,-0.00390625,0.001953125,0.001953125
1,1280,1723191133859,1723191385215,1,0,0,1,0,7,7,0,0,0,4,0,0,1304,1723191378974,1723188062,23,0,1,6241,0.766601562,-0.416687012,0.108215332,0.47644043,-1.33315802,-0.565395117,0.72978431,3.14160156,1303,1723183352632,1723178463,22,3,1,8032583,0.01953125,-0.04296875,-0.01171875,1304,1723190355374,1723187863,23,0,1,1029841,0.001953125,0,0
1,1281,1723201133859,1723201387406,1,0,0,1,0,7,7,0,0,0,4,0,0,1305,1723201381055,1723198064,24,0,1,6351,0.766601562,-0.416687012,0.108215332,0.47644043,-1.33315802,-0.565395117,0.72978431,3.14160156,1304,1723193355083,1723188463,23,3,1,8032323,-0.00390625,0.00390625,-0.01171875,1305,1723200354733,1723197862,24,0,1,1032673,0,0,0
1,1282,1723211133859,1723211354803,1,0,0,1,0,7,6,1,0,0,4,0,0,1305,1723201381055,1723198064,24,0,1,9973748,0.766601562,-0.416687012,0.108215332,0.47644043,-1.33315802,-0.565395117,0.72978431,3.14160156,1305,1723203352387,1723198263,24,3,1,8002416,-0.02734375,0.0546875,0.02734375,1306,1723211349562,1723208462,25,0,1,5241,0.001953125,-0.005859375,0.001953125
1,1283,1723221133859,1723221388383,1,0,0,1,0,7,7,0,0,1,4,0,0,1307,1723221381920,1723217964,26,0,1,6463,0.766601562,-0.416625977,0.108215332,0.47644043,-1.33315432,-0.565284312,0.72973305,3.14160156,1306,1723214352716,1723208163,25,3,1,7035667,-0.00390625,0.00390625,-0.01953125,1307,1723220352320,1723217863,26,0,1,1036063,0.001953125,-0.001953125,0
1,1284,1723231133859,1723231383149,1,0,0,1,0,7,7,0,0,0,4,0,0,1308,1723231376242,1723228064,27,0,1,6907,0.766601562,-0.416625977,0.108215332,0.47644043,-1.33315432,-0.565284312,0.72973305,3.14160156,1307,1723223346919,1723218063,26,3,1,8036230,0.03125,-0.0078125,-0.01953125,1308,1723230354068,1723227863,27,0,1,1029081,0.00390625,0,0
1,1285,1723241133859,1723241386322,1,0,0,1,0,7,7,0,0,0,4,0,0,1309,1723241380119,1723237963,28,0,1,6203,0.766601562,-0.416625977,0.108215332,0.47644043,-1.33315432,-0.565284312,0.72973305,3.14160156,1308,1723233353499,1723228463,27,3,1,8032823,0.03125,-0.0078125,0.01953125,1309,1723240351130,1723238062,28,0,1,1035192,0.001953125,0,0
1,1286,1723251133859,1723251360737,1,0,0,1,0,7,6,1,0,0,4,0,0,1309,1723241380119,1723237963,28,0,1,9980618,0.766601562,-0.416625977,0.108215332,0.47644043,-1.33315432,-0.565284312,0.72973305,3.14160156,1309,1723243351654,1723238462,28,3,1,8009083,0.03125,-0.0078125,0.01953125,1310,1723251355626,1723248664,29,0,1,5111,0,0.001953125,0
1,1287,1723261133859,1723261387817,1,0,0,1,0,7,7,0,0,1,4,0,0,1311,1723261381539,1723257964,30,0,1,6278,0.766601562,-0.416625977,0.108215332,0.47644043,-1.33315432,-0.565284312,0.72973305,3.14160156,1310,1723254351947,1723248162,29,3,1,7035870,-0.00390625,0.00390625,0.01953125,1311,1723260353328,1723257862,30,0,1,1034489,-0.001953125,0.00390625,-0.001953125
1,1288,1723271133859,1723271356380,1,0,0,1,0,7,6,1,0,0,4,0,0,1311,1723261381539,1723257964,30,0,1,9974841,0.766601562,-0.416625977,0.108215332,0.47644043,-1.33315432,-0.565284312,0.72973305,3.14160156,1311,1723263352964,1723258263,30,3,1,8003416,-0.00390625,0.00390625,-0.01953125,1312,1723271351584,1723268462,31,0,1,4796,0.001953125,0.001953125,-0.001953125
1,1289,1723281133859,1723281386719,1,0,0,1,0,7,7,0,0,1,4,0,0,1313,1723281380405,1723278063,32,0,1,6314,0.766662598,-0.416564941,0.108215332,0.47644043,-1.33295155,-0.565233707,0.729545593,3.14160156,1312,1723274352238,1723267763,31,3,1,7034481,-0.00390625,0.00390625,-0.01953125,1313,1723280351490,1723277862,32,0,1,1035229,0.00390625,-0.00390625,0.001953125
1,1290,1723291133859,1723291386948,1,0,0,1,0,7,7,0,0,0,4,0,0,1314,1723291380708,1723287763,33,0,1,6240,0.766662598,-0.416564941,0.108215332,0.47644043,-1.33295155,-0.565233707,0.729545593,3.14160156,1313,1723283351496,1723278263,32,3,1,8035452,-0.00390625,0.00390625,-0.01953125,1314,1723290351145,1723287662,33,0,1,1035803,0.001953125,-0.00390625,-0.001953125
1,1291,1723301133859,1723301386937,1,0,0,1,0,7,7,0,0,0,4,0,0,1315,1723301380474,1723297964,34,0,1,6463,0.766662598,-0.416564941,0.108215332,0.47644043,-1.33295155,-0.565233707,0.729545593,3.14160156,1314,1723293354558,1723287863,33,3,1,8032379,0.03125,-0.0078125,-0.01953125,1315,1723300351448,1723297862,34,0,1,1035489,0.001953125,0,0
1,1292,1723311133859,1723311386628,1,0,0,1,0,7,7,0,0,0,4,0,0,1316,1723311380406,1723307763,35,0,1,6222,0.766662598,-0.416564941,0.108215332,0.476501465,-1.33297765,-0.565218091,0.729498625,3.14160156,1315,1723303352046,1723297863,34,3,1,8034582,0.03125,-0.0078125,-0.01953125,1316,1723310350899,1723308062,35,0,1,1035729,0,-0.001953125,0.00390625
1,1293,1723321133859,1723321387061,1,0,0,1,0,7,7,0,0,0,4,0,0,1317,1723321380820,1723317963,36,0,1,6241,0.766662598,-0.416564941,0.108215332,0.476501465,-1.33297765,-0.565218091,0.729498625,3.14160156,1316,1723313352183,1723307763,35,3,1,8034878,0.03125,-0.0078125,0.01953125,1317,1723320350869,1723317862,36,0,1,1036192,-0.00390625,0,0
1,1294,1723331133859,1723331386957,1,0,0,1,0,7,7,0,0,0,4,0,0,1318,1723331380642,1723327964,37,0,1,6315,0.766662598,-0.416564941,0.108215332,0.476501465,-1.33297765,-0.565218091,0.729498625,3.14160156,1317,1723323351837,1723318063,36,3,1,8035120,-0.00390625,0.00390625,-0.01953125,1318,1723330351264,1723327862,37,0,1,1035693,0,-0.001953125,-0.001953125
1,1295,1723341133859,1723341386815,1,0,0,1,0,7,7,0,0,0,4,0,0,1319,1723341380612,1723337763,38,0,1,6203,0.766662598,-0.416564941,0.108215332,0.476501465,-1.33297765,-0.565218091,0.729498625,3.14160156,1318,1723333351789,1723328263,37,3,1,8035026,0.0078125,0.04296875,0.01953125,1319,1723340351049,1723337862,38,0,1,1035766,0.001953125,-0.001953125,0
1,1296,1723351133859,1723351388414,1,0,0,1,0,7,7,0,0,0,4,0,0,1320,1723351382044,1723347764,39,0,1,6370,0.766662598,-0.416564941,0.108215332,0.476501465,-1.33297765,-0.565218091,0.729498625,3.14160156,1319,1723343350629,1723337861,38,3,1,8037785,-0.00390625,0.00390625,-0.01953125,1320,1723350357611,1723347466,39,0,1,1030803,-0.001953125,0,0
1,1297,1723361133859,1723361387421,1,0,0,1,0,7,7,0,0,0,4,0,0,1321,1723361381144,1723357364,40,0,1,6277,0.766662598,-0.416564941,0.108215332,0.476501465,-1.33297765,-0.565218091,0.729498625,3.14160156,1320,1723353350321,1723347761,39,3,1,8037100,-0.00390625,0.00390625,-0.01953125,1321,1723360351692,1723357862,40,0,1,1035729,-0.001953125,0.00390625,-0.001953125
1,1298,1723371133859,1723371387372,1,0,0,1,0,7,7,0,0,0,4,0,0,1322,1723371381150,1723367763,41,0,1,6222,0.766662598,-0.416564941,0.108215332,0.476501465,-1.33297765,-0.565218091,0.729498625,3.14160156,1321,1723363352087,1723357763,40,3,1,8035285,-0.01171875,0.00390625,0.01953125,1322,1723370351143,1723368062,41,0,1,1036229,-0.001953125,0,-0.001953125
1,1299,1723381133859,1723381386342,1,0,0,1,0,7,7,0,0,0,4,0,0,1323,1723381380046,1723377563,42,0,1,6296,0.766662598,-0.416564941,0.108215332,0.476501465,-1.33297765,-0.565218091,0.729498625,3.14160156,1322,1723373352112,1723367763,41,3,1,8034230,-0.01171875,0.00390625,-0.01953125,1323,1723380350909,1723377862,42,0,1,1035433,0,0,0.001953125
1,1300,1723391133859,1723391386312,1,0,0,1,0,7,7,0,0,0,4,0,0,1324,1723391380164,1723387763,43,0,1,6148,0.766662598,-0.416564941,0.108215332,0.476501465,-1.33297765,-0.565218091,0.729498625,3.14160156,1323,1723383351711,1723378063,42,3,1,8034601,-0.00390625,0.00390625,-0.01953125,1324,1723390350897,1723387662,43,0,1,1035415,0,-0.00390625,0
1,1301,1723401133859,1723401391152,1,0,0,1,0,7,7,0,0,0,4,0,0,1325,1723401382263,1723397764,44,0,1,8889,0.766662598,-0.416564941,0.108154297,0.476501465,-1.33299387,-0.565286934,0.729416013,3.14160156,1324,1723393381087,1723387777,43,3,1,8010065,0.0234375,-0.0078125,-0.01953125,1325,1723400354959,1723397863,44,0,1,1036193,-0.00390625,0,0.001953125
1,1302,1723411133859,1723411387751,1,0,0,1,0,7,7,0,0,0,4,0,0,1326,1723411381159,1723407764,45,0,1,6592,0.766662598,-0.416564941,0.108154297,0.476501465,-1.33299387,-0.565286934,0.729416013,3.14160156,1325,1723403352984,1723397863,44,3,1,8034767,-0.01171875,0.00390625,-0.01953125,1326,1723410355799,1723407863,45,0,1,1031952,-0.001953125,0,0
1,1303,1723421133859,1723421388258,1,0,0,1,0,7,7,0,0,0,4,0,0,1327,1723421381906,1723417561,46,0,1,6352,0.766601562,-0.416564941,0.108154297,0.476501465,-1.33319306,-0.565226793,0.72955209,3.14160156,1326,1723413351842,1723407563,45,3,1,8036416,-0.00390625,0.00390625,-0.01953125,1327,1723420357751,1723417863,46,0,1,1030507,0.001953125,0.001953125,0.001953125
1,1304,1723431133859,1723431167900,1,0,0,1,0,7,7,0,0,0,4,0,0,1328,1723430380016,1723427264,47,0,1,787884,0.766601562,-0.416564941,0.108154297,0.476501465,-1.33319306,-0.565226793,0.72955209,3.14160156,1327,1723423351942,1723417863,46,3,1,7815958,-0.00390625,0.00390625,-0.01953125,1328,1723429350509,1723426860,47,0,1,1817391,-0.001953125,-0.001953125,-0.001953125
1,1305,1723441133859,1723441386031,1,0,0,1,0,7,7,0,0,0,4,0,0,1329,1723441379494,1723437763,48,0,1,6537,0.766601562,-0.416564941,0.108154297,0.476501465,-1.33319306,-0.565226793,0.72955209,3.14160156,1328,1723432351200,1723427662,47,3,1,9034831,0.03125,-0.0078125,0.01953125,1329,1723440351301,1723438062,48,0,1,1034730,-0.001953125,0.001953125,0
1,1306,1723451133859,1723451388852,1,0,0,1,0,7,7,0,0,0,4,0,0,1330,1723451382167,1723447564,49,0,1,6685,0.766601562,-0.416564941,0.108154297,0.476501465,-1.33319306,-0.565226793,0.72955209,3.14160156,1329,1723443350474,1723437762,48,3,1,8038378,-0.00390625,0.00390625,-0.01953125,1330,1723450362252,1723447868,49,0,1,1026600,0.001953125,0,0
1,1307,1723461133859,1723461388211,1,0,0,1,0,7,7,0,0,0,4,0,0,1331,1723461381859,1723457764,50,0,1,6352,0.766601562,-0.416564941,0.108154297,0.476501465,-1.33319306,-0.565226793,0.72955209,3.14160156,1330,1723453352943,1723447563,49,3,1,8035268,-0.00390625,0.00390625,-0.01953125,1331,1723460355907,1723457863,50,0,1,1032304,0.001953125,0.001953125,0
1,1308,1723471133859,1723471388736,1,0,0,1,0,7,7,0,0,0,4,0,0,1332,1723471382403,1723467564,51,0,1,6333,0.766601562,-0.416564941,0.108215332,0.476501465,-1.33317673,-0.56515789,0.729634702,3.14160156,1331,1723463351468,1723457862,50,3,1,8037268,-0.00390625,0.00390625,-0.01953125,1332,1723470357117,1723467863,51,0,1,1031619,0,0.00390625,0.001953125
1,1309,1723481133859,1723481388280,1,0,0,1,0,7,7,0,0,0,4,0,0,1333,1723481381280,1723477363,52,0,1,7000,0.766601562,-0.416564941,0.108215332,0.476501465,-1.33317673,-0.56515789,0.729634702,3.14160156,1332,1723473353308,1723467863,51,3,1,8034972,-0.00390625,0.00390625,-0.01953125,1333,1723480347291,1723477863,52,0,1,1040989,0.005859375,0.001953125,0.001953125
1,1310,1723491133859,1723491394805,1,0,0,1,0,7,7,0,0,0,4,0,0,1334,1723491380175,1723487563,53,0,1,14630,0.766601562,-0.416564941,0.108215332,0.476501465,-1.33317673,-0.56515789,0.729634702,3.14160156,1333,1723483350963,1723477862,52,3,1,8043842,0.03125,-0.0078125,-0.01171875,1334,1723490383463,1723487662,53,0,1,1011342,-0.001953125,0,0
1,1311,1723501133859,1723501169855,1,0,0,1,0,7,7,0,0,0,4,0,0,1335,1723500388507,1723496965,54,0,1,781348,0.766601562,-0.416564941,0.108215332,0.476501465,-1.33317673,-0.56515789,0.729634702,3.14160156,1334,1723493423838,1723487575,53,3,1,7746017,-0.00390625,0.00390625,-0.01171875,1335,1723499391554,1723496866,54,0,1,1778301,0.001953125,0.001953125,0
1,1312,1723511133859,1723511173695,1,0,0,1,0,7,7,0,0,0,4,0,0,1336,1723510408791,1723507066,55,0,1,764904,0.766601562,-0.416564941,0.108215332,0.476501465,-1.33317673,-0.56515789,0.729634702,3.14160156,1335,1723502363450,1723497261,54,3,1,8810245,-0.015625,-0.03125,0.02734375,1336,1723509435930,1723506894,55,0,1,1737765,-0.00390625,-0.001953125,0.001953125
1,1313,1723521133859,1723521388306,1,0,0,1,0,7,7,0,0,0,4,0,0,1337,1723521376566,1723517161,56,0,1,11740,0.766601562,-0.416564941,0.108215332,0.476501465,-1.33317673,-0.56515789,0.729634702,3.14160156,1336,1723512374419,1723507464,55,3,1,9013887,-0.00390625,0.00390625,-0.01171875,1337,1723520432853,1723518072,56,0,1,955453,0,0,0
1,1314,1723531133859,1723531386072,1,0,0,1,0,7,7,0,0,0,4,0,0,1338,1723531378202,1723527561,57,0,1,7870,0.766601562,-0.416564941,0.108215332,0.476501465,-1.33317673,-0.56515789,0.729634702,3.14160156,1337,1723523340324,1723517858,56,3,1,8045748,-0.00390625,0.00390625,-0.01171875,1338,1723530352732,1723527260,57,0,1,1033340,0.001953125,0,0.00390625
1,1315,1723541133859,1723541383894,1,0,0,1,0,7,7,0,0,0,4,0,0,1339,1723541377116,1723537564,58,0,1,6778,0.766601562,-0.416564941,0.108215332,0.476501465,-1.33317673,-0.56515789,0.729634702,3.14160156,1338,1723533347775,1723527560,57,3,1,8036119,-0.00390625,0.00390625,-0.01171875,1339,1723540356072,1723538063,58,0,1,1027822,-0.001953125,-0.00390625,-0.001953125
1,1316,1723551133859,1723551391752,1,0,0,1,0,7,7,0,0,0,4,0,0,1340,1723551384919,1723547165,59,0,1,6833,0.766601562,-0.416564941,0.108215332,0.476501465,-1.33317673,-0.56515789,0.729634702,3.14160156,1339,1723543357522,1723537764,58,3,1,8034230,-0.00390625,0.00390625,0.02734375,1340,1723550353079,1723547868,59,0,1,1038673,0,-0.001953125,-0.001953125
1,1317,1723561133859,1723561339131,1,0,0,1,0,7,7,0,0,0,4,0,0,1341,1723561334113,1723557557,60,0,1,5018,0.766601562,-0.416564941,0.108215332,0.476501465,-1.33317673,-0.56515789,0.729634702,3.14160156,1340,1723553354214,1723547163,59,3,1,7984917,0.03125,-0.0078125,0.02734375,1341,1723560314438,1723557858,60,0,1,1024693,0.00390625,0,0.00390625
1,1318,1723571133859,1723571162939,1,0,0,1,0,7,7,0,0,0,4,0,0,1342,1723570336074,1723567059,61,0,1,826865,0.766601562,-0.416564941,0.108215332,0.476501465,-1.33317673,-0.56515789,0.729634702,3.14160156,1341,1723563311926,1723557758,60,3,1,7851013,0.03125,-0.0078125,-0.01171875,1342,1723569312048,1723566858,61,0,1,1850891,-0.001953125,0.00390625,-0.001953125
1,1319,1723581133859,1723581162575,1,0,0,1,0,7,7,0,0,0,4,0,0,1343,1723580335099,1723577459,62,0,1,827476,0.766601562,-0.416564941,0.108215332,0.476501465,-1.33317673,-0.56515789,0.729634702,3.14160156,1342,1723572312369,1723567259,61,3,1,8850206,-0.00390625,0.00390625,-0.01171875,1343,1723579311333,1723577058,62,0,1,1851242,0,0,0
1,1320,1723591133859,1723591339077,1,0,0,1,0,7,7,0,0,0,4,0,0,1344,1723591334188,1723587359,63,0,1,4889,0.766601562,-0.416564941,0.108215332,0.476501465,-1.33317673,-0.56515789,0.729634702,3.14160156,1343,1723582311987,1723577859,62,3,1,9027090,-0.00390625,0.00390625,-0.01171875,1344,1723590311644,1723587858,63,0,1,1027433,0,0,0
1,1321,1723601133859,1723601339436,1,0,0,1,0,7,7,0,0,0,4,0,0,1345,1723601334473,1723597359,64,0,1,4963,0.766601562,-0.416564941,0.108215332,0.476501465,-1.33317673,-0.56515789,0.729634702,3.14160156,1344,1723593315075,1723587157,63,3,1,8024361,-0.00390625,0.00390625,-0.01171875,1345,1723600311965,1723597858,64,0,1,1027471,-0.001953125,0,0
1,1322,1723611133859,1723611338887,1,0,0,1,0,7,7,0,0,0,4,0,0,1346,1723611334016,1723607359,65,0,1,4871,0.766601562,-0.416564941,0.108215332,0.476501465,-1.33317673,-0.56515789,0.729634702,3.14160156,1345,1723603310527,1723597758,64,3,1,8028360,-0.00390625,0.00390625,-0.01171875,1346,1723610310287,1723607658,65,0,1,1028600,0.001953125,0.00390625,0.00390625
1,1323,1723621133859,1723621162547,1,0,0,1,0,7,7,0,0,0,4,0,0,1347,1723620334237,1723617259,66,0,1,828310,0.766601562,-0.416564941,0.108276367,0.476501465,-1.33316064,-0.565088987,0.729717314,3.14160156,1346,1723613309922,1723607558,65,3,1,7852625,-0.00390625,0.00390625,0.02734375,1347,1723619310045,1723616858,66,0,1,1852502,-0.001953125,0,0
1,1324,1723631133859,1723631338733,1,0,0,1,0,7,7,0,0,0,4,0,0,1348,1723631333900,1723627359,67,0,1,4833,0.766601562,-0.416564941,0.108215332,0.476501465,-1.33317673,-0.56515789,0.729634702,3.14160156,1347,1723622310828,1723617458,66,3,1,9027905,-0.00390625,0.00390625,-0.01171875,1348,1723630310541,1723627658,67,0,1,1028192,-0.00390625,-0.001953125,-0.00390625
1,1325,1723641133859,1723641162393,1,0,0,1,0,7,7,0,0,0,4,0,0,1349,1723640334140,1723636759,68,0,1,828253,0.766601562,-0.416564941,0.108215332,0.476501465,-1.33317673,-0.56515789,0.729634702,3.14160156,1348,1723633310065,1723627358,67,3,1,7852328,-0.00390625,0.00390625,-0.01171875,1349,1723639309669,1723636858,68,0,1,1852724,-0.001953125,-0.001953125,0
1,1326,1723651133859,1723651163308,1,0,0,1,0,7,7,0,0,0,4,0,0,1350,1723650340387,1723646962,69,0,1,822921,0.766601562,-0.416625977,0.108215332,0.476501465,-1.33318043,-0.565268695,0.729686081,3.14160156,1349,1723642310305,1723637058,68,3,1,8853003,-0.00390625,0.00390625,-0.01171875,1350,1723649310009,1723646858,69,0,1,1853299,0,0,-0.001953125
1,1327,1723661133859,1723661423030,1,0,0,1,0,7,7,0,0,0,4,0,0,1351,1723661415252,1723657168,70,0,1,7778,0.766601562,-0.416625977,0.108215332,0.476501465,-1.33318043,-0.565268695,0.729686081,3.14160156,1350,1723652312312,1723646857,69,3,1,9110718,-0.00390625,0.00390625,0.02734375,1351,1723660384764,1723657666,70,0,1,1038266,0,0.001953125,0.001953125
1,1328,1723671133859,1723671172360,1,0,0,1,0,7,7,0,0,0,4,0,0,1352,1723670413567,1723667067,71,0,1,758793,0.766601562,-0.416625977,0.108215332,0.476501465,-1.33318043,-0.565268695,0.729686081,3.14160156,1351,1723663381325,1723657366,70,3,1,7791035,-0.00390625,0.00390625,-0.01171875,1352,1723669380411,1723666866,71,0,1,1791949,-0.00390625,0,-0.001953125
1,1329,1723681133859,1723681174608,1,0,0,1,0,7,7,0,0,0,4,0,0,1353,1723680414556,1723677065,72,0,1,760052,0.766601562,-0.416625977,0.108215332,0.476501465,-1.33318043,-0.565268695,0.729686081,3.14160156,1352,1723672380399,1723667466,71,3,1,8794209,-0.0390625,0.01953125,-0.01171875,1353,1723679377012,1723677066,72,0,1,1797596,-0.001953125,0,-0.001953125
1,1330,1723691133859,1723691173301,1,0,0,1,0,7,7,0,0,0,4,0,0,1354,1723690415119,1723687067,73,0,1,758182,0.766601562,-0.416625977,0.108215332,0.476501465,-1.33318043,-0.565268695,0.729686081,3.14160156,1353,1723682384536,1723677467,72,3,1,8788765,-0.00390625,0.00390625,-0.01171875,1354,1723689383315,1723686866,73,0,1,1789986,0,0.001953125,0
1,1331,1723701133859,1723701173216,1,0,0,1,0,7,7,0,0,0,4,0,0,1355,1723700415830,1723697068,74,0,1,757386,0.766601562,-0.416625977,0.108215332,0.476501465,-1.33318043,-0.565268695,0.729686081,3.14160156,1354,1723693384052,1723687565,73,3,1,7789164,0.01953125,-0.04296875,-0.01171875,1355,1723699383323,1723696866,74,0,1,1789893,0.001953125,-0.001953125,0.001953125
1,1332,1723711133859,1723711173038,1,0,0,1,0,7,7,0,0,0,4,0,0,1356,1723710415449,1723706768,75,0,1,757589,0.766601562,-0.416625977,0.108215332,0.476501465,-1.33318043,-0.565268695,0.729686081,3.14160156,1355,1723702383310,1723697267,74,3,1,8789728,-0.00390625,0.00390625,-0.01171875,1356,1723709382053,1723706866,75,0,1,1790985,0.001953125,-0.001953125,0.001953125
1,1333,1723721133859,1723721172786,1,0,0,1,0,7,7,0,0,0,4,0,0,1357,1723720416049,1723716968,76,0,1,756737,0.766601562,-0.416625977,0.108215332,0.476501465,-1.33318043,-0.565268695,0.729686081,3.14160156,1356,1723712382651,1723707067,75,3,1,8790135,0.03125,-0.0078125,-0.01171875,1357,1723719382005,1723716866,76,0,1,1790781,0,-0.001953125,0
1,1334,1723731133859,1723731173886,1,0,0,1,0,7,7,0,0,0,4,0,0,1358,1723730416501,1723726968,77,0,1,757385,0.766601562,-0.416625977,0.108215332,0.4765625,-1.33320653,-0.565253019,0.729639113,3.14160156,1357,1723722383103,1723717067,76,3,1,8790783,0.03125,-0.0078125,0.06640625,1358,1723729386790,1723726668,77,0,1,1787096,-0.001953125,0,0
1,1335,1723741133859,1723741173598,1,0,0,1,0,7,7,0,0,0,4,0,0,1359,1723740415045,1723736968,78,0,1,758553,0.766540527,-0.416625977,0.108215332,0.4765625,-1.33340573,-0.565192819,0.72977519,3.14160156,1358,1723732384111,1723726767,77,3,1,8789487,-0.00390625,0.00390625,0.02734375,1359,1723739382316,1723736867,78,0,1,1791282,-0.00390625,0,-0.001953125
1,1336,1723751133859,1723751174994,1,0,0,1,0,7,7,0,0,0,4,0,0,1360,1723750424405,1723746972,79,0,1,750589,0.766540527,-0.416687012,0.108215332,0.476501465,-1.33338332,-0.5653193,0.729873478,3.14160156,1359,1723742382581,1723737267,78,3,1,8792413,-0.0390625,0.01953125,0.02734375,1360,1723749383398,1723746867,79,0,1,1791596,-0.00390625,0.009765625,0.001953125
1,1337,1723761133859,1723761181816,1,0,0,1,0,7,7,0,0,0,4,0,0,1361,1723760422820,1723756774,80,0,1,758996,0.766601562,-0.416625977,0.108215332,0.476501465,-1.33318043,-0.565268695,0.729686081,3.14160156,1360,1723752383978,1723747267,79,3,1,8797838,0.15234375,0.109375,-0.08984375,1361,1723759421756,1723757087,80,0,1,1760060,0.005859375,-0.015625,-0.013671875
1,1338,1723771133859,1723771170898,1,0,0,1,0,7,7,0,0,0,4,0,0,1362,1723770391661,1723766963,81,0,1,779237,0.766540527,-0.416625977,0.108215332,0.476501465,-1.33337963,-0.565208495,0.729822218,3.14160156,1361,1723762377800,1723757264,80,3,1,8793098,-0.37890625,-0.14453125,0.1484375,1362,1723769385413,1723766664,81,0,1,1785485,-0.00390625,0.01953125,0.01953125
1,1339,1723781133859,1723781169924,1,0,0,1,0,7,7,0,0,0,4,0,0,1363,1723780397910,1723776367,82,0,1,772014,0.766540527,-0.416625977,0.108215332,0.4765625,-1.33340573,-0.565192819,0.72977519,3.14160156,1362,1723772363697,1723767062,81,3,1,8806227,0.3828125,-0.05078125,0.09765625,1363,1723779385494,1723776863,82,0,1,1784430,0.017578125,-0.021484375,-0.005859375
1,1340,1723791133859,1723791172672,1,0,0,1,0,7,7,0,0,0,4,0,0,1364,1723790388973,1723786762,83,0,1,783699,0.766601562,-0.416625977,0.108215332,0.476501465,-1.33318043,-0.565268695,0.729686081,3.14160156,1363,1723782375556,1723776764,82,3,1,8797116,-0.24609375,0.01171875,0.10546875,1364,1723789392872,1723787065,83,0,1,1779800,-0.01953125,0.01171875,-0.009765625
1,1341,1723801133859,1723801171439,1,0,0,1,0,7,7,0,0,0,4,0,0,1365,1723800401091,1723796963,84,0,1,770348,0.766540527,-0.416625977,0.108215332,0.476501465,-1.33337963,-0.565208495,0.729822218,3.14160156,1364,1723792389193,1723786568,83,3,1,8782246,0.3125,-0.0234375,0.12890625,1365,1723799394713,1723796864,84,0,1,1776726,0.009765625,0.005859375,0.015625
1,1342,1723811133859,1723811169484,1,0,0,1,0,7,7,0,0,0,4,0,0,1366,1723810457653,1723806765,85,0,1,711831,0.766601562,-0.416625977,0.108215332,0.476501465,-1.33318043,-0.565268695,0.729686081,3.14160156,1365,1723802375516,1723797264,84,3,1,8793968,-0.1171875,-0.078125,-0.171875,1366,1723809375462,1723806861,85,0,1,1794022,-0.00390625,-0.01171875,-0.013671875
1,1343,1723821133859,1723821167492,1,0,0,1,0,7,7,0,0,0,4,0,0,1367,1723820391607,1723816963,86,0,1,775885,0.766601562,-0.416625977,0.108215332,0.476501465,-1.33318043,-0.565268695,0.729686081,3.14160156,1366,1723812384671,1723807064,85,3,1,8782821,0.01171875,0.04296875,0.1328125,1367,1723819379043,1723817061,86,0,1,1788449,-0.00390625,0.005859375,0.001953125
1,1344,1723831133859,1723831166555,1,0,0,1,0,7,7,0,0,0,4,0,0,1368,1723830388966,1723826762,87,0,1,777589,0.766601562,-0.416625977,0.108215332,0.476501465,-1.33318043,-0.565268695,0.729686081,3.14160156,1367,1723822360827,1723817261,86,3,1,8805728,0.07421875,-0.2265625,-0.09375,1368,1723829367607,1723827060,87,0,1,1798948,0.009765625,-0.005859375,0.0078125
1,1345,1723841133859,1723841167525,1,0,0,1,0,7,7,0,0,0,4,0,0,1369,1723840386788,1723836962,88,0,1,780737,0.766601562,-0.416625977,0.108215332,0.476501465,-1.33318043,-0.565268695,0.729686081,3.14160156,1368,1723832360057,1723826761,87,3,1,8807468,0.03125,0.11328125,-0.09765625,1369,1723839372225,1723836861,88,0,1,1795300,-0.0078125,-0.00390625,-0.013671875
1,1346,1723851133859,1723851169070,1,0,0,1,0,7,7,0,0,0,4,0,0,1370,1723850404888,1723847068,89,0,1,764182,0.766601562,-0.416625977,0.108215332,0.476501465,-1.33318043,-0.565268695,0.729686081,3.14160156,1369,1723842361806,1723837061,88,3,1,8807264,-0.0625,0.06640625,0.09765625,1370,1723849367066,1723846860,89,0,1,1802004,0.00390625,0.005859375,0.009765625
1,1347,1723861133859,1723861154059,1,0,0,1,0,7,7,0,0,0,4,0,0,1371,1723860249233,1723856750,90,0,1,904826,0.766540527,-0.416625977,0.108215332,0.4765625,-1.33340573,-0.565192819,0.72977519,3.14160156,1370,1723852377868,1723847260,89,3,1,8776191,-0.0390625,0.01953125,-0.01953125,1371,1723859249281,1723856850,90,0,1,1904778,-0.001953125,0,0.001953125
1,1348,1723871133859,1723871155678,1,0,0,1,0,7,7,0,0,0,4,0,0,1372,1723870254611,1723866752,91,0,1,901067,0.766601562,-0.416625977,0.108215332,0.4765625,-1.33320653,-0.565253019,0.729639113,3.14160156,1371,1723862241250,1723856851,90,3,1,8914428,-0.07421875,0.15234375,-0.01953125,1372,1723869248344,1723866649,91,0,1,1907334,0,-0.0078125,-0.005859375
